rank,wav_file,cue_index,sound_id,duration_seconds,consensus_score,cos_to_00030,cos_to_00042,cos_to_00025,min3,battle_best_guess,battle_ryza_score,svm_dec,margin_to_neg
1,00042.wav,41,18097479,7.119,0.8843,0.7687,1.0000,0.7148,0.7148,TAO,0.5448,0.6350,0.0216
2,00030.wav,29,12902069,3.435,0.8843,1.0000,0.7687,0.5784,0.5784,TAO,0.4841,0.7273,0.0378
3,00541.wav,540,229323844,7.590,0.8329,0.7611,0.9046,0.6974,0.6974,TAO,0.5670,0.5333,0.0231
4,02286.wav,2285,1015299272,7.258,0.8320,0.7763,0.8878,0.6537,0.6537,TAO,0.4925,0.6076,0.0270
5,02657.wav,2656,1171511887,9.614,0.8318,0.8000,0.8637,0.6668,0.6668,TAO,0.4613,1.0898,0.0501
6,00990.wav,989,433198061,8.636,0.8304,0.7869,0.8739,0.6559,0.6559,TAO,0.5838,0.7000,0.0347
7,05378.wav,5377,2392420809,6.518,0.8293,0.7762,0.8825,0.6682,0.6682,TAO,0.5630,0.4313,0.0127
8,03008.wav,3007,1327229392,3.758,0.8287,0.7809,0.8764,0.7200,0.7200,TAO,0.6390,0.7776,0.0356
9,01346.wav,1345,596643383,8.084,0.8259,0.7680,0.8838,0.6841,0.6841,TAO,0.5498,0.8114,0.0322
10,02554.wav,2553,1121822987,7.399,0.8237,0.7703,0.8771,0.6494,0.6494,TAO,0.5634,0.9131,0.0438
11,09010.wav,9009,4052811435,8.283,0.8228,0.7600,0.8855,0.6659,0.6659,TAO,0.6189,0.8061,0.0352
12,02466.wav,2465,1088964175,8.370,0.8209,0.7544,0.8875,0.6808,0.6808,TAO,0.5950,0.7645,0.0285
13,02099.wav,2098,934906224,4.256,0.8209,0.7506,0.8912,0.6707,0.6707,TAO,0.5461,0.7220,0.0331
14,02743.wav,2742,1211914933,6.087,0.8200,0.7563,0.8837,0.6425,0.6425,TAO,0.5304,0.8402,0.0286
15,03827.wav,3826,1696592048,7.711,0.8190,0.7570,0.8810,0.6479,0.6479,TAO,0.4956,0.8090,0.0356
16,09452.wav,9451,4241773420,6.769,0.8186,0.7928,0.8444,0.6532,0.6532,TAO,0.5173,0.5406,0.0331
17,04864.wav,4863,2159646710,7.355,0.8185,0.7419,0.8950,0.7149,0.7149,TAO,0.6156,0.6337,0.0149
18,09303.wav,9302,4184625004,8.051,0.8185,0.7843,0.8526,0.6999,0.6999,TAO,0.5886,0.7774,0.0358
19,03005.wav,3004,1325753999,6.131,0.8183,0.7616,0.8749,0.6315,0.6315,TAO,0.5244,0.4683,0.0189
20,07849.wav,7848,3538300982,6.976,0.8177,0.7219,0.9136,0.6794,0.6794,TAO,0.5635,0.6502,0.0222
21,07598.wav,7597,3421078119,11.070,0.8174,0.7695,0.8654,0.6248,0.6248,TAO,0.5480,0.8600,0.0494
22,00817.wav,816,359624676,6.388,0.8171,0.7226,0.9116,0.6774,0.6774,TAO,0.5389,0.6360,0.0192
23,09329.wav,9328,4192104518,8.194,0.8171,0.7529,0.8813,0.6497,0.6497,TAO,0.4979,0.8959,0.0365
24,05110.wav,5109,2271679436,6.975,0.8170,0.7840,0.8500,0.6499,0.6499,TAO,0.4995,0.9078,0.0344
25,05625.wav,5624,2500770862,6.863,0.8160,0.7417,0.8903,0.6539,0.6539,TAO,0.6464,0.6915,0.0209
26,05782.wav,5781,2572574704,4.458,0.8157,0.7433,0.8881,0.6936,0.6936,TAO,0.5625,0.6669,0.0250
27,02780.wav,2779,1226505639,9.808,0.8154,0.7650,0.8658,0.6794,0.6794,TAO,0.5680,0.4697,0.0226
28,07174.wav,7173,3211678092,10.193,0.8153,0.7445,0.8862,0.6292,0.6292,TAO,0.5684,0.3317,0.0050
29,00442.wav,441,190901300,5.662,0.8150,0.7385,0.8916,0.6097,0.6097,TAO,0.5594,0.6207,0.0320
30,07484.wav,7483,3367358222,6.731,0.8144,0.7490,0.8799,0.6938,0.6938,TAO,0.5530,0.8775,0.0269
31,04697.wav,4696,2086165968,8.407,0.8142,0.7541,0.8743,0.6468,0.6468,TAO,0.5503,0.7023,0.0233
32,02487.wav,2486,1095965925,8.197,0.8138,0.7793,0.8483,0.6148,0.6148,TAO,0.5829,0.8318,0.0402
33,03477.wav,3476,1540891920,6.647,0.8137,0.7609,0.8665,0.6619,0.6619,TAO,0.5039,1.0625,0.0410
34,07530.wav,7529,3389677323,7.815,0.8137,0.7475,0.8799,0.6959,0.6959,TAO,0.5522,0.7814,0.0220
35,06090.wav,6089,2717824565,6.499,0.8136,0.7839,0.8432,0.6461,0.6461,TAO,0.5366,0.4501,0.0211
36,01359.wav,1358,602425999,5.113,0.8133,0.7598,0.8668,0.6391,0.6391,TAO,0.5790,1.1554,0.0490
37,08276.wav,8275,3714842197,10.279,0.8127,0.7380,0.8875,0.6997,0.6997,TAO,0.5589,0.5283,0.0126
38,07822.wav,7821,3520087597,7.064,0.8125,0.7391,0.8859,0.7699,0.7391,TAO,0.6181,0.7092,0.0230
39,08220.wav,8219,3690682033,6.894,0.8125,0.7348,0.8901,0.6863,0.6863,TAO,0.5703,0.8403,0.0318
40,05653.wav,5652,2515719891,6.800,0.8124,0.7718,0.8530,0.6539,0.6539,TAO,0.5499,1.1239,0.0434
41,04976.wav,4975,2207126225,3.949,0.8124,0.7660,0.8588,0.6601,0.6601,TAO,0.5813,1.0739,0.0432
42,01822.wav,1821,813358761,7.380,0.8119,0.7365,0.8874,0.6818,0.6818,TAO,0.5511,0.2396,-0.0022
43,06658.wav,6657,2967289313,7.607,0.8118,0.7342,0.8894,0.6377,0.6377,TAO,0.5765,0.3493,0.0170
44,04041.wav,4040,1786653997,6.120,0.8113,0.7454,0.8771,0.6966,0.6966,TAO,0.5982,0.6048,0.0224
45,07958.wav,7957,3586128821,10.219,0.8112,0.7822,0.8402,0.6815,0.6815,TAO,0.4676,0.7311,0.0325
46,04718.wav,4717,2095083500,9.382,0.8104,0.7315,0.8893,0.6655,0.6655,TAO,0.5207,0.8827,0.0277
47,06817.wav,6816,3042466953,6.078,0.8089,0.7589,0.8589,0.6209,0.6209,TAO,0.4438,0.9794,0.0481
48,05221.wav,5220,2321184175,12.017,0.8089,0.7860,0.8317,0.6407,0.6407,TAO,0.5255,0.3874,0.0145
49,04672.wav,4671,2071032778,9.476,0.8086,0.7558,0.8614,0.5759,0.5759,TAO,0.4802,1.2382,0.0570
50,01881.wav,1880,838976941,8.428,0.8085,0.7744,0.8425,0.6416,0.6416,TAO,0.5138,0.8453,0.0303
51,02580.wav,2579,1131228282,8.013,0.8077,0.7588,0.8565,0.6091,0.6091,TAO,0.5448,1.0629,0.0484
52,03536.wav,3535,1568206998,6.215,0.8075,0.7281,0.8868,0.6976,0.6976,TAO,0.5984,0.7121,0.0288
53,04493.wav,4492,1990291406,6.052,0.8072,0.7261,0.8884,0.6762,0.6762,TAO,0.6009,0.7386,0.0212
54,07533.wav,7532,3389950928,7.953,0.8071,0.7369,0.8772,0.6649,0.6649,TAO,0.5000,0.3222,0.0163
55,00028.wav,27,11279890,5.961,0.8070,0.7609,0.8532,0.5777,0.5777,TAO,0.4918,0.7589,0.0388
56,04556.wav,4555,2021398599,7.426,0.8070,0.7839,0.8300,0.6185,0.6185,TAO,0.4845,0.6273,0.0352
57,00053.wav,52,23479155,7.131,0.8069,0.7539,0.8599,0.6569,0.6569,TAO,0.5751,0.9257,0.0472
58,01995.wav,1994,890999507,5.317,0.8068,0.7544,0.8592,0.6961,0.6961,TAO,0.5968,0.6321,0.0257
59,09311.wav,9310,4186615505,4.539,0.8064,0.7681,0.8447,0.6329,0.6329,TAO,0.4876,0.6903,0.0285
60,07195.wav,7194,3220540903,6.138,0.8064,0.7541,0.8586,0.6296,0.6296,TAO,0.5350,0.6985,0.0292
61,02296.wav,2295,1017269775,9.502,0.8063,0.7419,0.8706,0.6199,0.6199,TAO,0.4950,0.6819,0.0282
62,04102.wav,4101,1815974848,6.046,0.8056,0.7563,0.8548,0.6411,0.6411,TAO,0.5950,0.6843,0.0348
63,08004.wav,8003,3600719527,9.866,0.8051,0.7615,0.8486,0.6314,0.6314,TAO,0.5338,0.6260,0.0176
64,06458.wav,6457,2885144213,5.584,0.8048,0.8034,0.8062,0.6130,0.6130,TAO,0.4705,0.5838,0.0298
65,02022.wav,2021,901808530,6.744,0.8044,0.7189,0.8900,0.6803,0.6803,TAO,0.5027,0.6113,0.0167
66,07942.wav,7941,3576778247,7.703,0.8044,0.7370,0.8719,0.6495,0.6495,TAO,0.5370,1.1074,0.0403
67,02779.wav,2778,1226396197,6.759,0.8043,0.7359,0.8726,0.6975,0.6975,TAO,0.5076,0.5764,0.0159
68,04170.wav,4169,1850943602,6.036,0.8042,0.7407,0.8677,0.6285,0.6285,TAO,0.4533,0.8344,0.0337
69,08955.wav,8954,4028521831,6.809,0.8038,0.7098,0.8979,0.6411,0.6411,TAO,0.5338,0.6768,0.0335
70,02412.wav,2411,1064968174,9.973,0.8036,0.7226,0.8845,0.6518,0.6518,TAO,0.5074,0.4236,0.0108
71,07637.wav,7636,3437594606,9.937,0.8035,0.7476,0.8594,0.6337,0.6337,TAO,0.5550,0.4794,0.0200
72,04646.wav,4645,2062040527,7.174,0.8030,0.7223,0.8837,0.6023,0.6023,TAO,0.5323,0.6525,0.0278
73,08669.wav,8668,3902072561,9.112,0.8030,0.7296,0.8763,0.6785,0.6785,TAO,0.6026,0.7287,0.0243
74,05491.wav,5490,2443731888,6.138,0.8027,0.7510,0.8544,0.6170,0.6170,TAO,0.5299,0.8333,0.0402
75,06968.wav,6967,3114236072,5.552,0.8027,0.7244,0.8810,0.6655,0.6655,TAO,0.5805,0.4183,0.0128
76,08204.wav,8203,3681570341,7.829,0.8024,0.7162,0.8886,0.6282,0.6282,TAO,0.5088,0.4974,0.0196
77,02287.wav,2286,1015353993,8.010,0.8022,0.7041,0.9003,0.6903,0.6903,TAO,0.5274,0.5199,0.0129
78,08181.wav,8180,3674513870,4.418,0.8020,0.7420,0.8619,0.6032,0.6032,TAO,0.5574,0.7750,0.0263
79,06849.wav,6848,3059112880,9.097,0.8018,0.7079,0.8957,0.6684,0.6684,TAO,0.5142,0.6526,0.0160
80,04262.wav,4261,1889475588,5.536,0.8014,0.7294,0.8734,0.6488,0.6488,TAO,0.5466,0.8476,0.0394
81,04908.wav,4907,2183294387,5.433,0.8014,0.7050,0.8977,0.6971,0.6971,TAO,0.4965,0.1629,-0.0067
82,07124.wav,7123,3187955696,5.360,0.8011,0.7503,0.8520,0.6278,0.6278,TAO,0.5545,0.7721,0.0329
83,01528.wav,1527,668576665,8.746,0.8011,0.7601,0.8421,0.6356,0.6356,TAO,0.5505,0.6654,0.0235
84,00205.wav,204,91891822,5.927,0.8009,0.7549,0.8470,0.6282,0.6282,TAO,0.5849,0.9358,0.0463
85,05544.wav,5543,2467837331,5.213,0.8009,0.7369,0.8649,0.6638,0.6638,TAO,0.4989,0.7432,0.0315
86,06125.wav,6124,2734057448,10.564,0.8008,0.7594,0.8421,0.7373,0.7373,TAO,0.5849,0.5980,0.0194
87,01318.wav,1317,584321623,6.620,0.8008,0.7664,0.8352,0.6062,0.6062,TAO,0.5205,1.1760,0.0586
88,02731.wav,2730,1203585071,6.089,0.8005,0.7723,0.8287,0.6744,0.6744,TAO,0.6108,0.6560,0.0318
89,01573.wav,1572,690169121,6.582,0.8003,0.7088,0.8918,0.7005,0.7005,TAO,0.5191,0.5579,0.0185
90,08591.wav,8590,3861485354,5.725,0.8003,0.7572,0.8434,0.7244,0.7244,TAO,0.6223,0.6523,0.0220
91,06682.wav,6681,2983641637,5.885,0.8002,0.7147,0.8857,0.7007,0.7007,TAO,0.5283,0.6704,0.0199
92,00456.wav,455,196335592,9.663,0.8000,0.7773,0.8226,0.6283,0.6283,TAO,0.5279,1.1945,0.0491
93,04826.wav,4825,2142597738,7.789,0.7999,0.7669,0.8328,0.7259,0.7259,TAO,0.5520,0.5827,0.0318
94,02175.wav,2174,965903975,7.797,0.7997,0.7567,0.8427,0.6206,0.6206,TAO,0.5009,0.5185,0.0194
95,08970.wav,8969,4034817048,6.791,0.7995,0.7501,0.8488,0.6692,0.6692,TAO,0.6187,0.5563,0.0269
96,06912.wav,6911,3088543173,8.136,0.7994,0.7484,0.8504,0.6470,0.6470,TAO,0.5376,1.0111,0.0447
97,00285.wav,284,124750634,3.518,0.7993,0.7126,0.8861,0.7119,0.7119,TAO,0.5243,0.8159,0.0281
98,06639.wav,6638,2961670860,9.474,0.7993,0.7445,0.8542,0.6018,0.6018,TAO,0.4872,0.6461,0.0313
99,07918.wav,7917,3569647057,6.256,0.7992,0.7315,0.8669,0.6879,0.6879,TAO,0.5438,0.4441,0.0171
100,08655.wav,8654,3898569323,7.060,0.7984,0.7781,0.8186,0.6021,0.6021,TAO,0.4527,0.6888,0.0359
101,03527.wav,3526,1560553322,8.089,0.7982,0.7211,0.8753,0.6889,0.6889,TAO,0.5307,0.3461,0.0148
102,06844.wav,6843,3057600143,9.344,0.7981,0.7639,0.8324,0.5695,0.5695,TAO,0.4471,1.0468,0.0479
103,09351.wav,9350,4203077271,4.823,0.7981,0.7536,0.8426,0.6558,0.6558,TAO,0.5703,0.7266,0.0256
104,01013.wav,1012,448019724,5.451,0.7980,0.7747,0.8212,0.6184,0.6184,TAO,0.5952,0.9168,0.0447
105,01476.wav,1475,651691856,7.130,0.7979,0.7460,0.8497,0.5895,0.5895,TAO,0.4317,1.0222,0.0421
106,05851.wav,5850,2605508235,5.893,0.7978,0.7366,0.8591,0.6864,0.6864,TAO,0.6340,0.3361,0.0047
107,00050.wav,49,19903819,6.681,0.7977,0.7593,0.8361,0.6680,0.6680,TAO,0.6236,0.8411,0.0350
108,02893.wav,2892,1276193012,7.494,0.7976,0.7869,0.8084,0.5939,0.5939,TAO,0.4502,1.2699,0.0585
109,02741.wav,2740,1210218035,7.868,0.7975,0.7487,0.8462,0.6416,0.6416,TAO,0.6105,0.6952,0.0252
110,00196.wav,195,86402809,4.170,0.7974,0.7554,0.8393,0.6622,0.6622,TAO,0.6028,0.0610,0.0115
111,07295.wav,7294,3268697068,9.811,0.7962,0.7863,0.8060,0.6079,0.6079,TAO,0.4935,1.0306,0.0528
112,08234.wav,8233,3696628812,8.158,0.7961,0.7104,0.8818,0.7586,0.7104,TAO,0.6441,0.3776,0.0030
113,03652.wav,3651,1608381161,5.141,0.7959,0.7428,0.8490,0.6744,0.6744,TAO,0.6014,0.6727,0.0343
114,08217.wav,8216,3689169296,5.567,0.7959,0.7213,0.8704,0.6897,0.6897,TAO,0.5565,0.8749,0.0308
115,00704.wav,703,302695144,5.152,0.7958,0.7621,0.8295,0.6054,0.6054,TAO,0.5378,0.8301,0.0344
116,07437.wav,7436,3344422579,8.335,0.7955,0.7726,0.8183,0.6136,0.6136,TAO,0.4939,0.7017,0.0393
117,01493.wav,1492,657658633,6.098,0.7952,0.7284,0.8621,0.6503,0.6503,TAO,0.4854,0.6008,0.0314
118,05892.wav,5891,2629504236,8.545,0.7949,0.7868,0.8029,0.5776,0.5776,TAO,0.4709,1.1389,0.0591
119,05329.wav,5328,2370285869,6.891,0.7946,0.7400,0.8492,0.6780,0.6780,TAO,0.5384,0.3894,0.0072
120,05514.wav,5513,2451211402,4.571,0.7944,0.7745,0.8144,0.6156,0.6156,TAO,0.5153,0.8850,0.0360
121,07764.wav,7763,3494285256,4.763,0.7944,0.7533,0.8355,0.7154,0.7154,TAO,0.5647,0.4772,0.0184
122,04417.wav,4416,1955865136,4.897,0.7943,0.7337,0.8549,0.6206,0.6206,TAO,0.5578,0.4965,0.0203
123,00638.wav,637,271936275,8.754,0.7941,0.7129,0.8753,0.6660,0.6660,TAO,0.5587,0.5405,0.0179
124,05690.wav,5689,2530383789,6.579,0.7939,0.7219,0.8660,0.6488,0.6488,TAO,0.5592,0.2744,0.0102
125,04965.wav,4964,2198014533,6.711,0.7934,0.7628,0.8240,0.6143,0.6143,TAO,0.5518,0.1397,0.0137
126,05474.wav,5473,2432813856,8.197,0.7932,0.7391,0.8472,0.5644,0.5644,TAO,0.4553,0.6052,0.0369
127,06491.wav,6490,2897575415,4.717,0.7930,0.6948,0.8912,0.6729,0.6729,LENT,0.5798,0.2973,0.0116
128,07459.wav,7458,3356927953,9.699,0.7929,0.7347,0.8511,0.5789,0.5789,TAO,0.4232,0.9459,0.0373
129,05798.wav,5797,2579705894,6.536,0.7929,0.7073,0.8785,0.6315,0.6315,TAO,0.5291,0.5960,0.0242
130,07745.wav,7744,3487283506,5.789,0.7929,0.7376,0.8482,0.6534,0.6534,TAO,0.5839,0.9230,0.0344
131,05670.wav,5669,2523124686,6.343,0.7928,0.7353,0.8504,0.7719,0.7353,TAO,0.5360,0.3340,0.0092
132,05781.wav,5780,2572519983,5.760,0.7928,0.6906,0.8949,0.6538,0.6538,TAO,0.4960,0.4150,0.0083
133,04567.wav,4566,2029072273,3.382,0.7926,0.6983,0.8870,0.7155,0.6983,TAO,0.6263,0.9599,0.0380
134,01220.wav,1219,542282038,5.692,0.7926,0.7467,0.8384,0.7078,0.7078,TAO,0.5020,-0.2114,-0.0100
135,01436.wav,1435,633662632,7.574,0.7924,0.7317,0.8530,0.7231,0.7231,TAO,0.6073,0.1997,-0.0004
136,00355.wav,354,150443533,6.049,0.7923,0.7196,0.8650,0.6431,0.6431,TAO,0.4954,0.9313,0.0347
137,07337.wav,7336,3292419464,6.096,0.7921,0.7547,0.8295,0.6158,0.6158,TAO,0.5696,0.9163,0.0449
138,02028.wav,2027,903321267,4.800,0.7921,0.7372,0.8469,0.6967,0.6967,TAO,0.5509,0.3810,0.0096
139,03181.wav,3180,1397100075,5.678,0.7921,0.7469,0.8373,0.6426,0.6426,TAO,0.5640,1.2301,0.0463
140,07018.wav,7017,3137938470,5.676,0.7920,0.7657,0.8182,0.6006,0.6006,TAO,0.5019,1.0450,0.0479
141,04253.wav,4252,1883747693,5.709,0.7918,0.7712,0.8124,0.5976,0.5976,TAO,0.4770,1.0813,0.0497
142,01537.wav,1536,675817297,7.863,0.7916,0.7533,0.8299,0.5992,0.5992,TAO,0.5268,0.6808,0.0237
143,01355.wav,1354,602187117,6.415,0.7915,0.7818,0.8012,0.6017,0.6017,TAO,0.4796,1.3544,0.0618
144,01625.wav,1624,723460975,5.728,0.7914,0.7708,0.8120,0.6701,0.6701,TAO,0.5226,0.5760,0.0201
145,09399.wav,9398,4219327531,5.059,0.7914,0.7717,0.8110,0.6066,0.6066,TAO,0.4640,0.8217,0.0443
146,00983.wav,982,431721141,4.110,0.7914,0.7427,0.8400,0.6699,0.6699,TAO,0.6225,0.4936,0.0220
147,04286.wav,4285,1898935604,5.249,0.7914,0.7436,0.8391,0.6742,0.6742,TAO,0.5657,0.3193,0.0128
148,00406.wav,405,174255373,10.617,0.7908,0.7821,0.7994,0.6002,0.6002,TAO,0.5865,1.1287,0.0489
149,03678.wav,3677,1623036587,6.186,0.7908,0.7982,0.7833,0.5430,0.5430,TAO,0.4478,1.0113,0.0549
150,08877.wav,8876,3997708241,5.466,0.7907,0.7496,0.8317,0.6478,0.6478,TAO,0.5834,0.8833,0.0344
151,07585.wav,7584,3415166063,4.479,0.7906,0.7102,0.8711,0.7048,0.7048,TAO,0.5776,0.2129,0.0041
152,08608.wav,8607,3874573322,9.347,0.7905,0.7404,0.8406,0.6423,0.6423,TAO,0.5439,0.6374,0.0381
153,02884.wav,2883,1274442920,10.085,0.7904,0.7619,0.8189,0.5800,0.5800,TAO,0.4892,1.3512,0.0630
154,03384.wav,3383,1492790476,9.765,0.7904,0.7632,0.8175,0.5595,0.5595,TAO,0.5223,1.2298,0.0587
155,05801.wav,5800,2579943249,8.204,0.7902,0.7355,0.8449,0.5823,0.5823,TAO,0.4613,0.6065,0.0310
156,07139.wav,7138,3195086886,8.881,0.7902,0.7595,0.8209,0.6599,0.6599,TAO,0.6579,0.5301,0.0231
157,07605.wav,7604,3422536135,8.982,0.7902,0.7474,0.8330,0.5749,0.5749,TAO,0.5123,0.7106,0.0315
158,08824.wav,8823,3966471608,6.057,0.7902,0.7082,0.8722,0.6136,0.6136,TAO,0.5388,0.6771,0.0301
159,05324.wav,5323,2368718411,5.244,0.7899,0.7188,0.8609,0.6928,0.6928,TAO,0.5813,0.6647,0.0143
160,01642.wav,1641,730865770,8.920,0.7897,0.7797,0.7997,0.5636,0.5636,TAO,0.4274,0.8187,0.0465
161,01552.wav,1551,683351532,6.642,0.7897,0.7078,0.8716,0.6072,0.6072,TAO,0.5211,0.7563,0.0306
162,05369.wav,5368,2385528501,4.760,0.7893,0.7439,0.8347,0.7126,0.7126,TAO,0.5489,0.7610,0.0222
163,07189.wav,7188,3219192329,6.645,0.7892,0.7027,0.8757,0.6068,0.6068,TAO,0.4631,0.3900,0.0143
164,09314.wav,9313,4188894450,7.208,0.7890,0.7100,0.8681,0.6736,0.6736,TAO,0.4688,0.4757,0.0172
165,02764.wav,2763,1219394447,6.414,0.7890,0.7306,0.8474,0.7191,0.7191,TAO,0.5643,0.6107,0.0163
166,05320.wav,5319,2368479529,5.552,0.7887,0.7055,0.8719,0.6924,0.6924,TAO,0.5414,0.1857,0.0052
167,06261.wav,6260,2798675379,7.492,0.7885,0.7349,0.8421,0.7284,0.7284,TAO,0.5415,0.4128,0.0182
168,00737.wav,736,321441014,3.207,0.7884,0.7034,0.8734,0.6589,0.6589,TAO,0.5492,0.3621,0.0093
169,06232.wav,6231,2783616908,6.328,0.7882,0.7029,0.8735,0.6891,0.6891,TAO,0.6744,0.4439,0.0129
170,07055.wav,7054,3154639118,9.187,0.7881,0.7333,0.8429,0.5688,0.5688,TAO,0.4803,0.5539,0.0252
171,05990.wav,5989,2668210384,6.234,0.7881,0.7423,0.8339,0.6622,0.6622,TAO,0.4680,1.2254,0.0422
172,06503.wav,6502,2903009707,7.492,0.7879,0.7113,0.8645,0.5950,0.5950,TAO,0.4585,0.6807,0.0306
173,02998.wav,2997,1323708777,4.295,0.7878,0.7196,0.8559,0.7092,0.7092,TAO,0.5972,0.5861,0.0192
174,02941.wav,2940,1299896937,7.391,0.7877,0.7014,0.8740,0.7755,0.7014,TAO,0.5849,0.1285,-0.0026
175,07143.wav,7142,3196654344,7.260,0.7873,0.7234,0.8511,0.6609,0.6609,TAO,0.4572,0.5965,0.0206
176,05889.wav,5888,2629429517,5.217,0.7871,0.7758,0.7985,0.5940,0.5940,TAO,0.4769,1.4413,0.0629
177,01963.wav,1962,879434708,3.718,0.7871,0.7195,0.8548,0.6850,0.6850,TAO,0.5493,0.6100,0.0172
178,07280.wav,7279,3262805010,7.712,0.7869,0.7328,0.8411,0.6658,0.6658,TAO,0.5971,0.4865,0.0200
179,02469.wav,2468,1090715794,9.733,0.7868,0.7064,0.8671,0.6479,0.6479,TAO,0.5880,0.6389,0.0261
180,07144.wav,7143,3196709065,6.051,0.7868,0.7134,0.8601,0.6657,0.6657,TAO,0.5994,0.9907,0.0367
181,06332.wav,6331,2831260586,5.662,0.7867,0.7692,0.8042,0.5746,0.5746,TAO,0.4573,1.1018,0.0529
182,09112.wav,9111,4102425616,8.259,0.7866,0.7192,0.8541,0.5757,0.5757,TAO,0.4775,0.5081,0.0275
183,02493.wav,2492,1097901705,6.866,0.7865,0.7129,0.8602,0.6385,0.6385,TAO,0.5940,0.9783,0.0400
184,04844.wav,4843,2150077252,6.202,0.7862,0.7600,0.8125,0.6331,0.6331,TAO,0.4980,1.0612,0.0518
185,04182.wav,4181,1855133968,9.460,0.7862,0.7109,0.8614,0.6519,0.6519,TAO,0.5425,-0.8733,-0.0405
186,07855.wav,7854,3541983655,10.658,0.7861,0.7311,0.8412,0.5947,0.5947,TAO,0.5976,0.2834,0.0205
187,09389.wav,9388,4216264682,7.873,0.7860,0.7113,0.8607,0.6198,0.6198,TAO,0.4341,0.2546,0.0034
188,05676.wav,5675,2524582702,5.462,0.7857,0.7221,0.8494,0.7250,0.7221,TAO,0.5130,0.1449,-0.0038
189,01742.wav,1741,780479951,4.056,0.7856,0.7487,0.8225,0.6716,0.6716,TAO,0.4370,0.3652,0.0261
190,07529.wav,7528,3389622602,8.314,0.7856,0.7122,0.8591,0.5979,0.5979,TAO,0.5462,0.6834,0.0293
191,04903.wav,4902,2179815231,7.580,0.7854,0.7087,0.8621,0.6808,0.6808,TAO,0.5767,-0.6306,-0.0254
192,00679.wav,678,295454512,5.691,0.7854,0.7284,0.8423,0.5858,0.5858,TAO,0.4831,0.8908,0.0454
193,09308.wav,9307,4184973328,3.343,0.7850,0.7649,0.8052,0.6814,0.6814,TAO,0.5329,1.1319,0.0482
194,01297.wav,1296,578191116,3.363,0.7850,0.7786,0.7914,0.6067,0.6067,TAO,0.5047,0.5253,0.0265
195,03960.wav,3959,1751879403,5.862,0.7850,0.7610,0.8090,0.6875,0.6875,TAO,0.5462,1.0731,0.0440
196,05325.wav,5324,2368902572,7.604,0.7850,0.7544,0.8155,0.6084,0.6084,TAO,0.4988,0.6894,0.0373
197,01875.wav,1874,837225322,5.805,0.7850,0.7047,0.8652,0.6171,0.6171,TAO,0.4573,0.5992,0.0337
198,01819.wav,1818,813242383,7.968,0.7846,0.7333,0.8358,0.6682,0.6682,TAO,0.5443,-0.7841,-0.0353
199,03003.wav,3002,1325460396,7.351,0.7845,0.7659,0.8032,0.5864,0.5864,TAO,0.5003,1.1846,0.0518
200,04745.wav,4744,2109738926,8.603,0.7845,0.7345,0.8344,0.5633,0.5633,TAO,0.4967,0.8225,0.0424
201,06030.wav,6029,2684497988,5.214,0.7844,0.7358,0.8330,0.7107,0.7107,TAO,0.5691,0.4510,0.0201
202,08798.wav,8797,3957066313,9.431,0.7843,0.7197,0.8490,0.7824,0.7197,TAO,0.6255,0.1359,0.0004
203,03427.wav,3426,1511089937,127.147,0.7842,0.6937,0.8747,0.7120,0.6937,TAO,0.5251,-0.7208,-0.0378
204,08419.wav,8418,3779176524,5.426,0.7842,0.7274,0.8409,0.7780,0.7274,TAO,0.5828,0.4978,0.0155
205,03906.wav,3905,1727992844,5.884,0.7841,0.7509,0.8173,0.6526,0.6526,TAO,0.4897,0.2769,0.0153
206,00045.wav,44,18520522,5.924,0.7840,0.7102,0.8578,0.5797,0.5797,TAO,0.5745,0.8347,0.0276
207,06686.wav,6685,2983989961,6.953,0.7840,0.7265,0.8414,0.6762,0.6762,TAO,0.5478,0.6671,0.0308
208,02903.wav,2902,1285470394,7.005,0.7839,0.6960,0.8717,0.7006,0.6960,TAO,0.6177,0.4051,0.0153
209,07554.wav,7553,3397136839,4.978,0.7838,0.7122,0.8555,0.6138,0.6138,TAO,0.5505,0.2517,0.0136
210,04063.wav,4062,1801274700,6.003,0.7838,0.6956,0.8721,0.6455,0.6455,TAO,0.5086,0.5583,0.0178
211,04334.wav,4333,1916790666,4.246,0.7836,0.7268,0.8404,0.7322,0.7268,TAO,0.5831,0.8849,0.0298
212,00387.wav,386,165337841,5.707,0.7835,0.7159,0.8511,0.5928,0.5928,TAO,0.5443,0.7870,0.0305
213,05008.wav,5007,2222119976,9.843,0.7834,0.7013,0.8656,0.5991,0.5991,TAO,0.4838,0.1204,0.0070
214,01023.wav,1022,449641903,6.952,0.7834,0.7250,0.8417,0.6045,0.6045,TAO,0.5234,0.8605,0.0389
215,03502.wav,3501,1551451629,6.607,0.7833,0.7278,0.8389,0.5978,0.5978,TAO,0.5153,0.8556,0.0464
216,04270.wav,4269,1891281928,3.775,0.7832,0.6882,0.8782,0.7473,0.6882,TAO,0.6130,0.4916,0.0150
217,03174.wav,3173,1395403177,3.775,0.7830,0.7331,0.8330,0.7001,0.7001,TAO,0.5225,0.3896,0.0123
218,02652.wav,2651,1169834987,5.400,0.7830,0.7238,0.8422,0.6452,0.6452,TAO,0.6159,0.7367,0.0344
219,07173.wav,7172,3211439210,6.413,0.7830,0.7392,0.8267,0.6390,0.6390,TAO,0.3917,0.4450,0.0164
220,00074.wav,73,33340111,5.805,0.7826,0.7266,0.8385,0.5932,0.5932,TAO,0.4738,0.4561,0.0253
221,04802.wav,4801,2133789648,3.208,0.7824,0.7028,0.8621,0.7796,0.7028,TAO,0.5507,0.3318,0.0023
222,03118.wav,3117,1371591337,4.892,0.7823,0.7012,0.8635,0.5815,0.5815,TAO,0.4626,1.0796,0.0430
223,01836.wav,1835,818391566,10.178,0.7823,0.7654,0.7992,0.5770,0.5770,TAO,0.5298,0.5679,0.0367
224,07705.wav,7704,3463396947,8.911,0.7822,0.7236,0.8408,0.6156,0.6156,TAO,0.5017,0.5131,0.0147
225,08683.wav,8682,3907616295,7.878,0.7822,0.7381,0.8262,0.5834,0.5834,TAO,0.4463,0.5190,0.0358
226,01979.wav,1978,885107882,3.514,0.7821,0.7184,0.8457,0.6996,0.6996,TAO,0.4968,0.5075,0.0078
227,07008.wav,7007,3132797781,5.617,0.7820,0.7472,0.8168,0.5517,0.5517,TAO,0.4320,0.6297,0.0365
228,04719.wav,4718,2095138221,5.223,0.7816,0.7101,0.8530,0.7121,0.7101,TAO,0.4720,0.5072,0.0131
229,00211.wav,210,96087096,3.271,0.7812,0.7187,0.8436,0.5828,0.5828,TAO,0.5542,0.3824,0.0166
230,06972.wav,6971,3114454956,3.996,0.7810,0.7317,0.8302,0.5841,0.5841,TAO,0.5158,0.0217,0.0036
231,03346.wav,3345,1470600815,7.436,0.7809,0.7170,0.8449,0.5913,0.5913,TAO,0.5430,0.6210,0.0248
232,07994.wav,7993,3599077350,8.897,0.7809,0.7039,0.8580,0.6614,0.6614,TAO,0.6051,0.4286,0.0209
233,04406.wav,4405,1952144773,4.630,0.7808,0.6966,0.8650,0.6705,0.6705,TAO,0.5945,0.6986,0.0274
234,03056.wav,3055,1347888939,7.630,0.7808,0.7680,0.7937,0.5419,0.5419,TAO,0.4977,1.1451,0.0560
235,05433.wav,5432,2418462032,7.873,0.7807,0.6993,0.8622,0.6027,0.6027,TAO,0.6106,0.1526,0.0118
236,07703.wav,7702,3463123342,6.453,0.7807,0.7329,0.8284,0.5484,0.5484,TAO,0.4970,1.0435,0.0471
237,06802.wav,6801,3037744695,8.007,0.7806,0.7464,0.8148,0.6143,0.6143,TAO,0.5639,0.8507,0.0444
238,01124.wav,1123,497852789,7.646,0.7805,0.7449,0.8160,0.5779,0.5779,TAO,0.5506,0.6039,0.0287
239,02268.wav,2267,1008058640,6.160,0.7804,0.7177,0.8430,0.7282,0.7177,TAO,0.5511,0.2846,0.0063
240,02125.wav,2124,943604872,4.682,0.7803,0.7097,0.8510,0.6355,0.6355,TAO,0.6135,0.8594,0.0324
241,03279.wav,3278,1438015608,2.458,0.7803,0.7360,0.8247,0.6885,0.6885,TAO,0.4612,0.1887,0.0078
242,00984.wav,983,431722121,5.515,0.7801,0.7469,0.8134,0.6294,0.6294,TAO,0.5829,0.8609,0.0313
243,09103.wav,9102,4096881882,2.825,0.7800,0.7200,0.8401,0.6872,0.6872,TAO,0.5462,0.9012,0.0356
244,00108.wav,107,46627213,8.133,0.7799,0.7256,0.8342,0.5912,0.5912,TAO,0.4483,-0.5160,-0.0077
245,06055.wav,6054,2700850312,9.121,0.7799,0.7048,0.8550,0.5672,0.5672,TAO,0.4990,0.6022,0.0298
246,07156.wav,7155,3204143857,5.733,0.7797,0.7279,0.8316,0.7123,0.7123,TAO,0.5633,0.4088,0.0085
247,07736.wav,7735,3479933432,7.575,0.7797,0.7823,0.7772,0.5967,0.5967,TAO,0.4377,0.9732,0.0468
248,02595.wav,2594,1138468914,5.723,0.7796,0.7665,0.7928,0.6324,0.6324,TAO,0.5599,0.5424,0.0273
249,01548.wav,1547,682819047,7.951,0.7796,0.7119,0.8474,0.6261,0.6261,TAO,0.4723,0.0584,0.0094
250,05624.wav,5623,2499183406,5.341,0.7795,0.6955,0.8636,0.6601,0.6601,TAO,0.5772,0.4598,0.0149
251,00458.wav,457,196445034,8.367,0.7794,0.7354,0.8235,0.5752,0.5752,TAO,0.4381,0.7037,0.0437
252,00125.wav,124,51140452,6.110,0.7792,0.7156,0.8428,0.6619,0.6619,TAO,0.4901,-0.0388,-0.0088
253,04040.wav,4039,1786489834,5.252,0.7791,0.7150,0.8432,0.6502,0.6502,TAO,0.4255,0.4098,0.0203
254,05543.wav,5542,2467782610,8.026,0.7790,0.7176,0.8405,0.5421,0.5421,TAO,0.4264,0.7045,0.0358
255,09557.wav,9556,4289546538,6.115,0.7790,0.7649,0.7931,0.6525,0.6525,TAO,0.5623,0.7194,0.0385
256,06382.wav,6381,2853743850,11.932,0.7789,0.7624,0.7954,0.6526,0.6526,TAO,0.5634,0.6739,0.0297
257,03879.wav,3878,1716014305,5.714,0.7789,0.7207,0.8370,0.5767,0.5767,TAO,0.3821,-0.6072,-0.0129
258,02882.wav,2881,1274333478,4.653,0.7787,0.7372,0.8203,0.5714,0.5714,TAO,0.5098,0.6998,0.0420
259,04127.wav,4126,1827111764,5.891,0.7784,0.7453,0.8115,0.5877,0.5877,TAO,0.4959,0.9600,0.0440
260,00818.wav,817,359788839,7.415,0.7783,0.7332,0.8233,0.5801,0.5801,TAO,0.4132,0.3585,0.0240
261,01649.wav,1648,732726831,5.131,0.7782,0.7181,0.8383,0.6521,0.6521,TAO,0.4840,0.4907,0.0158
262,05671.wav,5670,2523199405,9.344,0.7782,0.7379,0.8186,0.5710,0.5710,TAO,0.4823,0.9674,0.0458
263,02183.wav,2182,967600873,7.400,0.7782,0.7403,0.8161,0.6283,0.6283,TAO,0.4862,0.8062,0.0450
264,07197.wav,7196,3220759787,5.082,0.7781,0.7530,0.8032,0.6288,0.6288,TAO,0.5460,0.8233,0.0388
265,03964.wav,3963,1753337419,8.330,0.7779,0.7157,0.8402,0.5725,0.5725,TAO,0.6368,0.2568,0.0162
266,09553.wav,9552,4289307656,6.756,0.7779,0.7065,0.8493,0.5928,0.5928,TAO,0.5141,0.0741,0.0069
267,00820.wav,819,360590120,7.824,0.7779,0.7206,0.8353,0.7087,0.7087,TAO,0.6127,0.0528,-0.0011
268,04195.wav,4194,1860100016,3.363,0.7779,0.7485,0.8073,0.6351,0.6351,TAO,0.5520,0.6287,0.0296
269,08255.wav,8254,3705511621,6.038,0.7778,0.7213,0.8343,0.5426,0.5426,TAO,0.4445,0.5211,0.0274
270,03287.wav,3286,1445226365,3.347,0.7777,0.7182,0.8373,0.6870,0.6870,TAO,0.5298,-0.6368,-0.0205
271,06723.wav,6722,3000451727,4.667,0.7776,0.7048,0.8505,0.6587,0.6587,TAO,0.5905,0.5748,0.0242
272,04517.wav,4516,2005424596,5.884,0.7775,0.7001,0.8550,0.6716,0.6716,TAO,0.5120,0.3250,0.0091
273,06927.wav,6926,3092046411,9.375,0.7774,0.7031,0.8517,0.7014,0.7014,TAO,0.5626,0.7279,0.0377
274,05954.wav,5953,2653500237,4.179,0.7774,0.7111,0.8437,0.5962,0.5962,TAO,0.5497,0.3675,0.0240
275,02240.wav,2239,994040529,7.775,0.7773,0.7117,0.8429,0.6310,0.6310,TAO,0.6218,0.1421,0.0132
276,00938.wav,937,415270354,4.665,0.7773,0.6907,0.8639,0.6983,0.6907,TAO,0.6323,0.8688,0.0303
277,02520.wav,2519,1111208557,8.170,0.7772,0.7211,0.8332,0.5539,0.5539,TAO,0.5498,0.3701,0.0242
278,08728.wav,8727,3925700240,7.773,0.7772,0.7538,0.8006,0.4981,0.4981,TAO,0.4129,0.7974,0.0477
279,06449.wav,6448,2881058928,4.834,0.7770,0.7138,0.8402,0.6131,0.6131,TAO,0.5788,0.5325,0.0310
280,07704.wav,7703,3463178063,5.346,0.7769,0.7053,0.8486,0.6378,0.6378,TAO,0.5405,0.1123,-0.0005
281,08690.wav,8689,3909074311,7.357,0.7768,0.7265,0.8271,0.6631,0.6631,TAO,0.5126,0.6811,0.0187
282,00077.wav,76,35146451,4.063,0.7768,0.7242,0.8294,0.6581,0.6581,TAO,0.5024,0.5387,0.0217
283,09562.wav,9561,4291223438,6.010,0.7767,0.7075,0.8460,0.7574,0.7075,TAO,0.4737,-0.0432,-0.0090
284,09424.wav,9423,4232617006,5.756,0.7766,0.7175,0.8357,0.6299,0.6299,TAO,0.4198,0.4412,0.0185
285,02688.wav,2687,1187973653,7.894,0.7763,0.7104,0.8422,0.6067,0.6067,TAO,0.6493,0.2469,0.0123
286,04910.wav,4909,2183403829,3.580,0.7763,0.7151,0.8374,0.6399,0.6399,TAO,0.5298,0.3727,0.0147
287,08519.wav,8518,3828497102,4.860,0.7762,0.7530,0.7993,0.5932,0.5932,TAO,0.4425,0.1685,0.0161
288,07643.wav,7642,3439052622,5.486,0.7762,0.6969,0.8554,0.6369,0.6369,TAO,0.4718,0.1950,0.0015
289,05007.wav,5006,2221955813,5.306,0.7761,0.7092,0.8431,0.7683,0.7092,TAO,0.5484,0.3088,0.0061
290,03116.wav,3115,1371407176,6.281,0.7761,0.6952,0.8570,0.6340,0.6340,TAO,0.5752,0.5185,0.0213
291,05439.wav,5438,2420029490,4.763,0.7761,0.7765,0.7758,0.6190,0.6190,TAO,0.4784,0.4193,0.0174
292,06310.wav,6309,2819038950,10.194,0.7761,0.6961,0.8560,0.6299,0.6299,TAO,0.5181,-0.6890,-0.0289
293,06824.wav,6823,3045129295,6.924,0.7761,0.7369,0.8153,0.6573,0.6573,TAO,0.5226,0.1385,0.0069
294,05770.wav,5769,2570897804,3.177,0.7760,0.7045,0.8475,0.7390,0.7045,TAO,0.5424,0.7577,0.0212
295,08149.wav,8148,3665412177,8.649,0.7759,0.7192,0.8327,0.5905,0.5905,TAO,0.6366,0.2178,0.0137
296,00084.wav,83,36659188,6.546,0.7757,0.7456,0.8057,0.5386,0.5386,TAO,0.4357,0.8186,0.0366
297,08894.wav,8893,4004874154,9.139,0.7756,0.7280,0.8232,0.5869,0.5869,TAO,0.4916,0.9653,0.0539
298,02593.wav,2592,1138284753,3.710,0.7756,0.7138,0.8374,0.5880,0.5880,TAO,0.4142,0.3318,0.0189
299,09350.wav,9349,4201564534,5.220,0.7755,0.7209,0.8301,0.5779,0.5779,TAO,0.4159,0.7438,0.0373
300,09203.wav,9202,4139334990,5.806,0.7753,0.7301,0.8205,0.5698,0.5698,TAO,0.5375,0.3197,0.0268
301,08237.wav,8236,3698196270,4.760,0.7751,0.7581,0.7921,0.5865,0.5865,TAO,0.4321,0.9317,0.0463
302,03588.wav,3587,1585713473,3.912,0.7751,0.7271,0.8230,0.7060,0.7060,TAO,0.5723,0.1837,0.0098
303,08405.wav,8404,3777021860,6.343,0.7750,0.7091,0.8410,0.6486,0.6486,TAO,0.5857,0.7149,0.0310
304,03258.wav,3257,1430143048,3.664,0.7749,0.7031,0.8468,0.6951,0.6951,TAO,0.5561,0.5489,0.0181
305,07227.wav,7226,3237186830,9.568,0.7748,0.7093,0.8404,0.6056,0.6056,TAO,0.4855,0.4420,0.0218
306,03290.wav,3289,1446768977,7.893,0.7748,0.6892,0.8603,0.5986,0.5986,TAO,0.5435,0.1853,0.0034
307,05769.wav,5768,2570768364,4.296,0.7748,0.7600,0.7895,0.6664,0.6664,TAO,0.4934,0.6559,0.0249
308,03554.wav,3553,1575392909,2.556,0.7747,0.6911,0.8584,0.6647,0.6647,TAO,0.5294,0.3137,0.0121
309,01550.wav,1549,683057929,8.638,0.7747,0.7071,0.8423,0.5854,0.5854,TAO,0.4813,0.3967,0.0276
310,09044.wav,9043,4066727049,10.287,0.7746,0.7274,0.8218,0.5938,0.5938,TAO,0.5349,0.5966,0.0342
311,08884.wav,8883,3999330420,3.533,0.7745,0.7572,0.7918,0.6915,0.6915,TAO,0.4448,0.9276,0.0419
312,08221.wav,8220,3690736754,4.471,0.7745,0.7169,0.8322,0.6242,0.6242,TAO,0.4986,0.8168,0.0383
313,04540.wav,4539,2014048525,5.217,0.7744,0.7229,0.8259,0.6819,0.6819,TAO,0.5991,0.8371,0.0302
314,01744.wav,1743,780609391,4.516,0.7744,0.7050,0.8438,0.6685,0.6685,TAO,0.4660,0.5696,0.0144
315,04566.wav,4565,2027430096,6.077,0.7741,0.7652,0.7830,0.5691,0.5691,TAO,0.3945,0.7131,0.0292
316,04365.wav,4364,1933252432,2.770,0.7741,0.7468,0.8013,0.6548,0.6548,TAO,0.5180,1.0828,0.0395
317,02065.wav,2064,918260297,4.935,0.7741,0.7469,0.8012,0.6702,0.6702,TAO,0.5464,0.1505,0.0044
318,00801.wav,800,352787089,6.757,0.7737,0.7026,0.8447,0.6072,0.6072,TAO,0.4670,0.3438,0.0141
319,04098.wav,4097,1815463919,8.066,0.7737,0.7498,0.7975,0.6375,0.6375,TAO,0.5580,0.8557,0.0451
320,05916.wav,5915,2644159662,4.583,0.7736,0.7091,0.8381,0.5848,0.5848,TAO,0.4221,0.9643,0.0478
321,08079.wav,8078,3631826720,5.466,0.7736,0.6763,0.8709,0.5950,0.5950,TAO,0.5098,0.5863,0.0197
322,06505.wav,6504,2903139147,2.646,0.7735,0.7255,0.8215,0.6390,0.6390,TAO,0.5144,0.7051,0.0221
323,05794.wav,5793,2578247878,2.770,0.7735,0.7559,0.7911,0.5930,0.5930,TAO,0.4405,1.2560,0.0493
324,01036.wav,1035,455369798,3.851,0.7734,0.6986,0.8483,0.6737,0.6737,TAO,0.5857,0.6849,0.0240
325,04229.wav,4228,1874830161,4.118,0.7734,0.7262,0.8206,0.6893,0.6893,TAO,0.5749,0.4023,0.0099
326,04828.wav,4827,2142946062,2.518,0.7732,0.7414,0.8050,0.6686,0.6686,TAO,0.5575,0.1092,0.0054
327,06336.wav,6335,2831390026,7.749,0.7732,0.7204,0.8260,0.5521,0.5521,TAO,0.4723,0.9354,0.0470
328,07502.wav,7501,3374783015,4.349,0.7730,0.7249,0.8211,0.6518,0.6518,TAO,0.5030,0.9560,0.0318
329,06980.wav,6979,3119214156,7.606,0.7729,0.7012,0.8445,0.7316,0.7012,TAO,0.5727,0.1946,-0.0019
330,06799.wav,6798,3035410482,4.039,0.7728,0.7266,0.8190,0.6088,0.6088,TAO,0.4958,0.7105,0.0304
331,02463.wav,2462,1088725293,4.908,0.7727,0.7249,0.8205,0.5384,0.5384,TAO,0.4152,0.8276,0.0397
332,07861.wav,7860,3543864714,4.671,0.7727,0.7162,0.8291,0.6521,0.6521,TAO,0.5521,0.6172,0.0237
333,07501.wav,7500,3374728294,7.045,0.7726,0.7269,0.8184,0.5958,0.5958,TAO,0.6213,-0.1021,0.0001
334,08299.wav,8298,3723595566,7.062,0.7726,0.7414,0.8037,0.6259,0.6259,TAO,0.5358,1.5769,0.0629
335,03033.wav,3032,1341979404,5.167,0.7725,0.7179,0.8272,0.7257,0.7179,TAO,0.5073,-0.8017,-0.0417
336,02989.wav,2988,1322196040,7.253,0.7724,0.7144,0.8303,0.6263,0.6263,TAO,0.3873,0.0924,0.0089
337,04347.wav,4346,1924556305,5.894,0.7723,0.7218,0.8228,0.6653,0.6653,TAO,0.5748,-0.6478,-0.0279
338,03826.wav,3825,1695134032,7.986,0.7721,0.7235,0.8207,0.6124,0.6124,TAO,0.4225,0.9740,0.0478
339,00325.wav,324,141451282,5.487,0.7718,0.7096,0.8339,0.7620,0.7096,TAO,0.5978,0.7458,0.0218
340,03260.wav,3259,1430270414,5.711,0.7717,0.7285,0.8148,0.6746,0.6746,TAO,0.5277,0.4228,0.0236
341,03430.wav,3429,1515288713,7.581,0.7714,0.7066,0.8362,0.6828,0.6828,TAO,0.5883,0.1769,0.0089
342,06072.wav,6071,2710006726,3.326,0.7714,0.7097,0.8330,0.6288,0.6288,TAO,0.4503,0.7393,0.0348
343,02297.wav,2296,1017324496,3.814,0.7713,0.6976,0.8451,0.6185,0.6185,TAO,0.4714,0.6424,0.0316
344,01593.wav,1592,699868019,8.689,0.7712,0.7227,0.8197,0.6244,0.6244,TAO,0.4271,0.7400,0.0327
345,08353.wav,8352,3747591567,5.718,0.7711,0.7077,0.8346,0.6443,0.6443,TAO,0.4040,-0.0801,-0.0016
346,08376.wav,8375,3755180523,5.178,0.7711,0.7118,0.8303,0.5692,0.5692,TAO,0.5240,0.7061,0.0374
347,03166.wav,3165,1389968885,12.042,0.7709,0.7418,0.8000,0.5980,0.5980,TAO,0.5198,0.8198,0.0324
348,08648.wav,8647,3892806705,4.806,0.7709,0.7890,0.7528,0.5706,0.5706,TAO,0.4824,1.1167,0.0575
349,04603.wav,4602,2038044526,5.355,0.7709,0.7602,0.7816,0.5765,0.5765,TAO,0.5270,0.6392,0.0263
350,05084.wav,5083,2262523022,3.879,0.7706,0.6912,0.8500,0.6611,0.6611,TAO,0.6556,0.5379,0.0222
351,04815.wav,4814,2141030280,5.290,0.7706,0.7455,0.7957,0.5540,0.5540,TAO,0.4871,0.4956,0.0269
352,06468.wav,6467,2888409002,3.725,0.7706,0.7408,0.8004,0.5889,0.5889,TAO,0.4940,0.8042,0.0320
353,09279.wav,9278,4175707472,3.945,0.7703,0.7292,0.8114,0.6091,0.6091,TAO,0.4973,1.0678,0.0517
354,02462.wav,2461,1088615851,4.171,0.7703,0.6955,0.8452,0.6582,0.6582,TAO,0.5288,0.3948,0.0121
355,01666.wav,1665,738454726,9.570,0.7703,0.6837,0.8569,0.5892,0.5892,TAO,0.4829,0.2167,0.0176
356,00307.wav,306,134046487,8.775,0.7702,0.6949,0.8454,0.5868,0.5868,TAO,0.5112,0.2514,0.0133
357,08413.wav,8412,3778773479,5.467,0.7700,0.7039,0.8361,0.7272,0.7039,TAO,0.5221,-0.1345,-0.0158
358,03738.wav,3737,1648709488,5.697,0.7698,0.7310,0.8087,0.5560,0.5560,TAO,0.5185,0.5786,0.0291
359,07172.wav,7171,3211384489,9.077,0.7697,0.7316,0.8079,0.6093,0.6093,TAO,0.5851,-0.1968,-0.0060
360,03042.wav,3041,1345847236,7.343,0.7695,0.7057,0.8334,0.6085,0.6085,TAO,0.5427,-0.1483,-0.0068
361,05400.wav,5399,2401761384,4.630,0.7694,0.7293,0.8096,0.6867,0.6867,TAO,0.5332,0.3725,0.0179
362,01929.wav,1928,862918221,7.934,0.7694,0.7307,0.8082,0.6420,0.6420,TAO,0.5740,0.9527,0.0363
363,08583.wav,8582,3859624293,4.641,0.7694,0.7264,0.8124,0.5137,0.5137,TAO,0.4298,0.9138,0.0405
364,00619.wav,618,268084713,3.562,0.7693,0.7584,0.7803,0.6240,0.6240,TAO,0.5258,0.7614,0.0354
365,02700.wav,2699,1193462666,8.649,0.7691,0.7461,0.7921,0.4997,0.4997,TAO,0.4266,1.0821,0.0588
366,08561.wav,8560,3850467879,7.829,0.7691,0.7097,0.8285,0.6235,0.6235,TAO,0.4499,0.3495,0.0184
367,05969.wav,5968,2658750368,4.648,0.7690,0.7104,0.8277,0.6468,0.6468,TAO,0.5875,0.8245,0.0356
368,04614.wav,4613,2043827142,4.886,0.7690,0.6881,0.8498,0.5981,0.5981,TAO,0.4285,0.4462,0.0225
369,04604.wav,4603,2038228687,9.762,0.7689,0.7109,0.8270,0.6708,0.6708,TAO,0.5359,-0.0127,-0.0022
370,08682.wav,8681,3907561574,4.745,0.7688,0.7562,0.7814,0.6016,0.6016,TAO,0.5106,0.9050,0.0338
371,00637.wav,636,271697393,8.614,0.7687,0.7431,0.7943,0.6220,0.6220,TAO,0.4196,1.0396,0.0455
372,08563.wav,8562,3850816203,5.894,0.7684,0.6939,0.8429,0.7086,0.6939,TAO,0.6247,0.4053,0.0098
373,03931.wav,3930,1736875653,4.076,0.7684,0.7472,0.7895,0.6499,0.6499,TAO,0.4349,0.9294,0.0393
374,02465.wav,2464,1088909454,4.832,0.7683,0.7565,0.7801,0.5049,0.5049,TAO,0.4517,1.0574,0.0533
375,07271.wav,7270,3261237552,7.541,0.7683,0.7123,0.8242,0.5696,0.5696,TAO,0.4689,0.6307,0.0277
376,05117.wav,5116,2274742285,4.120,0.7682,0.6873,0.8490,0.7372,0.6873,TAO,0.6027,-0.1628,-0.0126
377,03353.wav,3352,1476492873,6.704,0.7680,0.6826,0.8535,0.6285,0.6285,TAO,0.5136,0.3581,0.0199
378,02870.wav,2869,1267147567,6.304,0.7680,0.7220,0.8140,0.6193,0.6193,TAO,0.5385,0.4783,0.0172
379,07718.wav,7717,3472095595,5.439,0.7680,0.7041,0.8319,0.7220,0.7041,TAO,0.5138,-0.1260,-0.0150
380,02238.wav,2237,993164332,7.761,0.7680,0.7250,0.8109,0.5270,0.5270,TAO,0.4627,0.4405,0.0295
381,01210.wav,1209,536239083,6.514,0.7680,0.7365,0.7995,0.5603,0.5603,TAO,0.4489,0.1940,0.0233
382,09368.wav,9367,4208621005,7.315,0.7677,0.7582,0.7772,0.5949,0.5949,TAO,0.4629,0.9754,0.0475
383,04486.wav,4485,1987081771,3.268,0.7677,0.6999,0.8354,0.8024,0.6999,TAO,0.5738,-0.0686,-0.0096
384,02119.wav,2118,942017416,4.123,0.7676,0.6862,0.8490,0.6115,0.6115,TAO,0.5423,0.4108,0.0157
385,04473.wav,4472,1979328652,5.149,0.7676,0.7337,0.8014,0.6305,0.6305,TAO,0.5865,0.7753,0.0323
386,07387.wav,7386,3316286025,5.200,0.7676,0.6961,0.8390,0.6061,0.6061,TAO,0.5028,0.3987,0.0264
387,08568.wav,8567,3852458380,6.769,0.7675,0.7324,0.8026,0.5878,0.5878,TAO,0.4848,1.0519,0.0554
388,05567.wav,5566,2475187405,10.050,0.7675,0.7382,0.7967,0.7503,0.7382,TAO,0.5972,0.2300,0.0070
389,00683.wav,682,295638673,5.098,0.7674,0.7464,0.7883,0.6284,0.6284,TAO,0.5295,1.4335,0.0699
390,04419.wav,4418,1957138991,4.709,0.7673,0.7210,0.8137,0.5583,0.5583,TAO,0.4537,0.7877,0.0427
391,05421.wav,5420,2416526252,6.182,0.7672,0.7538,0.7806,0.6016,0.6016,TAO,0.5681,1.1730,0.0613
392,09449.wav,9448,4241554536,5.951,0.7672,0.6998,0.8347,0.6621,0.6621,TAO,0.4645,-0.1724,0.0024
393,03498.wav,3497,1550048334,4.254,0.7672,0.7347,0.7997,0.6409,0.6409,TAO,0.5656,1.5135,0.0720
394,05847.wav,5846,2603647174,6.558,0.7670,0.6830,0.8510,0.6978,0.6830,TAO,0.5173,0.4803,0.0061
395,03723.wav,3722,1641762459,4.161,0.7670,0.7227,0.8112,0.7019,0.7019,TAO,0.5551,0.7843,0.0213
396,07303.wav,7302,3271814638,5.650,0.7669,0.7466,0.7872,0.6288,0.6288,TAO,0.6378,0.4281,0.0253
397,08318.wav,8317,3729214019,5.912,0.7669,0.7201,0.8137,0.5624,0.5624,TAO,0.4741,0.4613,0.0227
398,01916.wav,1915,859038062,6.778,0.7668,0.7015,0.8322,0.7411,0.7015,TAO,0.6067,-0.7754,-0.0395
399,06109.wav,6108,2726871537,7.633,0.7666,0.6974,0.8358,0.5685,0.5685,TAO,0.4744,0.9413,0.0470
400,03478.wav,3477,1541444867,4.091,0.7666,0.7446,0.7885,0.6699,0.6699,TAO,0.6212,0.1732,0.0114
401,03705.wav,3704,1632377162,6.557,0.7666,0.6750,0.8581,0.5630,0.5630,TAO,0.5090,0.1961,0.0135
402,00899.wav,898,398569706,5.238,0.7664,0.6708,0.8619,0.6734,0.6708,TAO,0.4503,0.1760,0.0040
403,08381.wav,8380,3760237894,7.992,0.7662,0.7070,0.8255,0.6139,0.6139,TAO,0.5498,-0.8283,-0.0419
404,01738.wav,1737,780315788,4.617,0.7662,0.6937,0.8388,0.7034,0.6937,TAO,0.5106,0.1039,0.0018
405,03347.wav,3346,1471417383,8.590,0.7662,0.6950,0.8374,0.6830,0.6830,TAO,0.5489,-0.6601,-0.0288
406,01522.wav,1521,666302560,4.864,0.7662,0.7097,0.8226,0.6153,0.6153,TAO,0.6514,0.0522,0.0033
407,09033.wav,9032,4061748965,6.156,0.7661,0.7003,0.8320,0.6206,0.6206,TAO,0.4623,0.5266,0.0293
408,04971.wav,4970,2199691433,3.579,0.7661,0.7587,0.7736,0.5947,0.5947,TAO,0.4848,1.0956,0.0451
409,09002.wav,9001,4047322422,5.125,0.7661,0.7176,0.8146,0.5691,0.5691,TAO,0.4130,1.0011,0.0494
410,01301.wav,1300,578429998,2.982,0.7661,0.7041,0.8281,0.7445,0.7041,TAO,0.5710,0.7385,0.0222
411,00517.wav,516,222376815,5.007,0.7660,0.6811,0.8509,0.6692,0.6692,TAO,0.4980,0.1463,0.0053
412,04268.wav,4267,1891172486,7.800,0.7660,0.6801,0.8519,0.7302,0.6801,TAO,0.5706,0.3734,0.0006
413,07859.wav,7858,3543564175,7.718,0.7659,0.7102,0.8216,0.6809,0.6809,TAO,0.5460,-0.7950,-0.0308
414,06792.wav,6791,3033439979,3.698,0.7659,0.7094,0.8224,0.7385,0.7094,TAO,0.5045,0.4829,0.0106
415,04186.wav,4185,1856432615,7.241,0.7659,0.7224,0.8094,0.5686,0.5686,TAO,0.4207,0.7161,0.0445
416,00652.wav,651,278883304,7.224,0.7658,0.7193,0.8124,0.5177,0.5177,TAO,0.4019,1.0084,0.0491
417,00304.wav,303,131991266,6.065,0.7657,0.7136,0.8179,0.5221,0.5221,TAO,0.4358,1.0157,0.0499
418,04785.wav,4784,2126623735,5.077,0.7657,0.6844,0.8470,0.6108,0.6108,TAO,0.4714,0.3577,0.0192
419,04783.wav,4782,2126135972,4.039,0.7654,0.7193,0.8115,0.7134,0.7134,TAO,0.5982,0.6988,0.0336
420,02434.wav,2433,1072208806,5.977,0.7654,0.7570,0.7737,0.5981,0.5981,TAO,0.5134,1.0215,0.0548
421,06560.wav,6559,2929050930,3.953,0.7654,0.6964,0.8343,0.6694,0.6694,TAO,0.4917,0.8048,0.0318
422,04423.wav,4422,1957487315,9.724,0.7653,0.7010,0.8297,0.5753,0.5753,TAO,0.5327,0.5214,0.0161
423,02579.wav,2578,1131173561,4.969,0.7653,0.7491,0.7815,0.5173,0.5173,TAO,0.4269,0.7328,0.0458
424,07449.wav,7448,3349035395,4.399,0.7652,0.7066,0.8239,0.6810,0.6810,TAO,0.5991,0.4718,0.0093
425,01226.wav,1225,545516465,6.125,0.7652,0.6935,0.8369,0.7569,0.6935,TAO,0.6627,0.2273,0.0025
426,07935.wav,7934,3575374952,2.412,0.7651,0.7329,0.7974,0.6149,0.6149,TAO,0.5481,0.5367,0.0285
427,03627.wav,3626,1601252492,5.365,0.7651,0.6968,0.8334,0.6213,0.6213,TAO,0.4959,-0.6017,-0.0281
428,04666.wav,4665,2069226438,6.179,0.7650,0.7691,0.7608,0.6032,0.6032,TAO,0.3953,0.8617,0.0396
429,07465.wav,7464,3358734293,7.565,0.7650,0.7543,0.7757,0.6497,0.6497,TAO,0.5180,0.3729,0.0179
430,07294.wav,7293,3268423463,7.827,0.7649,0.7062,0.8237,0.5475,0.5475,TAO,0.4584,0.7437,0.0285
431,03688.wav,3687,1627942528,5.745,0.7649,0.7291,0.8007,0.6503,0.6503,TAO,0.5713,0.9649,0.0449
432,00378.wav,377,163695664,7.913,0.7649,0.7214,0.8083,0.5432,0.5432,TAO,0.5102,0.7105,0.0423
433,00305.wav,304,132479029,6.939,0.7649,0.7512,0.7785,0.5654,0.5654,TAO,0.4708,0.5436,0.0256
434,04874.wav,4873,2166668458,3.461,0.7648,0.7169,0.8127,0.6003,0.6003,TAO,0.5083,0.1791,0.0155
435,03579.wav,3578,1582870896,6.907,0.7646,0.7165,0.8128,0.6420,0.6420,TAO,0.5271,0.8287,0.0349
436,00044.wav,43,18445803,4.722,0.7646,0.7747,0.7544,0.5857,0.5857,TAO,0.4341,0.4184,0.0261
437,06936.wav,6935,3098610857,3.966,0.7646,0.7426,0.7865,0.5485,0.5485,LENT,0.4994,0.5165,0.0271
438,02561.wav,2560,1123592530,5.898,0.7645,0.7413,0.7877,0.5054,0.5054,TAO,0.4043,0.4768,0.0328
439,04332.wav,4331,1915442092,7.455,0.7645,0.7003,0.8286,0.5415,0.5415,TAO,0.4190,0.4810,0.0247
440,05485.wav,5484,2440522253,8.665,0.7643,0.7031,0.8256,0.6935,0.6935,TAO,0.5859,0.1429,0.0024
441,07558.wav,7557,3398833737,9.826,0.7642,0.6939,0.8345,0.6163,0.6163,TAO,0.5089,0.5968,0.0200
442,02406.wav,2405,1063052392,3.516,0.7640,0.7558,0.7723,0.6048,0.6048,TAO,0.5893,0.8413,0.0379
443,03739.wav,3738,1648838928,9.464,0.7639,0.7114,0.8164,0.6231,0.6231,TAO,0.6292,0.4573,0.0211
444,09423.wav,9422,4232562285,3.010,0.7638,0.6879,0.8397,0.6649,0.6649,TAO,0.6506,0.3897,0.0093
445,06184.wav,6183,2762646118,4.316,0.7638,0.7132,0.8144,0.6788,0.6788,TAO,0.5055,-0.6488,-0.0182
446,04827.wav,4826,2142911339,3.129,0.7638,0.6756,0.8519,0.6470,0.6470,TAO,0.5570,0.8315,0.0344
447,08238.wav,8237,3698435152,4.760,0.7636,0.7296,0.7976,0.5934,0.5934,TAO,0.4104,0.1267,0.0084
448,05004.wav,5003,2221449452,11.660,0.7635,0.7050,0.8221,0.7458,0.7050,TAO,0.5846,-0.6941,-0.0368
449,08154.wav,8153,3667034356,6.335,0.7634,0.7063,0.8206,0.5483,0.5483,TAO,0.4640,1.0879,0.0568
450,03173.wav,3172,1395293735,3.962,0.7634,0.7023,0.8244,0.6231,0.6231,TAO,0.5780,0.8469,0.0399
451,05386.wav,5385,2394466031,3.834,0.7632,0.7056,0.8207,0.6076,0.6076,TAO,0.5111,0.6719,0.0265
452,05273.wav,5272,2347350226,4.604,0.7630,0.7078,0.8182,0.6007,0.6007,TAO,0.5341,0.8872,0.0403
453,02039.wav,2038,908865001,3.034,0.7629,0.7112,0.8147,0.5570,0.5570,TAO,0.5352,0.8964,0.0432
454,04800.wav,4799,2133625485,8.771,0.7629,0.6968,0.8290,0.5756,0.5756,TAO,0.4337,0.2676,0.0172
455,05368.wav,5367,2385309617,9.053,0.7629,0.7159,0.8099,0.5189,0.5189,TAO,0.4010,0.6372,0.0396
456,07646.wav,7645,3439291504,8.641,0.7629,0.7193,0.8064,0.5817,0.5817,PAT,0.4746,0.4624,0.0193
457,00151.wav,150,66383084,7.007,0.7627,0.7255,0.8000,0.6539,0.6539,TAO,0.5656,0.6966,0.0324
458,05736.wav,5735,2553958274,7.343,0.7627,0.6809,0.8444,0.6233,0.6233,TAO,0.4263,0.4827,0.0228
459,02932.wav,2931,1298254760,6.585,0.7626,0.7094,0.8159,0.6611,0.6611,TAO,0.4632,0.4931,0.0259
460,07580.wav,7579,3413543884,4.412,0.7625,0.7127,0.8124,0.5496,0.5496,TAO,0.4934,1.2186,0.0570
461,07452.wav,7451,3350951177,4.689,0.7623,0.7140,0.8106,0.5971,0.5971,TAO,0.4671,0.8682,0.0466
462,04607.wav,4606,2040672342,7.554,0.7621,0.7682,0.7560,0.6142,0.6142,TAO,0.5594,0.4678,0.0293
463,06784.wav,6783,3027766805,3.094,0.7621,0.6774,0.8468,0.6872,0.6774,TAO,0.5827,0.1685,0.0035
464,03128.wav,3127,1373213516,6.542,0.7619,0.7103,0.8135,0.6571,0.6571,TAO,0.5793,0.8330,0.0288
465,08630.wav,8629,3883620294,5.176,0.7619,0.7061,0.8177,0.6555,0.6555,TAO,0.5141,0.9222,0.0342
466,04667.wav,4666,2069281159,7.002,0.7619,0.7159,0.8079,0.6171,0.6171,TAO,0.6855,0.1665,0.0095
467,00760.wav,759,328388043,5.584,0.7617,0.7403,0.7830,0.5510,0.5510,TAO,0.4856,0.7618,0.0411
468,02739.wav,2738,1209999151,7.281,0.7617,0.6999,0.8235,0.7352,0.6999,TAO,0.6624,0.7260,0.0217
469,08385.wav,8384,3762724757,5.044,0.7616,0.7473,0.7760,0.7265,0.7265,TAO,0.5150,0.4270,0.0152
470,05492.wav,5491,2443786609,6.678,0.7616,0.6825,0.8407,0.5568,0.5568,TAO,0.4400,0.6514,0.0322
471,03808.wav,3807,1685351816,6.295,0.7614,0.6904,0.8323,0.5979,0.5979,TAO,0.4494,-0.8725,-0.0399
472,00324.wav,323,141287119,7.578,0.7613,0.7116,0.8110,0.6466,0.6466,TAO,0.6372,0.7813,0.0306
473,08340.wav,8339,3738619314,3.907,0.7612,0.7151,0.8074,0.5423,0.5423,TAO,0.4003,0.4000,0.0240
474,03085.wav,3084,1356697029,3.676,0.7612,0.6843,0.8381,0.7196,0.6843,TAO,0.6301,0.2135,-0.0032
475,00991.wav,990,433234858,7.507,0.7612,0.7133,0.8091,0.6664,0.6664,TAO,0.5360,0.5122,0.0246
476,07730.wav,7729,3477878211,6.319,0.7612,0.7275,0.7949,0.5904,0.5904,TAO,0.5374,0.3571,0.0208
477,00772.wav,771,335738117,4.710,0.7612,0.7045,0.8179,0.6090,0.6090,TAO,0.6054,0.5382,0.0201
478,04055.wav,4054,1797711955,2.426,0.7611,0.7192,0.8030,0.6494,0.6494,TAO,0.5032,0.4234,0.0173
479,05029.wav,5028,2231012784,8.103,0.7611,0.7051,0.8171,0.6409,0.6409,TAO,0.4921,0.4786,0.0302
480,07651.wav,7650,3441043123,4.860,0.7610,0.7052,0.8167,0.6350,0.6350,TAO,0.6078,0.4241,0.0114
481,06886.wav,6885,3075220865,3.707,0.7609,0.6708,0.8509,0.6309,0.6309,TAO,0.5004,-0.7373,-0.0294
482,07531.wav,7530,3389786765,4.975,0.7608,0.7096,0.8119,0.5392,0.5392,TAO,0.4735,0.5136,0.0313
483,03338.wav,3337,1468903917,7.909,0.7606,0.7434,0.7779,0.5517,0.5517,TAO,0.4993,0.6698,0.0301
484,07385.wav,7384,3316176583,7.456,0.7606,0.6782,0.8429,0.5989,0.5989,TAO,0.4681,0.2410,0.0155
485,01555.wav,1554,684864269,4.267,0.7605,0.7159,0.8052,0.5881,0.5881,TAO,0.5980,0.5101,0.0289
486,03124.wav,3123,1371810221,4.583,0.7605,0.7059,0.8151,0.7014,0.7014,TAO,0.6476,0.8212,0.0316
487,06506.wav,6505,2903248589,8.210,0.7605,0.7005,0.8204,0.5915,0.5915,TAO,0.5057,0.7435,0.0348
488,05412.wav,5411,2409415060,7.821,0.7604,0.6879,0.8329,0.5154,0.5154,TAO,0.3664,0.6114,0.0340
489,09330.wav,9329,4192159239,6.694,0.7603,0.6995,0.8212,0.6550,0.6550,LENT,0.6962,0.3042,0.0091
490,05846.wav,5845,2603572455,6.082,0.7603,0.6796,0.8409,0.5994,0.5994,TAO,0.4903,0.5269,0.0330
491,03147.wav,3146,1380710954,7.336,0.7603,0.7132,0.8073,0.5587,0.5587,TAO,0.5322,1.1206,0.0511
492,00567.wav,566,244327594,5.079,0.7602,0.6954,0.8251,0.5754,0.5754,TAO,0.4706,0.6629,0.0306
493,01180.wav,1179,523087922,4.562,0.7602,0.6783,0.8420,0.6567,0.6567,TAO,0.6117,0.0632,-0.0015
494,08780.wav,8779,3949696241,4.462,0.7601,0.7194,0.8009,0.7567,0.7194,TAO,0.5929,0.5663,0.0176
495,08365.wav,8364,3753264741,8.461,0.7601,0.7129,0.8072,0.5424,0.5424,TAO,0.4278,0.5348,0.0362
496,03212.wav,3211,1409667115,3.093,0.7600,0.7097,0.8102,0.6240,0.6240,TAO,0.5117,0.2320,0.0124
497,08712.wav,8711,3916424385,5.060,0.7600,0.6849,0.8350,0.6703,0.6703,TAO,0.5670,-0.0675,-0.0083
498,01616.wav,1615,715862020,5.565,0.7599,0.7015,0.8182,0.5729,0.5729,TAO,0.4457,0.8521,0.0394
499,04291.wav,4290,1900687223,5.522,0.7598,0.6587,0.8610,0.6968,0.6587,TAO,0.5574,0.4408,0.0133
500,00977.wav,976,431373797,4.674,0.7597,0.7299,0.7895,0.5750,0.5750,TAO,0.4190,0.2499,0.0241
501,01077.wav,1076,473692625,4.928,0.7597,0.7101,0.8093,0.6774,0.6774,TAO,0.5939,0.5640,0.0208
502,00388.wav,387,165502004,5.253,0.7595,0.6937,0.8254,0.6194,0.6194,TAO,0.5205,0.3583,0.0041
503,06695.wav,6694,2985796301,5.402,0.7595,0.7181,0.8009,0.5632,0.5632,TAO,0.5415,1.0113,0.0492
504,09251.wav,9250,4160925127,4.951,0.7594,0.6975,0.8213,0.5993,0.5993,TAO,0.5138,-0.7272,-0.0374
505,04146.wav,4145,1834427115,6.097,0.7594,0.7299,0.7889,0.5291,0.5291,TAO,0.4240,0.8128,0.0469
506,07314.wav,7313,3278724029,4.497,0.7593,0.7198,0.7989,0.7029,0.7029,TAO,0.5594,-0.5452,-0.0193
507,06922.wav,6921,3090240071,4.213,0.7592,0.7076,0.8109,0.7412,0.7076,TAO,0.5443,0.4786,0.0154
508,07984.wav,7983,3595397198,6.804,0.7591,0.6962,0.8220,0.7603,0.6962,TAO,0.5510,-0.3413,-0.0227
509,09508.wav,9507,4265714700,4.856,0.7591,0.7452,0.7730,0.6125,0.6125,TAO,0.4972,0.4534,0.0292
510,01298.wav,1297,578245837,3.217,0.7591,0.7189,0.7993,0.6329,0.6329,TAO,0.5327,0.5116,0.0323
511,06572.wav,6571,2936127399,8.310,0.7591,0.6913,0.8268,0.5032,0.5032,TAO,0.4437,0.3890,0.0212
512,00384.wav,383,165164239,5.435,0.7590,0.7024,0.8157,0.6177,0.6177,TAO,0.5440,-0.5342,-0.0099
513,06074.wav,6073,2710422291,6.826,0.7589,0.6950,0.8228,0.6893,0.6893,TAO,0.4055,-0.5084,-0.0278
514,08064.wav,8063,3626576589,6.562,0.7589,0.7503,0.7674,0.5785,0.5785,TAO,0.5574,0.9958,0.0545
515,05857.wav,5856,2612295664,8.687,0.7589,0.7117,0.8061,0.5608,0.5608,TAO,0.4482,0.2022,0.0190
516,05013.wav,5012,2223468550,8.349,0.7588,0.6798,0.8377,0.5477,0.5477,TAO,0.4108,0.3896,0.0199
517,06612.wav,6611,2952514446,3.468,0.7587,0.7063,0.8111,0.6750,0.6750,TAO,0.4732,0.3543,0.0165
518,08139.wav,8138,3660301733,9.214,0.7587,0.6879,0.8294,0.5836,0.5836,TAO,0.5601,-0.1656,-0.0032
519,04266.wav,4265,1891043046,4.916,0.7587,0.7096,0.8077,0.7215,0.7096,TAO,0.6144,0.5148,0.0215
520,00367.wav,366,155823104,7.761,0.7586,0.6956,0.8217,0.5778,0.5778,TAO,0.6081,0.8493,0.0375
521,06179.wav,6178,2759620907,2.728,0.7585,0.7179,0.7992,0.6477,0.6477,TAO,0.4689,0.3808,0.0115
522,08627.wav,8626,3882216566,6.941,0.7585,0.7403,0.7767,0.5809,0.5809,TAO,0.5053,0.5666,0.0390
523,02527.wav,2526,1113014897,10.469,0.7585,0.7085,0.8086,0.5914,0.5914,TAO,0.4792,0.4249,0.0295
524,06268.wav,6267,2802646861,8.937,0.7585,0.6832,0.8338,0.6339,0.6339,TAO,0.4629,-0.7210,-0.0369
525,09118.wav,9117,4104177235,5.206,0.7584,0.7168,0.8000,0.7166,0.7166,TAO,0.5291,0.2095,-0.0008
526,04281.wav,4280,1896545121,10.031,0.7584,0.7074,0.8093,0.6454,0.6454,TAO,0.5831,-0.7072,-0.0259
527,08518.wav,8517,3828387660,8.844,0.7583,0.7398,0.7769,0.5449,0.5449,TAO,0.5984,0.8011,0.0482
528,02227.wav,2226,990009418,4.522,0.7583,0.6854,0.8312,0.5650,0.5650,TAO,0.4271,0.4144,0.0237
529,02029.wav,2028,903375988,3.063,0.7582,0.6944,0.8221,0.6147,0.6147,TAO,0.4954,0.4922,0.0214
530,06351.wav,6350,2837686150,9.633,0.7582,0.7001,0.8163,0.6471,0.6471,TAO,0.4552,-0.4406,-0.0164
531,06317.wav,6316,2822343054,5.168,0.7582,0.7025,0.8138,0.6468,0.6468,TAO,0.5617,0.2341,0.0091
532,05965.wav,5964,2658373447,9.973,0.7581,0.6738,0.8424,0.6911,0.6738,TAO,0.5833,-0.7453,-0.0378
533,09409.wav,9408,4225266932,5.170,0.7581,0.7118,0.8044,0.5007,0.5007,TAO,0.3902,0.8568,0.0452
534,03448.wav,3447,1525651809,5.740,0.7580,0.7094,0.8066,0.7260,0.7094,TAO,0.5169,-0.8339,-0.0421
535,08920.wav,8919,4013245487,2.724,0.7580,0.6866,0.8294,0.6948,0.6866,TAO,0.5977,0.3482,0.0109
536,04774.wav,4773,2122141803,4.245,0.7580,0.7033,0.8126,0.5977,0.5977,TAO,0.5472,-0.1827,-0.0059
537,00543.wav,542,229488007,2.320,0.7579,0.7269,0.7890,0.5599,0.5599,TAO,0.4646,0.2016,0.0130
538,05165.wav,5164,2297790766,5.025,0.7579,0.7492,0.7666,0.5800,0.5800,TAO,0.4976,0.3996,0.0189
539,02160.wav,2159,960524404,6.532,0.7579,0.7461,0.7696,0.5416,0.5416,TAO,0.4901,0.7503,0.0319
540,05372.wav,5371,2386931796,3.823,0.7578,0.7316,0.7840,0.6049,0.6049,TAO,0.4935,0.8712,0.0385
541,01878.wav,1877,837518925,4.444,0.7576,0.6959,0.8194,0.6607,0.6607,TAO,0.6733,0.5281,0.0183
542,00076.wav,75,34982288,4.410,0.7576,0.7215,0.7937,0.6127,0.6127,TAO,0.5475,0.6626,0.0346
543,07266.wav,7265,3259301772,4.639,0.7575,0.7093,0.8058,0.6247,0.6247,TAO,0.4900,0.4619,0.0254
544,04964.wav,4963,2197959812,3.999,0.7574,0.7094,0.8055,0.7596,0.7094,TAO,0.6527,0.7405,0.0309
545,06831.wav,6830,3051762806,3.745,0.7574,0.6837,0.8312,0.7276,0.6837,TAO,0.6648,-0.1357,-0.0124
546,04070.wav,4069,1802951600,5.634,0.7574,0.7258,0.7891,0.5301,0.5301,TAO,0.3884,0.5393,0.0287
547,01855.wav,1854,829984690,3.846,0.7572,0.6907,0.8237,0.6683,0.6683,LENT,0.4759,-0.2289,-0.0003
548,00230.wav,229,99241896,6.538,0.7572,0.6911,0.8232,0.5606,0.5606,TAO,0.5057,0.9634,0.0467
549,05304.wav,5303,2361368337,7.217,0.7571,0.7118,0.8024,0.5770,0.5770,TAO,0.4573,0.7368,0.0362
550,00988.wav,987,433050697,4.454,0.7570,0.7190,0.7949,0.6318,0.6318,TAO,0.5215,0.6718,0.0377
551,06152.wav,6151,2748603432,4.019,0.7570,0.7239,0.7900,0.6541,0.6541,TAO,0.5654,0.8422,0.0328
552,07869.wav,7868,3545835217,4.080,0.7569,0.7220,0.7918,0.5870,0.5870,TAO,0.4411,0.3700,0.0221
553,06533.wav,6532,2912514445,6.507,0.7567,0.7206,0.7927,0.4985,0.4985,TAO,0.3683,0.8752,0.0444
554,02084.wav,2083,925036227,8.064,0.7566,0.7194,0.7938,0.6407,0.6407,TAO,0.5542,-0.2920,-0.0144
555,01853.wav,1852,829765806,3.808,0.7565,0.6925,0.8206,0.6367,0.6367,TAO,0.4998,0.5772,0.0239
556,04474.wav,4473,1979438094,10.880,0.7565,0.7361,0.7770,0.5413,0.5413,TAO,0.5030,0.6640,0.0432
557,03378.wav,3377,1485716528,10.312,0.7565,0.6898,0.8233,0.6640,0.6640,TAO,0.4408,-0.4566,-0.0306
558,04980.wav,4979,2207399830,5.373,0.7565,0.7116,0.8013,0.5553,0.5553,TAO,0.4299,0.4108,0.0254
559,00572.wav,571,246300618,7.292,0.7564,0.6747,0.8382,0.5663,0.5663,TAO,0.3881,-0.6851,-0.0298
560,00576.wav,575,247591950,6.066,0.7564,0.6777,0.8350,0.6115,0.6115,TAO,0.5026,0.5172,0.0267
561,05382.wav,5381,2392714412,4.104,0.7563,0.6956,0.8171,0.6362,0.6362,TAO,0.4263,1.4264,0.0563
562,00796.wav,795,352254604,5.733,0.7563,0.6994,0.8132,0.6598,0.6598,TAO,0.6625,0.4740,0.0243
563,02530.wav,2529,1114711795,7.966,0.7563,0.7347,0.7778,0.5254,0.5254,TAO,0.4502,0.5863,0.0405
564,08089.wav,8088,3641177294,5.188,0.7563,0.7077,0.8048,0.7110,0.7077,TAO,0.6772,0.7785,0.0331
565,07860.wav,7859,3543735274,4.570,0.7562,0.7535,0.7589,0.6545,0.6545,TAO,0.5375,0.6256,0.0285
566,02566.wav,2565,1125258179,6.961,0.7562,0.6827,0.8298,0.6443,0.6443,TAO,0.5873,-0.7066,-0.0361
567,07241.wav,7240,3242785285,2.381,0.7561,0.7366,0.7756,0.6295,0.6295,TAO,0.4955,1.2116,0.0543
568,08584.wav,8583,3859679014,5.435,0.7559,0.7058,0.8060,0.5550,0.5550,TAO,0.4771,1.1395,0.0540
569,06153.wav,6152,2748712874,8.263,0.7559,0.7307,0.7811,0.5637,0.5637,TAO,0.4839,0.5518,0.0319
570,08084.wav,8083,3636404844,2.960,0.7559,0.7374,0.7743,0.5753,0.5753,TAO,0.5793,0.4858,0.0253
571,04190.wav,4189,1858368395,5.086,0.7558,0.6788,0.8328,0.6404,0.6404,TAO,0.5394,0.4737,0.0220
572,05105.wav,5104,2271166949,4.813,0.7558,0.6944,0.8171,0.5634,0.5634,TAO,0.4145,0.2602,0.0135
573,07941.wav,7940,3576723526,5.552,0.7558,0.6850,0.8265,0.6651,0.6651,TAO,0.5412,0.6022,0.0310
574,00735.wav,734,319744116,8.259,0.7557,0.6928,0.8186,0.6841,0.6841,TAO,0.5544,0.3085,0.0050
575,01199.wav,1198,530437996,6.095,0.7556,0.6970,0.8141,0.5440,0.5440,TAO,0.5266,0.7488,0.0408
576,05188.wav,5187,2308309723,9.785,0.7556,0.6825,0.8286,0.6724,0.6724,TAO,0.5380,-0.5579,-0.0200
577,01584.wav,1583,694747245,3.418,0.7555,0.6785,0.8325,0.6996,0.6785,TAO,0.7031,0.3931,0.0082
578,01059.wav,1058,462342951,10.420,0.7554,0.6649,0.8458,0.7726,0.6649,TAO,0.5943,-0.9183,-0.0491
579,05014.wav,5013,2223632713,9.559,0.7554,0.7271,0.7836,0.5009,0.5009,TAO,0.3766,1.0024,0.0537
580,05867.wav,5866,2620273103,5.259,0.7553,0.7139,0.7967,0.6476,0.6476,TAO,0.5313,0.5333,0.0094
581,03182.wav,3181,1397338957,2.622,0.7552,0.6981,0.8123,0.6460,0.6460,TAO,0.5201,0.4351,0.0180
582,01070.wav,1069,472070446,3.446,0.7552,0.7143,0.7961,0.5900,0.5900,TAO,0.4548,0.6901,0.0252
583,03106.wav,3105,1365918163,3.935,0.7551,0.6862,0.8240,0.6651,0.6651,TAO,0.5185,0.3893,0.0095
584,02380.wav,2379,1050984589,5.975,0.7550,0.6983,0.8118,0.5970,0.5970,TAO,0.4698,0.3134,0.0197
585,04650.wav,4649,2062224688,7.476,0.7549,0.7061,0.8037,0.5258,0.5258,TAO,0.3898,1.0263,0.0520
586,05951.wav,5950,2653261355,2.486,0.7548,0.7088,0.8008,0.6637,0.6637,TAO,0.4498,0.1109,-0.0000
587,01837.wav,1836,818580295,9.381,0.7548,0.6946,0.8150,0.7098,0.6946,TAO,0.5818,-0.5569,-0.0278
588,00372.wav,371,159092023,5.267,0.7546,0.7003,0.8090,0.5892,0.5892,TAO,0.5257,-0.1878,-0.0031
589,01617.wav,1616,715971462,9.436,0.7546,0.7096,0.7995,0.5685,0.5685,TAO,0.4860,0.8359,0.0374
590,06417.wav,6416,2864540914,3.300,0.7546,0.7063,0.8028,0.6194,0.6194,TAO,0.4797,-0.0034,0.0059
591,01246.wav,1245,554324555,5.237,0.7545,0.7061,0.8030,0.5878,0.5878,TAO,0.4940,0.2804,0.0179
592,06693.wav,6692,2985666861,2.937,0.7544,0.6994,0.8094,0.6010,0.6010,TAO,0.4255,0.2227,0.0148
593,02616.wav,2615,1145709546,5.512,0.7544,0.7310,0.7778,0.5249,0.5249,ANCIENT,0.5814,0.1827,0.0189
594,06948.wav,6947,3107159603,4.004,0.7544,0.7000,0.8088,0.6761,0.6761,TAO,0.5435,0.4220,0.0100
595,04248.wav,4247,1881886632,4.833,0.7544,0.6846,0.8242,0.6151,0.6151,TAO,0.4887,0.2187,0.0128
596,08922.wav,8921,4013811684,6.265,0.7544,0.6764,0.8324,0.6132,0.6132,TAO,0.5430,0.1484,0.0145
597,05902.wav,5901,2636560707,8.171,0.7544,0.6982,0.8106,0.5922,0.5922,TAO,0.5008,0.0347,0.0101
598,00122.wav,121,50215942,11.122,0.7543,0.6967,0.8120,0.6514,0.6514,TAO,0.4726,-0.2277,-0.0023
599,05397.wav,5396,2400597992,11.122,0.7543,0.6967,0.8119,0.6513,0.6513,TAO,0.4725,-0.2283,-0.0022
600,03162.wav,3161,1388291985,5.111,0.7543,0.6579,0.8507,0.6976,0.6579,TAO,0.5580,0.4741,0.0172
601,06110.wav,6109,2727000977,6.251,0.7543,0.7184,0.7901,0.6727,0.6727,TAO,0.5082,0.4133,0.0195
602,08065.wav,8064,3626686031,8.593,0.7542,0.6983,0.8101,0.4852,0.4852,TAO,0.4279,0.7384,0.0451
603,07369.wav,7368,3309045393,11.463,0.7542,0.6722,0.8362,0.7624,0.6722,TAO,0.5437,0.4796,0.0078
604,00718.wav,717,313145148,7.922,0.7542,0.6742,0.8342,0.6517,0.6517,TAO,0.5074,-0.3699,-0.0085
605,05177.wav,5176,2302513024,5.134,0.7542,0.7136,0.7948,0.7589,0.7136,TAO,0.5350,-0.6178,-0.0315
606,08748.wav,8747,3934931373,8.435,0.7541,0.6828,0.8253,0.5429,0.5429,TAO,0.4673,0.2685,0.0209
607,01589.wav,1588,699464974,6.299,0.7540,0.7044,0.8035,0.5634,0.5634,TAO,0.4335,0.5444,0.0325
608,08020.wav,8019,3610288985,9.548,0.7540,0.7677,0.7402,0.4999,0.4999,TAO,0.4308,0.9815,0.0603
609,01697.wav,1696,756265066,9.062,0.7539,0.7111,0.7967,0.5200,0.5200,TAO,0.5811,0.1699,0.0168
610,07708.wav,7707,3464745521,6.255,0.7538,0.6710,0.8366,0.5595,0.5595,TAO,0.5123,0.7140,0.0313
611,00107.wav,106,46527636,7.706,0.7538,0.6956,0.8119,0.5487,0.5487,TAO,0.4778,0.6701,0.0425
612,07579.wav,7578,3413489163,4.626,0.7537,0.6970,0.8105,0.5684,0.5684,TAO,0.5022,1.0501,0.0453
613,07755.wav,7754,3489911401,4.589,0.7537,0.6858,0.8215,0.6614,0.6614,TAO,0.5840,0.3097,0.0111
614,08720.wav,8719,3924023340,6.345,0.7537,0.7048,0.8025,0.6935,0.6935,TAO,0.5236,0.4536,0.0091
615,02868.wav,2867,1267072848,10.456,0.7535,0.7139,0.7932,0.5256,0.5256,TAO,0.3970,1.1704,0.0630
616,05594.wav,5593,2489972271,9.271,0.7535,0.6709,0.8360,0.6285,0.6285,TAO,0.6146,-0.2531,-0.0094
617,03420.wav,3419,1507907752,8.124,0.7534,0.6953,0.8115,0.6467,0.6467,TAO,0.4673,-0.2535,-0.0093
618,08180.wav,8179,3674439151,5.931,0.7534,0.6783,0.8285,0.7599,0.6783,TAO,0.6827,0.6073,0.0170
619,00685.wav,684,295877555,5.541,0.7534,0.7365,0.7703,0.5784,0.5784,TAO,0.4448,0.1074,0.0093
620,01177.wav,1176,521575185,4.750,0.7533,0.6720,0.8347,0.6658,0.6658,TAO,0.5582,0.5740,0.0171
621,07257.wav,7256,3252081138,5.596,0.7533,0.7457,0.7610,0.5655,0.5655,TAO,0.4915,0.3000,0.0184
622,01547.wav,1546,681415752,4.470,0.7533,0.7087,0.7979,0.5895,0.5895,TAO,0.4474,0.6780,0.0353
623,05591.wav,5590,2489808108,3.125,0.7533,0.6864,0.8203,0.6431,0.6431,TAO,0.5580,0.7984,0.0413
624,01810.wav,1809,811368260,2.811,0.7533,0.7186,0.7880,0.7413,0.7186,TAO,0.6389,0.3629,0.0157
625,03119.wav,3118,1371646058,7.996,0.7532,0.6880,0.8185,0.5385,0.5385,TAO,0.4213,0.5794,0.0277
626,03767.wav,3766,1663374913,6.718,0.7532,0.6741,0.8323,0.6004,0.6004,TAO,0.6451,-0.1856,-0.0031
627,01567.wav,1566,688839565,6.006,0.7531,0.7230,0.7831,0.6629,0.6629,TAO,0.5689,0.4467,0.0275
628,07917.wav,7916,3569592336,5.785,0.7531,0.7516,0.7546,0.4745,0.4745,TAO,0.4228,0.7324,0.0412
629,08050.wav,8049,3624586088,4.083,0.7531,0.6814,0.8247,0.7221,0.6814,TAO,0.5677,-0.0070,-0.0037
630,00236.wav,235,100829352,5.765,0.7530,0.6736,0.8325,0.6210,0.6210,TAO,0.5184,0.6353,0.0289
631,07181.wav,7180,3213539153,5.224,0.7529,0.7000,0.8058,0.5913,0.5913,TAO,0.4520,0.3631,0.0225
632,04162.wav,4161,1843344647,8.304,0.7529,0.7184,0.7874,0.6010,0.6010,TAO,0.6009,0.8810,0.0421
633,07812.wav,7811,3517987654,8.598,0.7528,0.6953,0.8103,0.5643,0.5643,TAO,0.3907,0.2504,0.0227
634,04830.wav,4829,2143130223,5.138,0.7527,0.6595,0.8460,0.6967,0.6595,TAO,0.5120,0.4638,0.0056
635,05488.wav,5487,2442089711,6.996,0.7527,0.6886,0.8168,0.5989,0.5989,TAO,0.5792,0.0205,0.0068
636,09120.wav,9119,4105931375,5.881,0.7527,0.6788,0.8266,0.6836,0.6788,TAO,0.5545,-0.5370,-0.0322
637,00283.wav,282,124586471,8.214,0.7527,0.6980,0.8073,0.5620,0.5620,ANCIENT,0.4630,0.3221,0.0217
638,02945.wav,2944,1300170542,7.810,0.7526,0.6855,0.8196,0.6004,0.6004,TAO,0.4317,0.7230,0.0317
639,05611.wav,5610,2496945424,8.555,0.7525,0.6796,0.8253,0.7104,0.6796,TAO,0.5701,-0.8728,-0.0458
640,00595.wav,594,253265124,7.535,0.7525,0.7378,0.7671,0.5027,0.5027,TAO,0.4313,0.3003,0.0273
641,03142.wav,3141,1379234034,2.763,0.7523,0.6794,0.8253,0.6138,0.6138,LENT,0.5174,0.2113,0.0129
642,09462.wav,9461,4249153491,8.610,0.7523,0.6806,0.8241,0.5603,0.5603,TAO,0.6116,-0.0747,0.0065
643,07073.wav,7072,3163559171,8.059,0.7522,0.6759,0.8286,0.7081,0.6759,TAO,0.5114,-0.3280,-0.0240
644,01277.wav,1276,569512466,4.464,0.7522,0.7250,0.7793,0.5425,0.5425,TAO,0.4510,1.0302,0.0453
645,02007.wav,2006,893970693,2.780,0.7522,0.7063,0.7980,0.5643,0.5643,TAO,0.5183,0.2713,0.0153
646,09001.wav,9000,4047267701,2.305,0.7521,0.6730,0.8312,0.6521,0.6521,TAO,0.5434,0.6380,0.0234
647,03183.wav,3182,1397373680,4.095,0.7521,0.6861,0.8181,0.6927,0.6861,TAO,0.6356,-0.0639,-0.0024
648,03741.wav,3740,1649112533,5.892,0.7521,0.7500,0.7541,0.5953,0.5953,TAO,0.5299,1.1158,0.0464
649,08771.wav,8770,3948019341,5.099,0.7520,0.6974,0.8065,0.5107,0.5107,TAO,0.3403,0.6685,0.0349
650,03254.wav,3253,1428336708,6.294,0.7520,0.7064,0.7976,0.5371,0.5371,TAO,0.3591,0.4283,0.0266
651,04375.wav,4374,1937631320,2.923,0.7518,0.7005,0.8031,0.6681,0.6681,TAO,0.6066,0.3646,0.0232
652,01860.wav,1859,831975191,3.205,0.7518,0.6714,0.8322,0.5987,0.5987,TAO,0.3993,0.8543,0.0420
653,09458.wav,9457,4247098270,6.813,0.7515,0.6654,0.8377,0.5602,0.5602,TAO,0.4890,-0.0730,0.0035
654,07354.wav,7353,3302247719,7.670,0.7515,0.7639,0.7391,0.5202,0.5202,TAO,0.4453,1.0351,0.0547
655,01536.wav,1535,675687857,4.960,0.7514,0.6711,0.8317,0.6160,0.6160,TAO,0.5614,0.6653,0.0229
656,01741.wav,1740,780425230,3.937,0.7514,0.7029,0.7999,0.5779,0.5779,TAO,0.4540,0.6495,0.0337
657,06462.wav,6461,2886493220,6.705,0.7513,0.6985,0.8042,0.7579,0.6985,TAO,0.6351,0.2244,0.0038
658,04416.wav,4415,1955790417,3.296,0.7513,0.7101,0.7924,0.5646,0.5646,TAO,0.4489,0.0963,0.0121
659,03284.wav,3283,1443449900,13.095,0.7512,0.7035,0.7989,0.6425,0.6425,TAO,0.7262,-0.4062,-0.0144
660,04330.wav,4329,1914984326,3.943,0.7512,0.6831,0.8193,0.6559,0.6559,TAO,0.5238,0.7691,0.0270
661,02048.wav,2047,912771284,6.979,0.7512,0.7264,0.7760,0.5966,0.5966,TAO,0.5639,0.9507,0.0408
662,07728.wav,7727,3477556011,8.135,0.7512,0.6868,0.8155,0.6749,0.6749,TAO,0.6098,-0.8419,-0.0432
663,04526.wav,4525,2010729448,5.789,0.7511,0.6730,0.8292,0.5839,0.5839,TAO,0.4235,0.0938,0.0198
664,00669.wav,668,288452762,6.010,0.7511,0.6824,0.8197,0.6821,0.6821,TAO,0.5557,0.5564,0.0137
665,06187.wav,6186,2763165541,7.729,0.7510,0.6640,0.8380,0.7275,0.6640,TAO,0.6072,-0.8775,-0.0481
666,07104.wav,7103,3180496180,3.437,0.7510,0.6932,0.8088,0.6875,0.6875,TAO,0.5517,0.2366,0.0111
667,00751.wav,750,326636424,8.599,0.7510,0.6982,0.8037,0.5391,0.5391,TAO,0.4294,0.5349,0.0363
668,05929.wav,5928,2649368134,8.479,0.7509,0.6867,0.8151,0.7071,0.6867,TAO,0.5856,0.0226,-0.0052
669,00510.wav,509,220570475,4.225,0.7509,0.7117,0.7900,0.6323,0.6323,TAO,0.4714,0.5840,0.0229
670,01341.wav,1340,595021204,3.997,0.7508,0.6777,0.8239,0.7084,0.6777,TAO,0.4996,0.0492,-0.0040
671,01721.wav,1720,765476201,6.321,0.7507,0.6907,0.8107,0.5117,0.5117,TAO,0.4090,0.5671,0.0311
672,08613.wav,8612,3876140780,7.591,0.7504,0.7456,0.7552,0.4914,0.4914,TAO,0.3893,1.2881,0.0656
673,08478.wav,8477,3809797354,10.516,0.7503,0.6539,0.8467,0.6713,0.6539,TAO,0.5058,-1.1591,-0.0571
674,05829.wav,5828,2596331823,7.148,0.7501,0.6781,0.8221,0.5907,0.5907,TAO,0.4421,0.4507,0.0226
675,07903.wav,7902,3567785996,6.840,0.7500,0.6849,0.8152,0.5920,0.5920,TAO,0.5996,0.3351,0.0126
676,02409.wav,2408,1064729292,3.940,0.7500,0.6761,0.8239,0.6394,0.6394,TAO,0.4406,0.3358,0.0156
677,06068.wav,6067,2708439268,6.609,0.7500,0.6752,0.8248,0.5622,0.5622,TAO,0.4055,0.0648,-0.0039
678,02607.wav,2606,1143635727,10.681,0.7500,0.6869,0.8131,0.6638,0.6638,TAO,0.5566,-0.4004,-0.0246
679,09348.wav,9347,4201216210,6.994,0.7499,0.7269,0.7730,0.5183,0.5183,TAO,0.5002,1.0104,0.0452
680,05767.wav,5766,2570604201,5.340,0.7499,0.7321,0.7678,0.5502,0.5502,TAO,0.5087,0.9128,0.0554
681,05143.wav,5142,2289838100,4.001,0.7499,0.6952,0.8045,0.7498,0.6952,TAO,0.5112,0.6948,0.0308
682,03695.wav,3694,1630331940,5.378,0.7499,0.6829,0.8169,0.6990,0.6829,TAO,0.6216,0.4179,0.0111
683,07090.wav,7089,3170926722,4.125,0.7498,0.6711,0.8285,0.6679,0.6679,TAO,0.5323,0.2554,0.0111
684,04279.wav,4278,1895591735,5.689,0.7498,0.6843,0.8153,0.5655,0.5655,TAO,0.4366,-0.1411,-0.0018
685,02271.wav,2270,1008332245,9.173,0.7498,0.7476,0.7519,0.4482,0.4482,TAO,0.3527,0.8817,0.0563
686,06333.wav,6332,2831315307,4.824,0.7497,0.7342,0.7651,0.5998,0.5998,TAO,0.6578,0.3115,0.0161
687,07270.wav,7269,3261217554,6.239,0.7497,0.7079,0.7914,0.5998,0.5998,TAO,0.4818,0.9638,0.0407
688,06006.wav,6005,2675212134,5.217,0.7497,0.6957,0.8036,0.5670,0.5670,TAO,0.4400,0.6844,0.0426
689,09383.wav,9382,4215594158,10.206,0.7496,0.6870,0.8122,0.7171,0.6870,TAO,0.5497,-0.6997,-0.0397
690,09506.wav,9505,4265441095,5.561,0.7496,0.7089,0.7902,0.5880,0.5880,TAO,0.4055,0.4862,0.0312
691,05955.wav,5954,2655012974,3.617,0.7495,0.6971,0.8020,0.5397,0.5397,TAO,0.4274,1.2378,0.0528
692,09181.wav,9180,4128066315,9.137,0.7495,0.6785,0.8206,0.6257,0.6257,TAO,0.4983,-0.4669,-0.0270
693,05409.wav,5408,2406739468,2.854,0.7495,0.6508,0.8481,0.6294,0.6294,TAO,0.5113,0.2071,0.0135
694,03359.wav,3358,1477950889,6.115,0.7494,0.6722,0.8267,0.5725,0.5725,TAO,0.5433,0.6066,0.0344
695,07871.wav,7870,3546740651,5.986,0.7494,0.7137,0.7851,0.5059,0.5059,TAO,0.4813,0.6368,0.0402
696,04942.wav,4941,2192231917,7.081,0.7494,0.6991,0.7996,0.5317,0.5317,TAO,0.4242,0.3035,0.0269
697,00161.wav,160,69702161,5.282,0.7493,0.7119,0.7867,0.6329,0.6329,TAO,0.4235,0.7640,0.0275
698,03261.wav,3260,1430361932,3.525,0.7493,0.6756,0.8230,0.7434,0.6756,TAO,0.5591,0.8520,0.0205
699,03236.wav,3235,1421150797,3.658,0.7493,0.7028,0.7958,0.5235,0.5235,TAO,0.4635,0.9227,0.0397
700,02983.wav,2982,1320752107,5.964,0.7492,0.6928,0.8056,0.7515,0.6928,TAO,0.5307,-0.1344,-0.0023
701,08566.wav,8565,3852144779,4.390,0.7492,0.7398,0.7585,0.5239,0.5239,TAO,0.4836,1.1745,0.0633
702,05055.wav,5054,2244309204,2.542,0.7492,0.7211,0.7772,0.6279,0.6279,TAO,0.4227,0.3374,0.0182
703,04618.wav,4617,2045285158,6.120,0.7491,0.6728,0.8255,0.5581,0.5581,TAO,0.4371,0.6706,0.0322
704,04424.wav,4423,1957542036,8.140,0.7491,0.7260,0.7722,0.5040,0.5040,TAO,0.4394,0.7428,0.0370
705,05905.wav,5904,2638780091,6.557,0.7491,0.7469,0.7512,0.5842,0.5842,TAO,0.5285,0.8662,0.0501
706,00932.wav,931,411966250,7.118,0.7490,0.6851,0.8130,0.6790,0.6790,TAO,0.4949,-0.5081,-0.0239
707,02198.wav,2197,975254549,7.106,0.7488,0.6987,0.7989,0.4846,0.4846,TAO,0.3811,0.6491,0.0395
708,04937.wav,4936,2190903341,7.613,0.7488,0.6885,0.8090,0.5379,0.5379,TAO,0.4270,0.3775,0.0213
709,00513.wav,512,221455847,9.854,0.7487,0.6827,0.8148,0.6904,0.6827,TAO,0.6273,-0.2119,-0.0079
710,01196.wav,1195,529109420,6.516,0.7485,0.7132,0.7838,0.6534,0.6534,TAO,0.5460,0.4710,0.0247
711,09486.wav,9485,4258312426,9.614,0.7485,0.6862,0.8107,0.8123,0.6862,TAO,0.5985,-0.7449,-0.0397
712,00229.wav,228,99132454,4.196,0.7484,0.7070,0.7899,0.7411,0.7070,TAO,0.5647,0.1782,0.0038
713,01322.wav,1321,585780072,7.048,0.7484,0.7176,0.7792,0.6089,0.6089,TAO,0.5399,0.3707,0.0149
714,08912.wav,8911,4011779524,5.894,0.7483,0.6796,0.8169,0.6997,0.6796,TAO,0.6374,0.0244,0.0005
715,05252.wav,5251,2339051757,10.341,0.7482,0.6777,0.8188,0.6895,0.6777,TAO,0.4875,-0.7379,-0.0432
716,06976.wav,6975,3116042412,5.262,0.7481,0.6913,0.8049,0.6563,0.6563,TAO,0.4862,0.1904,0.0155
717,09050.wav,9049,4071208981,5.934,0.7481,0.6704,0.8258,0.6593,0.6593,TAO,0.5966,0.1661,-0.0030
718,04543.wav,4542,2017689539,4.377,0.7480,0.7019,0.7942,0.6577,0.6577,TAO,0.5762,-0.2398,-0.0119
719,08179.wav,8178,3674384430,4.570,0.7480,0.6956,0.8004,0.7034,0.6956,TAO,0.5600,0.0034,-0.0018
720,00401.wav,400,172635715,8.470,0.7480,0.6534,0.8426,0.6609,0.6534,TAO,0.5272,-0.7215,-0.0422
721,04676.wav,4675,2072470533,5.929,0.7478,0.6714,0.8241,0.6186,0.6186,TAO,0.4806,-0.2204,0.0017
722,05490.wav,5489,2442298718,2.558,0.7477,0.6641,0.8313,0.7319,0.6641,TAO,0.6978,-0.0227,-0.0059
723,05500.wav,5499,2447385964,8.291,0.7477,0.6783,0.8170,0.6943,0.6783,TAO,0.5872,-0.8667,-0.0438
724,01557.wav,1556,684971076,6.126,0.7477,0.7183,0.7771,0.5494,0.5494,TAO,0.4476,0.2611,0.0193
725,03161.wav,3160,1388237264,3.351,0.7476,0.7139,0.7814,0.5091,0.5091,TAO,0.4001,0.6493,0.0335
726,08596.wav,8595,3864455844,4.098,0.7476,0.6855,0.8098,0.5876,0.5876,TAO,0.4169,0.1551,0.0137
727,02842.wav,2841,1252014377,7.141,0.7476,0.6858,0.8095,0.6152,0.6152,TAO,0.4651,0.2019,0.0113
728,07609.wav,7608,3422884459,9.594,0.7476,0.6695,0.8257,0.7477,0.6695,TAO,0.6061,-0.0491,-0.0149
729,04488.wav,4487,1988485066,6.948,0.7476,0.7097,0.7854,0.5123,0.5123,TAO,0.4962,0.0789,0.0131
730,04501.wav,4500,1994979434,8.096,0.7476,0.7198,0.7754,0.6069,0.6069,TAO,0.5913,-0.0762,0.0014
731,08345.wav,8344,3740644538,4.691,0.7476,0.6938,0.8013,0.5727,0.5727,TAO,0.4726,0.6792,0.0337
732,02064.wav,2063,918041413,5.318,0.7475,0.7326,0.7625,0.5511,0.5511,TAO,0.4474,0.9267,0.0517
733,09431.wav,9430,4234184464,2.337,0.7475,0.7371,0.7580,0.6515,0.6515,TAO,0.5276,0.9203,0.0395
734,05536.wav,5535,2465812107,8.239,0.7474,0.7476,0.7473,0.5084,0.5084,TAO,0.3413,0.9693,0.0538
735,07867.wav,7866,3545541614,4.188,0.7474,0.7368,0.7580,0.5994,0.5994,TAO,0.6019,1.2699,0.0605
736,05349.wav,5348,2375959043,11.343,0.7472,0.6779,0.8165,0.6883,0.6779,LENT,0.6993,0.2315,0.0081
737,00834.wav,833,367387794,5.056,0.7472,0.6726,0.8218,0.6170,0.6170,TAO,0.4779,0.9709,0.0425
738,02097.wav,2096,934667342,9.655,0.7472,0.7125,0.7819,0.5188,0.5188,TAO,0.4601,0.9578,0.0535
739,03829.wav,3828,1696701490,5.613,0.7471,0.7097,0.7846,0.5418,0.5418,ANCIENT,0.4545,0.3473,0.0262
740,04549.wav,4548,2019612257,4.146,0.7470,0.7233,0.7707,0.6027,0.6027,TAO,0.4609,0.7440,0.0402
741,05958.wav,5957,2656941891,5.469,0.7470,0.7248,0.7692,0.5107,0.5107,TAO,0.4038,1.4628,0.0668
742,02890.wav,2889,1275955657,6.938,0.7470,0.6562,0.8378,0.5848,0.5848,TAO,0.4135,0.0581,0.0019
743,05828.wav,5827,2596277102,5.911,0.7469,0.6827,0.8112,0.7240,0.6827,TAO,0.5742,0.6565,0.0194
744,09049.wav,9048,4068927940,5.569,0.7469,0.7020,0.7919,0.6695,0.6695,TAO,0.5712,-0.0245,-0.0035
745,01886.wav,1885,842056873,4.041,0.7469,0.6707,0.8232,0.6914,0.6707,TAO,0.5252,-0.3168,-0.0116
746,03239.wav,3238,1421499121,3.289,0.7468,0.7112,0.7825,0.6527,0.6527,TAO,0.5364,0.7429,0.0268
747,04194.wav,4193,1860045295,8.066,0.7468,0.6803,0.8132,0.5184,0.5184,TAO,0.4858,0.4038,0.0215
748,07269.wav,7268,3261108112,7.963,0.7468,0.7265,0.7671,0.4881,0.4881,TAO,0.5013,0.7793,0.0467
749,04025.wav,4024,1784470736,8.563,0.7467,0.6810,0.8124,0.6978,0.6810,TAO,0.6188,-0.8600,-0.0452
750,07383.wav,7382,3315992422,7.026,0.7467,0.6849,0.8085,0.5502,0.5502,TAO,0.3141,0.2342,0.0121
751,08692.wav,8691,3909422635,5.397,0.7466,0.6671,0.8260,0.5771,0.5771,TAO,0.4511,0.4636,0.0205
752,02997.wav,2996,1323654056,8.474,0.7466,0.6883,0.8048,0.6448,0.6448,TAO,0.6176,0.3172,0.0236
753,04689.wav,4688,2084120746,5.226,0.7465,0.6959,0.7971,0.5954,0.5954,LENT,0.4617,0.7686,0.0333
754,00855.wav,854,376544208,5.660,0.7465,0.6719,0.8211,0.7314,0.6719,TAO,0.5406,0.3025,0.0074
755,05741.wav,5740,2555928777,6.031,0.7465,0.7140,0.7790,0.5162,0.5162,TAO,0.4639,1.1521,0.0624
756,01700.wav,1699,756613390,5.343,0.7465,0.6839,0.8090,0.6402,0.6402,TAO,0.4597,0.0693,0.0074
757,09388.wav,9387,4216169323,10.285,0.7464,0.7054,0.7874,0.6712,0.6712,TAO,0.5878,-0.5160,-0.0191
758,06502.wav,6501,2902954986,5.959,0.7464,0.6942,0.7986,0.5862,0.5862,TAO,0.5366,0.9539,0.0400
759,04889.wav,4888,2171760552,7.817,0.7464,0.6672,0.8256,0.6625,0.6625,TAO,0.5619,-0.6437,-0.0355
760,00673.wav,672,291552288,4.130,0.7464,0.6887,0.8041,0.6817,0.6817,TAO,0.6090,0.0131,0.0014
761,05005.wav,5004,2221716931,4.906,0.7463,0.6848,0.8078,0.4979,0.4979,TAO,0.3528,0.2974,0.0230
762,04738.wav,4737,2104068273,7.782,0.7461,0.6836,0.8086,0.6410,0.6410,TAO,0.5321,-0.7445,-0.0391
763,04126.wav,4125,1827002322,7.885,0.7460,0.6934,0.7986,0.5714,0.5714,TAO,0.4716,0.6893,0.0397
764,07029.wav,7028,3140093134,3.472,0.7460,0.7177,0.7743,0.5944,0.5944,TAO,0.5740,0.6781,0.0361
765,09035.wav,9034,4061913128,5.542,0.7460,0.6932,0.7988,0.6003,0.6003,TAO,0.4469,0.9986,0.0505
766,06697.wav,6696,2985960464,3.194,0.7459,0.6873,0.8045,0.6424,0.6424,TAO,0.4500,-0.0924,0.0031
767,02470.wav,2469,1090770515,6.257,0.7459,0.6958,0.7960,0.5550,0.5550,TAO,0.4613,0.2038,0.0174
768,07776.wav,7775,3499787331,5.623,0.7458,0.6833,0.8084,0.7082,0.6833,TAO,0.5989,-0.3935,-0.0126
769,07478.wav,7477,3365790764,7.411,0.7458,0.6883,0.8033,0.5531,0.5531,TAO,0.4221,0.4548,0.0172
770,05380.wav,5379,2392475530,4.703,0.7458,0.6660,0.8255,0.5852,0.5852,TAO,0.5009,0.7056,0.0269
771,04267.wav,4266,1891097767,6.311,0.7458,0.7118,0.7797,0.5095,0.5095,TAO,0.3873,0.5782,0.0366
772,04736.wav,4735,2102737176,5.079,0.7457,0.6754,0.8160,0.7064,0.6754,TAO,0.6530,0.7634,0.0240
773,01821.wav,1820,813304040,5.625,0.7456,0.6983,0.7930,0.5769,0.5769,TAO,0.5242,0.4124,0.0250
774,02378.wav,2377,1049780000,4.238,0.7456,0.6565,0.8347,0.7208,0.6565,TAO,0.6412,-0.1899,-0.0078
775,08847.wav,8846,3982978096,6.256,0.7455,0.6801,0.8109,0.6149,0.6149,TAO,0.6105,-0.1923,0.0022
776,09485.wav,9484,4258309905,3.984,0.7455,0.6820,0.8089,0.5993,0.5993,TAO,0.4824,0.1270,0.0094
777,03965.wav,3964,1753446861,2.879,0.7453,0.6888,0.8018,0.6770,0.6770,TAO,0.5082,0.3326,0.0123
778,00290.wav,289,126520177,7.553,0.7452,0.7423,0.7482,0.5218,0.5218,TAO,0.4817,0.7690,0.0436
779,09079.wav,9078,4085293326,7.824,0.7451,0.6732,0.8171,0.6555,0.6555,TAO,0.5453,-0.7162,-0.0383
780,00715.wav,714,309553740,2.652,0.7451,0.7137,0.7766,0.5750,0.5750,TAO,0.5132,1.4224,0.0654
781,05731.wav,5730,2552274438,10.754,0.7451,0.6831,0.8071,0.7106,0.6831,TAO,0.6465,-0.5186,-0.0217
782,03948.wav,3947,1746390390,5.437,0.7451,0.7122,0.7779,0.5366,0.5366,TAO,0.4804,0.6256,0.0375
783,09068.wav,9067,4080365395,3.900,0.7450,0.6516,0.8384,0.7012,0.6516,TAO,0.5346,0.4081,0.0088
784,05139.wav,5138,2288086481,6.831,0.7450,0.7408,0.7491,0.5665,0.5665,TAO,0.5340,1.4932,0.0778
785,08322.wav,8321,3729391244,6.099,0.7449,0.6827,0.8071,0.6578,0.6578,TAO,0.5916,-0.0045,-0.0045
786,01670.wav,1669,739748579,3.425,0.7449,0.6551,0.8347,0.5596,0.5596,TAO,0.5307,0.4520,0.0219
787,02103.wav,2102,936418961,3.537,0.7449,0.7155,0.7743,0.5314,0.5314,TAO,0.4118,0.4298,0.0190
788,04320.wav,4319,1912897445,8.452,0.7448,0.6613,0.8283,0.6893,0.6613,TAO,0.5989,-0.1886,-0.0073
789,09281.wav,9280,4177329651,6.676,0.7448,0.6710,0.8186,0.5512,0.5512,TAO,0.4985,0.4634,0.0262
790,01686.wav,1685,747511697,5.896,0.7448,0.6734,0.8162,0.6050,0.6050,TAO,0.5321,0.6825,0.0321
791,01699.wav,1698,756503948,5.623,0.7448,0.6984,0.7912,0.6636,0.6636,TAO,0.5867,0.7284,0.0257
792,07613.wav,7612,3424342475,4.750,0.7448,0.6704,0.8192,0.7434,0.6704,TAO,0.6862,0.7347,0.0242
793,00350.wav,349,148821354,5.950,0.7447,0.7181,0.7714,0.5517,0.5517,TAO,0.5101,0.4025,0.0201
794,04077.wav,4076,1806550955,9.037,0.7447,0.6683,0.8211,0.7153,0.6683,TAO,0.5617,-0.9439,-0.0485
795,05176.wav,5175,2302458303,6.681,0.7447,0.7192,0.7702,0.6152,0.6152,TAO,0.5647,0.5995,0.0278
796,05614.wav,5613,2497158182,8.602,0.7447,0.6937,0.7956,0.5418,0.5418,TAO,0.4487,0.9793,0.0552
797,04977.wav,4976,2207180946,8.145,0.7446,0.7045,0.7847,0.5713,0.5713,TAO,0.5327,0.6363,0.0292
798,07220.wav,7219,3235196329,3.572,0.7446,0.7045,0.7847,0.7019,0.7019,TAO,0.6312,0.1877,0.0102
799,06852.wav,6851,3059406483,5.108,0.7446,0.6983,0.7909,0.5824,0.5824,TAO,0.4469,0.8486,0.0468
800,07328.wav,7327,3287094614,3.691,0.7446,0.7200,0.7692,0.5862,0.5862,PAT,0.4500,0.3619,0.0218
801,02355.wav,2354,1043599989,7.275,0.7445,0.7054,0.7836,0.5534,0.5534,TAO,0.6245,0.7595,0.0422
802,01041.wav,1040,457121417,2.062,0.7445,0.6832,0.8057,0.7570,0.6832,TAO,0.5250,0.6495,0.0134
803,07644.wav,7643,3439107343,4.082,0.7444,0.7184,0.7705,0.5741,0.5741,TAO,0.4323,0.9246,0.0398
804,04605.wav,4604,2038283408,3.719,0.7443,0.7366,0.7519,0.5307,0.5307,TAO,0.3758,0.7018,0.0439
805,02417.wav,2416,1066719793,4.800,0.7442,0.6649,0.8235,0.6064,0.6064,ANCIENT,0.6625,-0.0833,0.0015
806,04896.wav,4895,2174073253,10.989,0.7442,0.7434,0.7450,0.4656,0.4656,TAO,0.3127,0.6593,0.0466
807,00434.wav,433,188985518,5.799,0.7442,0.6833,0.8051,0.6122,0.6122,TAO,0.6558,0.3685,0.0150
808,01614.wav,1613,715350544,2.753,0.7441,0.7081,0.7801,0.6258,0.6258,TAO,0.4025,0.0605,0.0148
809,07436.wav,7435,3343601103,5.019,0.7439,0.6984,0.7895,0.5280,0.5280,TAO,0.4948,0.8840,0.0493
810,00034.wav,33,16597804,7.160,0.7439,0.6802,0.8076,0.6596,0.6596,TAO,0.6560,-0.0788,-0.0021
811,07341.wav,7340,3294041643,3.971,0.7437,0.6778,0.8097,0.6065,0.6065,TAO,0.4979,0.2357,0.0143
812,01459.wav,1458,644580664,9.172,0.7437,0.7028,0.7846,0.5064,0.5064,TAO,0.4056,0.7534,0.0433
813,04887.wav,4886,2171701263,6.555,0.7437,0.6741,0.8132,0.5459,0.5459,TAO,0.5131,-0.0069,0.0138
814,01101.wav,1100,482757521,3.457,0.7436,0.6811,0.8062,0.7102,0.6811,TAO,0.6187,0.4039,0.0133
815,02701.wav,2700,1193517387,7.942,0.7436,0.6819,0.8052,0.5278,0.5278,ANCIENT,0.4768,0.6738,0.0390
816,08659.wav,8658,3900266221,4.388,0.7435,0.7198,0.7672,0.5461,0.5461,TAO,0.3751,0.8257,0.0408
817,06164.wav,6163,2750922259,4.612,0.7435,0.6866,0.8004,0.5445,0.5445,TAO,0.4609,1.0129,0.0503
818,07231.wav,7230,3237535154,3.944,0.7434,0.6921,0.7947,0.5206,0.5206,TAO,0.3584,0.3713,0.0290
819,02980.wav,2979,1317647120,4.548,0.7434,0.7036,0.7831,0.6591,0.6591,TAO,0.5777,0.3149,0.0183
820,04027.wav,4026,1784628773,6.057,0.7433,0.6651,0.8215,0.5649,0.5649,TAO,0.5375,0.5946,0.0344
821,01565.wav,1564,688614725,6.865,0.7433,0.6791,0.8074,0.7181,0.6791,TAO,0.6478,-0.2102,-0.0147
822,03484.wav,3483,1544449879,5.754,0.7432,0.6866,0.7999,0.5696,0.5696,TAO,0.4262,0.3618,0.0233
823,01063.wav,1062,464829814,7.067,0.7431,0.6985,0.7877,0.6325,0.6325,TAO,0.6132,0.3098,0.0092
824,07272.wav,7271,3261292273,3.909,0.7431,0.6878,0.7983,0.5570,0.5570,PAT,0.3863,0.9501,0.0450
825,03633.wav,3632,1604836264,9.287,0.7430,0.6885,0.7975,0.6204,0.6204,TAO,0.5774,-0.5261,-0.0175
826,01242.wav,1241,552921260,7.376,0.7430,0.7525,0.7334,0.5305,0.5305,TAO,0.4569,0.6095,0.0369
827,01056.wav,1055,462154222,2.983,0.7430,0.7222,0.7638,0.5969,0.5969,TAO,0.4487,0.6106,0.0299
828,07527.wav,7526,3389602604,4.841,0.7430,0.7084,0.7775,0.5567,0.5567,TAO,0.5159,1.0416,0.0580
829,02807.wav,2806,1238577822,6.653,0.7430,0.6611,0.8248,0.7067,0.6611,TAO,0.5498,-0.4027,-0.0158
830,02236.wav,2235,991761037,6.391,0.7430,0.6790,0.8069,0.5443,0.5443,TAO,0.4979,0.8328,0.0410
831,05971.wav,5970,2659229153,7.285,0.7427,0.6813,0.8041,0.6383,0.6383,TAO,0.4402,0.0492,0.0058
832,00245.wav,244,108592470,8.159,0.7427,0.6784,0.8070,0.5031,0.5031,TAO,0.4213,0.5171,0.0385
833,08942.wav,8941,4023216979,3.571,0.7426,0.6893,0.7959,0.5611,0.5611,TAO,0.4080,0.4756,0.0294
834,08271.wav,8270,3711527204,5.613,0.7426,0.7103,0.7748,0.5748,0.5748,TAO,0.4936,-0.1790,-0.0029
835,02838.wav,2837,1250337477,8.185,0.7425,0.6897,0.7954,0.5574,0.5574,TAO,0.6143,0.2590,0.0200
836,03991.wav,3990,1765904459,4.256,0.7425,0.6838,0.8012,0.5522,0.5522,TAO,0.4686,1.5027,0.0721
837,07370.wav,7369,3309174833,6.803,0.7425,0.6523,0.8327,0.5421,0.5421,TAO,0.3836,0.4045,0.0193
838,07868.wav,7867,3545651056,6.783,0.7425,0.7230,0.7620,0.5062,0.5062,PAT,0.3870,0.9739,0.0483
839,02639.wav,2638,1162116591,5.117,0.7425,0.7069,0.7780,0.5440,0.5440,TAO,0.5515,0.1932,0.0156
840,01003.wav,1002,440888534,4.495,0.7424,0.6760,0.8088,0.6084,0.6084,TAO,0.5719,0.6286,0.0255
841,01564.wav,1563,688279463,9.314,0.7424,0.6620,0.8229,0.7262,0.6620,TAO,0.6165,-0.7418,-0.0407
842,02397.wav,2396,1057782263,5.470,0.7423,0.6803,0.8043,0.6678,0.6678,TAO,0.5425,0.1613,-0.0011
843,04172.wav,4171,1851127763,4.473,0.7423,0.7080,0.7766,0.6057,0.6057,TAO,0.4993,0.8452,0.0411
844,05526.wav,5525,2457775848,4.871,0.7423,0.6736,0.8109,0.5749,0.5749,TAO,0.5429,0.3662,0.0195
845,06339.wav,6338,2831663631,4.614,0.7422,0.6627,0.8218,0.7801,0.6627,TAO,0.6225,0.2515,0.0036
846,07993.wav,7992,3598906251,11.232,0.7422,0.6893,0.7951,0.7056,0.6893,TAO,0.6397,-0.1641,-0.0090
847,00454.wav,453,196122834,6.636,0.7422,0.6714,0.8130,0.6421,0.6421,TAO,0.5525,-0.6324,-0.0371
848,07832.wav,7831,3525870213,5.187,0.7422,0.6909,0.7935,0.6671,0.6671,TAO,0.5243,-0.2841,-0.0106
849,08062.wav,8061,3626447149,6.448,0.7422,0.7053,0.7791,0.5256,0.5256,LENT,0.5729,0.3699,0.0233
850,06018.wav,6017,2679008975,5.090,0.7422,0.6416,0.8427,0.5615,0.5615,TAO,0.5153,0.2538,0.0159
851,07004.wav,7003,3130916722,7.738,0.7420,0.6950,0.7890,0.6013,0.6013,TAO,0.5712,0.9295,0.0464
852,04091.wav,4090,1810301674,4.273,0.7420,0.6500,0.8339,0.5747,0.5747,TAO,0.4178,0.1377,0.0098
853,02619.wav,2618,1147461165,4.961,0.7419,0.7309,0.7529,0.6128,0.6128,TAO,0.4729,0.4235,0.0175
854,08324.wav,8323,3729616084,6.930,0.7417,0.7360,0.7474,0.4644,0.4644,TAO,0.4672,0.7602,0.0485
855,08485.wav,8484,3811085545,7.241,0.7417,0.6679,0.8155,0.5748,0.5748,TAO,0.5582,0.3167,0.0222
856,09006.wav,9005,4049934589,5.897,0.7416,0.7063,0.7770,0.6025,0.6025,TAO,0.4680,0.0486,0.0135
857,04029.wav,4028,1784738215,5.109,0.7416,0.7203,0.7629,0.5561,0.5561,TAO,0.5117,0.6317,0.0264
858,03163.wav,3162,1388346706,6.586,0.7414,0.6508,0.8321,0.6495,0.6495,TAO,0.5154,0.4245,0.0075
859,02233.wav,2232,991303271,6.678,0.7414,0.6814,0.8014,0.5518,0.5518,TAO,0.4317,0.7221,0.0359
860,00150.wav,149,66144202,3.533,0.7414,0.6904,0.7923,0.6948,0.6904,TAO,0.6096,-0.2592,-0.0157
861,01047.wav,1046,457580204,7.713,0.7414,0.6901,0.7926,0.6264,0.6264,TAO,0.4281,-0.6091,-0.0172
862,06457.wav,6456,2884809384,2.931,0.7413,0.7034,0.7793,0.6920,0.6920,TAO,0.5610,-0.6058,-0.0216
863,04132.wav,4131,1829570509,3.877,0.7413,0.6793,0.8033,0.6347,0.6347,TAO,0.4861,-0.4443,-0.0202
864,02295.wav,2294,1017160333,5.490,0.7413,0.7248,0.7577,0.5250,0.5250,TAO,0.4206,1.1107,0.0476
865,04121.wav,4120,1825489585,3.354,0.7412,0.6862,0.7962,0.6676,0.6676,TAO,0.6650,0.1660,0.0102
866,08520.wav,8519,3828517100,8.879,0.7411,0.6829,0.7993,0.5196,0.5196,TAO,0.5975,0.1395,0.0146
867,00688.wav,687,297502255,7.425,0.7411,0.6629,0.8193,0.5686,0.5686,TAO,0.4377,-1.1008,-0.0477
868,04031.wav,4030,1784867655,2.661,0.7411,0.7419,0.7402,0.6550,0.6550,TAO,0.4359,0.6854,0.0302
869,05455.wav,5454,2425518503,5.754,0.7409,0.7144,0.7675,0.5403,0.5403,TAO,0.4118,1.2919,0.0703
870,00838.wav,837,368955252,4.443,0.7409,0.6997,0.7822,0.6152,0.6152,TAO,0.5033,0.4883,0.0337
871,06895.wav,6894,3081431981,5.291,0.7408,0.6633,0.8184,0.6960,0.6633,TAO,0.5679,0.3607,0.0026
872,08013.wav,8012,3606092162,8.846,0.7408,0.6712,0.8104,0.6935,0.6712,TAO,0.6264,-0.3832,-0.0172
873,06615.wav,6614,2952623888,6.450,0.7407,0.6881,0.7933,0.5102,0.5102,TAO,0.4074,0.7783,0.0487
874,02343.wav,2342,1039459436,6.783,0.7407,0.6552,0.8262,0.5396,0.5396,ANCIENT,0.6620,0.1569,0.0125
875,01393.wav,1392,613455994,8.156,0.7407,0.6624,0.8189,0.7728,0.6624,TAO,0.6090,-0.8046,-0.0465
876,05561.wav,5560,2473455784,2.572,0.7405,0.7051,0.7759,0.7342,0.7051,TAO,0.6393,0.0180,-0.0007
877,00120.wav,119,49640777,7.241,0.7405,0.6620,0.8190,0.6900,0.6620,TAO,0.6145,-0.3596,-0.0182
878,08032.wav,8031,3617474896,5.064,0.7405,0.6863,0.7946,0.5352,0.5352,TAO,0.5513,0.9342,0.0486
879,08809.wav,8808,3962209107,6.830,0.7404,0.7502,0.7307,0.5334,0.5334,TAO,0.5061,0.9512,0.0499
880,08889.wav,8888,4003048694,6.490,0.7404,0.6412,0.8395,0.6255,0.6255,TAO,0.5868,-0.5905,-0.0372
881,02814.wav,2813,1241345226,3.524,0.7403,0.7226,0.7581,0.6257,0.6257,TAO,0.5805,1.1242,0.0515
882,01966.wav,1965,879728311,3.056,0.7403,0.6585,0.8221,0.6423,0.6423,TAO,0.6331,0.5122,0.0230
883,06444.wav,6443,2879088425,7.862,0.7403,0.6680,0.8125,0.5278,0.5278,TAO,0.3878,0.5637,0.0301
884,08098.wav,8097,3643314481,5.420,0.7402,0.6599,0.8206,0.7133,0.6599,TAO,0.5010,-0.8474,-0.0451
885,07830.wav,7829,3525199689,7.102,0.7402,0.6709,0.8094,0.6020,0.6020,TAO,0.4941,-0.6902,-0.0322
886,00348.wav,347,148766633,4.206,0.7402,0.6707,0.8096,0.5306,0.5306,TAO,0.5057,1.1094,0.0500
887,05686.wav,5685,2529092484,7.920,0.7401,0.6785,0.8018,0.6445,0.6445,TAO,0.4788,-0.4094,-0.0193
888,08257.wav,8256,3705675784,5.877,0.7401,0.6907,0.7896,0.5520,0.5520,TAO,0.4020,0.8033,0.0462
889,00097.wav,96,42804211,9.437,0.7401,0.6623,0.8178,0.6502,0.6502,TAO,0.5183,-0.8487,-0.0314
890,05346.wav,5345,2375746285,7.279,0.7400,0.6662,0.8138,0.7058,0.6662,TAO,0.5892,-0.7028,-0.0376
891,09306.wav,9305,4184809165,2.706,0.7400,0.7026,0.7774,0.6625,0.6625,TAO,0.5782,0.4506,0.0170
892,00323.wav,322,141267121,4.990,0.7399,0.7057,0.7742,0.6745,0.6745,TAO,0.6325,-0.0577,0.0009
893,09116.wav,9115,4103938353,3.436,0.7399,0.6704,0.8094,0.5472,0.5472,TAO,0.3748,-0.0566,0.0143
894,01225.wav,1224,545461744,4.977,0.7399,0.7245,0.7553,0.5037,0.5037,TAO,0.3629,1.2158,0.0602
895,06631.wav,6630,2959781202,6.328,0.7399,0.6805,0.7992,0.6144,0.6144,TAO,0.5813,-0.7214,-0.0377
896,07422.wav,7421,3338838093,5.589,0.7398,0.6750,0.8046,0.6935,0.6750,TAO,0.4342,-0.5554,-0.0210
897,03681.wav,3680,1623384911,6.541,0.7398,0.6757,0.8040,0.5320,0.5320,TAO,0.4616,0.4048,0.0321
898,00435.wav,434,189259123,6.714,0.7398,0.6673,0.8124,0.6663,0.6663,TAO,0.4345,0.3728,0.0199
899,06282.wav,6281,2805642406,8.338,0.7397,0.6562,0.8233,0.5393,0.5393,TAO,0.4685,0.6006,0.0302
900,07582.wav,7581,3413673324,8.734,0.7396,0.6703,0.8090,0.5748,0.5748,ANCIENT,0.6746,0.5840,0.0277
901,02211.wav,2210,984172081,7.940,0.7396,0.6743,0.8050,0.5727,0.5727,TAO,0.3850,0.0087,0.0087
902,08702.wav,8701,3912649647,2.660,0.7396,0.7067,0.7726,0.6339,0.6339,TAO,0.5385,0.8259,0.0353
903,03989.wav,3988,1765290903,5.947,0.7395,0.6867,0.7923,0.7713,0.6867,TAO,0.5429,-0.9223,-0.0426
904,09466.wav,9465,4249760612,3.206,0.7395,0.7091,0.7698,0.5216,0.5216,TAO,0.5140,0.5830,0.0299
905,04205.wav,4204,1865023379,3.051,0.7395,0.6793,0.7997,0.6093,0.6093,TAO,0.4732,1.3752,0.0660
906,03087.wav,3086,1357662473,6.331,0.7394,0.7138,0.7651,0.5958,0.5958,TAO,0.4116,0.5428,0.0345
907,03120.wav,3119,1371700779,3.217,0.7394,0.6558,0.8229,0.6412,0.6412,TAO,0.5309,0.6584,0.0264
908,07050.wav,7049,3151981156,7.225,0.7394,0.6830,0.7957,0.6000,0.6000,TAO,0.4200,0.0578,0.0099
909,03041.wav,3040,1345727339,8.189,0.7393,0.6635,0.8152,0.6121,0.6121,TAO,0.5689,-0.4835,-0.0198
910,03059.wav,3058,1348053102,7.097,0.7393,0.6902,0.7885,0.5241,0.5241,TAO,0.4208,1.0032,0.0545
911,00596.wav,595,253429287,7.025,0.7392,0.6678,0.8105,0.6385,0.6385,LENT,0.7135,-0.4597,-0.0146
912,04570.wav,4569,2029236436,9.846,0.7391,0.6995,0.7787,0.5150,0.5150,TAO,0.4796,0.4986,0.0348
913,05163.wav,5162,2297078732,4.683,0.7390,0.6450,0.8331,0.6956,0.6450,TAO,0.6486,0.0694,0.0081
914,07076.wav,7075,3163795532,6.734,0.7389,0.6879,0.7900,0.5208,0.5208,TAO,0.3878,0.7048,0.0403
915,01820.wav,1819,813284042,3.990,0.7389,0.6885,0.7893,0.6582,0.6582,TAO,0.5718,0.4763,0.0286
916,03248.wav,3247,1426988134,8.539,0.7389,0.6896,0.7881,0.5385,0.5385,TAO,0.4192,0.6854,0.0294
917,08668.wav,8667,3902017840,5.280,0.7388,0.6730,0.8047,0.7354,0.6730,TAO,0.5740,0.0380,0.0010
918,01607.wav,1606,708914991,9.843,0.7388,0.7011,0.7765,0.5807,0.5807,LENT,0.6751,0.5572,0.0299
919,05227.wav,5226,2322826352,3.215,0.7386,0.7101,0.7671,0.5953,0.5953,TAO,0.4891,0.9365,0.0322
920,00208.wav,207,93404559,2.425,0.7385,0.6674,0.8096,0.6750,0.6674,TAO,0.4703,1.0283,0.0393
921,01435.wav,1434,633369029,6.626,0.7385,0.6730,0.8039,0.6037,0.6037,TAO,0.4945,-0.1249,0.0041
922,09429.wav,9428,4234075022,4.736,0.7385,0.7030,0.7739,0.6401,0.6401,TAO,0.6461,0.4565,0.0210
923,02772.wav,2771,1224675951,5.063,0.7384,0.6853,0.7916,0.5549,0.5549,TAO,0.4842,0.8555,0.0434
924,08170.wav,8169,3672632811,3.739,0.7383,0.6556,0.8211,0.6630,0.6556,TAO,0.5189,0.3750,0.0230
925,09180.wav,9179,4128009073,8.065,0.7383,0.7038,0.7728,0.5440,0.5440,TAO,0.5004,0.5695,0.0326
926,01087.wav,1086,479194700,7.729,0.7382,0.6637,0.8128,0.6925,0.6637,TAO,0.5799,-0.8282,-0.0350
927,03575.wav,3574,1582571884,5.894,0.7382,0.6695,0.8069,0.7091,0.6695,TAO,0.6408,-0.1135,-0.0054
928,06971.wav,6970,3114400235,3.271,0.7381,0.6721,0.8042,0.6250,0.6250,TAO,0.5290,0.0007,0.0081
929,05825.wav,5824,2596170181,9.601,0.7381,0.6704,0.8059,0.7814,0.6704,TAO,0.6318,-0.6460,-0.0370
930,06218.wav,6217,2780146730,6.805,0.7381,0.6675,0.8088,0.6231,0.6231,TAO,0.5076,-0.1940,-0.0030
931,08270.wav,8269,3711253599,6.797,0.7381,0.6946,0.7816,0.5992,0.5992,TAO,0.4917,-0.8542,-0.0263
932,01882.wav,1881,839161102,7.237,0.7381,0.6915,0.7847,0.5097,0.5097,TAO,0.5520,0.7535,0.0404
933,04932.wav,4931,2190555017,6.003,0.7380,0.6737,0.8023,0.5898,0.5898,TAO,0.5096,0.3579,0.0185
934,09500.wav,9499,4264804273,9.129,0.7380,0.6763,0.7996,0.7079,0.6763,TAO,0.7130,0.1512,0.0011
935,01069.wav,1068,471776843,4.733,0.7380,0.6520,0.8239,0.6650,0.6520,TAO,0.5895,-0.0640,-0.0102
936,05399.wav,5398,2401577223,4.646,0.7379,0.7117,0.7640,0.5697,0.5697,TAO,0.4339,1.2125,0.0580
937,00732.wav,731,319505234,5.600,0.7378,0.7351,0.7404,0.5268,0.5268,TAO,0.3956,0.8053,0.0400
938,04999.wav,4998,2218829065,10.268,0.7377,0.6673,0.8082,0.7318,0.6673,TAO,0.6683,-0.4268,-0.0269
939,06369.wav,6368,2847961234,5.139,0.7377,0.6883,0.7870,0.5628,0.5628,TAO,0.4345,0.7303,0.0401
940,08150.wav,8149,3666686032,3.746,0.7376,0.6679,0.8073,0.6416,0.6416,TAO,0.4658,0.3748,0.0206
941,05529.wav,5528,2458865078,4.970,0.7376,0.6529,0.8223,0.6098,0.6098,TAO,0.5102,0.3327,0.0127
942,09407.wav,9406,4225157490,5.470,0.7375,0.6970,0.7780,0.5740,0.5740,TAO,0.4875,0.5125,0.0337
943,06889.wav,6888,3079643717,5.022,0.7375,0.7025,0.7726,0.5048,0.5048,TAO,0.3878,0.5897,0.0383
944,09451.wav,9450,4241718699,8.348,0.7375,0.6800,0.7950,0.6570,0.6570,TAO,0.6491,-0.1866,-0.0035
945,00778.wav,777,342228401,8.558,0.7373,0.6953,0.7794,0.5976,0.5976,TAO,0.3820,-0.7914,-0.0339
946,04255.wav,4254,1884225457,4.798,0.7373,0.7049,0.7696,0.5040,0.5040,TAO,0.4072,0.3676,0.0217
947,08403.wav,8402,3775283303,7.465,0.7371,0.6650,0.8093,0.6278,0.6278,TAO,0.5210,-0.6311,-0.0253
948,00055.wav,54,23557895,8.126,0.7371,0.6683,0.8059,0.5875,0.5875,TAO,0.4737,-0.7191,-0.0352
949,02618.wav,2617,1146057870,6.114,0.7371,0.6797,0.7944,0.5783,0.5783,TAO,0.4924,0.4159,0.0225
950,09504.wav,9503,4265366376,4.605,0.7370,0.6875,0.7864,0.7200,0.6875,TAO,0.5975,0.0646,0.0002
951,05048.wav,5047,2240442803,2.909,0.7369,0.6587,0.8151,0.6859,0.6587,TAO,0.5272,-0.2284,-0.0085
952,08480.wav,8479,3810064833,3.316,0.7367,0.6854,0.7881,0.5759,0.5759,TAO,0.4768,0.5799,0.0278
953,07079.wav,7078,3165547151,6.368,0.7366,0.6921,0.7812,0.5007,0.5007,TAO,0.5022,0.5291,0.0326
954,06208.wav,6207,2776615158,2.240,0.7366,0.7138,0.7594,0.6218,0.6218,TAO,0.4233,0.8262,0.0322
955,04343.wav,4342,1922642086,6.903,0.7365,0.6946,0.7785,0.6043,0.6043,TAO,0.4157,-0.4509,-0.0019
956,07807.wav,7806,3516478983,5.746,0.7365,0.6850,0.7879,0.6949,0.6850,TAO,0.5286,-0.1762,-0.0083
957,07005.wav,7004,3130993962,8.029,0.7364,0.6603,0.8125,0.7423,0.6603,TAO,0.5721,-0.3984,-0.0306
958,00248.wav,247,110050486,6.987,0.7363,0.6633,0.8093,0.5748,0.5748,TAO,0.5632,0.6539,0.0383
959,01739.wav,1738,780370509,7.226,0.7362,0.6656,0.8067,0.5483,0.5483,TAO,0.3831,0.5387,0.0284
960,03985.wav,3984,1761090538,3.251,0.7362,0.7454,0.7269,0.5875,0.5875,TAO,0.5327,1.2656,0.0624
961,01884.wav,1883,841440047,5.838,0.7361,0.6804,0.7919,0.5720,0.5720,TAO,0.5300,0.9838,0.0509
962,01663.wav,1662,738064743,8.296,0.7360,0.6590,0.8131,0.6159,0.6159,TAO,0.5261,-0.9571,-0.0330
963,03009.wav,3008,1328197654,2.864,0.7360,0.6800,0.7921,0.6000,0.6000,TAO,0.5065,-0.2523,-0.0017
964,01877.wav,1876,837464204,3.920,0.7360,0.6674,0.8046,0.6982,0.6674,TAO,0.6384,-0.1040,-0.0129
965,02212.wav,2211,984229323,7.231,0.7359,0.6672,0.8046,0.7700,0.6672,TAO,0.5792,-0.7875,-0.0427
966,01033.wav,1032,454905096,4.189,0.7359,0.6541,0.8177,0.6720,0.6541,TAO,0.5798,-0.3204,-0.0219
967,06121.wav,6120,2732558794,7.171,0.7359,0.6762,0.7955,0.6495,0.6495,TAO,0.6115,0.0573,0.0094
968,05162.wav,5161,2296969290,7.054,0.7358,0.6924,0.7792,0.5067,0.5067,TAO,0.4654,0.9356,0.0472
969,08454.wav,8453,3797280467,3.272,0.7358,0.6725,0.7990,0.5828,0.5828,TAO,0.5041,0.4439,0.0233
970,01501.wav,1500,659355531,7.468,0.7357,0.6984,0.7730,0.5379,0.5379,TAO,0.5060,0.6862,0.0418
971,04460.wav,4459,1971873389,5.714,0.7356,0.6429,0.8283,0.6432,0.6429,TAO,0.5898,-0.8471,-0.0434
972,01245.wav,1244,554141894,4.085,0.7356,0.6873,0.7838,0.7064,0.6873,TAO,0.5058,-0.1715,-0.0094
973,06298.wav,6297,2812536272,6.716,0.7355,0.7218,0.7493,0.4966,0.4966,TAO,0.4971,0.7836,0.0476
974,03141.wav,3140,1378996132,6.086,0.7354,0.6809,0.7899,0.5600,0.5600,TAO,0.4295,0.5272,0.0309
975,02494.wav,2493,1098011147,9.926,0.7354,0.6825,0.7883,0.6275,0.6275,TAO,0.6122,0.2358,0.0058
976,02324.wav,2323,1032109362,4.467,0.7353,0.6814,0.7892,0.5992,0.5992,TAO,0.4827,0.6829,0.0431
977,01701.wav,1700,756777553,7.168,0.7353,0.7077,0.7629,0.5535,0.5535,TAO,0.4464,0.8141,0.0442
978,01698.wav,1697,756319787,5.396,0.7353,0.6740,0.7965,0.4924,0.4924,TAO,0.4511,0.8966,0.0438
979,05606.wav,5605,2495139084,8.380,0.7352,0.6577,0.8128,0.6154,0.6154,TAO,0.5260,-0.7445,-0.0361
980,03393.wav,3392,1494596816,7.128,0.7351,0.6753,0.7950,0.5567,0.5567,TAO,0.4897,0.3577,0.0239
981,06345.wav,6344,2833305808,6.055,0.7350,0.6552,0.8149,0.6128,0.6128,TAO,0.5140,0.5455,0.0301
982,00605.wav,604,258431937,4.391,0.7350,0.6591,0.8109,0.6629,0.6591,TAO,0.6068,-0.7606,-0.0408
983,07044.wav,7043,3147204326,3.018,0.7350,0.6916,0.7784,0.6638,0.6638,TAO,0.5368,0.3504,0.0180
984,00684.wav,683,295860078,5.184,0.7350,0.6575,0.8124,0.5459,0.5459,TAO,0.4232,-0.7798,-0.0300
985,03537.wav,3536,1568316440,4.903,0.7349,0.6458,0.8240,0.6282,0.6282,TAO,0.5893,0.3529,0.0192
986,05848.wav,5847,2603701895,5.142,0.7348,0.6862,0.7834,0.5765,0.5765,TAO,0.4862,0.7373,0.0369
987,01321.wav,1320,585561188,6.231,0.7348,0.6736,0.7959,0.5323,0.5323,TAO,0.3896,0.4556,0.0253
988,01664.wav,1663,738161123,8.728,0.7347,0.6674,0.8021,0.5557,0.5557,TAO,0.5642,-0.1771,0.0093
989,08130.wav,8129,3655768000,4.270,0.7347,0.6768,0.7926,0.5686,0.5686,TAO,0.4533,0.4531,0.0278
990,08393.wav,8392,3768260146,3.591,0.7347,0.6849,0.7845,0.6710,0.6710,TAO,0.4974,-0.1839,0.0003
991,08559.wav,8558,3850242059,7.580,0.7345,0.6950,0.7740,0.6445,0.6445,TAO,0.5859,-0.2431,-0.0024
992,09195.wav,9194,4135359147,3.825,0.7345,0.6755,0.7935,0.6722,0.6722,TAO,0.5947,-0.1106,-0.0144
993,05199.wav,5198,2313540498,5.077,0.7345,0.6791,0.7899,0.5649,0.5649,TAO,0.4209,0.7290,0.0389
994,04647.wav,4646,2062095248,7.548,0.7345,0.6760,0.7929,0.5594,0.5594,TAO,0.4798,0.6255,0.0385
995,03276.wav,3275,1436026864,3.766,0.7344,0.6936,0.7751,0.6186,0.6186,TAO,0.4801,0.5363,0.0410
996,02468.wav,2467,1090661073,1.971,0.7343,0.7101,0.7584,0.6754,0.6754,TAO,0.4255,0.5510,0.0303
997,07395.wav,7394,3317982923,6.961,0.7342,0.7012,0.7673,0.5840,0.5840,TAO,0.5710,-0.0792,0.0006
998,02762.wav,2761,1219100844,7.244,0.7342,0.6968,0.7715,0.5583,0.5583,TAO,0.5239,0.1332,0.0092
999,01498.wav,1497,659226091,2.777,0.7341,0.7181,0.7501,0.5602,0.5602,TAO,0.3592,1.2935,0.0517
1000,06578.wav,6577,2937859020,2.921,0.7341,0.6790,0.7892,0.6220,0.6220,TAO,0.4940,0.7258,0.0322
1001,09232.wav,9231,4155956558,7.873,0.7341,0.6611,0.8071,0.6271,0.6271,TAO,0.5032,-0.6487,-0.0230
1002,02753.wav,2752,1217458667,6.146,0.7341,0.6973,0.7708,0.4761,0.4761,TAO,0.3388,0.5928,0.0377
1003,04420.wav,4419,1957193712,3.174,0.7340,0.6575,0.8106,0.7384,0.6575,TAO,0.5566,-0.0419,-0.0121
1004,04335.wav,4334,1917206231,7.702,0.7340,0.6758,0.7922,0.5677,0.5677,TAO,0.4289,-0.5236,-0.0273
1005,08055.wav,8054,3624879691,8.086,0.7339,0.6481,0.8197,0.5444,0.5444,ANCIENT,0.6759,0.2216,0.0115
1006,09150.wav,9149,4115900073,7.846,0.7339,0.6796,0.7882,0.6590,0.6590,TAO,0.5672,-0.2096,-0.0139
1007,05881.wav,5880,2627191535,11.780,0.7339,0.6560,0.8117,0.6347,0.6347,TAO,0.5014,-1.0555,-0.0488
1008,05976.wav,5975,2660556708,4.144,0.7338,0.6949,0.7726,0.5564,0.5564,TAO,0.4744,0.6214,0.0344
1009,06459.wav,6458,2886280462,7.347,0.7337,0.6630,0.8044,0.7133,0.6630,TAO,0.6695,-0.3260,-0.0227
1010,00553.wav,552,236557540,9.456,0.7337,0.6876,0.7798,0.6983,0.6876,TAO,0.6593,-0.4591,-0.0188
1011,08448.wav,8447,3795419406,9.298,0.7336,0.6670,0.8002,0.6524,0.6524,TAO,0.7684,-0.1920,-0.0103
1012,02473.wav,2472,1093501102,6.428,0.7336,0.6701,0.7970,0.7017,0.6701,TAO,0.6119,-0.2311,-0.0159
1013,06855.wav,6854,3063103239,7.104,0.7334,0.6756,0.7912,0.6822,0.6756,TAO,0.5475,-0.3080,-0.0043
1014,06015.wav,6014,2677366798,5.384,0.7334,0.6685,0.7982,0.5286,0.5286,LENT,0.4151,0.6040,0.0330
1015,08841.wav,8840,3979139596,5.972,0.7333,0.6483,0.8184,0.6373,0.6373,TAO,0.4954,-0.3302,-0.0189
1016,05812.wav,5811,2585036870,5.739,0.7333,0.6592,0.8074,0.6898,0.6592,TAO,0.5126,-1.1715,-0.0564
1017,00520.wav,519,224959626,6.957,0.7333,0.6643,0.8023,0.6713,0.6643,TAO,0.5872,-0.3091,-0.0119
1018,06063.wav,6062,2703004976,7.584,0.7333,0.6853,0.7812,0.5742,0.5742,TAO,0.6312,-0.3399,-0.0076
1019,05264.wav,5263,2344722410,5.905,0.7332,0.7585,0.7078,0.5080,0.5080,TAO,0.4228,0.3788,0.0232
1020,02721.wav,2720,1200703298,3.746,0.7331,0.6639,0.8024,0.5918,0.5918,TAO,0.4560,0.6237,0.0307
1021,03913.wav,3912,1729689742,4.270,0.7331,0.6623,0.8040,0.5277,0.5277,TAO,0.4771,0.5785,0.0382
1022,01262.wav,1261,562750062,4.473,0.7331,0.6991,0.7672,0.5220,0.5220,TAO,0.5101,0.4109,0.0318
1023,04240.wav,4239,1880106416,6.527,0.7331,0.6632,0.8030,0.6664,0.6632,TAO,0.6422,-0.7965,-0.0375
1024,01991.wav,1990,887023664,4.615,0.7331,0.6870,0.7792,0.5358,0.5358,TAO,0.5493,1.4377,0.0693
1025,03165.wav,3164,1389914164,6.439,0.7330,0.6743,0.7918,0.6391,0.6391,TAO,0.6631,-0.0324,-0.0018
1026,05065.wav,5064,2248117666,7.953,0.7330,0.6641,0.8019,0.5141,0.5141,TAO,0.4832,0.2849,0.0228
1027,06958.wav,6957,3111046156,4.615,0.7330,0.6870,0.7790,0.6535,0.6535,LENT,0.5748,-0.6692,-0.0258
1028,02235.wav,2234,991596874,4.467,0.7330,0.6677,0.7982,0.6457,0.6457,TAO,0.5846,0.7310,0.0252
1029,03401.wav,3400,1499449007,9.060,0.7329,0.6904,0.7755,0.6688,0.6688,TAO,0.6819,-0.0928,0.0008
1030,05975.wav,5974,2660447266,2.418,0.7329,0.6798,0.7860,0.7491,0.6798,TAO,0.6333,0.1981,0.0035
1031,02668.wav,2667,1176946179,8.922,0.7329,0.6776,0.7882,0.5349,0.5349,TAO,0.4634,0.1868,0.0189
1032,00339.wav,338,146885574,5.718,0.7329,0.6774,0.7884,0.6465,0.6465,TAO,0.4515,0.6544,0.0331
1033,03770.wav,3769,1665703739,1.601,0.7329,0.6780,0.7877,0.6899,0.6780,TAO,0.5441,0.3099,0.0124
1034,00398.wav,397,172516816,6.596,0.7328,0.6531,0.8126,0.6470,0.6470,TAO,0.5177,-1.0141,-0.0373
1035,01103.wav,1102,484067910,7.052,0.7326,0.6470,0.8183,0.5813,0.5813,TAO,0.4526,-0.7055,-0.0228
1036,00142.wav,141,60764631,2.633,0.7326,0.6696,0.7956,0.7392,0.6696,TAO,0.5596,0.3732,0.0073
1037,08764.wav,8763,3942639770,5.594,0.7326,0.6569,0.8082,0.6147,0.6147,TAO,0.6239,0.1969,0.0007
1038,02867.wav,2866,1266799243,5.517,0.7325,0.6790,0.7861,0.5096,0.5096,TAO,0.3516,0.0154,0.0094
1039,04833.wav,4832,2146199447,2.518,0.7325,0.6671,0.7979,0.6984,0.6671,TAO,0.5516,-0.9181,-0.0335
1040,07844.wav,7843,3535036626,3.481,0.7325,0.7083,0.7567,0.4933,0.4933,TAO,0.3904,1.2083,0.0572
1041,01955.wav,1954,874417802,7.521,0.7325,0.6714,0.7935,0.6942,0.6714,TAO,0.5254,-1.1634,-0.0516
1042,01370.wav,1369,606720850,9.540,0.7324,0.7098,0.7549,0.4851,0.4851,TAO,0.4012,0.3632,0.0283
1043,05015.wav,5014,2223705905,2.931,0.7324,0.6564,0.8084,0.6416,0.6416,TAO,0.4990,-0.3184,-0.0155
1044,01336.wav,1335,590892164,8.665,0.7323,0.6665,0.7982,0.7005,0.6665,TAO,0.5454,-1.1108,-0.0557
1045,03521.wav,3520,1558746982,4.388,0.7323,0.6640,0.8007,0.7444,0.6640,TAO,0.5618,0.3492,0.0021
1046,00922.wav,921,406344404,4.430,0.7323,0.6895,0.7750,0.5279,0.5279,TAO,0.4057,0.2047,0.0163
1047,07735.wav,7734,3479861234,6.625,0.7322,0.6492,0.8152,0.6270,0.6270,PAT,0.4161,-0.9798,-0.0465
1048,09067.wav,9066,4079942352,4.181,0.7322,0.6644,0.7999,0.6892,0.6644,TAO,0.4156,0.1710,0.0084
1049,06308.wav,6307,2817824031,4.396,0.7322,0.6687,0.7957,0.6883,0.6687,TAO,0.5770,-0.1039,-0.0040
1050,00956.wav,955,424372047,5.854,0.7322,0.6778,0.7866,0.6203,0.6203,TAO,0.6646,0.0819,0.0021
1051,06650.wav,6649,2965136754,6.079,0.7321,0.7453,0.7189,0.5509,0.5509,TAO,0.4655,1.0149,0.0561
1052,02074.wav,2073,920133878,8.886,0.7320,0.6496,0.8145,0.7064,0.6496,TAO,0.4348,-0.9052,-0.0482
1053,05820.wav,5819,2591589701,5.908,0.7320,0.7015,0.7625,0.6300,0.6300,TAO,0.5278,-0.3903,-0.0131
1054,04432.wav,4431,1961532395,9.859,0.7320,0.6271,0.8369,0.6543,0.6271,TAO,0.5284,-0.4490,-0.0168
1055,09078.wav,9077,4085280264,7.965,0.7320,0.6737,0.7903,0.5966,0.5966,TAO,0.5460,-0.7916,-0.0303
1056,07333.wav,7332,3291139694,6.991,0.7319,0.7070,0.7569,0.5953,0.5953,TAO,0.4813,0.0268,0.0086
1057,02655.wav,2654,1171273005,2.956,0.7319,0.6945,0.7693,0.6246,0.6246,TAO,0.4172,0.3200,0.0186
1058,06007.wav,6006,2675389359,7.799,0.7319,0.6655,0.7983,0.6637,0.6637,TAO,0.5598,-0.7074,-0.0317
1059,01182.wav,1181,523493488,8.705,0.7319,0.6705,0.7933,0.7427,0.6705,TAO,0.5141,-0.7522,-0.0405
1060,08727.wav,8726,3925593319,9.099,0.7319,0.6516,0.8121,0.5853,0.5853,TAO,0.4147,-0.9394,-0.0448
1061,09522.wav,9521,4270923172,8.387,0.7318,0.6256,0.8380,0.7047,0.6256,TAO,0.5508,-0.8561,-0.0409
1062,03912.wav,3911,1729635021,3.490,0.7316,0.6994,0.7638,0.6321,0.6321,TAO,0.4158,0.2384,0.0059
1063,05569.wav,5568,2476902227,3.716,0.7316,0.6805,0.7826,0.5376,0.5376,TAO,0.3873,0.1387,0.0152
1064,01323.wav,1322,585798543,8.259,0.7316,0.6789,0.7843,0.5285,0.5285,TAO,0.4861,0.7121,0.0443
1065,08590.wav,8589,3861375912,4.223,0.7315,0.6676,0.7954,0.5333,0.5333,TAO,0.4229,0.9413,0.0330
1066,06460.wav,6459,2886322121,6.698,0.7315,0.6862,0.7768,0.6984,0.6862,TAO,0.6337,0.0883,0.0046
1067,05379.wav,5378,2392455814,7.066,0.7314,0.6563,0.8066,0.6422,0.6422,TAO,0.3975,-0.2727,-0.0136
1068,07881.wav,7880,3551324230,5.530,0.7314,0.6719,0.7909,0.6223,0.6223,TAO,0.6417,0.0218,0.0134
1069,03468.wav,3467,1533311436,6.246,0.7313,0.7152,0.7475,0.5698,0.5698,TAO,0.4735,0.4854,0.0268
1070,07416.wav,7415,3334554131,5.243,0.7313,0.6563,0.8063,0.5566,0.5566,TAO,0.3929,0.2581,0.0188
1071,08936.wav,8935,4019608383,5.633,0.7313,0.6572,0.8054,0.7119,0.6572,TAO,0.6022,-0.5005,-0.0186
1072,05354.wav,5353,2376601991,6.547,0.7312,0.6658,0.7966,0.5953,0.5953,TAO,0.4293,-0.4591,-0.0169
1073,04447.wav,4446,1968064401,6.140,0.7312,0.7165,0.7458,0.5889,0.5889,TAO,0.5139,0.9463,0.0519
1074,02388.wav,2387,1055553896,6.496,0.7311,0.6783,0.7839,0.6253,0.6253,TAO,0.5767,-0.1762,-0.0003
1075,05993.wav,5992,2669777842,5.725,0.7311,0.6880,0.7741,0.5318,0.5318,TAO,0.4548,0.4388,0.0358
1076,02720.wav,2719,1200422757,10.560,0.7309,0.6873,0.7744,0.5809,0.5809,TAO,0.4842,-0.4229,-0.0133
1077,00507.wav,506,218203053,6.577,0.7308,0.6655,0.7960,0.7438,0.6655,TAO,0.6493,-0.5836,-0.0345
1078,06942.wav,6941,3105189100,5.061,0.7307,0.6581,0.8033,0.5237,0.5237,TAO,0.4686,0.4862,0.0267
1079,07325.wav,7324,3285233553,2.766,0.7307,0.6874,0.7740,0.6508,0.6508,TAO,0.5153,0.2391,0.0235
1080,08500.wav,8499,3821092307,2.800,0.7307,0.6746,0.7868,0.7186,0.6746,TAO,0.5386,0.8055,0.0270
1081,00798.wav,797,352493486,3.240,0.7307,0.6731,0.7882,0.7783,0.6731,TAO,0.5167,0.0221,-0.0067
1082,06949.wav,6948,3107398919,4.045,0.7306,0.7112,0.7501,0.5027,0.5027,TAO,0.4450,0.6457,0.0350
1083,06155.wav,6154,2749006477,4.106,0.7306,0.6737,0.7875,0.5107,0.5107,TAO,0.3541,0.3860,0.0172
1084,09188.wav,9187,4133607528,3.397,0.7306,0.6792,0.7820,0.5562,0.5562,TAO,0.4144,0.5837,0.0345
1085,06103.wav,6102,2724955755,7.533,0.7305,0.6712,0.7899,0.5124,0.5124,TAO,0.4073,0.8355,0.0436
1086,03799.wav,3798,1680075561,3.546,0.7305,0.6884,0.7726,0.5904,0.5904,TAO,0.5149,0.0762,0.0053
1087,02152.wav,2151,958260298,2.802,0.7305,0.6413,0.8197,0.7261,0.6413,TAO,0.5965,0.4639,0.0204
1088,03711.wav,3710,1634875538,3.776,0.7305,0.6972,0.7637,0.5460,0.5460,TAO,0.5425,-0.0006,0.0008
1089,00288.wav,287,125044237,5.568,0.7304,0.7366,0.7243,0.6493,0.6493,TAO,0.4881,0.7924,0.0426
1090,02040.wav,2039,909158604,6.710,0.7303,0.6602,0.8004,0.5875,0.5875,TAO,0.5034,0.2237,0.0106
1091,05925.wav,5924,2646259605,6.307,0.7303,0.6713,0.7893,0.5285,0.5285,TAO,0.4418,0.0334,0.0024
1092,07228.wav,7227,3237241551,4.311,0.7303,0.6988,0.7618,0.5612,0.5612,TAO,0.5188,0.8833,0.0357
1093,01981.wav,1980,885272045,6.098,0.7303,0.6798,0.7808,0.4894,0.4894,TAO,0.4395,0.2764,0.0240
1094,07968.wav,7967,3591727276,2.292,0.7302,0.6438,0.8167,0.6532,0.6438,TAO,0.5924,0.4868,0.0186
1095,02556.wav,2555,1122007148,4.653,0.7302,0.6847,0.7757,0.4895,0.4895,TAO,0.4532,0.9086,0.0482
1096,08524.wav,8523,3829160048,8.202,0.7302,0.7062,0.7543,0.5601,0.5601,TAO,0.4102,-0.5418,-0.0184
1097,01358.wav,1357,602316557,7.243,0.7302,0.6966,0.7638,0.5144,0.5144,TAO,0.4059,0.2411,0.0185
1098,00948.wav,947,422620428,3.172,0.7302,0.6622,0.7981,0.6795,0.6622,TAO,0.5197,0.0195,-0.0030
1099,03303.wav,3302,1450423053,8.495,0.7301,0.6484,0.8119,0.7422,0.6484,TAO,0.6646,-0.9648,-0.0498
1100,03422.wav,3421,1508906981,6.392,0.7301,0.6734,0.7869,0.5501,0.5501,LENT,0.5483,-0.5993,-0.0076
1101,00118.wav,117,49401895,8.579,0.7301,0.6878,0.7724,0.6618,0.6618,TAO,0.6217,-0.5565,-0.0228
1102,02643.wav,2642,1162355473,7.177,0.7301,0.6572,0.8030,0.5050,0.5050,TAO,0.4010,-0.0531,0.0016
1103,03810.wav,3809,1685448196,6.741,0.7300,0.6581,0.8020,0.6634,0.6581,TAO,0.5939,-0.3128,-0.0187
1104,03968.wav,3967,1753631022,9.251,0.7300,0.6957,0.7644,0.5280,0.5280,TAO,0.5195,0.4798,0.0316
1105,07158.wav,7157,3204362741,5.112,0.7300,0.6616,0.7984,0.5109,0.5109,TAO,0.4575,0.7883,0.0408
1106,06335.wav,6334,2831370028,4.813,0.7299,0.7162,0.7437,0.6232,0.6232,TAO,0.5726,1.3161,0.0559
1107,05123.wav,5122,2277202530,5.030,0.7299,0.6323,0.8275,0.6810,0.6323,LENT,0.5516,-0.5064,-0.0202
1108,00731.wav,730,319450513,11.346,0.7299,0.6672,0.7926,0.5205,0.5205,TAO,0.4828,0.5411,0.0261
1109,04346.wav,4345,1924444342,6.200,0.7299,0.6926,0.7672,0.5035,0.5035,TAO,0.3652,1.2698,0.0603
1110,03707.wav,3706,1632430356,2.607,0.7299,0.6707,0.7890,0.5687,0.5687,TAO,0.3816,0.8729,0.0345
1111,00239.wav,238,103471696,2.565,0.7298,0.6631,0.7965,0.5754,0.5754,LENT,0.5415,0.5543,0.0291
1112,05839.wav,5838,2601833898,10.852,0.7298,0.6623,0.7973,0.6932,0.6623,TAO,0.6504,-0.3560,-0.0167
1113,02093.wav,2092,932861002,5.144,0.7297,0.6665,0.7930,0.5125,0.5125,TAO,0.4329,0.3067,0.0223
1114,07893.wav,7892,3557415553,6.218,0.7296,0.6576,0.8016,0.6163,0.6163,TAO,0.5141,-0.4205,-0.0174
1115,06281.wav,6280,2805635470,8.648,0.7295,0.6826,0.7765,0.6940,0.6826,TAO,0.5780,-0.3361,-0.0128
1116,06696.wav,6695,2985905743,6.782,0.7295,0.6815,0.7775,0.5979,0.5979,TAO,0.6741,-0.2188,-0.0002
1117,04862.wav,4861,2159298386,4.700,0.7294,0.7506,0.7082,0.5563,0.5563,TAO,0.5063,1.1073,0.0502
1118,06353.wav,6352,2838070836,2.365,0.7293,0.6716,0.7871,0.6810,0.6716,TAO,0.5732,0.1528,0.0118
1119,05374.wav,5373,2388316593,10.422,0.7293,0.6609,0.7977,0.7129,0.6609,TAO,0.5618,-0.1314,-0.0150
1120,07145.wav,7144,3197124630,10.172,0.7293,0.6521,0.8066,0.7981,0.6521,TAO,0.5887,-0.8825,-0.0453
1121,07800.wav,7799,3512737523,7.657,0.7293,0.6761,0.7825,0.4873,0.4873,TAO,0.4114,0.4214,0.0274
1122,06893.wav,6892,3081247820,4.607,0.7293,0.6565,0.8021,0.7005,0.6565,TAO,0.5744,-0.0081,-0.0033
1123,02259.wav,2258,1006416463,6.079,0.7292,0.6587,0.7998,0.6308,0.6308,TAO,0.6099,-0.2509,-0.0114
1124,00152.wav,151,66397167,7.134,0.7292,0.6509,0.8075,0.6928,0.6509,TAO,0.5415,-1.1186,-0.0419
1125,02052.wav,2051,914606979,6.831,0.7292,0.6675,0.7908,0.6707,0.6675,TAO,0.5850,-0.8492,-0.0314
1126,00203.wav,202,91598219,3.301,0.7291,0.6650,0.7933,0.7721,0.6650,TAO,0.5975,0.0693,-0.0050
1127,08811.wav,8810,3962329506,6.390,0.7291,0.6926,0.7657,0.6244,0.6244,TAO,0.6095,-0.3099,-0.0117
1128,03915.wav,3914,1729856426,6.102,0.7291,0.6656,0.7926,0.6337,0.6337,TAO,0.4297,-0.9741,-0.0458
1129,06150.wav,6149,2747889036,7.858,0.7291,0.6603,0.7979,0.6720,0.6603,TAO,0.5809,-0.3584,-0.0271
1130,02069.wav,2068,918500200,4.272,0.7291,0.6669,0.7914,0.6356,0.6356,TAO,0.4660,-0.2907,-0.0090
1131,03892.wav,3891,1722503831,4.555,0.7291,0.7204,0.7378,0.6837,0.6837,TAO,0.5419,0.1951,0.0142
1132,04311.wav,4310,1907798415,2.361,0.7291,0.6780,0.7801,0.6633,0.6633,TAO,0.6121,0.4403,0.0187
1133,05149.wav,5148,2293937901,3.552,0.7290,0.6943,0.7637,0.6095,0.6095,TAO,0.4690,0.0825,0.0134
1134,08453.wav,8452,3797041585,4.036,0.7290,0.6736,0.7845,0.5290,0.5290,TAO,0.3425,0.5718,0.0311
1135,03709.wav,3708,1632486604,3.469,0.7290,0.6711,0.7870,0.5511,0.5511,TAO,0.4293,0.5973,0.0374
1136,03133.wav,3132,1376909251,8.928,0.7290,0.6565,0.8015,0.7260,0.6565,TAO,0.6791,-0.2014,-0.0115
1137,06411.wav,6410,2862606661,2.808,0.7290,0.6696,0.7884,0.7171,0.6696,TAO,0.6492,0.2533,0.0004
1138,07986.wav,7985,3596990469,8.153,0.7290,0.6656,0.7924,0.6426,0.6426,TAO,0.5087,-0.8629,-0.0315
1139,03631.wav,3630,1603793203,13.015,0.7290,0.6871,0.7708,0.5336,0.5336,TAO,0.3690,-0.3244,-0.0038
1140,07748.wav,7747,3488467942,4.877,0.7290,0.6933,0.7646,0.5388,0.5388,TAO,0.4486,0.9043,0.0438
1141,09397.wav,9396,4218028821,7.062,0.7289,0.6542,0.8035,0.6387,0.6387,TAO,0.4890,-0.8197,-0.0428
1142,06429.wav,6428,2873654133,3.250,0.7289,0.6963,0.7614,0.5627,0.5627,TAO,0.4827,0.3850,0.0241
1143,00904.wav,903,400137164,2.929,0.7289,0.7020,0.7558,0.6195,0.6195,TAO,0.5280,0.4967,0.0333
1144,04189.wav,4188,1858000073,4.655,0.7289,0.6789,0.7788,0.6225,0.6225,TAO,0.6027,0.0326,0.0008
1145,08165.wav,8164,3672284487,4.612,0.7288,0.6666,0.7911,0.7586,0.6666,TAO,0.6891,0.6806,0.0218
1146,02822.wav,2821,1243372971,6.422,0.7288,0.6657,0.7919,0.6677,0.6657,TAO,0.4192,-0.5650,-0.0274
1147,06408.wav,6407,2862284461,9.211,0.7287,0.6549,0.8026,0.5706,0.5706,TAO,0.4607,-0.4860,-0.0199
1148,07338.wav,7337,3292638348,3.893,0.7287,0.6765,0.7808,0.5556,0.5556,TAO,0.4427,1.1312,0.0597
1149,07973.wav,7972,3593294734,6.724,0.7287,0.7131,0.7443,0.5216,0.5216,TAO,0.4827,0.8116,0.0447
1150,00806.wav,805,355265732,9.493,0.7286,0.6864,0.7708,0.7138,0.6864,LENT,0.6988,-0.1861,-0.0068
1151,04895.wav,4894,2174018532,3.031,0.7286,0.6553,0.8018,0.7397,0.6553,TAO,0.5455,0.2397,-0.0026
1152,01051.wav,1050,461525710,6.814,0.7285,0.6482,0.8089,0.6887,0.6482,TAO,0.6243,-0.5618,-0.0259
1153,04011.wav,4010,1779249202,6.527,0.7285,0.6662,0.7908,0.5605,0.5605,TAO,0.4657,0.7635,0.0424
1154,04310.wav,4309,1907688973,5.140,0.7284,0.6538,0.8030,0.5735,0.5735,TAO,0.4728,0.2242,0.0135
1155,03909.wav,3908,1729062377,4.411,0.7283,0.6578,0.7989,0.5942,0.5942,TAO,0.4879,0.2561,0.0168
1156,05558.wav,5557,2473346180,3.716,0.7282,0.6899,0.7666,0.5468,0.5468,TAO,0.4697,0.9870,0.0550
1157,06504.wav,6503,2903064428,3.126,0.7282,0.6669,0.7894,0.6769,0.6669,TAO,0.6083,0.8643,0.0306
1158,01143.wav,1142,504765095,2.493,0.7282,0.6676,0.7888,0.5807,0.5807,TAO,0.4224,0.9604,0.0438
1159,09111.wav,9110,4102206732,2.377,0.7281,0.6711,0.7851,0.7442,0.6711,TAO,0.5580,0.0408,0.0016
1160,08954.wav,8953,4028467110,4.469,0.7280,0.6715,0.7844,0.5652,0.5652,TAO,0.3894,0.8363,0.0390
1161,03397.wav,3396,1498066731,7.846,0.7279,0.6406,0.8153,0.6990,0.6406,TAO,0.6375,-0.7557,-0.0386
1162,06637.wav,6636,2961561418,7.736,0.7279,0.6664,0.7894,0.4807,0.4807,TAO,0.3944,0.0889,0.0156
1163,09328.wav,9327,4191995076,4.021,0.7278,0.6843,0.7713,0.6628,0.6628,TAO,0.4946,0.7482,0.0350
1164,01779.wav,1778,794810114,9.496,0.7278,0.6539,0.8017,0.6494,0.6494,TAO,0.5456,-0.7382,-0.0286
1165,06670.wav,6669,2976749329,2.957,0.7278,0.6839,0.7717,0.6168,0.6168,TAO,0.4640,0.0762,0.0030
1166,06826.wav,6825,3047750144,7.351,0.7277,0.6560,0.7995,0.6894,0.6560,TAO,0.6488,-0.7764,-0.0324
1167,01849.wav,1848,828081970,7.495,0.7277,0.6433,0.8121,0.6654,0.6433,TAO,0.4214,-0.7206,-0.0328
1168,08097.wav,8096,3643038355,2.936,0.7277,0.6953,0.7600,0.5678,0.5678,TAO,0.4815,1.3177,0.0605
1169,05039.wav,5038,2238178697,7.471,0.7276,0.6508,0.8044,0.5731,0.5731,TAO,0.3789,-0.0265,0.0093
1170,01906.wav,1905,854090133,7.238,0.7276,0.6870,0.7681,0.6681,0.6681,TAO,0.6106,0.6050,0.0391
1171,04788.wav,4787,2128191193,6.205,0.7275,0.6794,0.7756,0.5232,0.5232,TAO,0.4292,0.8344,0.0497
1172,08466.wav,8465,3804739983,3.445,0.7274,0.6575,0.7973,0.5896,0.5896,LENT,0.4895,0.0419,0.0055
1173,08371.wav,8370,3754886920,2.379,0.7274,0.6965,0.7583,0.6999,0.6965,TAO,0.5023,0.5899,0.0255
1174,05713.wav,5712,2546155539,8.907,0.7273,0.6756,0.7791,0.7280,0.6756,TAO,0.7060,-0.0428,0.0012
1175,00914.wav,913,402864557,8.403,0.7273,0.6926,0.7619,0.5256,0.5256,TAO,0.3761,-0.0475,0.0065
1176,01164.wav,1163,511902411,9.831,0.7272,0.6519,0.8025,0.7359,0.6519,TAO,0.6307,-0.7676,-0.0422
1177,02458.wav,2457,1087157835,3.164,0.7272,0.6903,0.7641,0.5314,0.5314,TAO,0.3874,0.6960,0.0431
1178,03907.wav,3906,1728177005,6.100,0.7271,0.6779,0.7764,0.5700,0.5700,TAO,0.4237,-0.2530,0.0036
1179,02369.wav,2368,1046700068,7.777,0.7271,0.6723,0.7820,0.5132,0.5132,TAO,0.3153,0.5955,0.0232
1180,00497.wav,496,213036240,5.774,0.7271,0.7098,0.7444,0.5438,0.5438,TAO,0.5142,0.7923,0.0473
1181,09492.wav,9491,4262245543,8.970,0.7271,0.6967,0.7575,0.5607,0.5607,TAO,0.4193,-0.2539,-0.0014
1182,05933.wav,5932,2650654030,9.133,0.7271,0.6829,0.7712,0.5658,0.5658,TAO,0.5124,-0.3508,-0.0048
1183,02157.wav,2156,960414962,8.888,0.7271,0.6533,0.8008,0.5784,0.5784,LENT,0.5714,-0.0507,0.0058
1184,08804.wav,8803,3958982095,6.000,0.7269,0.6576,0.7963,0.5417,0.5417,PAT,0.4184,0.7993,0.0345
1185,03442.wav,3441,1522892625,6.088,0.7269,0.7039,0.7499,0.5538,0.5538,TAO,0.3997,-0.1323,0.0067
1186,03188.wav,3187,1400754151,6.043,0.7269,0.6671,0.7867,0.7268,0.6671,TAO,0.6181,-0.6917,-0.0409
1187,08766.wav,8765,3943082728,2.026,0.7268,0.6570,0.7966,0.6588,0.6570,TAO,0.4657,0.1863,-0.0005
1188,04066.wav,4065,1801603026,4.089,0.7268,0.6923,0.7613,0.6106,0.6106,TAO,0.5989,0.0066,0.0043
1189,06071.wav,6070,2709495250,3.122,0.7268,0.6788,0.7748,0.5040,0.5040,TAO,0.4042,0.5219,0.0344
1190,00167.wav,166,72303308,6.599,0.7268,0.6481,0.8054,0.6556,0.6481,TAO,0.5456,-0.5113,-0.0282
1191,08273.wav,8272,3712930499,6.409,0.7268,0.6898,0.7637,0.5959,0.5959,TAO,0.4470,-0.1853,0.0028
1192,03156.wav,3155,1385435779,4.879,0.7267,0.6808,0.7726,0.5989,0.5989,TAO,0.5434,0.0364,0.0025
1193,07327.wav,7326,3286746290,2.749,0.7267,0.6617,0.7916,0.7402,0.6617,TAO,0.5768,0.9362,0.0323
1194,03277.wav,3276,1437796724,3.703,0.7266,0.6537,0.7996,0.5579,0.5579,TAO,0.5853,0.4087,0.0142
1195,04789.wav,4788,2128245914,6.483,0.7266,0.6268,0.8264,0.6293,0.6268,TAO,0.5987,0.6227,0.0249
1196,02300.wav,2299,1020391366,7.935,0.7266,0.6480,0.8051,0.6945,0.6480,TAO,0.5970,-0.7791,-0.0433
1197,04573.wav,4572,2030121808,6.544,0.7265,0.6868,0.7663,0.5268,0.5268,TAO,0.3873,0.2444,0.0234
1198,08551.wav,8550,3845088308,2.597,0.7265,0.6630,0.7901,0.5411,0.5411,TAO,0.3757,0.6228,0.0263
1199,06280.wav,6279,2805512966,7.231,0.7264,0.6946,0.7582,0.4755,0.4755,TAO,0.4387,0.6992,0.0469
1200,04133.wav,4132,1831122121,6.785,0.7264,0.6920,0.7608,0.5717,0.5717,TAO,0.5170,-0.2782,-0.0001
1201,07248.wav,7247,3244482183,9.775,0.7263,0.6866,0.7661,0.5176,0.5176,TAO,0.5692,0.9557,0.0478
1202,00566.wav,565,244211216,7.102,0.7263,0.6603,0.7923,0.6600,0.6600,TAO,0.5833,-0.6328,-0.0216
1203,02251.wav,2250,1001425129,4.064,0.7263,0.6779,0.7747,0.6495,0.6495,TAO,0.5039,0.3114,0.0223
1204,08747.wav,8746,3934876652,6.460,0.7262,0.6787,0.7737,0.5093,0.5093,LENT,0.4145,0.2695,0.0243
1205,03847.wav,3846,1703955184,5.879,0.7261,0.6486,0.8036,0.5846,0.5846,TAO,0.4780,-0.3993,-0.0156
1206,08202.wav,8201,3681160360,5.228,0.7261,0.6695,0.7827,0.6482,0.6482,TAO,0.6015,-0.1092,-0.0063
1207,02252.wav,2251,1001867543,6.877,0.7260,0.7009,0.7510,0.6178,0.6178,TAO,0.4602,-0.0061,0.0134
1208,02680.wav,2679,1184654576,3.703,0.7260,0.6618,0.7901,0.6745,0.6618,TAO,0.5731,0.7350,0.0345
1209,06614.wav,6613,2952589165,7.035,0.7260,0.6386,0.8133,0.5091,0.5091,TAO,0.5217,0.8101,0.0356
1210,04791.wav,4790,2130629940,4.897,0.7259,0.6654,0.7865,0.7624,0.6654,TAO,0.5874,-0.9252,-0.0436
1211,06140.wav,6139,2741181702,4.323,0.7259,0.6698,0.7820,0.7274,0.6698,TAO,0.5595,0.3251,0.0079
1212,06901.wav,6900,3083218323,7.987,0.7258,0.6379,0.8138,0.5600,0.5600,TAO,0.4142,0.4409,0.0330
1213,06597.wav,6596,2946010375,2.717,0.7257,0.6885,0.7629,0.5543,0.5543,TAO,0.5298,0.1730,0.0204
1214,08128.wav,8127,3655651622,6.784,0.7257,0.6623,0.7890,0.6682,0.6623,TAO,0.6053,-0.5830,-0.0232
1215,06113.wav,6112,2730697733,3.061,0.7256,0.6658,0.7854,0.6542,0.6542,TAO,0.6680,-0.1836,-0.0074
1216,04151.wav,4150,1836233455,5.703,0.7255,0.6488,0.8023,0.6285,0.6285,TAO,0.6017,0.5677,0.0344
1217,08915.wav,8914,4012408389,7.931,0.7255,0.6980,0.7529,0.4732,0.4732,TAO,0.4035,0.6194,0.0432
1218,04698.wav,4697,2086200691,3.182,0.7255,0.6625,0.7884,0.5915,0.5915,TAO,0.5183,0.0634,-0.0024
1219,06681.wav,6680,2983634701,3.904,0.7254,0.6464,0.8045,0.7169,0.6464,TAO,0.6099,-0.0355,-0.0105
1220,08052.wav,8051,3624660807,8.912,0.7254,0.6614,0.7893,0.5500,0.5500,ANCIENT,0.6613,0.0832,0.0105
1221,00250.wav,249,110398810,6.024,0.7252,0.6714,0.7790,0.7202,0.6714,TAO,0.6858,0.2055,0.0023
1222,08408.wav,8407,3777315463,4.030,0.7252,0.6805,0.7699,0.5474,0.5474,TAO,0.4113,0.5377,0.0368
1223,07058.wav,7057,3154878000,3.902,0.7252,0.7096,0.7407,0.5891,0.5891,TAO,0.4253,0.9596,0.0422
1224,06963.wav,6962,3112792139,7.750,0.7252,0.6948,0.7556,0.5307,0.5307,TAO,0.5006,-0.2438,0.0028
1225,07671.wav,7670,3448338476,3.626,0.7252,0.7022,0.7481,0.6011,0.6011,TAO,0.4734,1.0274,0.0507
1226,08488.wav,8487,3815174794,2.338,0.7251,0.6451,0.8052,0.6838,0.6451,TAO,0.5895,-0.9294,-0.0386
1227,05156.wav,5155,2295456553,6.910,0.7251,0.6802,0.7700,0.4609,0.4609,TAO,0.3537,1.1062,0.0570
1228,04360.wav,4359,1931446092,5.336,0.7251,0.6244,0.8258,0.6986,0.6244,TAO,0.5502,0.4489,0.0050
1229,02914.wav,2913,1292472144,7.935,0.7250,0.7265,0.7235,0.4844,0.4844,TAO,0.4065,0.9342,0.0542
1230,03617.wav,3616,1599217811,7.834,0.7250,0.6939,0.7561,0.5296,0.5296,TAO,0.5794,-0.1763,0.0021
1231,00697.wav,696,301011308,7.228,0.7250,0.6797,0.7703,0.5866,0.5866,TAO,0.6102,-0.5858,-0.0213
1232,06536.wav,6535,2914787266,8.176,0.7250,0.6681,0.7819,0.6298,0.6298,TAO,0.6075,0.0413,-0.0037
1233,03754.wav,3753,1656243723,6.092,0.7249,0.6381,0.8117,0.6941,0.6381,TAO,0.5614,0.0553,0.0012
1234,03104.wav,3103,1365575852,5.417,0.7249,0.6302,0.8195,0.6377,0.6302,TAO,0.5587,-0.5521,-0.0335
1235,08455.wav,8454,3798889321,4.762,0.7249,0.6431,0.8066,0.6356,0.6356,TAO,0.5550,-1.2586,-0.0585
1236,04583.wav,4582,2034554350,7.590,0.7248,0.6565,0.7931,0.6586,0.6565,TAO,0.5041,-0.7325,-0.0334
1237,00185.wav,184,76960717,2.968,0.7248,0.6498,0.7999,0.6940,0.6498,TAO,0.6256,0.3388,0.0108
1238,02544.wav,2543,1120029709,5.799,0.7248,0.6725,0.7772,0.5668,0.5668,TAO,0.4842,0.5686,0.0272
1239,04331.wav,4330,1915223208,2.635,0.7248,0.6698,0.7798,0.5151,0.5151,TAO,0.3572,0.5273,0.0294
1240,02038.wav,2037,908597522,9.319,0.7248,0.6609,0.7887,0.7537,0.6609,TAO,0.6387,-0.4978,-0.0316
1241,09408.wav,9407,4225212211,6.416,0.7247,0.6431,0.8063,0.5545,0.5545,TAO,0.4389,0.2533,0.0150
1242,07122.wav,7121,3187682091,4.168,0.7247,0.6948,0.7546,0.4729,0.4729,TAO,0.4420,0.3670,0.0284
1243,01546.wav,1545,681244653,5.405,0.7246,0.6669,0.7824,0.6749,0.6669,TAO,0.5990,-0.5558,-0.0225
1244,06364.wav,6363,2844407359,5.339,0.7246,0.6602,0.7891,0.7409,0.6602,TAO,0.6200,-0.2730,-0.0149
1245,08358.wav,8357,3750561036,5.207,0.7246,0.6458,0.8033,0.6651,0.6458,TAO,0.6185,-0.4760,-0.0296
1246,06618.wav,6617,2954266065,6.917,0.7245,0.6829,0.7662,0.6343,0.6343,TAO,0.6512,-0.0291,0.0048
1247,08073.wav,8072,3629937062,5.784,0.7245,0.6518,0.7972,0.7144,0.6518,TAO,0.6056,-0.9386,-0.0463
1248,05250.wav,5249,2337536499,2.496,0.7245,0.6765,0.7724,0.7244,0.6765,TAO,0.5164,0.1060,-0.0008
1249,03923.wav,3922,1735233476,4.461,0.7245,0.6533,0.7956,0.5567,0.5567,TAO,0.5906,-0.3017,0.0009
1250,04015.wav,4014,1782944937,8.003,0.7244,0.6639,0.7850,0.6607,0.6607,TAO,0.5979,-0.6886,-0.0257
1251,05417.wav,5416,2410746157,4.457,0.7244,0.6450,0.8039,0.7666,0.6450,TAO,0.5722,-0.7321,-0.0445
1252,01934.wav,1933,866853859,8.885,0.7244,0.6559,0.7929,0.5767,0.5767,TAO,0.4505,-0.9947,-0.0284
1253,00548.wav,547,232403776,4.885,0.7244,0.6927,0.7560,0.6005,0.6005,TAO,0.4084,0.6909,0.0390
1254,05226.wav,5225,2322771631,7.911,0.7243,0.6414,0.8072,0.5640,0.5640,TAO,0.4198,0.1597,0.0174
1255,05155.wav,5154,2295401832,5.496,0.7243,0.6981,0.7505,0.5950,0.5950,TAO,0.3963,0.4002,0.0311
1256,00976.wav,975,431319076,4.637,0.7242,0.6855,0.7630,0.5900,0.5900,TAO,0.4765,0.7009,0.0242
1257,08300.wav,8299,3724001132,5.844,0.7242,0.6664,0.7820,0.6168,0.6168,TAO,0.4448,-0.6159,-0.0274
1258,05200.wav,5199,2313595219,8.340,0.7242,0.6874,0.7611,0.4888,0.4888,TAO,0.5156,0.1319,0.0283
1259,08818.wav,8817,3964094187,10.779,0.7241,0.6488,0.7995,0.7176,0.6488,TAO,0.6141,-0.9613,-0.0494
1260,04397.wav,4396,1948495064,7.817,0.7241,0.6909,0.7573,0.5212,0.5212,TAO,0.3702,0.6820,0.0349
1261,08172.wav,8171,3673507112,7.430,0.7241,0.6609,0.7872,0.6300,0.6300,TAO,0.4892,-0.1568,-0.0037
1262,09054.wav,9053,4072831160,2.733,0.7241,0.7026,0.7455,0.6990,0.6990,TAO,0.5554,0.1426,0.0089
1263,03526.wav,3525,1560498601,5.474,0.7240,0.6491,0.7990,0.5261,0.5261,TAO,0.3986,0.2336,0.0135
1264,04648.wav,4647,2062149969,5.214,0.7240,0.6629,0.7852,0.7680,0.6629,TAO,0.6197,-0.0669,-0.0104
1265,04628.wav,4627,2053122995,6.484,0.7240,0.6635,0.7845,0.5706,0.5706,ANCIENT,0.5671,-0.2198,-0.0091
1266,04602.wav,4601,2037989805,2.293,0.7239,0.6611,0.7866,0.6486,0.6486,LENT,0.5701,0.4219,0.0247
1267,09025.wav,9024,4056314673,9.102,0.7239,0.6853,0.7625,0.5242,0.5242,PAT,0.4014,0.2873,0.0288
1268,01373.wav,1372,607408651,4.280,0.7239,0.6478,0.8000,0.6848,0.6478,TAO,0.6467,-1.0173,-0.0484
1269,08463.wav,8462,3803063083,4.431,0.7239,0.6510,0.7967,0.5309,0.5309,TAO,0.3969,0.2252,0.0161
1270,06434.wav,6433,2877329870,7.593,0.7239,0.6540,0.7937,0.5854,0.5854,TAO,0.4682,-0.8153,-0.0294
1271,08715.wav,8714,3919692736,3.444,0.7238,0.6548,0.7928,0.6934,0.6548,TAO,0.5547,-0.5019,-0.0296
1272,00105.wav,104,44302865,4.863,0.7238,0.6598,0.7877,0.5359,0.5359,TAO,0.4593,1.1000,0.0510
1273,03229.wav,3228,1419399178,4.776,0.7238,0.6981,0.7494,0.6401,0.6401,TAO,0.6144,-0.1946,-0.0082
1274,08375.wav,8374,3755150648,4.535,0.7237,0.6472,0.8002,0.7443,0.6472,TAO,0.7313,-0.0567,-0.0021
1275,08735.wav,8734,3931557575,3.688,0.7237,0.6384,0.8090,0.6958,0.6384,TAO,0.7008,0.2442,-0.0011
1276,01925.wav,1924,861111881,6.825,0.7237,0.7041,0.7432,0.4980,0.4980,TAO,0.4650,0.8717,0.0478
1277,03625.wav,3624,1600956368,4.241,0.7237,0.6831,0.7642,0.6122,0.6122,TAO,0.5143,0.1222,0.0106
1278,03213.wav,3212,1410431009,11.421,0.7236,0.6534,0.7939,0.7486,0.6534,TAO,0.5915,-0.3331,-0.0170
1279,02559.wav,2558,1122171311,3.153,0.7236,0.7276,0.7195,0.4470,0.4470,TAO,0.3916,0.9201,0.0461
1280,01911.wav,1910,855677589,4.016,0.7236,0.6732,0.7739,0.5643,0.5643,TAO,0.4715,0.3345,0.0191
1281,00768.wav,767,333705957,6.108,0.7236,0.6635,0.7836,0.6838,0.6635,TAO,0.6178,-0.1581,-0.0065
1282,05153.wav,5152,2295162950,5.088,0.7235,0.6643,0.7828,0.7507,0.6643,TAO,0.6238,0.3323,0.0087
1283,00086.wav,85,36898070,5.455,0.7235,0.6686,0.7785,0.4608,0.4608,TAO,0.3990,0.7788,0.0473
1284,02609.wav,2608,1144142088,4.591,0.7234,0.6664,0.7803,0.7055,0.6664,TAO,0.7256,-0.1602,-0.0111
1285,06104.wav,6103,2725023538,7.365,0.7233,0.6387,0.8080,0.6829,0.6387,TAO,0.6671,-0.7021,-0.0298
1286,06720.wav,6719,2997401461,9.511,0.7233,0.6610,0.7856,0.6095,0.6095,TAO,0.4299,-1.0056,-0.0378
1287,08282.wav,8281,3716760500,4.817,0.7232,0.6571,0.7894,0.7396,0.6571,TAO,0.5377,-0.8319,-0.0445
1288,04681.wav,4680,2076350692,5.859,0.7232,0.6720,0.7744,0.6163,0.6163,TAO,0.5701,-0.3502,-0.0125
1289,00578.wav,577,247701392,5.416,0.7231,0.6699,0.7764,0.5370,0.5370,PAT,0.4094,0.8404,0.0467
1290,02830.wav,2829,1247853677,7.947,0.7231,0.6406,0.8057,0.5790,0.5790,TAO,0.4336,-0.3612,-0.0038
1291,06557.wav,6556,2928814569,8.636,0.7231,0.6561,0.7901,0.6955,0.6561,TAO,0.5238,-0.8310,-0.0453
1292,01856.wav,1855,830171372,5.362,0.7230,0.6381,0.8080,0.6433,0.6381,TAO,0.4500,-0.7984,-0.0428
1293,08045.wav,8044,3622976971,9.136,0.7229,0.6406,0.8052,0.6554,0.6406,TAO,0.5540,-0.9008,-0.0384
1294,03360.wav,3359,1478005610,4.707,0.7229,0.7280,0.7178,0.6042,0.6042,TAO,0.4723,0.7231,0.0305
1295,03110.wav,3109,1369572239,8.047,0.7229,0.6535,0.7923,0.6466,0.6466,TAO,0.5084,-0.8899,-0.0435
1296,06295.wav,6294,2812149836,6.547,0.7229,0.6736,0.7721,0.6460,0.6460,TAO,0.5121,-0.4040,-0.0210
1297,05717.wav,5716,2546901803,6.558,0.7229,0.7270,0.7187,0.4698,0.4698,TAO,0.4028,1.0553,0.0621
1298,02965.wav,2964,1310997229,6.598,0.7229,0.6564,0.7893,0.5980,0.5980,TAO,0.4522,-0.9298,-0.0381
1299,04392.wav,4391,1946583366,7.406,0.7228,0.6498,0.7958,0.6100,0.6100,TAO,0.5267,-0.1226,0.0056
1300,00893.wav,892,396537546,8.400,0.7228,0.6722,0.7733,0.6312,0.6312,TAO,0.5905,-0.3625,-0.0104
1301,06156.wav,6155,2749061198,2.738,0.7227,0.6637,0.7816,0.5887,0.5887,TAO,0.4107,0.3950,0.0236
1302,04415.wav,4414,1955735696,8.844,0.7226,0.6565,0.7887,0.4613,0.4613,TAO,0.3884,0.4768,0.0322
1303,06123.wav,6122,2733893285,4.457,0.7226,0.6654,0.7798,0.6156,0.6156,TAO,0.3992,-0.0516,0.0004
1304,02140.wav,2139,951315790,5.917,0.7226,0.6644,0.7808,0.5569,0.5569,TAO,0.3760,-0.9279,-0.0353
1305,04461.wav,4460,1972326902,4.979,0.7226,0.6545,0.7907,0.5064,0.5064,TAO,0.3950,0.2009,0.0158
1306,08332.wav,8331,3732493291,7.303,0.7225,0.6449,0.8001,0.6267,0.6267,TAO,0.5172,-1.0302,-0.0469
1307,08039.wav,8038,3621047890,7.550,0.7225,0.6409,0.8041,0.6920,0.6409,TAO,0.5699,-0.8468,-0.0461
1308,04998.wav,4997,2216337360,6.152,0.7225,0.6267,0.8183,0.6009,0.6009,TAO,0.4757,0.2929,0.0116
1309,01383.wav,1382,609557189,4.235,0.7224,0.6736,0.7713,0.5306,0.5306,TAO,0.3930,0.6197,0.0387
1310,01514.wav,1513,664434563,5.611,0.7224,0.6482,0.7966,0.6292,0.6292,TAO,0.6129,-1.0219,-0.0372
1311,09018.wav,9017,4054398891,6.997,0.7223,0.6763,0.7684,0.5332,0.5332,TAO,0.4486,0.6421,0.0386
1312,01283.wav,1282,573052948,7.323,0.7223,0.6806,0.7641,0.5856,0.5856,TAO,0.4533,-0.6992,-0.0259
1313,01335.wav,1334,590879102,5.648,0.7222,0.6559,0.7885,0.6315,0.6315,TAO,0.5487,-0.7378,-0.0303
1314,00678.wav,677,295347591,7.805,0.7222,0.6470,0.7974,0.5783,0.5783,TAO,0.4483,-1.0711,-0.0504
1315,07578.wav,7577,3413379721,3.425,0.7222,0.7058,0.7385,0.5443,0.5443,TAO,0.5676,0.5123,0.0219
1316,03138.wav,3137,1378886690,7.678,0.7221,0.6386,0.8057,0.5685,0.5685,ANCIENT,0.6965,-0.0073,0.0030
1317,02471.wav,2470,1091402922,8.737,0.7221,0.6483,0.7959,0.5876,0.5876,TAO,0.4029,-0.8743,-0.0331
1318,06742.wav,6741,3008040683,7.335,0.7220,0.6981,0.7460,0.4774,0.4774,PAT,0.4198,0.6645,0.0310
1319,04936.wav,4935,2190828622,3.578,0.7220,0.7042,0.7398,0.5036,0.5036,TAO,0.4771,1.5381,0.0738
1320,07367.wav,7366,3308826509,7.828,0.7220,0.6640,0.7801,0.5332,0.5332,TAO,0.4665,0.2920,0.0219
1321,07163.wav,7162,3209645932,6.520,0.7220,0.6992,0.7448,0.6368,0.6368,TAO,0.5942,-0.2890,-0.0035
1322,07455.wav,7454,3353921667,6.323,0.7220,0.6608,0.7832,0.6026,0.6026,TAO,0.4073,-0.7093,-0.0201
1323,09473.wav,9472,4253257376,7.889,0.7220,0.6477,0.7963,0.7002,0.6477,TAO,0.6041,-0.3318,-0.0255
1324,05171.wav,5170,2301615659,6.463,0.7220,0.6534,0.7905,0.6271,0.6271,TAO,0.5564,-0.1001,-0.0110
1325,08797.wav,8796,3957011592,4.208,0.7219,0.7065,0.7372,0.5376,0.5376,TAO,0.4440,1.6066,0.0685
1326,01194.wav,1193,529034701,5.566,0.7219,0.6357,0.8080,0.5556,0.5556,TAO,0.5018,-0.1023,0.0016
1327,03611.wav,3610,1597826847,3.470,0.7218,0.6564,0.7873,0.6332,0.6332,TAO,0.3749,-0.2433,-0.0047
1328,00934.wav,933,412264068,7.041,0.7218,0.6712,0.7724,0.6610,0.6610,TAO,0.5203,0.0370,0.0106
1329,09497.wav,9496,4263531439,4.425,0.7218,0.6498,0.7937,0.7095,0.6498,TAO,0.5552,-1.2649,-0.0585
1330,08295.wav,8294,3722266990,4.490,0.7218,0.6749,0.7686,0.5265,0.5265,TAO,0.3896,0.9409,0.0386
1331,05998.wav,5997,2670819492,5.218,0.7217,0.6809,0.7626,0.5031,0.5031,TAO,0.3860,0.1412,0.0227
1332,00549.wav,548,233423645,7.689,0.7217,0.6688,0.7745,0.5636,0.5636,TAO,0.5107,-0.3147,-0.0006
1333,04686.wav,4685,2081070480,4.295,0.7216,0.6386,0.8046,0.7647,0.6386,TAO,0.5459,-0.3686,-0.0259
1334,01447.wav,1446,637803185,2.667,0.7216,0.6678,0.7754,0.5974,0.5974,TAO,0.5571,-0.0529,-0.0026
1335,02628.wav,2627,1152950178,5.993,0.7216,0.6806,0.7626,0.5810,0.5810,TAO,0.5044,0.9006,0.0437
1336,01444.wav,1443,635359530,7.726,0.7216,0.7044,0.7387,0.4483,0.4483,TAO,0.3777,1.1167,0.0572
1337,04742.wav,4741,2108280910,9.403,0.7215,0.6764,0.7667,0.4961,0.4961,TAO,0.5549,0.0960,0.0194
1338,07526.wav,7525,3389438441,7.756,0.7215,0.6730,0.7700,0.5090,0.5090,TAO,0.4429,0.2879,0.0269
1339,06957.wav,6956,3109877128,6.748,0.7215,0.6706,0.7723,0.6965,0.6706,TAO,0.7018,-0.1144,-0.0049
1340,02068.wav,2067,918369739,5.066,0.7215,0.6690,0.7739,0.5252,0.5252,TAO,0.3927,0.5682,0.0276
1341,01455.wav,1454,642525443,6.537,0.7214,0.6656,0.7773,0.5560,0.5560,LENT,0.4007,0.3692,0.0269
1342,08743.wav,8742,3933252946,2.080,0.7214,0.6443,0.7985,0.6506,0.6443,TAO,0.5479,1.0157,0.0374
1343,02337.wav,2336,1039049455,7.692,0.7214,0.6642,0.7786,0.6193,0.6193,TAO,0.5739,-0.5463,-0.0185
1344,04357.wav,4356,1929988076,6.032,0.7214,0.6853,0.7575,0.6954,0.6853,TAO,0.6005,0.5237,0.0295
1345,07907.wav,7906,3568079599,3.693,0.7214,0.6417,0.8011,0.5677,0.5677,TAO,0.4194,0.3993,0.0171
1346,06915.wav,6914,3088782055,4.079,0.7214,0.6582,0.7845,0.5540,0.5540,TAO,0.3719,0.1860,0.0152
1347,02562.wav,2561,1124683014,3.887,0.7213,0.6532,0.7895,0.7300,0.6532,TAO,0.6142,-0.3170,-0.0216
1348,02313.wav,2312,1022587689,8.112,0.7213,0.6509,0.7918,0.6295,0.6295,TAO,0.4547,-0.9371,-0.0383
1349,03102.wav,3101,1364589587,4.033,0.7213,0.7129,0.7297,0.5793,0.5793,TAO,0.4584,0.5575,0.0339
1350,00585.wav,584,251300747,8.202,0.7213,0.6434,0.7992,0.6871,0.6434,TAO,0.5850,-0.9574,-0.0485
1351,01912.wav,1911,855732310,3.899,0.7212,0.6842,0.7583,0.5227,0.5227,PAT,0.4280,0.7550,0.0469
1352,00503.wav,502,214897301,6.103,0.7212,0.7249,0.7176,0.4662,0.4662,TAO,0.4831,1.0612,0.0541
1353,02531.wav,2530,1115180039,5.980,0.7212,0.6145,0.8279,0.6641,0.6145,TAO,0.4131,-1.1474,-0.0551
1354,01049.wav,1048,460926594,6.767,0.7211,0.6494,0.7928,0.6227,0.6227,TAO,0.4776,-0.7200,-0.0293
1355,07009.wav,7008,3133320746,4.472,0.7210,0.6687,0.7734,0.6678,0.6678,TAO,0.4734,-0.8126,-0.0304
1356,02426.wav,2425,1070189708,9.683,0.7210,0.6301,0.8120,0.6087,0.6087,TAO,0.5814,-0.6590,-0.0374
1357,08031.wav,8030,3617400177,8.055,0.7210,0.6676,0.7744,0.5648,0.5648,TAO,0.4974,-0.2576,0.0007
1358,09080.wav,9079,4085519146,7.123,0.7210,0.6610,0.7809,0.5494,0.5494,TAO,0.4804,-0.6382,-0.0173
1359,04503.wav,4502,1995609320,4.532,0.7209,0.6380,0.8037,0.7388,0.6380,TAO,0.5673,-0.4633,-0.0261
1360,05236.wav,5235,2326412645,6.934,0.7209,0.6565,0.7852,0.6827,0.6565,TAO,0.6291,-0.3960,-0.0197
1361,07845.wav,7844,3536788245,4.068,0.7208,0.6517,0.7900,0.7158,0.6517,TAO,0.6726,0.2696,-0.0012
1362,05461.wav,5460,2427342767,7.508,0.7208,0.6901,0.7516,0.5212,0.5212,TAO,0.4294,0.8970,0.0519
1363,05107.wav,5106,2271276391,2.640,0.7208,0.6797,0.7620,0.7359,0.6797,TAO,0.5725,0.3140,0.0112
1364,03086.wav,3085,1356915913,4.695,0.7208,0.6837,0.7579,0.5176,0.5176,TAO,0.3932,0.1530,0.0218
1365,09365.wav,9364,4208402121,7.344,0.7208,0.6555,0.7860,0.4994,0.4994,TAO,0.3882,0.9870,0.0521
1366,08739.wav,8738,3933015591,3.385,0.7208,0.6568,0.7848,0.6894,0.6568,TAO,0.5727,0.1902,0.0102
1367,09450.wav,9449,4241663978,5.730,0.7207,0.6524,0.7890,0.5710,0.5710,TAO,0.4832,0.7322,0.0361
1368,02464.wav,2463,1088780014,4.370,0.7207,0.6993,0.7421,0.4738,0.4738,TAO,0.4828,0.9974,0.0588
1369,08268.wav,8267,3710678434,9.723,0.7206,0.6560,0.7853,0.7378,0.6560,TAO,0.5883,-1.0616,-0.0522
1370,07756.wav,7755,3492211437,6.393,0.7206,0.6431,0.7980,0.6194,0.6194,TAO,0.5075,-0.9401,-0.0450
1371,04292.wav,4291,1901195232,4.276,0.7205,0.6632,0.7779,0.6141,0.6141,TAO,0.4304,0.3347,0.0167
1372,08794.wav,8793,3956790024,6.275,0.7205,0.6414,0.7997,0.5609,0.5609,TAO,0.4291,-0.7030,-0.0290
1373,06760.wav,6759,3014816613,4.065,0.7205,0.6353,0.8056,0.6258,0.6258,TAO,0.5186,-0.7084,-0.0263
1374,01996.wav,1995,891938533,4.318,0.7205,0.6582,0.7827,0.7207,0.6582,TAO,0.5748,0.2889,0.0076
1375,08600.wav,8599,3869084309,2.452,0.7205,0.6735,0.7674,0.6103,0.6103,TAO,0.4512,1.0554,0.0418
1376,05095.wav,5094,2266026260,4.234,0.7204,0.6819,0.7590,0.4985,0.4985,TAO,0.4149,1.0849,0.0599
1377,07729.wav,7728,3477707112,8.531,0.7204,0.6432,0.7977,0.6371,0.6371,TAO,0.4842,-0.5612,-0.0205
1378,02543.wav,2542,1119961926,2.383,0.7204,0.6876,0.7532,0.7000,0.6876,TAO,0.5309,0.8904,0.0391
1379,08025.wav,8024,3615442736,3.492,0.7204,0.6453,0.7956,0.5970,0.5970,TAO,0.4175,-0.3757,-0.0117
1380,08516.wav,8515,3826778543,7.706,0.7204,0.6644,0.7764,0.6878,0.6644,TAO,0.6502,-0.1930,-0.0084
1381,07494.wav,7493,3373031396,6.409,0.7204,0.6584,0.7824,0.6875,0.6584,TAO,0.6532,-0.0970,-0.0029
1382,08415.wav,8414,3778882921,3.901,0.7203,0.6432,0.7974,0.5369,0.5369,TAO,0.4472,0.3397,0.0241
1383,06507.wav,6506,2903303310,4.737,0.7203,0.6364,0.8041,0.6299,0.6299,TAO,0.5923,0.5876,0.0185
1384,06092.wav,6091,2719521463,7.267,0.7202,0.6914,0.7491,0.5321,0.5321,TAO,0.4374,0.5700,0.0331
1385,08169.wav,8168,3672536431,9.262,0.7202,0.6439,0.7964,0.7173,0.6439,TAO,0.5139,-0.0362,-0.0084
1386,08676.wav,8675,3906062920,9.403,0.7201,0.6939,0.7462,0.5481,0.5481,TAO,0.4810,-0.8015,-0.0206
1387,08123.wav,8122,3654741195,4.929,0.7200,0.6582,0.7818,0.7071,0.6582,TAO,0.6008,-0.2716,-0.0220
1388,01256.wav,1255,559936072,4.544,0.7200,0.7002,0.7398,0.6149,0.6149,TAO,0.5718,-0.3907,-0.0055
1389,07944.wav,7943,3577015602,6.055,0.7200,0.7264,0.7136,0.4853,0.4853,TAO,0.3745,1.3064,0.0723
1390,07237.wav,7236,3242320583,6.707,0.7200,0.6603,0.7796,0.6483,0.6483,TAO,0.6439,-0.6881,-0.0247
1391,07324.wav,7323,3285213555,9.744,0.7200,0.7005,0.7394,0.4535,0.4535,TAO,0.4022,0.7854,0.0518
1392,04507.wav,4506,1998440971,8.897,0.7199,0.6668,0.7730,0.6156,0.6156,TAO,0.4599,-0.4128,-0.0056
1393,05203.wav,5202,2313781901,3.555,0.7199,0.6669,0.7729,0.7926,0.6669,TAO,0.5363,-0.4147,-0.0200
1394,07094.wav,7093,3173183350,9.051,0.7199,0.6461,0.7937,0.6403,0.6403,TAO,0.4279,-0.8077,-0.0433
1395,08331.wav,8330,3732458114,3.430,0.7199,0.6610,0.7788,0.6310,0.6310,TAO,0.5183,0.0080,0.0045
1396,02174.wav,2173,965636496,8.842,0.7199,0.6431,0.7967,0.6075,0.6075,TAO,0.4392,-0.6389,-0.0284
1397,05726.wav,5725,2548762864,8.035,0.7199,0.6904,0.7493,0.4667,0.4667,ANCIENT,0.4621,0.1640,0.0191
1398,03375.wav,3374,1485204583,5.754,0.7198,0.6847,0.7550,0.5919,0.5919,TAO,0.5187,-0.3429,-0.0027
1399,02423.wav,2422,1069142694,10.990,0.7197,0.6877,0.7517,0.5332,0.5332,TAO,0.4954,-0.1277,0.0095
1400,08016.wav,8015,3606851488,3.794,0.7197,0.6577,0.7818,0.6455,0.6455,TAO,0.5559,-0.4873,-0.0194
1401,00978.wav,977,431386859,5.529,0.7196,0.6579,0.7814,0.6562,0.6562,TAO,0.5756,-0.5161,-0.0227
1402,07586.wav,7585,3415350224,4.532,0.7196,0.7161,0.7231,0.5537,0.5537,TAO,0.4075,0.8593,0.0420
1403,02386.wav,2385,1053099077,5.777,0.7195,0.6629,0.7761,0.4924,0.4924,TAO,0.3529,-0.0857,0.0074
1404,01240.wav,1239,552627657,2.736,0.7195,0.7294,0.7097,0.5756,0.5756,TAO,0.4903,0.9792,0.0431
1405,05664.wav,5663,2520915301,6.938,0.7195,0.6867,0.7523,0.4750,0.4750,TAO,0.4414,0.8606,0.0515
1406,07342.wav,7341,3294863119,5.349,0.7195,0.7322,0.7067,0.5538,0.5538,PAT,0.3745,1.2379,0.0645
1407,09206.wav,9205,4140471239,4.703,0.7194,0.6469,0.7919,0.6853,0.6469,TAO,0.6190,-0.7735,-0.0429
1408,02775.wav,2774,1225047623,2.669,0.7194,0.6546,0.7841,0.7032,0.6546,TAO,0.5089,0.4202,0.0102
1409,08538.wav,8537,3837434632,4.510,0.7194,0.6827,0.7560,0.5926,0.5926,TAO,0.6081,0.5034,0.0261
1410,04542.wav,4541,2016888554,9.798,0.7193,0.6505,0.7881,0.6846,0.6505,TAO,0.6662,-0.1460,-0.0181
1411,03932.wav,3931,1737039816,2.594,0.7193,0.6435,0.7950,0.6806,0.6435,TAO,0.6092,0.3523,0.0172
1412,04661.wav,4660,2067713701,2.851,0.7193,0.6382,0.8003,0.6390,0.6382,TAO,0.5024,0.0484,0.0030
1413,03761.wav,3760,1661506916,7.349,0.7192,0.6562,0.7822,0.6866,0.6562,TAO,0.5961,-0.3762,-0.0197
1414,05621.wav,5620,2498855080,6.470,0.7192,0.6727,0.7656,0.5492,0.5492,TAO,0.3662,0.8739,0.0464
1415,02407.wav,2406,1063161834,3.377,0.7192,0.7220,0.7163,0.5308,0.5308,TAO,0.4522,0.6218,0.0385
1416,06175.wav,6174,2758053449,6.821,0.7191,0.6842,0.7540,0.7210,0.6842,TAO,0.5694,0.2341,0.0031
1417,06118.wav,6117,2732209449,5.173,0.7190,0.6646,0.7734,0.6042,0.6042,TAO,0.5753,-0.6927,-0.0262
1418,05622.wav,5621,2498964522,6.620,0.7190,0.6528,0.7852,0.5253,0.5253,TAO,0.5349,0.0807,0.0125
1419,01223.wav,1222,544280875,4.369,0.7189,0.6581,0.7797,0.6539,0.6539,TAO,0.6719,0.1123,0.0039
1420,08553.wav,8552,3845272469,5.872,0.7189,0.6493,0.7886,0.5029,0.5029,TAO,0.3991,0.6195,0.0320
1421,07392.wav,7391,3317798762,4.715,0.7189,0.6463,0.7915,0.5042,0.5042,TAO,0.3752,0.0727,0.0140
1422,08753.wav,8752,3938052964,9.308,0.7189,0.6424,0.7953,0.6790,0.6424,TAO,0.5862,-0.8254,-0.0451
1423,00131.wav,130,53912236,4.480,0.7189,0.6568,0.7809,0.5269,0.5269,TAO,0.4459,1.0575,0.0619
1424,04378.wav,4377,1939089769,4.101,0.7189,0.6557,0.7820,0.5971,0.5971,TAO,0.4380,0.4105,0.0247
1425,00921.wav,920,406095720,6.147,0.7188,0.6747,0.7630,0.5228,0.5228,TAO,0.4243,0.7905,0.0451
1426,03134.wav,3133,1377258596,7.298,0.7188,0.6430,0.7945,0.7258,0.6430,TAO,0.5563,-1.1194,-0.0428
1427,07171.wav,7170,3211329768,2.571,0.7188,0.6394,0.7981,0.6645,0.6394,TAO,0.5001,-0.1243,-0.0004
1428,07166.wav,7165,3209995277,7.112,0.7187,0.6350,0.8025,0.6233,0.6233,TAO,0.4948,-0.9547,-0.0359
1429,04649.wav,4648,2062169967,3.819,0.7187,0.6665,0.7709,0.7173,0.6665,TAO,0.5443,0.1997,0.0013
1430,04169.wav,4168,1850834160,2.465,0.7187,0.6832,0.7542,0.5869,0.5869,TAO,0.6263,-0.1442,-0.0001
1431,06520.wav,6519,2908511782,5.809,0.7187,0.6639,0.7734,0.6080,0.6080,TAO,0.5713,-0.2169,-0.0096
1432,07137.wav,7136,3194977444,2.800,0.7187,0.6908,0.7466,0.7089,0.6908,TAO,0.5107,0.1402,0.0049
1433,08634.wav,8633,3885262471,7.413,0.7186,0.6841,0.7531,0.5531,0.5531,TAO,0.4522,1.0072,0.0499
1434,04448.wav,4447,1968184800,6.236,0.7186,0.6629,0.7744,0.6252,0.6252,TAO,0.5927,-0.3378,-0.0099
1435,05151.wav,5150,2294807690,8.171,0.7186,0.6431,0.7942,0.6693,0.6431,TAO,0.5896,-0.5303,-0.0248
1436,00093.wav,92,42051821,4.722,0.7186,0.6541,0.7831,0.7156,0.6541,TAO,0.6675,-0.3570,-0.0153
1437,01249.wav,1248,554782321,7.069,0.7186,0.6750,0.7622,0.5053,0.5053,PAT,0.3646,0.9385,0.0464
1438,04505.wav,4504,1997947603,5.738,0.7186,0.6299,0.8072,0.5788,0.5788,TAO,0.3952,-0.7931,-0.0376
1439,06772.wav,6771,3018618316,2.761,0.7185,0.6336,0.8035,0.5786,0.5786,TAO,0.5361,0.5455,0.0154
1440,03602.wav,3601,1592148278,2.387,0.7185,0.6550,0.7820,0.6190,0.6190,TAO,0.4903,0.5904,0.0349
1441,05456.wav,5455,2425586286,4.687,0.7185,0.6426,0.7944,0.7332,0.6426,TAO,0.6352,-0.4420,-0.0242
1442,07959.wav,7958,3586402426,2.694,0.7185,0.6602,0.7768,0.6958,0.6602,TAO,0.6446,0.6057,0.0218
1443,00601.wav,600,256685144,7.832,0.7185,0.6827,0.7542,0.5913,0.5913,TAO,0.5191,-0.0628,-0.0015
1444,00516.wav,515,222302096,4.664,0.7184,0.6754,0.7614,0.5307,0.5307,ANCIENT,0.3953,0.4327,0.0349
1445,03676.wav,3675,1621688013,5.387,0.7184,0.6603,0.7765,0.5674,0.5674,TAO,0.4696,0.9042,0.0538
1446,08315.wav,8314,3729042920,7.453,0.7183,0.6492,0.7873,0.6573,0.6492,TAO,0.6226,-0.9281,-0.0414
1447,00857.wav,856,378186385,7.786,0.7183,0.6426,0.7939,0.4871,0.4871,TAO,0.3925,0.5300,0.0346
1448,05895.wav,5894,2633365155,4.472,0.7182,0.6567,0.7798,0.7307,0.6567,TAO,0.5760,-0.0668,0.0030
1449,01908.wav,1907,854689186,7.015,0.7182,0.6836,0.7529,0.5052,0.5052,TAO,0.4499,0.6138,0.0358
1450,01997.wav,1996,892403235,6.282,0.7182,0.6678,0.7686,0.5273,0.5273,TAO,0.3853,0.1413,0.0199
1451,05515.wav,5514,2451430286,5.194,0.7182,0.6367,0.7997,0.5595,0.5595,TAO,0.4355,0.2484,0.0142
1452,03475.wav,3474,1538925501,5.519,0.7182,0.6480,0.7884,0.6378,0.6378,TAO,0.5956,-0.3856,-0.0099
1453,02265.wav,2264,1007877000,6.522,0.7181,0.6662,0.7701,0.7850,0.6662,TAO,0.6577,-0.7731,-0.0399
1454,01342.wav,1341,595130646,4.560,0.7181,0.6506,0.7857,0.7730,0.6506,TAO,0.5779,0.1145,0.0017
1455,06079.wav,6078,2711940432,3.074,0.7181,0.6801,0.7562,0.6019,0.6019,TAO,0.5116,0.1516,0.0130
1456,00509.wav,508,220441035,4.137,0.7181,0.7105,0.7257,0.5106,0.5106,TAO,0.4579,0.4273,0.0356
1457,01024.wav,1023,449880785,5.961,0.7181,0.7133,0.7228,0.5229,0.5229,TAO,0.4258,0.7105,0.0481
1458,06330.wav,6329,2830219698,5.244,0.7180,0.6680,0.7681,0.6420,0.6420,TAO,0.6115,-0.4497,-0.0145
1459,01193.wav,1192,528979980,4.783,0.7180,0.7243,0.7118,0.5063,0.5063,TAO,0.3304,1.1938,0.0601
1460,02479.wav,2478,1094651432,12.262,0.7180,0.6591,0.7769,0.7042,0.6591,TAO,0.5038,-0.4702,-0.0182
1461,05583.wav,5582,2482373316,5.352,0.7180,0.6581,0.7779,0.6877,0.6581,TAO,0.6443,-0.1411,-0.0023
1462,05946.wav,5945,2653035535,6.156,0.7180,0.6715,0.7644,0.6115,0.6115,TAO,0.4850,-0.3771,-0.0073
1463,03508.wav,3507,1554853761,2.887,0.7180,0.6458,0.7902,0.7043,0.6458,TAO,0.6393,0.0334,0.0007
1464,06256.wav,6255,2798175954,4.552,0.7180,0.6362,0.7997,0.6672,0.6362,TAO,0.5144,-0.4744,-0.0193
1465,08504.wav,8503,3822940043,7.099,0.7180,0.6477,0.7883,0.6823,0.6477,TAO,0.6416,-0.9450,-0.0479
1466,08875.wav,8874,3997414638,3.051,0.7179,0.6623,0.7736,0.6609,0.6609,TAO,0.5354,0.3397,0.0030
1467,06073.wav,6072,2710061447,2.451,0.7179,0.6485,0.7874,0.6598,0.6485,LENT,0.5819,-0.4372,-0.0125
1468,08248.wav,8247,3703069480,7.586,0.7179,0.6504,0.7854,0.7030,0.6504,TAO,0.6684,-0.9130,-0.0487
1469,04520.wav,4519,2007104017,3.403,0.7179,0.6676,0.7681,0.7321,0.6676,TAO,0.6008,-0.2348,-0.0120
1470,03319.wav,3318,1459226575,4.562,0.7178,0.6317,0.8039,0.5552,0.5552,LENT,0.5893,0.1007,0.0110
1471,03593.wav,3592,1587964517,8.807,0.7178,0.6408,0.7948,0.6869,0.6408,TAO,0.4988,-1.0508,-0.0518
1472,04480.wav,4479,1984994890,7.954,0.7177,0.6387,0.7967,0.6195,0.6195,TAO,0.5535,-0.6012,-0.0238
1473,01042.wav,1041,457176138,4.382,0.7177,0.6416,0.7938,0.5122,0.5122,TAO,0.3814,0.1295,0.0204
1474,02102.wav,2101,936364240,5.821,0.7177,0.6504,0.7850,0.5274,0.5274,TAO,0.4344,0.6743,0.0386
1475,03425.wav,3424,1509132801,5.704,0.7177,0.6556,0.7798,0.5584,0.5584,TAO,0.4211,0.1793,0.0138
1476,07956.wav,7955,3585227184,5.722,0.7176,0.6373,0.7980,0.6398,0.6373,TAO,0.4804,-1.0853,-0.0551
1477,05956.wav,5955,2656437667,12.464,0.7176,0.6459,0.7893,0.7133,0.6459,TAO,0.5765,-1.2508,-0.0632
1478,05219.wav,5218,2320910570,5.492,0.7176,0.7159,0.7193,0.4872,0.4872,TAO,0.3356,0.9726,0.0515
1479,09356.wav,9355,4206492465,8.395,0.7176,0.6465,0.7887,0.7396,0.6465,TAO,0.5754,-0.9281,-0.0493
1480,06410.wav,6409,2862510281,5.837,0.7175,0.6597,0.7754,0.6286,0.6286,TAO,0.6219,-0.5313,-0.0194
1481,05365.wav,5364,2382508132,9.538,0.7175,0.6844,0.7505,0.7106,0.6844,TAO,0.6977,-0.3778,-0.0105
1482,04462.wav,4461,1972381623,3.469,0.7174,0.6802,0.7546,0.6961,0.6802,TAO,0.6362,-0.1761,-0.0050
1483,08482.wav,8481,3810481961,5.970,0.7174,0.6155,0.8193,0.6524,0.6155,TAO,0.4380,-0.8125,-0.0265
1484,08321.wav,8320,3729378182,6.923,0.7174,0.7006,0.7341,0.5099,0.5099,TAO,0.4684,0.9912,0.0523
1485,09147.wav,9146,4113114765,7.912,0.7173,0.6476,0.7871,0.5074,0.5074,TAO,0.5314,-0.1760,0.0043
1486,00469.wav,468,201611847,7.942,0.7173,0.6579,0.7767,0.7115,0.6579,TAO,0.5930,-0.9630,-0.0492
1487,03950.wav,3949,1746499832,5.407,0.7173,0.6282,0.8064,0.5481,0.5481,TAO,0.4346,0.1555,0.0117
1488,02452.wav,2451,1081614101,3.266,0.7173,0.6571,0.7776,0.7470,0.6571,TAO,0.6926,0.1815,0.0088
1489,04989.wav,4988,2213196529,7.314,0.7172,0.6400,0.7944,0.6407,0.6400,TAO,0.4302,-0.6750,-0.0243
1490,01786.wav,1785,800703193,9.326,0.7172,0.6644,0.7699,0.5792,0.5792,TAO,0.4530,-0.3492,-0.0048
1491,01729.wav,1728,769814884,4.485,0.7172,0.6919,0.7424,0.6126,0.6126,TAO,0.5588,0.2117,0.0244
1492,09176.wav,9175,4127587530,5.563,0.7171,0.6815,0.7528,0.6768,0.6768,TAO,0.5486,-0.0791,-0.0059
1493,05334.wav,5333,2370691435,7.623,0.7171,0.6545,0.7798,0.6338,0.6338,TAO,0.4563,-1.0483,-0.0483
1494,02166.wav,2165,963926536,9.055,0.7171,0.6450,0.7892,0.6570,0.6450,TAO,0.6322,-0.3145,-0.0134
1495,05994.wav,5993,2669832563,7.647,0.7171,0.6602,0.7740,0.5641,0.5641,TAO,0.6033,0.6128,0.0317
1496,08494.wav,8493,3819470128,4.814,0.7170,0.6519,0.7822,0.6481,0.6481,TAO,0.7200,0.2774,0.0053
1497,08795.wav,8794,3956949935,10.874,0.7170,0.6541,0.7800,0.7809,0.6541,TAO,0.6174,-0.3140,-0.0154
1498,04100.wav,4099,1815652648,11.409,0.7170,0.6395,0.7946,0.7412,0.6395,TAO,0.6961,-0.3920,-0.0246
1499,04363.wav,4362,1931981098,6.908,0.7169,0.6353,0.7985,0.6025,0.6025,TAO,0.4343,-1.0911,-0.0551
1500,06515.wav,6514,2904651884,6.593,0.7169,0.6444,0.7894,0.5685,0.5685,LENT,0.4459,-0.0943,0.0020
1501,09391.wav,9390,4217332715,6.662,0.7169,0.6512,0.7825,0.5946,0.5946,TAO,0.5418,-0.4006,-0.0149
1502,09248.wav,9247,4160758443,5.430,0.7169,0.6535,0.7802,0.5685,0.5685,TAO,0.4143,-0.1229,0.0078
1503,00251.wav,250,110416194,9.885,0.7168,0.6471,0.7865,0.7030,0.6471,TAO,0.6640,-0.7081,-0.0388
1504,02617.wav,2616,1146003149,3.797,0.7168,0.6559,0.7778,0.6501,0.6501,TAO,0.6609,-0.0546,-0.0073
1505,01369.wav,1368,606471079,6.669,0.7168,0.6757,0.7579,0.6129,0.6129,TAO,0.4609,-0.4341,-0.0037
1506,00448.wav,447,194316494,4.752,0.7168,0.6381,0.7955,0.6210,0.6210,TAO,0.5673,-0.8069,-0.0361
1507,09072.wav,9071,4083486986,5.990,0.7167,0.6371,0.7964,0.6797,0.6371,TAO,0.5742,-0.5250,-0.0308
1508,00461.wav,460,196683916,6.467,0.7167,0.6783,0.7551,0.4772,0.4772,PAT,0.4390,1.0138,0.0505
1509,01016.wav,1015,448293329,3.520,0.7167,0.6516,0.7817,0.6698,0.6516,TAO,0.4516,-0.0488,-0.0011
1510,02693.wav,2692,1188735500,8.154,0.7166,0.6303,0.8029,0.5953,0.5953,TAO,0.4439,-0.9961,-0.0413
1511,03201.wav,3200,1404463211,4.854,0.7166,0.6626,0.7706,0.6636,0.6626,TAO,0.5785,-0.7960,-0.0278
1512,05557.wav,5556,2473339406,8.729,0.7166,0.6413,0.7919,0.6835,0.6413,TAO,0.6045,-0.4341,-0.0158
1513,02970.wav,2969,1314620146,6.663,0.7166,0.6506,0.7826,0.6385,0.6385,TAO,0.5401,-0.2152,-0.0051
1514,09009.wav,9008,4052517832,7.084,0.7165,0.6546,0.7785,0.5146,0.5146,TAO,0.3980,0.7522,0.0439
1515,08832.wav,8831,3973473358,5.677,0.7165,0.6383,0.7948,0.6010,0.6010,TAO,0.5697,-0.1886,0.0034
1516,07503.wav,7502,3374837736,9.612,0.7165,0.6781,0.7550,0.4587,0.4587,TAO,0.4575,0.4353,0.0342
1517,02942.wav,2941,1299951658,3.390,0.7165,0.6867,0.7464,0.6180,0.6180,TAO,0.4708,0.6848,0.0399
1518,03821.wav,3820,1691269719,5.406,0.7165,0.6507,0.7823,0.6190,0.6190,TAO,0.4663,-0.9310,-0.0425
1519,01829.wav,1828,815219822,8.465,0.7165,0.6928,0.7402,0.4962,0.4962,TAO,0.5616,0.1637,0.0267
1520,02504.wav,2503,1102989231,2.536,0.7165,0.6719,0.7611,0.5517,0.5517,TAO,0.5063,0.4809,0.0244
1521,08820.wav,8819,3964361666,6.360,0.7164,0.6600,0.7728,0.4694,0.4694,PAT,0.3793,0.1767,0.0165
1522,09276.wav,9275,4171523711,6.456,0.7164,0.6335,0.7992,0.6595,0.6335,TAO,0.5429,-0.6961,-0.0407
1523,07214.wav,7213,3230110361,3.585,0.7164,0.6602,0.7725,0.6632,0.6602,TAO,0.5181,0.2513,0.0165
1524,04894.wav,4893,2173683270,9.713,0.7163,0.6719,0.7607,0.6430,0.6430,TAO,0.6483,-0.2186,-0.0024
1525,00061.wav,60,25576993,5.755,0.7163,0.6649,0.7676,0.7305,0.6649,TAO,0.5870,0.3116,0.0114
1526,06726.wav,6725,3000635888,7.453,0.7163,0.6566,0.7760,0.5353,0.5353,TAO,0.4021,-0.0767,0.0097
1527,09249.wav,9248,4160813164,3.545,0.7162,0.6809,0.7515,0.5783,0.5783,TAO,0.4772,1.2523,0.0492
1528,04790.wav,4789,2129577460,7.132,0.7162,0.6338,0.7986,0.7092,0.6338,TAO,0.6253,-1.0057,-0.0520
1529,08090.wav,8089,3641286736,3.263,0.7162,0.6810,0.7515,0.5025,0.5025,TAO,0.3455,0.7682,0.0397
1530,02703.wav,2702,1193585170,6.996,0.7162,0.6414,0.7910,0.6405,0.6405,TAO,0.5536,-0.1581,-0.0104
1531,02104.wav,2103,936473682,2.608,0.7162,0.6918,0.7406,0.6293,0.6293,TAO,0.4086,0.8396,0.0301
1532,01329.wav,1328,587292809,6.848,0.7162,0.6864,0.7459,0.4888,0.4888,TAO,0.3992,0.9383,0.0563
1533,00440.wav,439,190663918,8.634,0.7162,0.6804,0.7519,0.6296,0.6296,TAO,0.5122,0.2752,0.0104
1534,08490.wav,8489,3816853825,6.226,0.7161,0.6368,0.7953,0.6954,0.6368,TAO,0.5927,-0.6684,-0.0408
1535,07714.wav,7713,3470473416,4.812,0.7160,0.6606,0.7714,0.5541,0.5541,TAO,0.4143,0.6573,0.0341
1536,04970.wav,4969,2199581991,6.898,0.7160,0.6789,0.7530,0.4758,0.4758,TAO,0.4404,0.5109,0.0359
1537,08562.wav,8561,3850577321,9.737,0.7158,0.7122,0.7194,0.4148,0.4148,TAO,0.3880,0.9790,0.0586
1538,00232.wav,231,99775402,9.496,0.7158,0.6966,0.7350,0.5717,0.5717,TAO,0.5090,0.2861,0.0157
1539,08481.wav,8480,3810242058,8.079,0.7158,0.6458,0.7857,0.6874,0.6458,TAO,0.6153,-0.3615,-0.0207
1540,09282.wav,9281,4177404370,12.777,0.7157,0.6944,0.7370,0.4743,0.4743,TAO,0.3981,0.8070,0.0534
1541,08806.wav,8805,3960187904,9.707,0.7157,0.6450,0.7863,0.6169,0.6169,TAO,0.5313,-1.5048,-0.0635
1542,07991.wav,7990,3598331086,6.009,0.7157,0.6798,0.7515,0.6634,0.6634,TAO,0.6825,0.0233,0.0051
1543,09163.wav,9162,4120225957,7.348,0.7156,0.6940,0.7373,0.5130,0.5130,TAO,0.4871,0.2165,0.0314
1544,01521.wav,1520,665791084,8.588,0.7155,0.7146,0.7164,0.4977,0.4977,TAO,0.4164,0.8453,0.0538
1545,05539.wav,5538,2466085712,8.412,0.7155,0.6701,0.7609,0.4942,0.4942,TAO,0.5049,0.4464,0.0342
1546,08961.wav,8960,4030328171,4.502,0.7155,0.7175,0.7134,0.4945,0.4945,TAO,0.4198,1.2712,0.0717
1547,08428.wav,8427,3784036672,7.691,0.7154,0.6461,0.7847,0.6688,0.6461,TAO,0.5670,-0.9888,-0.0356
1548,02116.wav,2115,941798532,2.672,0.7154,0.6711,0.7597,0.5890,0.5890,TAO,0.4796,1.2006,0.0528
1549,03830.wav,3829,1696756211,4.304,0.7153,0.6384,0.7923,0.6177,0.6177,TAO,0.4494,0.2623,0.0157
1550,00104.wav,103,44063983,4.313,0.7152,0.6162,0.8142,0.7182,0.6162,TAO,0.6264,-0.3975,-0.0241
1551,05936.wav,5935,2651455015,5.072,0.7152,0.6998,0.7306,0.4767,0.4767,TAO,0.4288,0.7518,0.0425
1552,09294.wav,9293,4181025386,9.033,0.7152,0.6335,0.7969,0.6858,0.6335,TAO,0.5825,-0.7581,-0.0318
1553,02960.wav,2959,1308103013,6.169,0.7152,0.6763,0.7540,0.5182,0.5182,TAO,0.4117,0.7146,0.0458
1554,07170.wav,7169,3211036045,8.128,0.7151,0.6796,0.7507,0.5076,0.5076,TAO,0.4570,-0.1238,0.0080
1555,03457.wav,3456,1531054983,6.323,0.7151,0.6444,0.7859,0.7005,0.6444,TAO,0.5546,-0.7567,-0.0417
1556,03257.wav,3256,1428793494,7.622,0.7151,0.6716,0.7586,0.4541,0.4541,TAO,0.4881,0.4635,0.0372
1557,01771.wav,1770,789539983,7.243,0.7151,0.6592,0.7709,0.5577,0.5577,LENT,0.5512,-0.6971,-0.0149
1558,02592.wav,2591,1138175311,3.247,0.7151,0.6696,0.7605,0.5263,0.5263,TAO,0.3828,0.7149,0.0369
1559,07046.wav,7045,3148170317,3.095,0.7150,0.6484,0.7817,0.6430,0.6430,TAO,0.5307,0.0413,0.0038
1560,05419.wav,5418,2416362089,5.331,0.7150,0.6896,0.7405,0.5029,0.5029,TAO,0.4395,0.4372,0.0360
1561,02525.wav,2524,1112502410,4.323,0.7150,0.7245,0.7055,0.4525,0.4525,TAO,0.4333,1.0167,0.0599
1562,03716.wav,3715,1637523977,5.386,0.7150,0.6289,0.8012,0.6444,0.6289,TAO,0.5721,-0.6208,-0.0338
1563,08096.wav,8095,3642801994,9.901,0.7150,0.6420,0.7881,0.8136,0.6420,TAO,0.6008,-0.4545,-0.0315
1564,08852.wav,8851,3985654983,4.014,0.7150,0.6478,0.7822,0.6175,0.6175,TAO,0.3803,-0.5454,-0.0192
1565,09516.wav,9515,4268965731,7.180,0.7150,0.6475,0.7825,0.6709,0.6475,TAO,0.5721,-1.0295,-0.0538
1566,02202.wav,2201,977901439,4.547,0.7149,0.6557,0.7742,0.6196,0.6196,TAO,0.4182,-0.5737,-0.0244
1567,01106.wav,1105,486338952,8.128,0.7149,0.6276,0.8021,0.6390,0.6276,TAO,0.5741,-0.9581,-0.0487
1568,07851.wav,7850,3538863569,2.818,0.7149,0.6560,0.7737,0.6617,0.6560,TAO,0.5093,0.2015,0.0067
1569,06337.wav,6336,2831424749,4.927,0.7148,0.6687,0.7609,0.5575,0.5575,TAO,0.6043,0.4802,0.0295
1570,08075.wav,8074,3630497164,2.578,0.7148,0.6586,0.7711,0.6170,0.6170,TAO,0.6134,0.8431,0.0418
1571,01231.wav,1230,547138644,3.196,0.7148,0.6601,0.7695,0.7790,0.6601,TAO,0.5682,0.2183,0.0044
1572,03255.wav,3254,1428459212,9.313,0.7148,0.6460,0.7835,0.6895,0.6460,TAO,0.5666,-0.0020,-0.0041
1573,00253.wav,252,113514225,5.661,0.7148,0.6473,0.7822,0.5807,0.5807,TAO,0.5847,-0.7754,-0.0309
1574,01792.wav,1791,804257068,7.027,0.7147,0.6530,0.7764,0.4934,0.4934,TAO,0.3781,0.5569,0.0375
1575,00404.wav,403,172762634,7.060,0.7147,0.6373,0.7922,0.5645,0.5645,TAO,0.3884,0.2471,0.0124
1576,01372.wav,1371,607340868,7.485,0.7147,0.6610,0.7683,0.6459,0.6459,TAO,0.5782,-0.4655,-0.0186
1577,00351.wav,350,148876075,5.030,0.7146,0.6674,0.7619,0.7233,0.6674,TAO,0.5890,0.9106,0.0345
1578,05744.wav,5743,2557480976,2.120,0.7146,0.6729,0.7563,0.7113,0.6729,TAO,0.4879,-0.2695,-0.0022
1579,07835.wav,7834,3527328229,5.597,0.7145,0.6593,0.7697,0.4786,0.4786,TAO,0.4140,0.9094,0.0472
1580,03209.wav,3208,1409038603,11.986,0.7144,0.6690,0.7598,0.4942,0.4942,TAO,0.3758,-0.2875,0.0012
1581,08729.wav,8728,3925720238,6.740,0.7144,0.7028,0.7260,0.4624,0.4624,TAO,0.4119,0.9195,0.0585
1582,08352.wav,8351,3747536846,5.525,0.7144,0.6532,0.7755,0.4881,0.4881,TAO,0.4009,0.3049,0.0272
1583,07636.wav,7635,3436855278,3.819,0.7143,0.6533,0.7753,0.5811,0.5811,TAO,0.5363,-0.4440,-0.0095
1584,04119.wav,4118,1825325422,7.224,0.7143,0.6865,0.7421,0.5004,0.5004,TAO,0.3618,0.6724,0.0445
1585,02600.wav,2599,1141871046,7.694,0.7143,0.6582,0.7703,0.6123,0.6123,TAO,0.5547,-0.6912,-0.0274
1586,09229.wav,9228,4153041547,8.088,0.7142,0.6810,0.7475,0.6948,0.6810,TAO,0.6474,-0.1742,-0.0090
1587,00656.wav,655,279538249,6.436,0.7142,0.6445,0.7839,0.5818,0.5818,TAO,0.5488,0.0040,0.0024
1588,07819.wav,7818,3519903436,4.364,0.7141,0.6494,0.7789,0.6924,0.6494,TAO,0.6666,0.2946,0.0072
1589,01505.wav,1504,661539053,4.960,0.7141,0.6555,0.7728,0.6231,0.6231,TAO,0.4756,-0.5294,-0.0201
1590,07843.wav,7842,3534927184,3.132,0.7141,0.6898,0.7385,0.6151,0.6151,TAO,0.5036,1.3898,0.0637
1591,01149.wav,1148,505222861,4.705,0.7141,0.6492,0.7790,0.7310,0.6492,TAO,0.6064,0.5211,0.0120
1592,03051.wav,3050,1347650057,3.337,0.7141,0.6655,0.7626,0.6236,0.6236,TAO,0.5018,0.2978,0.0235
1593,06756.wav,6755,3013960907,8.467,0.7140,0.6542,0.7738,0.6455,0.6455,TAO,0.6451,-0.1637,-0.0181
1594,09198.wav,9197,4137056045,3.976,0.7139,0.6695,0.7584,0.5200,0.5200,TAO,0.3962,0.5816,0.0372
1595,09179.wav,9178,4127954352,3.636,0.7139,0.6575,0.7704,0.6176,0.6176,TAO,0.5893,0.5651,0.0248
1596,04044.wav,4043,1790089189,6.388,0.7139,0.6288,0.7990,0.6915,0.6288,TAO,0.5734,-0.9313,-0.0468
1597,04724.wav,4723,2098430860,5.402,0.7138,0.6434,0.7843,0.5922,0.5922,TAO,0.5598,-0.5736,-0.0211
1598,05635.wav,5634,2506034055,7.729,0.7138,0.6640,0.7637,0.6285,0.6285,TAO,0.5795,-0.5153,-0.0201
1599,08779.wav,8778,3949641520,2.104,0.7138,0.7260,0.7015,0.5874,0.5874,TAO,0.4350,1.2780,0.0469
1600,08745.wav,8744,3933363915,2.502,0.7137,0.6433,0.7841,0.7326,0.6433,TAO,0.5151,0.1486,-0.0044
1601,06764.wav,6763,3016173134,4.255,0.7137,0.6850,0.7423,0.4838,0.4838,LENT,0.5707,0.4931,0.0302
1602,00226.wav,225,99023012,3.689,0.7136,0.6674,0.7599,0.6621,0.6621,TAO,0.5296,0.7169,0.0367
1603,04569.wav,4568,2029181715,2.987,0.7136,0.6781,0.7490,0.6992,0.6781,TAO,0.5753,0.5521,0.0181
1604,08612.wav,8611,3876033859,9.590,0.7136,0.6282,0.7990,0.5557,0.5557,TAO,0.4153,-0.9067,-0.0423
1605,02993.wav,2992,1322415213,6.477,0.7136,0.6496,0.7775,0.6317,0.6317,TAO,0.5851,-0.7357,-0.0246
1606,04313.wav,4312,1907907857,3.149,0.7135,0.6521,0.7749,0.4917,0.4917,TAO,0.3997,0.1327,0.0200
1607,03129.wav,3128,1373268237,4.052,0.7135,0.6414,0.7856,0.5462,0.5462,TAO,0.3924,0.4943,0.0253
1608,03038.wav,3037,1344159881,5.353,0.7135,0.6349,0.7920,0.7224,0.6349,TAO,0.6791,-0.4440,-0.0265
1609,04550.wav,4549,2019666978,2.217,0.7134,0.6723,0.7546,0.7286,0.6723,TAO,0.4494,0.2872,0.0096
1610,02534.wav,2533,1117875045,9.057,0.7134,0.6482,0.7785,0.6198,0.6198,TAO,0.6232,-0.1742,-0.0033
1611,00626.wav,625,270000495,6.856,0.7133,0.6894,0.7372,0.4373,0.4373,TAO,0.4511,1.0549,0.0599
1612,06916.wav,6915,3088796138,7.894,0.7132,0.6573,0.7692,0.6343,0.6343,TAO,0.4675,-0.2489,0.0005
1613,04922.wav,4921,2187292118,3.630,0.7132,0.6405,0.7859,0.5950,0.5950,TAO,0.4776,-0.8753,-0.0415
1614,06102.wav,6101,2724901034,4.329,0.7132,0.6676,0.7588,0.4729,0.4729,TAO,0.3909,0.6072,0.0366
1615,06119.wav,6118,2732305829,6.932,0.7132,0.6323,0.7941,0.5639,0.5639,TAO,0.4541,-0.1508,-0.0047
1616,01413.wav,1412,626018955,4.369,0.7132,0.6829,0.7435,0.6821,0.6821,TAO,0.6073,-0.0706,-0.0042
1617,00614.wav,613,262779861,3.897,0.7132,0.6629,0.7634,0.5205,0.5205,TAO,0.3947,0.4735,0.0283
1618,00709.wav,708,304655223,4.231,0.7131,0.6426,0.7836,0.6116,0.6116,LENT,0.6566,-0.6882,-0.0239
1619,05546.wav,5545,2468076213,3.331,0.7131,0.6821,0.7442,0.7151,0.6821,TAO,0.5797,0.2529,0.0151
1620,07069.wav,7068,3161989192,4.358,0.7131,0.7265,0.6998,0.4827,0.4827,TAO,0.4106,1.3773,0.0762
1621,06619.wav,6618,2954320786,3.324,0.7131,0.6407,0.7855,0.6585,0.6407,TAO,0.4439,0.6148,0.0219
1622,05636.wav,5635,2506205154,3.087,0.7131,0.6713,0.7549,0.5864,0.5864,TAO,0.4799,0.4328,0.0211
1623,01123.wav,1122,497743347,6.063,0.7131,0.6221,0.8041,0.5818,0.5818,TAO,0.3863,0.0704,0.0038
1624,01545.wav,1544,678201323,5.199,0.7131,0.6401,0.7861,0.6092,0.6092,TAO,0.4872,-0.7748,-0.0327
1625,08160.wav,8159,3670545930,7.037,0.7131,0.6619,0.7642,0.6810,0.6619,TAO,0.7403,-0.2325,-0.0033
1626,04591.wav,4590,2036067087,4.987,0.7131,0.6250,0.8012,0.6870,0.6250,TAO,0.5149,-0.6956,-0.0322
1627,02124.wav,2123,943584874,7.104,0.7130,0.6724,0.7537,0.4817,0.4817,TAO,0.3371,0.3594,0.0285
1628,06953.wav,6952,3108913743,4.206,0.7130,0.6400,0.7861,0.7279,0.6400,TAO,0.5355,-1.1019,-0.0538
1629,04927.wav,4926,2189918195,4.313,0.7130,0.6408,0.7852,0.7214,0.6408,TAO,0.7005,-0.0410,-0.0057
1630,09478.wav,9477,4256277745,5.809,0.7130,0.6458,0.7802,0.6800,0.6458,TAO,0.5265,-0.4646,-0.0237
1631,02447.wav,2446,1079333060,6.407,0.7130,0.6541,0.7718,0.7091,0.6541,TAO,0.6997,-0.3350,-0.0201
1632,08923.wav,8922,4013866405,9.126,0.7130,0.7002,0.7258,0.4882,0.4882,TAO,0.4099,1.1255,0.0608
1633,00542.wav,541,229378565,4.378,0.7130,0.6934,0.7325,0.4806,0.4806,TAO,0.4060,0.4450,0.0365
1634,01592.wav,1591,699793300,5.213,0.7130,0.6605,0.7654,0.5294,0.5294,TAO,0.3726,0.6700,0.0406
1635,00793.wav,792,350632425,3.776,0.7130,0.6665,0.7594,0.6205,0.6205,TAO,0.5896,0.7578,0.0247
1636,01976.wav,1975,884923721,6.210,0.7130,0.7115,0.7144,0.5066,0.5066,TAO,0.4022,1.0411,0.0620
1637,00775.wav,774,337793338,3.690,0.7129,0.6411,0.7848,0.5668,0.5668,TAO,0.4204,0.5467,0.0275
1638,08614.wav,8613,3876215499,4.494,0.7129,0.6904,0.7355,0.6271,0.6271,TAO,0.4261,1.1128,0.0500
1639,08193.wav,8192,3679496522,12.759,0.7129,0.6382,0.7876,0.7869,0.6382,TAO,0.6105,-1.0280,-0.0502
1640,07119.wav,7118,3187552651,4.973,0.7129,0.6771,0.7487,0.6663,0.6663,TAO,0.7353,0.0535,0.0073
1641,04429.wav,4428,1961183050,6.999,0.7128,0.6428,0.7829,0.6588,0.6428,TAO,0.5889,-0.1143,-0.0101
1642,03523.wav,3522,1559822415,3.353,0.7128,0.6724,0.7533,0.5912,0.5912,TAO,0.5904,0.3714,0.0252
1643,06162.wav,6161,2750683377,2.703,0.7128,0.6918,0.7339,0.4646,0.4646,TAO,0.4104,0.6895,0.0443
1644,04909.wav,4908,2183369106,2.669,0.7127,0.6631,0.7624,0.5608,0.5608,TAO,0.3970,0.4338,0.0243
1645,04372.wav,4371,1937352233,10.842,0.7127,0.6602,0.7653,0.7138,0.6602,TAO,0.7181,-0.1287,-0.0008
1646,05904.wav,5903,2636745428,121.396,0.7127,0.6386,0.7869,0.5658,0.5658,TAO,0.4936,-1.3336,-0.0433
1647,07398.wav,7397,3318749832,4.773,0.7126,0.6529,0.7723,0.5302,0.5302,TAO,0.5059,0.4589,0.0298
1648,05026.wav,5025,2229319970,4.170,0.7126,0.6331,0.7921,0.7100,0.6331,TAO,0.5753,-0.9564,-0.0410
1649,05161.wav,5160,2296914569,3.181,0.7126,0.6408,0.7844,0.5599,0.5599,TAO,0.4852,0.2737,0.0187
1650,07779.wav,7778,3501429508,6.116,0.7125,0.6741,0.7510,0.5936,0.5936,TAO,0.5052,-0.6198,-0.0207
1651,03748.wav,3747,1654676265,9.083,0.7125,0.6432,0.7817,0.7107,0.6432,TAO,0.5946,0.3486,0.0024
1652,03237.wav,3236,1421369681,7.944,0.7125,0.6545,0.7705,0.5237,0.5237,TAO,0.3871,0.4434,0.0312
1653,08967.wav,8966,4030785937,7.122,0.7125,0.6832,0.7417,0.4629,0.4629,TAO,0.3838,0.5465,0.0431
1654,05317.wav,5316,2367219757,7.593,0.7124,0.6753,0.7495,0.5835,0.5835,TAO,0.4288,-0.7694,-0.0170
1655,01203.wav,1202,534079010,7.872,0.7124,0.6507,0.7741,0.7294,0.6507,TAO,0.6419,-0.2937,-0.0139
1656,09270.wav,9269,4168108517,4.590,0.7123,0.6954,0.7293,0.6060,0.6060,TAO,0.5872,-0.0761,0.0107
1657,04645.wav,4644,2061985806,5.976,0.7123,0.6581,0.7666,0.5474,0.5474,LENT,0.5438,0.2809,0.0131
1658,07749.wav,7748,3488558861,10.406,0.7123,0.6690,0.7557,0.6941,0.6690,TAO,0.6477,-0.0869,-0.0066
1659,05580.wav,5579,2480805858,3.550,0.7123,0.6312,0.7933,0.6517,0.6312,TAO,0.5359,0.3976,0.0245
1660,02596.wav,2595,1138523635,2.107,0.7122,0.7040,0.7205,0.6385,0.6385,TAO,0.4436,0.6458,0.0333
1661,04179.wav,4178,1852916626,6.256,0.7122,0.6492,0.7753,0.6965,0.6492,TAO,0.6010,-1.1181,-0.0531
1662,07273.wav,7272,3261294794,4.622,0.7122,0.6120,0.8125,0.5969,0.5969,TAO,0.4682,-0.2097,-0.0186
1663,07761.wav,7760,3493484271,9.271,0.7122,0.6870,0.7374,0.6145,0.6145,TAO,0.5001,0.0052,0.0037
1664,06929.wav,6928,3092155853,5.930,0.7122,0.6645,0.7598,0.5043,0.5043,PAT,0.3451,0.1381,0.0125
1665,05482.wav,5481,2438610555,7.878,0.7121,0.6323,0.7920,0.6785,0.6323,TAO,0.6081,-0.9626,-0.0341
1666,08685.wav,8684,3907751130,1.917,0.7121,0.6491,0.7752,0.7434,0.6491,TAO,0.5213,-0.0688,-0.0024
1667,07979.wav,7978,3593772498,6.827,0.7121,0.6327,0.7915,0.5574,0.5574,TAO,0.4421,0.6848,0.0361
1668,03556.wav,3555,1575447630,2.665,0.7121,0.6511,0.7731,0.5744,0.5744,TAO,0.3741,0.4814,0.0138
1669,04440.wav,4439,1964502127,6.204,0.7121,0.6388,0.7854,0.7026,0.6388,TAO,0.6082,-0.4231,-0.0177
1670,08993.wav,8992,4042790337,6.456,0.7121,0.6316,0.7925,0.6663,0.6316,TAO,0.5470,-0.6943,-0.0408
1671,06390.wav,6389,2855201866,5.153,0.7121,0.6610,0.7631,0.5495,0.5495,LENT,0.3923,0.1442,0.0116
1672,07293.wav,7292,3268239302,7.432,0.7120,0.6721,0.7520,0.5199,0.5199,TAO,0.4399,0.4381,0.0306
1673,03706.wav,3705,1632411885,3.962,0.7120,0.6623,0.7617,0.5741,0.5741,TAO,0.3904,0.4695,0.0282
1674,06186.wav,6185,2763152479,7.839,0.7120,0.6631,0.7608,0.5856,0.5856,TAO,0.5483,-0.7757,-0.0269
1675,07750.wav,7749,3488741522,7.620,0.7119,0.6977,0.7262,0.5437,0.5437,TAO,0.6020,-0.3135,-0.0003
1676,07249.wav,7248,3244646346,11.131,0.7119,0.6597,0.7642,0.6837,0.6597,LENT,0.7681,-0.0590,-0.0039
1677,05328.wav,5327,2369897386,7.183,0.7119,0.6924,0.7314,0.5027,0.5027,TAO,0.3262,0.2295,0.0249
1678,08168.wav,8167,3672523369,7.848,0.7119,0.6552,0.7686,0.5727,0.5727,TAO,0.4276,0.1988,0.0153
1679,04993.wav,4992,2214421578,4.671,0.7119,0.6575,0.7662,0.5189,0.5189,TAO,0.3552,-0.1762,0.0123
1680,06928.wav,6927,3092101132,3.313,0.7118,0.6638,0.7599,0.4821,0.4821,TAO,0.4368,0.5410,0.0229
1681,01010.wav,1009,447945005,4.644,0.7118,0.6836,0.7400,0.4819,0.4819,TAO,0.4518,0.8807,0.0569
1682,07563.wav,7562,3403135184,2.275,0.7117,0.6474,0.7760,0.7089,0.6474,TAO,0.5801,-0.4705,-0.0202
1683,04193.wav,4192,1859990574,6.209,0.7117,0.6825,0.7409,0.5025,0.5025,TAO,0.4544,1.1883,0.0600
1684,09154.wav,9153,4116475238,9.874,0.7117,0.6286,0.7947,0.7319,0.6286,TAO,0.5630,-0.3830,-0.0306
1685,04658.wav,4657,2067420098,6.343,0.7116,0.7001,0.7232,0.4390,0.4390,TAO,0.3179,1.1898,0.0680
1686,06656.wav,6655,2966613674,5.853,0.7116,0.6599,0.7634,0.5744,0.5744,TAO,0.4147,0.4550,0.0334
1687,09377.wav,9376,4213971979,7.559,0.7115,0.6238,0.7992,0.6669,0.6238,TAO,0.5514,-0.7426,-0.0387
1688,05930.wav,5929,2649422855,6.833,0.7114,0.6522,0.7707,0.5822,0.5822,TAO,0.4995,-0.4182,-0.0164
1689,06334.wav,6333,2831328369,4.143,0.7114,0.6338,0.7890,0.7838,0.6338,TAO,0.5536,-0.2775,-0.0229
1690,03189.wav,3188,1400863593,8.073,0.7114,0.6414,0.7814,0.6679,0.6414,TAO,0.5809,-0.9209,-0.0467
1691,02508.wav,2507,1103753125,9.620,0.7114,0.6475,0.7753,0.7595,0.6475,TAO,0.5906,0.1123,0.0104
1692,06067.wav,6066,2708255107,2.433,0.7114,0.7200,0.7028,0.4710,0.4710,TAO,0.3422,1.5681,0.0710
1693,03647.wav,3646,1607567114,4.620,0.7114,0.6632,0.7596,0.6593,0.6593,TAO,0.5162,-0.2440,-0.0105
1694,09089.wav,9088,4087257703,5.508,0.7113,0.6768,0.7458,0.5664,0.5664,TAO,0.5081,1.1910,0.0572
1695,05865.wav,5864,2619888106,6.404,0.7113,0.6586,0.7639,0.6750,0.6586,LENT,0.6467,-0.0719,-0.0005
1696,09082.wav,9081,4085684330,8.450,0.7113,0.6550,0.7675,0.5884,0.5884,TAO,0.4774,-0.4061,-0.0153
1697,01209.wav,1208,535898412,6.826,0.7112,0.6349,0.7876,0.6996,0.6349,TAO,0.5762,-0.8715,-0.0448
1698,01928.wav,1927,862863500,3.022,0.7112,0.6550,0.7674,0.6626,0.6550,TAO,0.4725,-0.0484,-0.0041
1699,03105.wav,3104,1365863442,8.631,0.7111,0.6270,0.7952,0.5277,0.5277,TAO,0.5837,-0.5053,-0.0089
1700,03930.wav,3929,1736800934,8.330,0.7111,0.6732,0.7490,0.4859,0.4859,TAO,0.3757,0.4812,0.0358
1701,01414.wav,1413,626073676,6.193,0.7110,0.6819,0.7401,0.5044,0.5044,TAO,0.5442,0.6975,0.0388
1702,05052.wav,5051,2242954506,5.640,0.7110,0.6322,0.7898,0.6960,0.6322,TAO,0.5820,-0.3640,-0.0246
1703,04208.wav,4207,1865534308,10.207,0.7110,0.6595,0.7626,0.4947,0.4947,TAO,0.3334,0.5482,0.0355
1704,02327.wav,2326,1033731541,7.072,0.7110,0.6557,0.7662,0.5042,0.5042,TAO,0.3628,-0.0573,0.0139
1705,00121.wav,120,49682436,4.279,0.7109,0.6529,0.7688,0.5178,0.5178,TAO,0.3594,0.5055,0.0326
1706,03871.wav,3870,1712422897,6.813,0.7109,0.6605,0.7612,0.6673,0.6605,TAO,0.5084,0.4506,0.0240
1707,01805.wav,1804,809054538,7.337,0.7108,0.6721,0.7495,0.5851,0.5851,TAO,0.5402,-0.2471,-0.0002
1708,07083.wav,7082,3168387180,6.856,0.7108,0.6501,0.7714,0.5736,0.5736,LENT,0.6116,-0.2064,-0.0141
1709,07916.wav,7915,3569537615,1.960,0.7107,0.6618,0.7597,0.5652,0.5652,TAO,0.5345,0.9707,0.0488
1710,08511.wav,8510,3826410221,7.467,0.7107,0.6507,0.7707,0.6515,0.6507,TAO,0.5206,-0.8115,-0.0353
1711,03820.wav,3819,1690376127,7.956,0.7107,0.6428,0.7786,0.5864,0.5864,TAO,0.4242,-0.4386,-0.0120
1712,01121.wav,1120,497579184,3.677,0.7107,0.6755,0.7458,0.6179,0.6179,LENT,0.4547,0.0237,0.0126
1713,08940.wav,8939,4022036110,2.985,0.7107,0.6536,0.7677,0.7101,0.6536,TAO,0.7180,0.2348,0.0101
1714,08335.wav,8334,3734544995,11.493,0.7107,0.6422,0.7791,0.7688,0.6422,TAO,0.6571,-0.8714,-0.0440
1715,03727.wav,3726,1644764609,7.005,0.7106,0.6416,0.7797,0.6478,0.6416,TAO,0.5747,-0.6779,-0.0395
1716,01549.wav,1548,682983210,6.261,0.7106,0.7033,0.7179,0.4480,0.4480,TAO,0.4070,1.1529,0.0654
1717,03362.wav,3361,1478189771,6.960,0.7106,0.6671,0.7540,0.5087,0.5087,TAO,0.4321,1.0542,0.0570
1718,00366.wav,365,155665067,7.248,0.7106,0.6598,0.7613,0.5350,0.5350,TAO,0.3957,-0.7341,-0.0286
1719,06706.wav,6705,2989731939,7.957,0.7105,0.6549,0.7662,0.5623,0.5623,TAO,0.4431,-0.9111,-0.0293
1720,05131.wav,5130,2284145972,7.137,0.7105,0.6437,0.7774,0.6552,0.6437,TAO,0.6446,-0.0621,-0.0004
1721,06033.wav,6032,2687523199,3.328,0.7105,0.6445,0.7766,0.6792,0.6445,TAO,0.5382,-0.5248,-0.0214
1722,05217.wav,5216,2320794192,7.247,0.7105,0.6413,0.7797,0.7381,0.6413,TAO,0.6380,-0.3055,-0.0153
1723,09131.wav,9130,4109611527,9.545,0.7105,0.6462,0.7748,0.5081,0.5081,TAO,0.3279,0.3976,0.0212
1724,07420.wav,7419,3336124110,5.778,0.7105,0.6524,0.7686,0.6186,0.6186,TAO,0.4590,-0.7576,-0.0364
1725,04154.wav,4153,1839293441,2.451,0.7104,0.6556,0.7652,0.7195,0.6556,TAO,0.4877,0.9129,0.0281
1726,06877.wav,6876,3069654696,6.729,0.7103,0.6804,0.7402,0.5658,0.5658,TAO,0.4118,0.1713,0.0178
1727,09038.wav,9037,4063535307,10.304,0.7103,0.6893,0.7313,0.4567,0.4567,TAO,0.4017,0.6425,0.0482
1728,08802.wav,8801,3958763211,2.813,0.7103,0.6521,0.7685,0.7110,0.6521,TAO,0.6304,0.5925,0.0286
1729,08995.wav,8994,4044822497,4.905,0.7102,0.6593,0.7612,0.5993,0.5993,TAO,0.5756,-0.1965,-0.0055
1730,02622.wav,2621,1149127094,3.464,0.7102,0.6571,0.7634,0.6980,0.6571,TAO,0.5351,-0.6066,-0.0177
1731,09453.wav,9452,4241828141,4.525,0.7102,0.6757,0.7448,0.6449,0.6449,TAO,0.4085,0.0833,0.0123
1732,04329.wav,4328,1914929605,4.356,0.7102,0.6715,0.7489,0.5871,0.5871,TAO,0.4883,0.6852,0.0282
1733,03522.wav,3521,1558856424,7.356,0.7102,0.6759,0.7445,0.4670,0.4670,TAO,0.3744,1.6110,0.0797
1734,07080.wav,7079,3165601872,7.931,0.7101,0.6861,0.7341,0.4737,0.4737,TAO,0.3975,1.0677,0.0519
1735,06905.wav,6904,3086414633,9.358,0.7101,0.6294,0.7907,0.7238,0.6294,TAO,0.5929,-0.9014,-0.0463
1736,02000.wav,1999,892710921,6.281,0.7101,0.6661,0.7540,0.5694,0.5694,TAO,0.4712,-0.0171,0.0055
1737,02844.wav,2843,1253757497,4.876,0.7100,0.6471,0.7730,0.6701,0.6471,TAO,0.5564,-0.3264,-0.0107
1738,04272.wav,4271,1891391370,5.856,0.7100,0.6477,0.7723,0.5297,0.5297,LENT,0.4094,0.1633,0.0116
1739,03157.wav,3156,1385785124,9.146,0.7100,0.6314,0.7887,0.7196,0.6314,TAO,0.6516,-0.8685,-0.0488
1740,00832.wav,831,367041991,6.123,0.7100,0.6359,0.7841,0.7610,0.6359,TAO,0.4594,-1.1500,-0.0570
1741,05357.wav,5356,2377783307,5.356,0.7100,0.6831,0.7368,0.6049,0.6049,TAO,0.6025,1.2280,0.0555
1742,05292.wav,5291,2353874193,9.135,0.7099,0.6399,0.7799,0.6243,0.6243,TAO,0.4631,-0.8978,-0.0410
1743,09141.wav,9140,4111527309,7.178,0.7099,0.6307,0.7891,0.5131,0.5131,TAO,0.3441,0.0130,0.0091
1744,02776.wav,2775,1225116427,7.418,0.7099,0.6657,0.7541,0.6600,0.6600,TAO,0.5019,-0.5737,-0.0187
1745,03031.wav,3030,1340648307,4.790,0.7099,0.6884,0.7313,0.5852,0.5852,TAO,0.5678,0.2981,0.0137
1746,08620.wav,8619,3878370163,8.274,0.7098,0.6241,0.7956,0.4857,0.4857,TAO,0.3541,0.3747,0.0247
1747,07256.wav,7255,3251715879,7.279,0.7098,0.6289,0.7908,0.7559,0.6289,TAO,0.6829,-0.1872,-0.0164
1748,00003.wav,2,793069,7.599,0.7098,0.6618,0.7579,0.6247,0.6247,TAO,0.5443,0.1095,-0.0036
1749,03423.wav,3422,1508961702,6.257,0.7098,0.6460,0.7736,0.6991,0.6460,TAO,0.6296,-0.0971,-0.0083
1750,05938.wav,5937,2651633261,5.835,0.7098,0.6346,0.7850,0.6201,0.6201,TAO,0.6107,-0.8669,-0.0290
1751,04069.wav,4068,1802365894,9.306,0.7098,0.6680,0.7515,0.6499,0.6499,TAO,0.6186,-0.1703,-0.0016
1752,01876.wav,1875,837280043,3.914,0.7097,0.6945,0.7250,0.5527,0.5527,TAO,0.5281,1.3725,0.0722
1753,05944.wav,5943,2651926864,6.638,0.7097,0.6283,0.7912,0.7333,0.6283,TAO,0.5990,-0.0227,-0.0024
1754,04720.wav,4719,2095288146,2.539,0.7097,0.6923,0.7270,0.5496,0.5496,TAO,0.5113,0.3615,0.0230
1755,08796.wav,8795,3956956871,3.867,0.7096,0.6938,0.7255,0.6204,0.6204,TAO,0.5861,0.7214,0.0332
1756,07965.wav,7964,3591672555,9.487,0.7096,0.6308,0.7885,0.5062,0.5062,TAO,0.3377,-0.0104,0.0101
1757,01538.wav,1537,675872018,4.195,0.7096,0.6638,0.7553,0.4977,0.4977,TAO,0.4455,0.4038,0.0209
1758,07431.wav,7430,3340699154,6.845,0.7095,0.6365,0.7826,0.6969,0.6365,TAO,0.5451,-0.6051,-0.0252
1759,06085.wav,6084,2716146381,4.888,0.7095,0.6744,0.7447,0.5134,0.5134,TAO,0.5266,0.3907,0.0257
1760,00771.wav,770,334587787,9.542,0.7095,0.6475,0.7715,0.5834,0.5834,LENT,0.5099,-0.3778,-0.0025
1761,08708.wav,8707,3914685828,7.546,0.7095,0.6614,0.7577,0.6540,0.6540,TAO,0.5502,-0.8550,-0.0327
1762,06081.wav,6080,2713086658,4.227,0.7095,0.6249,0.7941,0.5903,0.5903,TAO,0.3628,-0.6706,-0.0187
1763,06045.wav,6044,2694391698,2.852,0.7094,0.6351,0.7838,0.6590,0.6351,TAO,0.5677,0.3723,0.0113
1764,09231.wav,9230,4153388371,3.234,0.7094,0.6402,0.7786,0.5799,0.5799,TAO,0.5145,0.7401,0.0290
1765,04601.wav,4600,2037935084,7.395,0.7094,0.6647,0.7542,0.5361,0.5361,TAO,0.5041,0.7809,0.0483
1766,06274.wav,6273,2803719688,6.707,0.7094,0.6531,0.7657,0.6554,0.6531,TAO,0.6518,-0.7495,-0.0274
1767,05886.wav,5885,2627916780,2.741,0.7094,0.7114,0.7073,0.5853,0.5853,TAO,0.5474,0.7825,0.0457
1768,01162.wav,1161,511713682,5.192,0.7094,0.7148,0.7040,0.5086,0.5086,TAO,0.4096,1.2355,0.0725
1769,02651.wav,2650,1169718609,6.504,0.7093,0.6573,0.7613,0.6442,0.6442,TAO,0.5923,-0.3844,-0.0111
1770,00216.wav,215,96990852,7.102,0.7093,0.6588,0.7599,0.6081,0.6081,TAO,0.5936,-0.6504,-0.0234
1771,07557.wav,7556,3398704297,2.033,0.7093,0.6564,0.7622,0.7329,0.6564,TAO,0.5338,0.6529,0.0204
1772,01833.wav,1832,818005130,6.391,0.7093,0.6384,0.7802,0.6793,0.6384,TAO,0.5893,-0.6080,-0.0316
1773,06354.wav,6353,2838555939,9.900,0.7091,0.6629,0.7553,0.4857,0.4857,TAO,0.4250,0.3646,0.0295
1774,05592.wav,5591,2489862829,4.930,0.7091,0.6649,0.7533,0.4862,0.4862,TAO,0.4853,0.8643,0.0543
1775,01752.wav,1751,785633702,6.512,0.7091,0.6496,0.7685,0.6431,0.6431,TAO,0.5046,-0.5267,-0.0196
1776,08854.wav,8853,3986749571,10.862,0.7090,0.6868,0.7312,0.6057,0.6057,TAO,0.6306,-0.0950,0.0090
1777,00784.wav,783,345198133,8.176,0.7090,0.6609,0.7571,0.4975,0.4975,TAO,0.3717,1.1207,0.0575
1778,05197.wav,5196,2313376335,7.422,0.7090,0.6796,0.7383,0.4504,0.4504,TAO,0.3669,0.5279,0.0359
1779,04778.wav,4777,2122905697,2.397,0.7089,0.6597,0.7582,0.5983,0.5983,TAO,0.4482,-0.4262,-0.0149
1780,07371.wav,7370,3310503409,3.689,0.7089,0.6650,0.7527,0.4674,0.4674,TAO,0.4346,0.8134,0.0420
1781,08462.wav,8461,3802714759,7.460,0.7088,0.6551,0.7626,0.4825,0.4825,TAO,0.4175,0.6142,0.0387
1782,00419.wav,418,179819105,2.642,0.7088,0.6768,0.7409,0.7568,0.6768,TAO,0.6208,0.1059,0.0091
1783,00195.wav,194,84651190,5.453,0.7088,0.6554,0.7623,0.4538,0.4538,TAO,0.4072,0.8302,0.0464
1784,00157.wav,156,67895821,7.627,0.7088,0.6333,0.7843,0.7433,0.6333,TAO,0.6549,0.5155,0.0085
1785,09470.wav,9469,4251537769,6.732,0.7088,0.7143,0.7033,0.4775,0.4775,TAO,0.3714,0.8999,0.0553
1786,02719.wav,2718,1200421736,5.042,0.7088,0.6631,0.7544,0.6742,0.6631,TAO,0.5762,-0.0495,-0.0055
1787,06242.wav,6241,2787312643,5.389,0.7087,0.6150,0.8024,0.6946,0.6150,TAO,0.5496,-0.2646,-0.0185
1788,02837.wav,2836,1250282756,6.562,0.7087,0.6526,0.7648,0.4757,0.4757,TAO,0.3892,0.7061,0.0460
1789,05257.wav,5256,2342970791,3.475,0.7087,0.6502,0.7671,0.7843,0.6502,TAO,0.6085,-0.1338,-0.0112
1790,09307.wav,9306,4184918607,4.933,0.7086,0.6630,0.7543,0.4915,0.4915,TAO,0.4463,0.6969,0.0435
1791,05665.wav,5664,2521092526,5.319,0.7086,0.6488,0.7683,0.6542,0.6488,TAO,0.6034,-0.3130,-0.0109
1792,05322.wav,5321,2368608969,8.091,0.7085,0.6783,0.7388,0.5214,0.5214,TAO,0.3989,0.7420,0.0465
1793,02063.wav,2062,917966694,5.744,0.7085,0.6491,0.7679,0.7321,0.6491,TAO,0.4895,0.1008,0.0034
1794,05189.wav,5188,2310221421,3.159,0.7085,0.7523,0.6647,0.5212,0.5212,TAO,0.3680,0.4577,0.0393
1795,07751.wav,7750,3488905685,4.753,0.7085,0.6546,0.7624,0.5142,0.5142,TAO,0.3838,0.7651,0.0439
1796,07571.wav,7570,3407298066,8.927,0.7084,0.6413,0.7756,0.5433,0.5433,TAO,0.4176,0.0351,0.0073
1797,03659.wav,3658,1611947456,9.666,0.7084,0.6535,0.7633,0.6655,0.6535,TAO,0.5144,-0.7087,-0.0283
1798,00443.wav,442,190956021,4.778,0.7084,0.6947,0.7221,0.5693,0.5693,TAO,0.4989,0.8358,0.0387
1799,05407.wav,5406,2406353032,9.279,0.7083,0.6675,0.7492,0.6081,0.6081,TAO,0.4819,-0.6604,-0.0324
1800,01964.wav,1963,879489429,5.461,0.7082,0.6940,0.7224,0.4769,0.4769,TAO,0.3964,1.1832,0.0644
1801,08449.wav,8448,3795528848,4.634,0.7081,0.6363,0.7799,0.6698,0.6363,TAO,0.4879,0.8428,0.0250
1802,02092.wav,2091,932593523,6.263,0.7081,0.6386,0.7776,0.6524,0.6386,TAO,0.5719,-0.3180,-0.0186
1803,09382.wav,9381,4215581096,5.103,0.7081,0.6544,0.7618,0.5754,0.5754,TAO,0.5385,-0.7309,-0.0273
1804,09518.wav,9517,4269969786,3.464,0.7081,0.6463,0.7698,0.6612,0.6463,TAO,0.3859,-0.8764,-0.0404
1805,01717.wav,1716,763553483,4.307,0.7081,0.6331,0.7830,0.7574,0.6331,TAO,0.6389,-0.3374,-0.0198
1806,00740.wav,739,322698888,7.156,0.7080,0.6512,0.7647,0.6713,0.6512,TAO,0.5908,-0.8632,-0.0435
1807,07222.wav,7221,3235428275,9.215,0.7080,0.6453,0.7706,0.6000,0.6000,TAO,0.4876,-0.5815,-0.0189
1808,01442.wav,1441,635284811,3.867,0.7079,0.6447,0.7712,0.7500,0.6447,TAO,0.6319,0.6350,0.0237
1809,04383.wav,4382,1940841388,3.426,0.7079,0.6947,0.7211,0.6964,0.6947,TAO,0.6415,0.5711,0.0264
1810,09474.wav,9473,4253913009,5.364,0.7079,0.6726,0.7432,0.6095,0.6095,TAO,0.4933,-0.6828,-0.0232
1811,07187.wav,7186,3218973445,3.629,0.7079,0.6344,0.7813,0.7217,0.6344,TAO,0.6886,0.5340,0.0159
1812,05830.wav,5829,2596406542,4.260,0.7079,0.6734,0.7424,0.5360,0.5360,TAO,0.5306,0.4846,0.0365
1813,09199.wav,9198,4137110766,5.595,0.7077,0.6906,0.7248,0.5780,0.5780,TAO,0.4626,0.8461,0.0421
1814,00453.wav,452,196000330,6.325,0.7076,0.6616,0.7537,0.6292,0.6292,TAO,0.5440,-0.6286,-0.0217
1815,02497.wav,2496,1101187459,7.968,0.7076,0.6388,0.7765,0.7122,0.6388,TAO,0.5543,-1.1588,-0.0569
1816,02591.wav,2590,1137786828,6.350,0.7076,0.6660,0.7492,0.4838,0.4838,TAO,0.3958,-0.0605,0.0124
1817,05872.wav,5871,2621843082,8.753,0.7076,0.6425,0.7727,0.6556,0.6425,TAO,0.4999,-1.0628,-0.0516
1818,03744.wav,3743,1652829287,6.421,0.7076,0.6688,0.7463,0.6349,0.6349,TAO,0.5949,0.2020,0.0232
1819,05963.wav,5962,2657668842,8.090,0.7075,0.6499,0.7652,0.6087,0.6087,TAO,0.5149,-0.2039,-0.0134
1820,06543.wav,6542,2919352032,5.185,0.7075,0.6530,0.7621,0.5396,0.5396,TAO,0.5052,0.7140,0.0448
1821,04617.wav,4616,2044360648,9.496,0.7075,0.6878,0.7272,0.5614,0.5614,TAO,0.4951,0.2792,0.0142
1822,04900.wav,4899,2176110997,8.566,0.7075,0.6541,0.7608,0.5589,0.5589,TAO,0.3733,-0.7616,-0.0392
1823,01961.wav,1960,877976692,3.234,0.7075,0.6635,0.7514,0.5795,0.5795,TAO,0.5609,0.3658,0.0140
1824,02722.wav,2721,1200887459,6.371,0.7075,0.6844,0.7305,0.5522,0.5522,TAO,0.4045,0.7319,0.0428
1825,01775.wav,1774,792661576,6.202,0.7074,0.6433,0.7715,0.5733,0.5733,TAO,0.3759,-0.4612,-0.0091
1826,03376.wav,3375,1485246242,6.234,0.7074,0.6725,0.7423,0.5925,0.5925,TAO,0.6932,0.1324,0.0138
1827,08302.wav,8301,3727181859,7.344,0.7074,0.6442,0.7706,0.6155,0.6155,TAO,0.4734,-0.7672,-0.0285
1828,00895.wav,894,396646988,6.495,0.7073,0.6261,0.7886,0.7228,0.6261,TAO,0.5844,-0.9618,-0.0436
1829,07051.wav,7050,3152946304,4.130,0.7073,0.6404,0.7743,0.6797,0.6404,TAO,0.5784,-0.7277,-0.0274
1830,05041.wav,5040,2238355922,10.107,0.7073,0.6179,0.7967,0.6324,0.6179,TAO,0.5287,-0.8582,-0.0360
1831,00295.wav,294,128404710,6.207,0.7073,0.6479,0.7667,0.7042,0.6479,TAO,0.5187,-1.3857,-0.0634
1832,00636.wav,635,271461032,9.002,0.7073,0.6311,0.7835,0.7606,0.6311,TAO,0.6418,-0.5208,-0.0338
1833,07514.wav,7513,3380754155,4.888,0.7073,0.6346,0.7799,0.5610,0.5610,TAO,0.4270,-0.3046,-0.0126
1834,06142.wav,6141,2743517464,9.635,0.7073,0.6634,0.7511,0.5714,0.5714,LENT,0.6907,-0.3658,-0.0033
1835,04422.wav,4421,1957432594,3.456,0.7072,0.6668,0.7476,0.4447,0.4447,TAO,0.3242,0.1391,0.0188
1836,01844.wav,1843,822873498,5.689,0.7072,0.6750,0.7393,0.4506,0.4506,TAO,0.3770,1.5069,0.0726
1837,06056.wav,6055,2700959754,3.766,0.7071,0.6726,0.7417,0.5007,0.5007,TAO,0.4986,0.6912,0.0370
1838,00228.wav,227,99077733,2.993,0.7071,0.7056,0.7086,0.5652,0.5652,TAO,0.4328,1.0546,0.0474
1839,05009.wav,5008,2222250437,3.009,0.7071,0.6462,0.7679,0.6436,0.6436,TAO,0.5101,-0.8398,-0.0276
1840,00677.wav,676,295118229,9.440,0.7071,0.6365,0.7776,0.6316,0.6316,TAO,0.4647,-0.6983,-0.0302
1841,02862.wav,2861,1265102345,7.530,0.7070,0.6673,0.7468,0.4465,0.4465,TAO,0.3586,1.0676,0.0588
1842,05672.wav,5671,2523254126,3.116,0.7070,0.6369,0.7771,0.7336,0.6369,TAO,0.5611,0.3143,0.0049
1843,02304.wav,2303,1020671907,6.468,0.7070,0.6423,0.7718,0.6856,0.6423,TAO,0.5400,-0.3824,-0.0230
1844,02584.wav,2583,1136553132,5.356,0.7070,0.6409,0.7731,0.4609,0.4609,TAO,0.3581,0.8957,0.0505
1845,09217.wav,9216,4147468421,2.527,0.7069,0.6193,0.7946,0.7193,0.6193,TAO,0.4598,0.2649,-0.0005
1846,07836.wav,7835,3527456142,3.207,0.7069,0.6433,0.7705,0.6707,0.6433,TAO,0.7303,0.2691,0.0192
1847,06258.wav,6257,2798401774,7.161,0.7068,0.6675,0.7460,0.4662,0.4662,TAO,0.3641,0.7101,0.0453
1848,06347.wav,6346,2835584753,2.960,0.7068,0.6413,0.7722,0.5907,0.5907,LENT,0.5978,0.4158,0.0176
1849,02159.wav,2158,960472204,7.192,0.7067,0.6407,0.7726,0.7716,0.6407,TAO,0.5791,-0.6803,-0.0390
1850,00850.wav,849,374737868,3.189,0.7066,0.6399,0.7734,0.5907,0.5907,TAO,0.4386,0.3030,0.0145
1851,02964.wav,2963,1309872982,7.361,0.7066,0.6513,0.7620,0.6374,0.6374,TAO,0.6772,-0.0347,-0.0010
1852,06522.wav,6521,2908990567,9.502,0.7066,0.6262,0.7870,0.6180,0.6180,TAO,0.5109,-0.0958,0.0108
1853,06247.wav,6246,2789228425,6.986,0.7066,0.6105,0.8028,0.6184,0.6105,TAO,0.4793,-1.1023,-0.0451
1854,01477.wav,1476,651766575,3.794,0.7066,0.6447,0.7685,0.5042,0.5042,TAO,0.3647,0.1365,0.0165
1855,01361.wav,1360,602535441,4.871,0.7066,0.6717,0.7414,0.5961,0.5961,TAO,0.4812,0.1486,0.0157
1856,02621.wav,2620,1149124740,4.588,0.7065,0.6203,0.7928,0.5540,0.5540,TAO,0.4764,-0.9920,-0.0449
1857,01127.wav,1126,499440245,5.260,0.7065,0.7003,0.7127,0.5288,0.5288,TAO,0.3946,0.4420,0.0242
1858,03920.wav,3919,1733973704,6.279,0.7065,0.6529,0.7601,0.6486,0.6486,TAO,0.4985,-0.6418,-0.0201
1859,03642.wav,3641,1606807788,8.468,0.7064,0.6135,0.7993,0.6853,0.6135,TAO,0.5672,-0.9154,-0.0365
1860,08028.wav,8027,3616182064,3.977,0.7064,0.7087,0.7040,0.5680,0.5680,TAO,0.3954,0.0825,0.0067
1861,03152.wav,3151,1383031658,2.943,0.7063,0.6577,0.7550,0.6900,0.6577,TAO,0.6054,-0.0661,0.0014
1862,05190.wav,5189,2310713554,6.365,0.7063,0.6381,0.7746,0.6192,0.6192,TAO,0.5136,-0.6192,-0.0228
1863,01009.wav,1008,447780842,6.080,0.7063,0.6856,0.7271,0.4715,0.4715,TAO,0.4038,0.5152,0.0360
1864,09263.wav,9262,4166356898,5.900,0.7063,0.6766,0.7360,0.5327,0.5327,TAO,0.4843,0.8731,0.0523
1865,07092.wav,7091,3171218798,2.771,0.7062,0.6584,0.7541,0.5482,0.5482,TAO,0.4881,0.5695,0.0313
1866,01919.wav,1918,859263882,5.434,0.7061,0.6229,0.7894,0.5832,0.5832,TAO,0.3787,-0.9329,-0.0394
1867,00824.wav,823,362406790,4.701,0.7061,0.6399,0.7722,0.6312,0.6312,TAO,0.4810,-0.0698,-0.0091
1868,07629.wav,7628,3429886209,5.680,0.7060,0.6601,0.7519,0.5081,0.5081,TAO,0.5060,1.0248,0.0616
1869,04402.wav,4401,1950754692,7.337,0.7060,0.6272,0.7848,0.5135,0.5135,PAT,0.3758,-0.5293,-0.0083
1870,03034.wav,3033,1342161044,8.441,0.7060,0.6388,0.7732,0.4804,0.4804,TAO,0.3592,0.2029,0.0247
1871,00095.wav,94,42277641,6.512,0.7060,0.6655,0.7465,0.4625,0.4625,TAO,0.4206,1.1415,0.0590
1872,05709.wav,5708,2541791216,2.185,0.7060,0.6412,0.7708,0.6711,0.6412,TAO,0.5274,0.3950,0.0153
1873,06600.wav,6599,2947842001,5.278,0.7060,0.6172,0.7948,0.6716,0.6172,TAO,0.4716,-1.4407,-0.0649
1874,06872.wav,6871,3066408233,1.930,0.7060,0.6140,0.7979,0.6504,0.6140,TAO,0.5417,0.2305,-0.0021
1875,04489.wav,4488,1988614506,4.429,0.7059,0.6555,0.7564,0.5022,0.5022,TAO,0.3396,0.3792,0.0204
1876,03266.wav,3265,1431635524,7.296,0.7059,0.6470,0.7649,0.5274,0.5274,TAO,0.3185,-0.2036,0.0021
1877,09278.wav,9277,4173384772,9.037,0.7059,0.6317,0.7800,0.7082,0.6317,TAO,0.5564,-0.8827,-0.0455
1878,00900.wav,899,398679148,3.677,0.7058,0.6495,0.7622,0.5636,0.5636,TAO,0.4549,0.4514,0.0263
1879,00787.wav,786,348654986,5.446,0.7058,0.6387,0.7730,0.7368,0.6387,TAO,0.6054,-0.3246,-0.0183
1880,00659.wav,658,281907494,7.262,0.7058,0.6491,0.7626,0.6468,0.6468,TAO,0.6213,-0.3313,-0.0236
1881,02953.wav,2952,1305344291,7.917,0.7058,0.6345,0.7772,0.6185,0.6185,TAO,0.5343,-0.7823,-0.0260
1882,01516.wav,1515,664858627,5.680,0.7058,0.6169,0.7947,0.7453,0.6169,TAO,0.5739,-0.7019,-0.0311
1883,03132.wav,3131,1376854530,7.150,0.7058,0.6181,0.7934,0.7199,0.6181,TAO,0.6398,-0.8498,-0.0411
1884,04200.wav,4199,1862591721,5.500,0.7057,0.6692,0.7422,0.6083,0.6083,TAO,0.5967,-0.3104,-0.0159
1885,05613.wav,5612,2497054866,10.518,0.7057,0.6306,0.7807,0.7148,0.6306,TAO,0.6315,-0.9674,-0.0502
1886,05813.wav,5812,2585317411,5.280,0.7057,0.6442,0.7672,0.6393,0.6393,TAO,0.6340,-0.7833,-0.0324
1887,04665.wav,4664,2068945897,5.774,0.7056,0.6215,0.7898,0.7482,0.6215,TAO,0.6543,-0.1245,-0.0145
1888,04876.wav,4875,2166777900,3.823,0.7056,0.6294,0.7819,0.6179,0.6179,TAO,0.7031,0.4917,0.0193
1889,05527.wav,5526,2458524679,3.046,0.7056,0.6791,0.7321,0.6110,0.6110,TAO,0.4569,1.0545,0.0438
1890,04136.wav,4135,1832156073,6.673,0.7056,0.6220,0.7892,0.6295,0.6220,TAO,0.4882,-1.4080,-0.0582
1891,07719.wav,7718,3472150316,3.194,0.7056,0.6889,0.7223,0.6295,0.6295,TAO,0.6164,0.5966,0.0305
1892,07199.wav,7198,3222255178,5.053,0.7056,0.6889,0.7222,0.5341,0.5341,TAO,0.4173,0.6109,0.0456
1893,01066.wav,1065,469399422,5.914,0.7055,0.6299,0.7811,0.6997,0.6299,TAO,0.5848,-0.8976,-0.0453
1894,07308.wav,7307,3274624228,3.432,0.7055,0.6639,0.7470,0.6800,0.6639,TAO,0.6096,0.0221,-0.0032
1895,09507.wav,9506,4265475818,3.986,0.7055,0.6785,0.7324,0.5451,0.5451,TAO,0.3303,0.6116,0.0336
1896,07684.wav,7683,3453492227,7.042,0.7055,0.6281,0.7828,0.5999,0.5999,TAO,0.5384,-0.8161,-0.0281
1897,00482.wav,481,205437285,4.144,0.7054,0.6689,0.7419,0.6097,0.6097,TAO,0.5997,0.2378,0.0258
1898,01644.wav,1643,730920491,4.312,0.7054,0.6770,0.7338,0.5107,0.5107,TAO,0.3283,0.4538,0.0364
1899,03225.wav,3224,1416591615,3.811,0.7054,0.6798,0.7310,0.4876,0.4876,TAO,0.4414,0.3226,0.0316
1900,06977.wav,6976,3116151854,4.701,0.7053,0.6188,0.7919,0.5482,0.5482,TAO,0.5017,0.4068,0.0241
1901,07666.wav,7665,3446422694,3.258,0.7053,0.7244,0.6863,0.5236,0.5236,TAO,0.4405,0.5111,0.0368
1902,06241.wav,6240,2787203201,7.180,0.7053,0.6371,0.7735,0.6745,0.6371,TAO,0.6485,-0.4649,-0.0227
1903,03437.wav,3436,1520508599,6.383,0.7053,0.6786,0.7320,0.5061,0.5061,ANCIENT,0.4374,0.5679,0.0436
1904,03015.wav,3014,1329853800,4.433,0.7053,0.6414,0.7691,0.5801,0.5801,TAO,0.4282,-0.4897,-0.0135
1905,00423.wav,422,180236233,6.713,0.7052,0.6382,0.7722,0.7355,0.6382,TAO,0.5338,-0.7518,-0.0304
1906,06057.wav,6056,2701143915,6.542,0.7052,0.6953,0.7151,0.4102,0.4102,TAO,0.3465,1.0817,0.0597
1907,07255.wav,7254,3251211339,3.065,0.7052,0.6975,0.7129,0.5133,0.5133,TAO,0.4669,0.6625,0.0453
1908,00642.wav,641,275099525,5.272,0.7051,0.6622,0.7480,0.6295,0.6295,TAO,0.5045,-0.6389,-0.0174
1909,05081.wav,5080,2261995267,3.077,0.7051,0.6497,0.7605,0.5276,0.5276,TAO,0.4967,0.9914,0.0521
1910,01166.wav,1165,513190602,6.658,0.7050,0.6408,0.7693,0.5147,0.5147,TAO,0.4594,0.5757,0.0386
1911,00674.wav,673,293777612,6.961,0.7050,0.6498,0.7601,0.5111,0.5111,ANCIENT,0.3945,0.0850,0.0188
1912,01543.wav,1542,677384755,4.931,0.7050,0.6523,0.7576,0.5253,0.5253,TAO,0.3628,0.9222,0.0508
1913,02855.wav,2854,1257066633,2.928,0.7049,0.6991,0.7108,0.5354,0.5354,TAO,0.4911,0.2040,0.0211
1914,07512.wav,7511,3378588192,8.265,0.7049,0.6451,0.7648,0.6502,0.6451,TAO,0.5506,-0.5649,-0.0278
1915,09298.wav,9297,4182941168,5.599,0.7049,0.6302,0.7796,0.6261,0.6261,TAO,0.6046,-0.6170,-0.0265
1916,02783.wav,2782,1226811762,6.477,0.7049,0.6195,0.7902,0.5994,0.5994,TAO,0.3816,-0.9378,-0.0464
1917,07782.wav,7781,3501593671,6.020,0.7049,0.6393,0.7704,0.7196,0.6393,TAO,0.5584,-0.8777,-0.0391
1918,00962.wav,961,426178387,3.949,0.7048,0.6442,0.7654,0.4899,0.4899,TAO,0.4235,0.5763,0.0421
1919,09274.wav,9273,4170327901,5.299,0.7048,0.6505,0.7591,0.4302,0.4302,TAO,0.3395,0.6484,0.0333
1920,07592.wav,7591,3416529199,6.657,0.7048,0.6531,0.7564,0.5621,0.5621,TAO,0.4480,0.1108,0.0111
1921,08767.wav,8766,3943525142,6.586,0.7048,0.6541,0.7554,0.4889,0.4889,TAO,0.3785,-0.0277,0.0112
1922,02925.wav,2924,1296994988,9.373,0.7047,0.6668,0.7427,0.5642,0.5642,TAO,0.3671,-0.4805,-0.0060
1923,00399.wav,398,172578473,5.904,0.7046,0.6669,0.7424,0.4781,0.4781,TAO,0.3608,0.6474,0.0409
1924,03372.wav,3371,1483733505,2.875,0.7046,0.6815,0.7277,0.6691,0.6691,TAO,0.5084,0.2482,0.0044
1925,02506.wav,2505,1103177960,6.286,0.7046,0.6123,0.7969,0.7189,0.6123,TAO,0.5085,-1.1204,-0.0590
1926,06737.wav,6736,3007055537,8.305,0.7046,0.6648,0.7444,0.6935,0.6648,TAO,0.6764,0.1545,0.0059
1927,08629.wav,8628,3883503916,5.180,0.7046,0.6472,0.7620,0.6547,0.6472,TAO,0.5465,-0.2516,-0.0099
1928,04891.wav,4890,2172669525,2.718,0.7046,0.6388,0.7703,0.5903,0.5903,TAO,0.5138,0.4381,0.0252
1929,07419.wav,7418,3335261257,4.879,0.7046,0.6738,0.7353,0.5845,0.5845,TAO,0.5190,0.1921,0.0154
1930,08513.wav,8512,3826649103,7.796,0.7046,0.6307,0.7784,0.6658,0.6307,TAO,0.6081,-0.4005,-0.0174
1931,08862.wav,8861,3989925125,7.272,0.7045,0.6661,0.7429,0.4857,0.4857,LENT,0.3657,0.3534,0.0337
1932,07842.wav,7841,3534397762,5.445,0.7045,0.6515,0.7575,0.6987,0.6515,TAO,0.6792,-0.3170,-0.0187
1933,07670.wav,7669,3448283755,6.566,0.7045,0.6611,0.7478,0.4974,0.4974,TAO,0.4576,0.8297,0.0517
1934,03837.wav,3836,1698507830,2.800,0.7044,0.6956,0.7132,0.5486,0.5486,TAO,0.4756,1.1184,0.0612
1935,01893.wav,1892,844411233,10.028,0.7044,0.6695,0.7393,0.4611,0.4611,TAO,0.3388,0.5291,0.0397
1936,02126.wav,2125,943823756,4.656,0.7044,0.6414,0.7674,0.6051,0.6051,LENT,0.7132,-0.1931,-0.0011
1937,08536.wav,8535,3834717865,7.818,0.7044,0.6569,0.7519,0.7392,0.6569,TAO,0.7152,0.0722,0.0034
1938,04882.wav,4881,2169269605,7.983,0.7043,0.6395,0.7691,0.6898,0.6395,TAO,0.5811,-0.1736,-0.0173
1939,02599.wav,2598,1141279119,5.874,0.7043,0.6219,0.7867,0.6520,0.6219,TAO,0.4721,-1.1063,-0.0578
1940,05745.wav,5744,2557570954,3.455,0.7043,0.6244,0.7842,0.6620,0.6244,TAO,0.4573,0.1859,0.0070
1941,08814.wav,8813,3963519022,6.712,0.7043,0.6321,0.7765,0.6281,0.6281,TAO,0.5746,-0.0793,-0.0072
1942,07539.wav,7538,3391538384,8.521,0.7043,0.6437,0.7649,0.5197,0.5197,TAO,0.4843,-0.0603,-0.0004
1943,08635.wav,8634,3885426634,2.547,0.7043,0.6659,0.7426,0.5782,0.5782,TAO,0.4838,0.9767,0.0399
1944,09569.wav,9568,4294919173,5.790,0.7042,0.6331,0.7754,0.6535,0.6331,TAO,0.5358,-0.9210,-0.0351
1945,08552.wav,8551,3845197750,2.684,0.7042,0.6579,0.7505,0.6953,0.6579,TAO,0.5707,0.1589,0.0031
1946,02878.wav,2877,1271835595,7.121,0.7041,0.6662,0.7421,0.6706,0.6662,TAO,0.6579,-0.0354,-0.0045
1947,04382.wav,4381,1940677225,7.584,0.7041,0.6393,0.7690,0.4980,0.4980,TAO,0.3637,0.1884,0.0205
1948,04594.wav,4593,2036367626,6.631,0.7041,0.6365,0.7718,0.4875,0.4875,TAO,0.3501,0.4418,0.0304
1949,09393.wav,9392,4217667977,6.544,0.7041,0.6752,0.7330,0.4865,0.4865,TAO,0.3665,0.2607,0.0258
1950,08223.wav,8222,3690975636,9.194,0.7041,0.6628,0.7454,0.4515,0.4515,TAO,0.5038,0.2910,0.0265
1951,07724.wav,7723,3475510789,6.450,0.7041,0.6238,0.7844,0.6263,0.6238,TAO,0.5161,-0.5395,-0.0349
1952,00815.wav,814,357927778,6.405,0.7041,0.6346,0.7735,0.6793,0.6346,TAO,0.4119,0.2343,0.0161
1953,00409.wav,408,175124899,5.862,0.7040,0.6277,0.7803,0.6564,0.6277,TAO,0.5738,-0.6082,-0.0339
1954,00765.wav,764,332029057,5.118,0.7040,0.6401,0.7679,0.6747,0.6401,TAO,0.5556,-0.8193,-0.0311
1955,04925.wav,4924,2188967561,8.535,0.7040,0.6551,0.7528,0.5085,0.5085,TAO,0.3166,-0.0129,0.0103
1956,04413.wav,4412,1955551535,2.170,0.7040,0.6800,0.7279,0.5592,0.5592,LENT,0.4582,0.7263,0.0428
1957,04871.wav,4870,2164704081,10.250,0.7039,0.6241,0.7837,0.6971,0.6241,TAO,0.6282,-0.4765,-0.0330
1958,01641.wav,1640,730804113,6.789,0.7039,0.6333,0.7745,0.7065,0.6333,TAO,0.5113,-0.7238,-0.0357
1959,04197.wav,4196,1860338898,2.199,0.7039,0.6564,0.7513,0.5691,0.5691,TAO,0.4260,0.5788,0.0251
1960,03228.wav,3227,1419131699,4.638,0.7038,0.6152,0.7925,0.6853,0.6152,TAO,0.4732,-1.4120,-0.0648
1961,01950.wav,1949,870213574,7.560,0.7038,0.6326,0.7750,0.5807,0.5807,TAO,0.5250,0.0946,0.0050
1962,08305.wav,8304,3727530183,5.570,0.7037,0.6386,0.7689,0.5784,0.5784,TAO,0.4736,-0.7333,-0.0258
1963,00800.wav,799,352622926,4.521,0.7037,0.6650,0.7425,0.4747,0.4747,TAO,0.4250,0.5811,0.0355
1964,00197.wav,196,89969104,7.329,0.7037,0.6333,0.7741,0.6131,0.6131,TAO,0.3884,-0.8717,-0.0352
1965,00766.wav,765,332042119,7.674,0.7036,0.6302,0.7770,0.7433,0.6302,TAO,0.6037,-0.8080,-0.0416
1966,06951.wav,6950,3108856501,4.130,0.7036,0.6287,0.7785,0.5224,0.5224,TAO,0.4111,0.2111,0.0178
1967,09487.wav,9486,4258364626,7.396,0.7036,0.6741,0.7331,0.4758,0.4758,TAO,0.4115,0.4973,0.0367
1968,02278.wav,2277,1012393257,6.599,0.7036,0.6682,0.7389,0.5113,0.5113,TAO,0.3653,0.5885,0.0413
1969,06269.wav,6268,2803048143,7.052,0.7035,0.6417,0.7653,0.6545,0.6417,TAO,0.5604,-0.4015,-0.0249
1970,02013.wav,2012,895777033,7.392,0.7035,0.7088,0.6983,0.4853,0.4853,TAO,0.4906,0.4775,0.0296
1971,01606.wav,1605,708840272,6.709,0.7034,0.6421,0.7647,0.4880,0.4880,TAO,0.3098,0.2944,0.0241
1972,05282.wav,5281,2350279206,5.817,0.7034,0.6385,0.7683,0.6344,0.6344,TAO,0.5687,-0.5511,-0.0227
1973,04377.wav,4376,1939035048,3.705,0.7034,0.7068,0.6999,0.5617,0.5617,TAO,0.4948,0.8523,0.0469
1974,06178.wav,6177,2759307020,7.616,0.7034,0.6270,0.7798,0.6385,0.6270,LENT,0.5454,-0.9464,-0.0397
1975,04696.wav,4695,2086145970,5.695,0.7033,0.6532,0.7535,0.4867,0.4867,TAO,0.2878,0.2518,0.0234
1976,01427.wav,1426,631336869,5.072,0.7033,0.6386,0.7681,0.6377,0.6377,TAO,0.6200,-0.6080,-0.0255
1977,03708.wav,3707,1632431883,8.497,0.7033,0.7240,0.6827,0.4588,0.4588,TAO,0.4006,0.7059,0.0448
1978,00898.wav,897,398398607,7.555,0.7033,0.6324,0.7743,0.6845,0.6324,TAO,0.6876,-0.5701,-0.0252
1979,00746.wav,745,324830084,3.453,0.7033,0.6475,0.7591,0.6523,0.6475,TAO,0.5484,0.5778,0.0297
1980,02988.wav,2987,1322141319,2.153,0.7032,0.6626,0.7439,0.6632,0.6626,TAO,0.6141,1.0464,0.0454
1981,08803.wav,8802,3958817932,6.182,0.7032,0.6551,0.7513,0.5335,0.5335,TAO,0.5413,-0.4806,-0.0180
1982,00532.wav,531,227920549,3.256,0.7032,0.6597,0.7467,0.5701,0.5701,TAO,0.4868,0.6785,0.0405
1983,06715.wav,6714,2995019956,7.374,0.7032,0.6395,0.7669,0.7690,0.6395,TAO,0.5214,-0.8756,-0.0452
1984,04710.wav,4709,2091374440,6.298,0.7032,0.6400,0.7663,0.7471,0.6400,TAO,0.6692,-0.4708,-0.0149
1985,04405.wav,4404,1952072379,6.641,0.7031,0.6333,0.7730,0.5988,0.5988,TAO,0.5338,-0.8804,-0.0287
1986,06204.wav,6203,2774277833,5.527,0.7031,0.6575,0.7488,0.6191,0.6191,TAO,0.5117,-0.0928,-0.0025
1987,02390.wav,2389,1056105363,7.165,0.7031,0.7081,0.6982,0.5409,0.5409,TAO,0.3595,1.0472,0.0509
1988,07775.wav,7774,3499116807,7.660,0.7031,0.6430,0.7633,0.5628,0.5628,TAO,0.3698,-0.6518,-0.0161
1989,04087.wav,4086,1808734216,5.051,0.7031,0.6604,0.7458,0.5451,0.5451,TAO,0.4451,0.9851,0.0551
1990,09101.wav,9100,4095591571,7.931,0.7031,0.6557,0.7505,0.6477,0.6477,TAO,0.6684,-0.2294,-0.0085
1991,01252.wav,1251,556479219,4.476,0.7031,0.6842,0.7219,0.5065,0.5065,LENT,0.3556,0.3013,0.0266
1992,00099.wav,98,43790378,2.261,0.7031,0.6230,0.7831,0.7208,0.6230,TAO,0.6088,0.5574,0.0224
1993,08704.wav,8703,3913959562,6.019,0.7030,0.6345,0.7716,0.6682,0.6345,TAO,0.7113,-0.1027,-0.0142
1994,03699.wav,3698,1630680264,3.299,0.7030,0.6850,0.7211,0.5303,0.5303,TAO,0.4022,1.7006,0.0740
1995,07773.wav,7772,3496221036,6.652,0.7030,0.7001,0.7059,0.4009,0.4009,TAO,0.3682,1.0391,0.0603
1996,06288.wav,6287,2807612909,3.427,0.7029,0.6880,0.7179,0.6313,0.6313,TAO,0.4945,0.2608,0.0316
1997,01948.wav,1947,869878312,7.442,0.7029,0.6280,0.7778,0.7095,0.6280,TAO,0.6086,-0.6774,-0.0255
1998,04997.wav,4996,2216282639,7.652,0.7028,0.6828,0.7229,0.4856,0.4856,TAO,0.3572,0.8825,0.0544
1999,01090.wav,1089,479324140,5.281,0.7028,0.6209,0.7848,0.7599,0.6209,TAO,0.6082,-0.9854,-0.0431
2000,01575.wav,1574,690517445,4.201,0.7028,0.6689,0.7368,0.4724,0.4724,TAO,0.4463,1.2464,0.0611
2001,03286.wav,3285,1444853195,4.532,0.7028,0.6341,0.7715,0.5326,0.5326,TAO,0.3422,0.2312,0.0149
2002,06479.wav,6478,2893042309,9.294,0.7028,0.6692,0.7363,0.6952,0.6692,TAO,0.6434,-0.0560,-0.0000
2003,07063.wav,7062,3159327146,3.766,0.7028,0.6670,0.7385,0.7127,0.6670,TAO,0.6111,-0.0284,-0.0007
2004,00455.wav,454,196280871,7.376,0.7028,0.6388,0.7668,0.5658,0.5658,TAO,0.3922,0.2252,0.0123
2005,00706.wav,705,302934026,3.953,0.7028,0.6958,0.7098,0.6083,0.6083,TAO,0.3601,0.3391,0.0257
2006,07309.wav,7308,3275418277,6.934,0.7028,0.6675,0.7380,0.6942,0.6675,TAO,0.6349,-0.6319,-0.0247
2007,09432.wav,9431,4234259183,7.245,0.7027,0.6335,0.7720,0.4897,0.4897,TAO,0.4256,0.1530,0.0115
2008,07439.wav,7438,3344819974,9.483,0.7027,0.6354,0.7700,0.5235,0.5235,TAO,0.3764,-0.0922,0.0062
2009,03504.wav,3503,1551615792,7.233,0.7027,0.6869,0.7185,0.5043,0.5043,TAO,0.4416,0.8329,0.0429
2010,01313.wav,1312,583542090,7.964,0.7027,0.6281,0.7774,0.7497,0.6281,TAO,0.6364,-0.8648,-0.0453
2011,00374.wav,373,159542790,4.369,0.7027,0.6749,0.7305,0.6809,0.6749,TAO,0.6232,0.1563,0.0015
2012,08732.wav,8731,3930421328,4.082,0.7027,0.6356,0.7698,0.7128,0.6356,TAO,0.5980,0.0332,-0.0064
2013,08746.wav,8745,3934821931,7.344,0.7027,0.6381,0.7673,0.5075,0.5075,TAO,0.4169,0.5096,0.0353
2014,08308.wav,8307,3727640646,9.143,0.7027,0.6485,0.7568,0.5969,0.5969,TAO,0.4915,-0.2221,-0.0010
2015,07696.wav,7695,3461035430,3.260,0.7026,0.6615,0.7438,0.6772,0.6615,TAO,0.6245,-0.0417,0.0021
2016,09138.wav,9137,4111178985,2.854,0.7026,0.6309,0.7744,0.6341,0.6309,PAT,0.4725,0.5961,0.0273
2017,06425.wav,6424,2871957235,7.163,0.7026,0.6818,0.7233,0.4711,0.4711,TAO,0.4597,0.7911,0.0465
2018,05173.wav,5172,2301883138,8.096,0.7026,0.6440,0.7612,0.5918,0.5918,TAO,0.5624,-0.0688,-0.0026
2019,05115.wav,5114,2273028010,7.609,0.7026,0.6631,0.7420,0.4452,0.4452,TAO,0.3706,0.9001,0.0505
2020,07534.wav,7533,3390081389,5.901,0.7026,0.6710,0.7341,0.6342,0.6342,TAO,0.5097,-0.2093,-0.0032
2021,03545.wav,3544,1573641290,3.956,0.7026,0.6444,0.7607,0.7187,0.6444,TAO,0.6657,0.0711,0.0003
2022,03743.wav,3742,1652405223,5.815,0.7025,0.6355,0.7696,0.6879,0.6355,TAO,0.6416,-0.4574,-0.0208
2023,05512.wav,5511,2450745679,6.165,0.7025,0.6633,0.7418,0.6662,0.6633,TAO,0.5061,-0.3168,-0.0192
2024,02662.wav,2661,1175262343,5.371,0.7025,0.6665,0.7386,0.6267,0.6267,TAO,0.5081,-0.3156,-0.0023
2025,03246.wav,3245,1426543430,6.891,0.7025,0.6245,0.7805,0.6231,0.6231,TAO,0.5458,-0.3303,-0.0176
2026,02331.wav,2330,1037372555,7.346,0.7025,0.6496,0.7553,0.5969,0.5969,TAO,0.5764,-0.2966,-0.0144
2027,08343.wav,8342,3740058832,5.372,0.7024,0.6557,0.7491,0.6360,0.6360,TAO,0.6471,0.2923,0.0165
2028,06996.wav,6995,3128904560,6.318,0.7024,0.6387,0.7661,0.7165,0.6387,TAO,0.6183,-0.2167,-0.0118
2029,00816.wav,815,359113200,6.463,0.7024,0.7044,0.7004,0.5306,0.5306,TAO,0.3669,0.5993,0.0337
2030,07509.wav,7508,3377842949,9.015,0.7024,0.6347,0.7700,0.5347,0.5347,TAO,0.3712,-0.5050,-0.0088
2031,02258.wav,2257,1006307021,7.645,0.7023,0.6552,0.7495,0.4947,0.4947,TAO,0.4527,0.6558,0.0380
2032,00019.wav,18,7487133,4.847,0.7023,0.6348,0.7698,0.7872,0.6348,TAO,0.6055,-0.8650,-0.0357
2033,03664.wav,3663,1613303977,7.191,0.7023,0.7197,0.6849,0.4627,0.4627,TAO,0.3587,1.0696,0.0592
2034,03006.wav,3005,1325960579,8.277,0.7023,0.6863,0.7183,0.6480,0.6480,TAO,0.4971,0.2241,0.0105
2035,06649.wav,6648,2964681988,7.932,0.7023,0.6606,0.7440,0.6833,0.6606,TAO,0.6802,-0.0713,0.0003
2036,04073.wav,4072,1805108785,8.085,0.7023,0.6271,0.7774,0.5450,0.5450,TAO,0.3515,-0.7920,-0.0328
2037,03680.wav,3679,1623275469,3.068,0.7023,0.6752,0.7293,0.5877,0.5877,TAO,0.4695,0.9594,0.0422
2038,07672.wav,7671,3449947330,4.981,0.7023,0.6298,0.7747,0.6624,0.6298,TAO,0.6087,-1.2473,-0.0593
2039,04451.wav,4450,1969374316,4.664,0.7023,0.6331,0.7714,0.6154,0.6154,TAO,0.5430,-0.0584,-0.0193
2040,07902.wav,7901,3567731275,3.756,0.7022,0.6904,0.7140,0.5178,0.5178,TAO,0.4095,1.0589,0.0482
2041,04884.wav,4883,2170768259,3.566,0.7022,0.6448,0.7596,0.5616,0.5616,TAO,0.5521,0.2184,0.0206
2042,01446.wav,1445,636981709,2.448,0.7022,0.6678,0.7366,0.5114,0.5114,TAO,0.5297,0.3545,0.0359
2043,08567.wav,8566,3852274219,4.814,0.7022,0.6510,0.7534,0.4601,0.4601,TAO,0.3756,0.7603,0.0441
2044,03851.wav,3850,1704416017,6.915,0.7022,0.6329,0.7714,0.5837,0.5837,LENT,0.6463,-0.3567,-0.0105
2045,03415.wav,3414,1503807951,2.665,0.7022,0.6615,0.7428,0.6737,0.6615,TAO,0.6297,-0.1272,-0.0142
2046,05843.wav,5842,2602367404,5.306,0.7021,0.6230,0.7813,0.6667,0.6230,TAO,0.5935,-0.6993,-0.0264
2047,04838.wav,4837,2147990371,8.567,0.7021,0.6422,0.7621,0.6188,0.6188,TAO,0.6400,-0.3583,-0.0117
2048,03496.wav,3495,1549993613,11.077,0.7021,0.6499,0.7544,0.4893,0.4893,ANCIENT,0.5007,0.6988,0.0440
2049,02110.wav,2109,940414409,6.780,0.7021,0.6344,0.7698,0.6479,0.6344,TAO,0.5745,-1.0748,-0.0451
2050,01012.wav,1011,447965003,4.787,0.7020,0.6880,0.7161,0.4794,0.4794,TAO,0.4203,0.5420,0.0393
2051,08973.wav,8972,4036293968,6.837,0.7019,0.6975,0.7064,0.4436,0.4436,TAO,0.2917,0.3858,0.0335
2052,06349.wav,6348,2836762661,10.036,0.7019,0.6263,0.7775,0.6901,0.6263,TAO,0.6510,-0.6892,-0.0324
2053,08550.wav,8549,3844978866,5.081,0.7019,0.6664,0.7374,0.4698,0.4698,TAO,0.4484,1.1934,0.0610
2054,01071.wav,1070,472179888,6.364,0.7018,0.6802,0.7235,0.4961,0.4961,TAO,0.4963,0.8957,0.0549
2055,08252.wav,8251,3705101640,10.036,0.7018,0.6253,0.7783,0.6864,0.6253,TAO,0.6275,-0.6011,-0.0291
2056,00981.wav,980,431483239,3.637,0.7018,0.6265,0.7770,0.7396,0.6265,TAO,0.5709,0.2936,0.0073
2057,01583.wav,1582,694197366,7.794,0.7017,0.6243,0.7791,0.7421,0.6243,TAO,0.5461,-0.5323,-0.0340
2058,08206.wav,8205,3682542707,2.585,0.7017,0.6515,0.7519,0.6939,0.6515,TAO,0.4080,-0.2490,-0.0067
2059,08572.wav,8571,3854428883,2.913,0.7017,0.7007,0.7026,0.6052,0.6052,TAO,0.4072,0.6603,0.0363
2060,09422.wav,9421,4232398122,6.526,0.7017,0.6293,0.7740,0.5134,0.5134,ANCIENT,0.6272,0.1624,0.0140
2061,06603.wav,6602,2949751821,2.671,0.7016,0.6698,0.7335,0.6912,0.6698,TAO,0.5978,-0.2287,0.0005
2062,05685.wav,5684,2528906869,3.625,0.7016,0.6730,0.7303,0.6129,0.6129,TAO,0.4862,0.9671,0.0373
2063,06727.wav,6726,3000690609,2.615,0.7016,0.6310,0.7721,0.5808,0.5808,TAO,0.4120,0.5660,0.0285
2064,07127.wav,7126,3191822097,7.720,0.7016,0.6767,0.7264,0.5232,0.5232,TAO,0.4423,0.5956,0.0422
2065,06273.wav,6272,2803273963,8.738,0.7015,0.6572,0.7457,0.5983,0.5983,TAO,0.6598,-0.1179,0.0018
2066,02542.wav,2541,1119920267,7.132,0.7015,0.6455,0.7574,0.6274,0.6274,TAO,0.4418,-0.7126,-0.0248
2067,04250.wav,4249,1882180235,7.073,0.7015,0.6294,0.7735,0.5362,0.5362,TAO,0.4671,0.6394,0.0345
2068,08407.wav,8406,3777219083,6.888,0.7015,0.6409,0.7620,0.6056,0.6056,TAO,0.5356,-0.7199,-0.0236
2069,09438.wav,9437,4238304263,2.987,0.7014,0.6490,0.7538,0.7449,0.6490,TAO,0.6858,-0.4323,-0.0142
2070,01253.wav,1252,558129732,9.092,0.7013,0.6382,0.7644,0.6187,0.6187,TAO,0.6042,-0.6462,-0.0224
2071,08593.wav,8592,3863090187,2.234,0.7013,0.6384,0.7643,0.6852,0.6384,TAO,0.6549,0.6034,0.0256
2072,09210.wav,9209,4142360897,5.787,0.7013,0.6593,0.7434,0.5227,0.5227,TAO,0.3595,0.3032,0.0270
2073,07357.wav,7356,3303080116,7.309,0.7012,0.6791,0.7234,0.6670,0.6670,TAO,0.5654,-0.1532,-0.0109
2074,03663.wav,3662,1613288073,12.326,0.7012,0.6707,0.7317,0.6874,0.6707,TAO,0.6582,-0.0583,0.0022
2075,01500.wav,1499,659335533,3.606,0.7012,0.6952,0.7071,0.5667,0.5667,TAO,0.3987,0.8886,0.0504
2076,06026.wav,6025,2682520549,5.949,0.7011,0.6602,0.7421,0.6485,0.6485,TAO,0.5444,0.0347,0.0002
2077,02604.wav,2603,1143286382,6.931,0.7011,0.6810,0.7211,0.6171,0.6171,TAO,0.5564,-0.1252,-0.0017
2078,08579.wav,8578,3858463422,9.899,0.7010,0.6484,0.7536,0.6249,0.6249,TAO,0.6272,-0.2115,-0.0109
2079,05154.wav,5153,2295340175,5.368,0.7010,0.6392,0.7628,0.6862,0.6392,TAO,0.6300,-0.8923,-0.0377
2080,08883.wav,8882,3999275699,3.315,0.7010,0.6700,0.7319,0.5630,0.5630,PAT,0.3869,0.4408,0.0247
2081,00496.wav,495,212926798,7.468,0.7009,0.6464,0.7555,0.4988,0.4988,TAO,0.4186,0.0264,0.0172
2082,04215.wav,4214,1867005386,5.713,0.7009,0.6354,0.7664,0.6172,0.6172,TAO,0.5233,-0.4104,-0.0146
2083,05968.wav,5967,2658653988,6.641,0.7009,0.6499,0.7519,0.6093,0.6093,TAO,0.5094,-0.6886,-0.0202
2084,07888.wav,7887,3555579316,8.210,0.7009,0.6355,0.7662,0.5334,0.5334,TAO,0.3823,-0.4503,-0.0131
2085,04851.wav,4850,2152710159,7.427,0.7009,0.6551,0.7466,0.5070,0.5070,TAO,0.3493,-0.4297,-0.0059
2086,06970.wav,6969,3114303855,6.194,0.7008,0.6410,0.7607,0.6214,0.6214,TAO,0.5718,-0.5572,-0.0196
2087,01707.wav,1706,760028584,9.648,0.7008,0.6284,0.7732,0.7616,0.6284,TAO,0.6282,-1.0809,-0.0534
2088,07806.wav,7805,3516262159,7.076,0.7008,0.6340,0.7676,0.7274,0.6340,TAO,0.6365,-0.7426,-0.0410
2089,05408.wav,5407,2406408774,6.783,0.7008,0.6366,0.7649,0.5903,0.5903,TAO,0.4614,0.0196,0.0141
2090,05616.wav,5615,2497212903,5.541,0.7008,0.6211,0.7805,0.5347,0.5347,TAO,0.3461,0.3050,0.0201
2091,05104.wav,5103,2271105292,7.846,0.7008,0.6543,0.7473,0.5127,0.5127,TAO,0.4784,-0.3955,-0.0085
2092,07196.wav,7195,3220705066,2.720,0.7008,0.6908,0.7107,0.5704,0.5704,TAO,0.3942,0.5990,0.0320
2093,02744.wav,2743,1212081617,5.510,0.7007,0.6351,0.7664,0.7814,0.6351,TAO,0.6355,-0.4106,-0.0301
2094,07657.wav,7656,3444335813,4.311,0.7007,0.6201,0.7814,0.6855,0.6201,TAO,0.5980,-0.8032,-0.0320
2095,00459.wav,458,196512817,6.302,0.7007,0.6333,0.7681,0.6103,0.6103,TAO,0.5876,-0.5464,-0.0194
2096,02333.wav,2332,1037556716,7.285,0.7007,0.6304,0.7710,0.5899,0.5899,TAO,0.5131,-1.2356,-0.0463
2097,01289.wav,1288,576568937,7.942,0.7006,0.6919,0.7094,0.4626,0.4626,TAO,0.4467,0.2826,0.0336
2098,00333.wav,332,146029868,7.115,0.7006,0.6700,0.7313,0.6335,0.6335,TAO,0.6048,0.1545,0.0070
2099,04428.wav,4427,1960847788,3.128,0.7006,0.6649,0.7363,0.6429,0.6429,TAO,0.5430,-0.6164,-0.0278
2100,05381.wav,5380,2392543313,8.926,0.7006,0.6161,0.7851,0.6921,0.6161,TAO,0.6258,-0.6558,-0.0312
2101,01465.wav,1464,647302273,5.422,0.7006,0.6489,0.7523,0.5817,0.5817,TAO,0.3090,-0.5290,-0.0071
2102,03217.wav,3216,1412287986,7.386,0.7006,0.6472,0.7540,0.5304,0.5304,TAO,0.5293,-0.3591,-0.0002
2103,08703.wav,8702,3913629385,9.150,0.7006,0.6316,0.7696,0.6815,0.6316,TAO,0.6318,-0.5004,-0.0191
2104,02660.wav,2659,1174804577,5.117,0.7005,0.6441,0.7569,0.6020,0.6020,TAO,0.5759,-0.9704,-0.0371
2105,01591.wav,1590,699683858,4.173,0.7005,0.6344,0.7666,0.6922,0.6344,TAO,0.4231,0.4769,0.0184
2106,00903.wav,902,400082443,2.280,0.7005,0.6280,0.7730,0.7475,0.6280,LENT,0.6089,0.3079,0.0143
2107,05649.wav,5648,2513858830,6.508,0.7004,0.6432,0.7577,0.5261,0.5261,PAT,0.3831,0.2819,0.0209
2108,00552.wav,551,236393377,6.293,0.7004,0.6380,0.7628,0.5598,0.5598,TAO,0.4972,-0.3957,-0.0118
2109,05595.wav,5594,2490026992,6.754,0.7004,0.7065,0.6942,0.4942,0.4942,TAO,0.4505,0.8370,0.0482
2110,00158.wav,157,67950542,3.134,0.7004,0.6176,0.7831,0.7472,0.6176,TAO,0.5796,0.0621,-0.0010
2111,01838.wav,1837,818806115,8.941,0.7003,0.6654,0.7352,0.5417,0.5417,TAO,0.4524,-0.1595,0.0064
2112,08304.wav,8303,3727291301,4.505,0.7003,0.6247,0.7759,0.6267,0.6247,TAO,0.3740,-0.2716,-0.0231
2113,04349.wav,4348,1924692170,1.794,0.7003,0.6266,0.7739,0.7744,0.6266,TAO,0.5717,-0.1404,-0.0118
2114,08360.wav,8359,3751636647,6.573,0.7002,0.6202,0.7803,0.5951,0.5951,TAO,0.4917,-0.4665,-0.0126
2115,06023.wav,6022,2681849004,8.725,0.7002,0.6280,0.7724,0.6760,0.6280,TAO,0.5993,-0.1941,-0.0226
2116,02978.wav,2977,1316816469,6.110,0.7002,0.6185,0.7819,0.6924,0.6185,TAO,0.6262,0.1965,-0.0025
2117,08498.wav,8497,3820451880,5.279,0.7002,0.6636,0.7368,0.6809,0.6636,TAO,0.5370,0.2490,0.0126
2118,01278.wav,1277,571079924,5.342,0.7002,0.6412,0.7591,0.5246,0.5246,TAO,0.4265,-0.1278,-0.0045
2119,05572.wav,5571,2478567876,4.661,0.7001,0.6356,0.7647,0.7150,0.6356,TAO,0.5366,-1.0202,-0.0487
2120,01682.wav,1681,745873604,5.927,0.7001,0.6330,0.7672,0.6423,0.6330,TAO,0.5029,-0.2416,-0.0092
2121,00935.wav,934,412594762,2.632,0.7001,0.6522,0.7479,0.5767,0.5767,PAT,0.3989,0.2365,0.0114
2122,06558.wav,6557,2928996209,5.508,0.7000,0.6389,0.7611,0.5027,0.5027,TAO,0.3662,0.0190,0.0105
2123,01803.wav,1802,808658505,2.311,0.7000,0.6460,0.7540,0.5976,0.5976,LENT,0.5572,-0.9749,-0.0381
2124,00001.wav,0,417600,4.647,0.7000,0.6667,0.7332,0.6655,0.6655,TAO,0.5558,0.6257,0.0292
2125,05856.wav,5855,2610376330,4.769,0.6999,0.6798,0.7201,0.5753,0.5753,TAO,0.5302,0.7040,0.0474
2126,06883.wav,6882,3071910308,8.643,0.6999,0.6256,0.7742,0.6541,0.6256,TAO,0.5149,-0.5171,-0.0244
2127,08985.wav,8984,4037917127,3.276,0.6999,0.6272,0.7725,0.5515,0.5515,TAO,0.4207,0.5707,0.0340
2128,01140.wav,1139,503834982,4.266,0.6999,0.6549,0.7448,0.6855,0.6549,TAO,0.6153,-0.5037,-0.0157
2129,06914.wav,6913,3088781075,1.855,0.6998,0.6379,0.7617,0.8232,0.6379,TAO,0.6385,-0.2250,-0.0090
2130,06042.wav,6041,2693883285,5.086,0.6998,0.6638,0.7357,0.5124,0.5124,TAO,0.4050,0.2789,0.0217
2131,02748.wav,2747,1215850571,8.039,0.6997,0.6314,0.7680,0.5960,0.5960,TAO,0.4279,-0.7833,-0.0255
2132,06501.wav,6500,2902900265,3.000,0.6997,0.6535,0.7458,0.7545,0.6535,TAO,0.5237,0.2099,0.0167
2133,00449.wav,448,194651756,8.338,0.6997,0.6685,0.7308,0.6014,0.6014,TAO,0.5004,-0.7310,-0.0200
2134,04554.wav,4553,2020069043,2.340,0.6997,0.6159,0.7835,0.6617,0.6159,TAO,0.4959,0.0257,-0.0077
2135,02760.wav,2759,1218973925,5.770,0.6997,0.6323,0.7670,0.5043,0.5043,TAO,0.4019,-0.7027,-0.0273
2136,08754.wav,8753,3938346567,11.217,0.6996,0.6152,0.7840,0.7600,0.6152,TAO,0.6108,-0.9406,-0.0506
2137,00020.wav,19,7849540,6.751,0.6996,0.6399,0.7592,0.6694,0.6399,TAO,0.5398,-0.4001,-0.0247
2138,06668.wav,6667,2976619889,7.879,0.6996,0.6946,0.7045,0.4394,0.4394,PAT,0.3479,1.5392,0.0763
2139,07919.wav,7918,3569844083,2.526,0.6996,0.6566,0.7425,0.4952,0.4952,TAO,0.5111,0.4278,0.0261
2140,01629.wav,1628,725431478,5.206,0.6996,0.6571,0.7420,0.4364,0.4364,PAT,0.3525,0.8983,0.0514
2141,01740.wav,1739,780373030,7.096,0.6996,0.6194,0.7797,0.6607,0.6194,TAO,0.4223,-1.0874,-0.0503
2142,08781.wav,8780,3949935123,2.732,0.6996,0.7013,0.6978,0.5996,0.5996,TAO,0.4694,0.1454,0.0116
2143,08429.wav,8428,3784049734,7.576,0.6995,0.6210,0.7780,0.7557,0.6210,TAO,0.6457,-0.9005,-0.0465
2144,05506.wav,5505,2449350341,3.355,0.6995,0.6651,0.7338,0.4881,0.4881,TAO,0.3492,0.2909,0.0283
2145,00169.wav,168,73159014,5.289,0.6994,0.6517,0.7471,0.6226,0.6226,TAO,0.5927,-0.2856,-0.0080
2146,02214.wav,2213,984356242,4.280,0.6994,0.6150,0.7838,0.5884,0.5884,TAO,0.4685,0.3009,0.0165
2147,08261.wav,8260,3707133800,5.385,0.6994,0.6453,0.7534,0.5153,0.5153,TAO,0.4099,0.1681,0.0159
2148,05919.wav,5918,2644453265,8.691,0.6993,0.6848,0.7139,0.5097,0.5097,TAO,0.4647,0.2861,0.0274
2149,03544.wav,3543,1573579633,5.429,0.6993,0.6199,0.7788,0.6156,0.6156,TAO,0.4318,-0.8517,-0.0354
2150,04026.wav,4025,1784567116,6.112,0.6993,0.6057,0.7928,0.6959,0.6057,TAO,0.5187,-0.7910,-0.0333
2151,08981.wav,8980,4037472423,8.150,0.6993,0.6679,0.7306,0.5514,0.5514,TAO,0.5259,-0.3508,-0.0018
2152,04911.wav,4910,2183423827,6.670,0.6992,0.6919,0.7066,0.4975,0.4975,TAO,0.5032,0.1943,0.0302
2153,08134.wav,8133,3656944454,7.224,0.6992,0.6423,0.7561,0.6061,0.6061,TAO,0.5077,-0.5307,-0.0199
2154,09219.wav,9218,4148755691,9.942,0.6992,0.6552,0.7432,0.4909,0.4909,TAO,0.4097,-0.3895,-0.0049
2155,01509.wav,1508,663524136,8.576,0.6992,0.6474,0.7510,0.6295,0.6295,TAO,0.5276,-0.4305,-0.0247
2156,05928.wav,5927,2648964815,51.045,0.6992,0.6676,0.7308,0.5950,0.5950,TAO,0.5563,-0.6792,-0.0261
2157,03288.wav,3287,1445310961,5.925,0.6992,0.6750,0.7234,0.4764,0.4764,TAO,0.3580,1.2234,0.0720
2158,08649.wav,8648,3892970868,3.204,0.6991,0.6386,0.7596,0.6230,0.6230,TAO,0.4633,0.3437,0.0132
2159,06581.wav,6580,2940043039,5.438,0.6991,0.6179,0.7803,0.7178,0.6179,TAO,0.5236,-0.6893,-0.0283
2160,06969.wav,6968,3114290793,5.662,0.6991,0.6038,0.7944,0.5585,0.5585,TAO,0.4198,0.4989,0.0306
2161,02269.wav,2268,1008168082,7.068,0.6990,0.6431,0.7549,0.4962,0.4962,ANCIENT,0.3885,0.1633,0.0225
2162,05811.wav,5810,2585023808,6.249,0.6990,0.6202,0.7778,0.5842,0.5842,TAO,0.4808,-0.8518,-0.0354
2163,01125.wav,1124,497983250,6.293,0.6990,0.6376,0.7604,0.5637,0.5637,TAO,0.4210,-0.1307,-0.0010
2164,00041.wav,40,17926380,8.342,0.6989,0.6129,0.7850,0.7454,0.6129,TAO,0.6204,-0.4926,-0.0298
2165,05337.wav,5336,2374220486,1.999,0.6989,0.6254,0.7724,0.6626,0.6254,TAO,0.4513,-0.0365,-0.0042
2166,03888.wav,3887,1720806933,9.771,0.6989,0.6633,0.7344,0.4209,0.4209,TAO,0.3173,0.7248,0.0497
2167,02790.wav,2789,1231727173,3.606,0.6989,0.6373,0.7604,0.6386,0.6373,TAO,0.5791,-1.2690,-0.0576
2168,09260.wav,9259,4165845969,4.440,0.6989,0.6180,0.7798,0.7414,0.6180,TAO,0.5564,-0.5266,-0.0256
2169,01096.wav,1095,480707437,6.530,0.6988,0.6495,0.7481,0.5915,0.5915,TAO,0.4157,-0.2185,-0.0068
2170,04811.wav,4810,2140132915,5.323,0.6988,0.6569,0.7408,0.5691,0.5691,TAO,0.4961,-0.0261,-0.0017
2171,05018.wav,5017,2225182825,6.632,0.6988,0.6797,0.7178,0.4383,0.4383,TAO,0.3085,0.8769,0.0538
2172,08054.wav,8053,3624824970,4.620,0.6988,0.6215,0.7760,0.5336,0.5336,TAO,0.4315,0.0655,0.0151
2173,02787.wav,2786,1229476129,3.360,0.6988,0.6408,0.7567,0.5906,0.5906,TAO,0.4534,-0.2817,0.0002
2174,08597.wav,8596,3867227332,3.963,0.6987,0.6294,0.7680,0.6856,0.6294,TAO,0.5372,-0.0540,-0.0073
2175,01891.wav,1890,843541444,7.132,0.6987,0.6552,0.7422,0.5550,0.5550,TAO,0.3636,-0.2438,0.0016
2176,07230.wav,7229,3237517677,6.876,0.6986,0.6162,0.7810,0.6746,0.6162,TAO,0.4566,-1.2334,-0.0618
2177,01943.wav,1942,868461955,2.889,0.6985,0.6583,0.7388,0.5138,0.5138,TAO,0.3002,0.4393,0.0317
2178,01415.wav,1414,626128397,3.941,0.6985,0.6304,0.7665,0.7125,0.6304,TAO,0.6954,0.3232,0.0082
2179,08368.wav,8367,3753558344,4.083,0.6984,0.6589,0.7379,0.6909,0.6589,TAO,0.5837,0.7495,0.0268
2180,07161.wav,7160,3208844947,5.621,0.6984,0.6402,0.7566,0.6315,0.6315,TAO,0.4597,-0.2797,-0.0173
2181,08122.wav,8121,3654562949,4.458,0.6984,0.6325,0.7643,0.6108,0.6108,TAO,0.4130,-1.0436,-0.0338
2182,00907.wav,906,400376046,6.404,0.6984,0.6393,0.7574,0.5001,0.5001,TAO,0.3985,0.6351,0.0387
2183,01654.wav,1653,733947465,5.889,0.6984,0.6501,0.7467,0.6536,0.6501,TAO,0.5848,-0.3348,-0.0134
2184,05027.wav,5026,2230647525,6.779,0.6983,0.6436,0.7530,0.6317,0.6317,TAO,0.5766,-0.6914,-0.0309
2185,01579.wav,1578,691933802,6.918,0.6982,0.6333,0.7630,0.7510,0.6333,TAO,0.6602,-0.1496,-0.0077
2186,05720.wav,5719,2547140685,3.444,0.6981,0.7071,0.6891,0.5399,0.5399,TAO,0.3371,1.2205,0.0566
2187,04336.wav,4335,1917294766,9.146,0.6981,0.6120,0.7843,0.6965,0.6120,TAO,0.6165,-0.8179,-0.0424
2188,00710.wav,709,306294499,10.205,0.6981,0.6305,0.7657,0.7210,0.6305,TAO,0.6274,-0.9160,-0.0490
2189,03590.wav,3589,1586733342,4.349,0.6981,0.6268,0.7694,0.6251,0.6251,TAO,0.5423,-0.1700,0.0027
2190,00993.wav,992,434106761,6.016,0.6981,0.6763,0.7199,0.6397,0.6397,TAO,0.5491,0.0276,0.0040
2191,04627.wav,4626,2050787233,7.424,0.6981,0.6201,0.7760,0.6701,0.6201,TAO,0.5708,-0.6216,-0.0308
2192,00703.wav,702,301544814,11.183,0.6980,0.6424,0.7537,0.5842,0.5842,TAO,0.4777,-0.6705,-0.0111
2193,00654.wav,653,279102188,7.245,0.6980,0.6863,0.7096,0.4628,0.4628,TAO,0.4088,1.2806,0.0742
2194,02336.wav,2335,1038994734,6.577,0.6980,0.6327,0.7633,0.6171,0.6171,TAO,0.5738,-0.3299,-0.0141
2195,04369.wav,4368,1936722347,6.339,0.6980,0.6179,0.7780,0.6316,0.6179,TAO,0.5359,-0.7635,-0.0440
2196,02414.wav,2413,1065132337,8.333,0.6979,0.6300,0.7659,0.4806,0.4806,TAO,0.3624,0.1340,0.0194
2197,04551.wav,4550,2019721699,4.199,0.6979,0.6653,0.7305,0.7632,0.6653,TAO,0.5840,-0.4847,-0.0184
2198,01145.wav,1144,504929258,3.905,0.6979,0.6363,0.7595,0.5330,0.5330,TAO,0.3740,0.6516,0.0345
2199,04101.wav,4100,1815871532,12.126,0.6979,0.6250,0.7708,0.7619,0.6250,TAO,0.6542,-1.0158,-0.0504
2200,02987.wav,2986,1322079662,4.657,0.6979,0.6144,0.7814,0.7087,0.6144,TAO,0.4804,-1.0316,-0.0449
2201,06758.wav,6757,3014761892,7.766,0.6979,0.6289,0.7669,0.5828,0.5828,TAO,0.4703,-0.9059,-0.0336
2202,06995.wav,6994,3126514077,3.905,0.6978,0.6246,0.7711,0.7439,0.6246,TAO,0.6808,-1.0357,-0.0484
2203,05465.wav,5464,2429227300,10.976,0.6978,0.6328,0.7628,0.7618,0.6328,TAO,0.6065,-1.1240,-0.0530
2204,05658.wav,5657,2517638194,4.033,0.6978,0.6363,0.7592,0.5523,0.5523,TAO,0.4211,-0.9917,-0.0426
2205,00064.wav,63,25699497,6.009,0.6977,0.6376,0.7579,0.5965,0.5965,TAO,0.5689,-0.3033,-0.0113
2206,08945.wav,8944,4024656497,6.412,0.6977,0.6583,0.7371,0.6390,0.6390,TAO,0.5188,-0.0987,-0.0020
2207,06666.wav,6665,2976346284,1.936,0.6977,0.6495,0.7458,0.6085,0.6085,TAO,0.5006,0.0379,0.0102
2208,04391.wav,4390,1946275680,3.604,0.6976,0.6277,0.7675,0.5527,0.5527,TAO,0.4552,0.7450,0.0407
2209,06301.wav,6300,2812711939,7.101,0.6976,0.6210,0.7741,0.6149,0.6149,TAO,0.5776,-0.4102,-0.0181
2210,05804.wav,5803,2581566955,4.193,0.6976,0.6164,0.7788,0.5253,0.5253,TAO,0.4265,0.3532,0.0260
2211,01939.wav,1938,868126693,5.100,0.6975,0.6442,0.7508,0.5839,0.5839,TAO,0.5283,-1.1309,-0.0432
2212,01650.wav,1649,732856271,6.191,0.6975,0.6348,0.7602,0.5007,0.5007,TAO,0.3795,0.4692,0.0267
2213,06066.wav,6065,2706700711,6.708,0.6975,0.6378,0.7572,0.6766,0.6378,TAO,0.5195,-0.3319,-0.0158
2214,00137.wav,136,58264706,5.244,0.6974,0.6137,0.7811,0.6591,0.6137,TAO,0.5827,-0.5369,-0.0256
2215,00274.wav,273,122553290,4.167,0.6974,0.6700,0.7248,0.6843,0.6700,TAO,0.5101,0.2821,0.0108
2216,07810.wav,7809,3517425551,9.879,0.6974,0.6778,0.7170,0.6584,0.6584,TAO,0.6993,0.0817,0.0068
2217,00427.wav,426,182038489,2.295,0.6974,0.6555,0.7393,0.5417,0.5417,TAO,0.3611,0.9330,0.0482
2218,08373.wav,8372,3754941641,3.599,0.6974,0.6519,0.7429,0.6657,0.6519,TAO,0.4141,-0.2267,-0.0076
2219,00722.wav,721,316972628,6.575,0.6974,0.6402,0.7545,0.6648,0.6402,TAO,0.6665,-0.3312,-0.0126
2220,08061.wav,8060,3626392428,5.272,0.6973,0.6564,0.7382,0.6212,0.6212,TAO,0.6124,-0.1687,0.0028
2221,02083.wav,2082,924981506,7.126,0.6973,0.6583,0.7363,0.5845,0.5845,TAO,0.5901,-0.5300,-0.0128
2222,08479.wav,8478,3810023174,7.105,0.6972,0.6477,0.7467,0.5681,0.5681,TAO,0.4633,-0.7962,-0.0217
2223,02761.wav,2760,1219080846,4.033,0.6972,0.6365,0.7579,0.4820,0.4820,TAO,0.4794,0.0821,0.0167
2224,05992.wav,5991,2669723121,2.175,0.6972,0.6593,0.7350,0.6777,0.6593,TAO,0.4727,-0.0654,-0.0019
2225,01530.wav,1529,669099630,6.275,0.6971,0.6381,0.7561,0.5573,0.5573,TAO,0.4365,-0.8024,-0.0241
2226,00005.wav,4,1409893,5.449,0.6971,0.6182,0.7760,0.7066,0.6182,TAO,0.6117,-0.1376,-0.0202
2227,00519.wav,518,223944273,2.685,0.6971,0.7214,0.6728,0.5515,0.5515,TAO,0.4130,1.1670,0.0543
2228,02967.wav,2966,1312455483,3.382,0.6971,0.6240,0.7701,0.6881,0.6240,TAO,0.5399,0.1981,0.0066
2229,01764.wav,1763,788383529,6.648,0.6971,0.6646,0.7296,0.5224,0.5224,TAO,0.3704,-0.2772,0.0010
2230,08129.wav,8128,3655726341,6.477,0.6971,0.6347,0.7594,0.6728,0.6347,TAO,0.6706,-0.5833,-0.0234
2231,02475.wav,2474,1094076267,7.162,0.6971,0.6399,0.7542,0.5456,0.5456,TAO,0.4392,-0.6493,-0.0303
2232,03024.wav,3023,1337564811,7.305,0.6970,0.7119,0.6822,0.4754,0.4754,TAO,0.3836,0.0728,0.0161
2233,03413.wav,3412,1503698509,5.952,0.6970,0.6332,0.7609,0.5964,0.5964,TAO,0.3785,0.5983,0.0229
2234,05047.wav,5046,2240388082,10.273,0.6970,0.6537,0.7403,0.5114,0.5114,TAO,0.5286,0.1463,0.0237
2235,04829.wav,4828,2142966060,7.109,0.6970,0.6335,0.7604,0.6073,0.6073,TAO,0.7556,0.1109,0.0041
2236,03510.wav,3509,1555147364,4.887,0.6970,0.6028,0.7912,0.7527,0.6028,TAO,0.6347,-0.6433,-0.0279
2237,04949.wav,4948,2195688770,7.937,0.6969,0.6277,0.7661,0.6900,0.6277,TAO,0.6849,-0.5850,-0.0232
2238,07111.wav,7110,3184007754,7.527,0.6969,0.6274,0.7664,0.5593,0.5593,TAO,0.4217,-0.5451,-0.0233
2239,03299.wav,3298,1449738446,4.908,0.6968,0.6418,0.7518,0.6431,0.6418,TAO,0.4966,-0.4535,-0.0275
2240,01407.wav,1406,618150958,7.332,0.6967,0.6562,0.7373,0.5139,0.5139,PAT,0.3530,0.2754,0.0257
2241,01424.wav,1423,630392453,5.502,0.6967,0.6265,0.7669,0.5602,0.5602,TAO,0.4729,0.3464,0.0244
2242,06961.wav,6960,3112313354,3.982,0.6967,0.6354,0.7581,0.7598,0.6354,TAO,0.6319,-0.3240,-0.0183
2243,02118.wav,2117,941853253,6.002,0.6967,0.6870,0.7064,0.4153,0.4153,TAO,0.3851,1.2011,0.0676
2244,07020.wav,7019,3138102633,6.349,0.6967,0.6666,0.7267,0.5227,0.5227,TAO,0.3782,0.7715,0.0448
2245,06252.wav,6251,2795743812,4.304,0.6966,0.6225,0.7708,0.5606,0.5606,TAO,0.3664,-0.4664,-0.0075
2246,08909.wav,8908,4010965477,8.037,0.6966,0.6511,0.7421,0.6039,0.6039,TAO,0.5957,-0.1596,-0.0028
2247,04327.wav,4326,1914758506,7.153,0.6966,0.6432,0.7499,0.5693,0.5693,TAO,0.5895,-0.6309,-0.0169
2248,08041.wav,8040,3622499207,7.887,0.6965,0.6299,0.7632,0.6063,0.6063,TAO,0.5025,-0.5257,-0.0218
2249,07244.wav,7243,3243078888,3.096,0.6965,0.6404,0.7527,0.7166,0.6404,TAO,0.6295,0.4379,0.0197
2250,06166.wav,6165,2754063848,5.933,0.6965,0.6022,0.7908,0.7053,0.6022,TAO,0.6332,-0.7343,-0.0413
2251,06416.wav,6415,2864303559,4.248,0.6965,0.6323,0.7606,0.5354,0.5354,TAO,0.3185,0.4260,0.0214
2252,00147.wav,146,65863661,9.261,0.6965,0.6168,0.7761,0.7032,0.6168,TAO,0.6113,-0.4493,-0.0250
2253,01508.wav,1507,663243795,7.642,0.6964,0.6729,0.7200,0.6599,0.6599,TAO,0.6285,0.1157,0.0062
2254,09258.wav,9257,4164748802,7.123,0.6964,0.6490,0.7438,0.5680,0.5680,TAO,0.5377,-0.2120,-0.0005
2255,06923.wav,6922,3090294792,5.756,0.6964,0.6427,0.7501,0.7119,0.6427,TAO,0.4569,0.8832,0.0361
2256,03997.wav,3996,1770314193,3.026,0.6964,0.6509,0.7418,0.6923,0.6509,TAO,0.5657,-0.4504,-0.0249
2257,05577.wav,5576,2479416646,3.297,0.6963,0.6411,0.7516,0.5906,0.5906,TAO,0.5202,-0.1270,0.0030
2258,07863.wav,7862,3543974156,6.560,0.6963,0.6757,0.7170,0.4379,0.4379,TAO,0.3792,0.6912,0.0468
2259,00960.wav,959,425740435,4.835,0.6963,0.6049,0.7877,0.6992,0.6049,TAO,0.6066,-0.5673,-0.0308
2260,02136.wav,2135,949203327,7.335,0.6962,0.6513,0.7412,0.4408,0.4408,TAO,0.3540,0.6615,0.0481
2261,05441.wav,5440,2421822505,12.298,0.6962,0.6384,0.7540,0.7612,0.6384,TAO,0.6778,-0.8909,-0.0443
2262,06868.wav,6867,3065203182,3.528,0.6962,0.6359,0.7564,0.5736,0.5736,TAO,0.3733,-0.7573,-0.0217
2263,00100.wav,99,43823532,6.212,0.6961,0.6212,0.7710,0.7259,0.6212,TAO,0.6055,-0.6434,-0.0398
2264,05924.wav,5923,2646075444,6.559,0.6961,0.6409,0.7513,0.4689,0.4689,TAO,0.3572,0.6378,0.0392
2265,07086.wav,7085,3168949283,7.136,0.6961,0.6406,0.7515,0.5859,0.5859,TAO,0.5701,-0.6815,-0.0207
2266,01371.wav,1370,606949864,8.640,0.6960,0.6497,0.7424,0.7676,0.6497,TAO,0.6464,-0.3358,-0.0125
2267,03811.wav,3810,1685911918,6.865,0.6960,0.6519,0.7400,0.4636,0.4636,TAO,0.4378,0.6266,0.0459
2268,08349.wav,8348,3746078830,8.346,0.6960,0.6479,0.7440,0.4979,0.4979,TAO,0.2950,0.5385,0.0300
2269,07548.wav,7547,3396042251,6.489,0.6959,0.6659,0.7260,0.6169,0.6169,TAO,0.6077,-0.3640,-0.0088
2270,05089.wav,5088,2264329362,3.769,0.6959,0.6435,0.7483,0.7160,0.6435,TAO,0.5147,0.5366,0.0162
2271,09069.wav,9068,4081108265,10.433,0.6959,0.6717,0.7202,0.6717,0.6717,TAO,0.5875,-0.3834,-0.0153
2272,03167.wav,3166,1390023606,5.542,0.6959,0.6901,0.7017,0.4373,0.4373,TAO,0.3678,0.8950,0.0546
2273,03398.wav,3397,1498870550,43.070,0.6959,0.6448,0.7470,0.7028,0.6448,TAO,0.7066,-0.2129,-0.0080
2274,09538.wav,9537,4282012303,2.559,0.6959,0.6083,0.7835,0.6333,0.6083,TAO,0.5526,0.2134,0.0159
2275,05138.wav,5137,2288031760,6.782,0.6959,0.6401,0.7517,0.4947,0.4947,TAO,0.3643,0.1561,0.0165
2276,01711.wav,1710,761637701,6.388,0.6959,0.6315,0.7603,0.6020,0.6020,TAO,0.5757,-0.6657,-0.0238
2277,01022.wav,1021,449256359,8.896,0.6958,0.6233,0.7684,0.6017,0.6017,TAO,0.6122,-0.6045,-0.0184
2278,05235.wav,5234,2326186825,3.197,0.6958,0.6147,0.7769,0.6694,0.6147,TAO,0.5176,-0.6623,-0.0328
2279,04735.wav,4734,2102151470,6.400,0.6957,0.6565,0.7350,0.5796,0.5796,TAO,0.5558,0.2595,0.0108
2280,01431.wav,1430,632526385,7.728,0.6957,0.6460,0.7454,0.6065,0.6065,TAO,0.4553,-0.4749,-0.0221
2281,02733.wav,2732,1205197266,4.804,0.6957,0.5961,0.7953,0.6731,0.5961,TAO,0.4064,-0.5955,-0.0226
2282,07892.wav,7891,3556532702,6.654,0.6957,0.6332,0.7582,0.6516,0.6332,TAO,0.6537,-0.4259,-0.0202
2283,03078.wav,3077,1354623210,6.766,0.6957,0.6088,0.7826,0.6576,0.6088,TAO,0.4720,-1.3755,-0.0621
2284,08618.wav,8617,3876489104,9.512,0.6956,0.6444,0.7469,0.4562,0.4562,TAO,0.4086,0.2920,0.0268
2285,08491.wav,8490,3817333582,7.496,0.6956,0.6147,0.7765,0.5467,0.5467,TAO,0.4159,-1.0662,-0.0321
2286,00386.wav,385,165208401,5.002,0.6956,0.6597,0.7315,0.7615,0.6597,TAO,0.6031,-0.4672,-0.0200
2287,06770.wav,6769,3017156459,5.601,0.6956,0.6417,0.7495,0.6441,0.6417,TAO,0.5840,-0.4708,-0.0120
2288,00126.wav,125,51249894,6.053,0.6956,0.6449,0.7462,0.6781,0.6449,TAO,0.7081,-0.5191,-0.0179
2289,05534.wav,5533,2463544128,7.648,0.6956,0.6049,0.7863,0.7320,0.6049,TAO,0.5923,-1.0343,-0.0528
2290,06052.wav,6051,2699221197,7.743,0.6955,0.6160,0.7750,0.6648,0.6160,TAO,0.5248,-1.1488,-0.0479
2291,02267.wav,2266,1008003919,4.036,0.6955,0.6477,0.7433,0.4574,0.4574,TAO,0.4284,0.5910,0.0438
2292,06043.wav,6042,2693938006,2.865,0.6955,0.6963,0.6947,0.6089,0.6089,TAO,0.5341,0.4513,0.0329
2293,07136.wav,7135,3194793283,2.118,0.6955,0.6383,0.7526,0.7327,0.6383,TAO,0.5167,0.1151,0.0038
2294,00332.wav,331,145988209,6.326,0.6955,0.6243,0.7666,0.6328,0.6243,TAO,0.6319,-0.1642,-0.0166
2295,05302.wav,5301,2361186697,5.725,0.6954,0.6135,0.7774,0.6966,0.6135,TAO,0.6209,-0.6470,-0.0341
2296,03443.wav,3442,1523279923,7.093,0.6954,0.6302,0.7606,0.7364,0.6302,TAO,0.6590,-0.8357,-0.0400
2297,09046.wav,9045,4067361503,10.251,0.6954,0.6342,0.7566,0.6241,0.6241,TAO,0.5182,-0.9560,-0.0340
2298,07587.wav,7586,3415479664,5.004,0.6954,0.6750,0.7157,0.4917,0.4917,TAO,0.4866,0.7341,0.0488
2299,06442.wav,6441,2878961506,6.685,0.6954,0.6161,0.7747,0.5344,0.5344,TAO,0.3717,-0.9849,-0.0366
2300,00257.wav,256,115484778,3.304,0.6953,0.6334,0.7572,0.7315,0.6334,TAO,0.5453,0.8305,0.0314
2301,02075.wav,2074,921432588,3.321,0.6953,0.6941,0.6964,0.5914,0.5914,TAO,0.3691,0.4491,0.0196
2302,04703.wav,4702,2090376232,6.628,0.6953,0.6648,0.7257,0.5998,0.5998,TAO,0.6309,-0.1174,0.0014
2303,04206.wav,4205,1865424866,4.069,0.6952,0.5979,0.7926,0.7958,0.5979,TAO,0.6391,0.3260,0.0080
2304,01643.wav,1642,730878832,9.023,0.6952,0.6148,0.7757,0.7041,0.6148,TAO,0.6799,-0.8787,-0.0373
2305,07401.wav,7400,3322684013,6.885,0.6952,0.6484,0.7421,0.5839,0.5839,TAO,0.6259,-0.1336,-0.0094
2306,02738.wav,2737,1209579171,4.513,0.6952,0.6432,0.7473,0.6197,0.6197,TAO,0.5186,-0.7004,-0.0258
2307,02089.wav,2088,928996425,5.618,0.6951,0.6108,0.7795,0.6293,0.6108,TAO,0.5045,-0.9076,-0.0430
2308,05931.wav,5930,2650291623,7.542,0.6951,0.6876,0.7027,0.5315,0.5315,TAO,0.4422,0.2862,0.0179
2309,02839.wav,2838,1250392198,6.116,0.6951,0.6272,0.7629,0.4620,0.4620,TAO,0.3147,0.3191,0.0175
2310,05882.wav,5881,2627459014,4.017,0.6951,0.6228,0.7673,0.5557,0.5557,TAO,0.3806,0.2021,0.0172
2311,07035.wav,7034,3143269446,4.046,0.6950,0.6254,0.7645,0.6827,0.6254,TAO,0.5636,-0.9756,-0.0494
2312,09145.wav,9144,4112930604,7.319,0.6949,0.6855,0.7042,0.4708,0.4708,LENT,0.4124,0.1488,0.0260
2313,04985.wav,4984,2209553210,6.579,0.6949,0.6122,0.7775,0.6256,0.6122,TAO,0.5157,-0.1897,-0.0158
2314,06284.wav,6283,2806114255,6.043,0.6949,0.6492,0.7405,0.7110,0.6492,TAO,0.5544,-0.6971,-0.0285
2315,01192.wav,1191,528925259,2.304,0.6948,0.6528,0.7369,0.7254,0.6528,TAO,0.6347,0.3420,0.0087
2316,06602.wav,6601,2949507139,8.135,0.6948,0.6340,0.7556,0.6288,0.6288,TAO,0.5248,-0.5780,-0.0300
2317,09455.wav,9454,4245024451,3.320,0.6948,0.6155,0.7741,0.6532,0.6155,TAO,0.5510,-0.9873,-0.0471
2318,03726.wav,3725,1642903548,6.823,0.6948,0.6290,0.7606,0.6928,0.6290,TAO,0.6565,-0.9795,-0.0490
2319,05364.wav,5363,2381515839,8.076,0.6948,0.6190,0.7706,0.6210,0.6190,TAO,0.4271,-1.2280,-0.0522
2320,01859.wav,1858,831257163,5.337,0.6948,0.6208,0.7687,0.5982,0.5982,LENT,0.5258,-0.5591,-0.0196
2321,09126.wav,9125,4108926920,8.167,0.6947,0.6324,0.7571,0.6884,0.6324,TAO,0.6013,-0.1596,-0.0103
2322,05555.wav,5554,2473100524,4.096,0.6947,0.6456,0.7438,0.5964,0.5964,TAO,0.5519,-0.3045,-0.0080
2323,09234.wav,9233,4156399499,8.797,0.6947,0.6573,0.7321,0.6289,0.6289,TAO,0.5493,-0.1565,-0.0057
2324,07564.wav,7563,3403183309,8.189,0.6947,0.6365,0.7528,0.5289,0.5289,TAO,0.4526,-0.1410,0.0023
2325,08183.wav,8182,3675842446,4.180,0.6946,0.6502,0.7390,0.4661,0.4661,TAO,0.3917,1.0604,0.0593
2326,02303.wav,2302,1020630248,7.716,0.6946,0.6231,0.7660,0.7942,0.6231,TAO,0.5869,-0.8638,-0.0436
2327,02940.wav,2939,1299842216,6.396,0.6945,0.6415,0.7476,0.4871,0.4871,ANCIENT,0.4356,0.6955,0.0409
2328,08866.wav,8865,3992642188,2.416,0.6945,0.6870,0.7020,0.5695,0.5695,TAO,0.4983,1.5867,0.0702
2329,08249.wav,8248,3703588903,8.641,0.6945,0.6345,0.7545,0.6780,0.6345,TAO,0.5602,-0.7463,-0.0317
2330,07470.wav,7469,3363292881,6.915,0.6944,0.6665,0.7224,0.5625,0.5625,TAO,0.5126,-0.2372,-0.0060
2331,04659.wav,4658,2067433160,7.233,0.6944,0.6126,0.7762,0.7033,0.6126,TAO,0.5677,-1.1425,-0.0493
2332,00009.wav,8,2875856,3.682,0.6944,0.6158,0.7729,0.7139,0.6158,TAO,0.5736,-0.2510,-0.0155
2333,08060.wav,8059,3626282986,2.779,0.6944,0.6154,0.7734,0.5339,0.5339,TAO,0.4001,0.4712,0.0271
2334,02795.wav,2794,1234049873,6.829,0.6943,0.6719,0.7168,0.4544,0.4544,TAO,0.3506,0.7744,0.0539
2335,06947.wav,6946,3106885998,3.791,0.6943,0.6512,0.7375,0.6847,0.6512,TAO,0.6148,0.0008,0.0003
2336,04883.wav,4882,2170713538,5.653,0.6943,0.6441,0.7445,0.5998,0.5998,TAO,0.4736,-0.1810,0.0017
2337,07077.wav,7076,3163959695,3.938,0.6943,0.6282,0.7604,0.4984,0.4984,TAO,0.3691,1.0820,0.0590
2338,04350.wav,4349,1925076749,4.263,0.6943,0.6102,0.7784,0.5361,0.5361,TAO,0.4370,-0.5928,-0.0312
2339,06690.wav,6689,2984461810,8.024,0.6942,0.6108,0.7777,0.5208,0.5208,TAO,0.3905,-0.7696,-0.0166
2340,01693.wav,1692,754916492,6.037,0.6942,0.6231,0.7654,0.5501,0.5501,LENT,0.3544,-0.0154,0.0099
2341,01959.wav,1958,875544550,5.966,0.6942,0.6153,0.7731,0.5742,0.5742,TAO,0.5738,-1.0483,-0.0458
2342,07734.wav,7733,3479445669,3.386,0.6942,0.6570,0.7313,0.6922,0.6570,TAO,0.6404,0.2670,0.0189
2343,01603.wav,1602,706808112,7.878,0.6941,0.6381,0.7501,0.6534,0.6381,TAO,0.5927,-0.5362,-0.0229
2344,00148.wav,147,65918382,6.671,0.6941,0.6176,0.7706,0.7093,0.6176,TAO,0.5925,-0.7377,-0.0307
2345,02310.wav,2309,1022423526,4.291,0.6941,0.6176,0.7706,0.7663,0.6176,TAO,0.6363,-0.5213,-0.0257
2346,02491.wav,2490,1097435982,5.991,0.6941,0.6301,0.7581,0.7379,0.6301,TAO,0.6609,-0.0256,-0.0055
2347,04257.wav,4256,1886717162,9.415,0.6941,0.6398,0.7484,0.7060,0.6398,TAO,0.6679,-0.2590,-0.0185
2348,01366.wav,1365,603824871,6.656,0.6940,0.6091,0.7789,0.6029,0.6029,TAO,0.4405,-0.7000,-0.0284
2349,01451.wav,1450,640383841,5.588,0.6940,0.6361,0.7519,0.6195,0.6195,TAO,0.4701,-0.4569,-0.0223
2350,06652.wav,6651,2965257153,5.593,0.6940,0.5967,0.7913,0.6827,0.5967,TAO,0.5460,-0.7716,-0.0363
2351,06701.wav,6700,2988185235,3.106,0.6940,0.6577,0.7304,0.5577,0.5577,LENT,0.4226,0.5936,0.0309
2352,00465.wav,464,198251374,3.854,0.6940,0.6221,0.7659,0.5463,0.5463,TAO,0.3320,0.1627,0.0151
2353,02729.wav,2728,1202564359,8.939,0.6940,0.6724,0.7156,0.4247,0.4247,TAO,0.3970,0.8380,0.0535
2354,03004.wav,3003,1325699278,7.860,0.6940,0.6502,0.7377,0.4483,0.4483,TAO,0.3251,0.5093,0.0377
2355,04638.wav,4637,2060070024,5.769,0.6940,0.6221,0.7659,0.4514,0.4514,TAO,0.3194,-0.2005,0.0006
2356,07948.wav,7947,3579858179,6.036,0.6939,0.6537,0.7342,0.5267,0.5267,TAO,0.3090,-0.4179,-0.0066
2357,00791.wav,790,349831440,6.431,0.6939,0.6489,0.7389,0.5841,0.5841,TAO,0.5289,-0.5510,-0.0097
2358,04568.wav,4567,2029126994,3.398,0.6939,0.6741,0.7137,0.6217,0.6217,TAO,0.5315,1.3175,0.0609
2359,08556.wav,8555,3848729322,7.655,0.6939,0.6353,0.7524,0.7197,0.6353,TAO,0.6348,-0.3690,-0.0179
2360,05142.wav,5141,2289728658,7.308,0.6938,0.6912,0.6965,0.4555,0.4555,TAO,0.3585,0.5514,0.0369
2361,03753.wav,3752,1655778000,5.604,0.6938,0.6462,0.7415,0.6212,0.6212,TAO,0.5386,-0.2571,-0.0159
2362,06601.wav,6600,2948124863,7.710,0.6938,0.6595,0.7281,0.5368,0.5368,LENT,0.5029,-0.3399,-0.0013
2363,07894.wav,7893,3558448484,4.163,0.6938,0.6403,0.7473,0.6600,0.6403,TAO,0.5901,-0.3759,-0.0124
2364,08014.wav,8013,3606441507,7.674,0.6937,0.6859,0.7016,0.5624,0.5624,TAO,0.5671,0.0374,0.0171
2365,01677.wav,1676,742937953,5.416,0.6937,0.6541,0.7334,0.5480,0.5480,TAO,0.4186,-0.8351,-0.0204
2366,04260.wav,4259,1888071860,6.912,0.6937,0.6566,0.7308,0.4227,0.4227,TAO,0.3746,0.4955,0.0376
2367,01873.wav,1872,836944781,4.984,0.6937,0.6363,0.7511,0.6491,0.6363,TAO,0.5901,-0.5920,-0.0235
2368,03658.wav,3657,1611892735,6.432,0.6937,0.6180,0.7694,0.6354,0.6180,TAO,0.5922,-1.1440,-0.0463
2369,07691.wav,7690,3456046873,3.376,0.6936,0.6728,0.7145,0.6387,0.6387,TAO,0.5146,0.6765,0.0225
2370,09533.wav,9532,4280370126,6.097,0.6936,0.6568,0.7304,0.4695,0.4695,TAO,0.3602,0.6095,0.0469
2371,03904.wav,3903,1727876466,4.154,0.6936,0.6181,0.7691,0.6369,0.6181,TAO,0.5878,-0.4805,-0.0180
2372,02831.wav,2830,1248524201,5.443,0.6936,0.6390,0.7482,0.5739,0.5739,TAO,0.5486,-0.2319,-0.0022
2373,08677.wav,8676,3906172362,4.319,0.6935,0.6643,0.7227,0.5431,0.5431,TAO,0.4365,-0.3391,-0.0033
2374,00297.wav,296,129917447,11.617,0.6935,0.6240,0.7631,0.7470,0.6240,TAO,0.6349,-1.2110,-0.0604
2375,07820.wav,7819,3519923434,4.203,0.6935,0.6669,0.7201,0.6166,0.6166,TAO,0.4855,0.1628,0.0075
2376,02999.wav,2998,1324002380,5.571,0.6935,0.6534,0.7337,0.5730,0.5730,TAO,0.2972,0.7643,0.0410
2377,07411.wav,7410,3331533762,6.820,0.6935,0.6637,0.7233,0.6249,0.6249,TAO,0.6254,0.1298,0.0110
2378,03269.wav,3268,1433496585,4.168,0.6934,0.6259,0.7610,0.5756,0.5756,TAO,0.4062,-0.5923,-0.0159
2379,09201.wav,9200,4137926118,6.735,0.6934,0.6314,0.7555,0.5848,0.5848,TAO,0.5889,-0.2901,-0.0090
2380,07954.wav,7953,3582389764,4.736,0.6934,0.6175,0.7693,0.7358,0.6175,TAO,0.6735,-0.3422,-0.0212
2381,00974.wav,973,431147977,7.320,0.6934,0.6219,0.7648,0.6260,0.6219,TAO,0.5758,-0.5273,-0.0188
2382,03309.wav,3308,1452203269,3.803,0.6933,0.6887,0.6980,0.6277,0.6277,TAO,0.5731,0.1224,0.0163
2383,08997.wav,8996,4044931939,7.979,0.6933,0.6187,0.7680,0.7151,0.6187,TAO,0.6824,-0.5171,-0.0221
2384,08256.wav,8255,3705621063,6.496,0.6933,0.6639,0.7227,0.4406,0.4406,TAO,0.3664,0.5490,0.0407
2385,09414.wav,9413,4228269082,10.177,0.6933,0.6109,0.7757,0.6703,0.6109,TAO,0.5343,-1.0430,-0.0514
2386,08684.wav,8683,3907630378,5.995,0.6933,0.6426,0.7440,0.6053,0.6053,TAO,0.4980,-0.7018,-0.0155
2387,00739.wav,738,322516362,7.739,0.6933,0.6723,0.7142,0.5965,0.5965,TAO,0.6051,-0.4137,-0.0059
2388,01725.wav,1724,768832106,5.675,0.6933,0.6777,0.7089,0.4441,0.4441,TAO,0.4089,0.9390,0.0518
2389,02594.wav,2593,1138414193,3.462,0.6932,0.6374,0.7490,0.5343,0.5343,TAO,0.3759,0.2522,0.0298
2390,07801.wav,7800,3512956407,4.975,0.6932,0.6360,0.7504,0.5032,0.5032,PAT,0.4616,-0.1738,0.0020
2391,06355.wav,6354,2838610660,6.514,0.6932,0.6705,0.7159,0.4320,0.4320,TAO,0.4469,1.2847,0.0689
2392,09346.wav,9345,4200643566,5.632,0.6931,0.6697,0.7165,0.4789,0.4789,PAT,0.3312,0.5752,0.0369
2393,09227.wav,9226,4152005074,6.141,0.6931,0.6432,0.7430,0.5672,0.5672,TAO,0.4545,0.1776,0.0188
2394,00043.wav,42,18219983,5.686,0.6931,0.6235,0.7628,0.6565,0.6235,TAO,0.5118,-0.4287,-0.0211
2395,01120.wav,1119,497524463,9.751,0.6931,0.6525,0.7337,0.5451,0.5451,TAO,0.6131,-0.4328,0.0099
2396,04539.wav,4538,2013590569,6.415,0.6930,0.6425,0.7435,0.6711,0.6425,TAO,0.7088,0.1078,0.0065
2397,01972.wav,1971,883185164,7.464,0.6930,0.6297,0.7563,0.7664,0.6297,TAO,0.6062,-0.8496,-0.0413
2398,05283.wav,5282,2350463367,2.782,0.6930,0.6325,0.7534,0.5994,0.5994,LENT,0.6316,-0.5315,-0.0134
2399,08015.wav,8014,3606516226,6.507,0.6929,0.6242,0.7617,0.7625,0.6242,TAO,0.6880,-0.1981,-0.0074
2400,02632.wav,2631,1154025611,3.454,0.6929,0.6594,0.7265,0.4524,0.4524,TAO,0.3965,0.3818,0.0321
2401,06283.wav,6282,2805936009,3.591,0.6929,0.6271,0.7587,0.5542,0.5542,TAO,0.4480,0.5257,0.0319
2402,08209.wav,8208,3684691932,3.488,0.6929,0.6223,0.7635,0.6997,0.6223,TAO,0.6428,-1.1103,-0.0515
2403,02901.wav,2900,1284579323,4.695,0.6929,0.6132,0.7725,0.5522,0.5522,TAO,0.4414,-0.6449,-0.0233
2404,07715.wav,7714,3470692300,2.994,0.6929,0.6334,0.7523,0.5904,0.5904,TAO,0.5448,0.9610,0.0441
2405,01685.wav,1684,746982275,5.818,0.6928,0.6227,0.7630,0.5625,0.5625,TAO,0.4376,-0.5440,-0.0176
2406,00275.wav,274,122847914,7.431,0.6928,0.6100,0.7757,0.6850,0.6100,TAO,0.5589,-0.7853,-0.0334
2407,04984.wav,4983,2209042007,4.160,0.6928,0.6668,0.7188,0.5025,0.5025,TAO,0.3686,0.6444,0.0439
2408,04495.wav,4494,1991454535,5.334,0.6928,0.6357,0.7499,0.5335,0.5335,TAO,0.5334,-0.6123,-0.0274
2409,08461.wav,8460,3802183984,6.351,0.6928,0.6203,0.7652,0.6801,0.6203,TAO,0.7147,-0.4407,-0.0163
2410,08240.wav,8239,3699893168,4.768,0.6928,0.6297,0.7559,0.5171,0.5171,TAO,0.4802,0.4293,0.0284
2411,03817.wav,3816,1687370914,4.313,0.6927,0.6422,0.7433,0.5515,0.5515,TAO,0.3961,0.2608,0.0151
2412,03884.wav,3883,1717677122,7.755,0.6927,0.6553,0.7301,0.6305,0.6305,TAO,0.6165,-0.0398,0.0033
2413,01030.wav,1029,453241258,3.603,0.6926,0.6308,0.7545,0.6624,0.6308,TAO,0.6479,-0.5725,-0.0319
2414,03795.wav,3794,1678317006,5.564,0.6926,0.6069,0.7783,0.6189,0.6069,TAO,0.4759,-0.2901,-0.0130
2415,07675.wav,7674,3451740608,7.054,0.6926,0.6588,0.7263,0.5355,0.5355,TAO,0.4551,-0.3460,-0.0049
2416,02341.wav,2340,1039349994,6.307,0.6926,0.6430,0.7421,0.4475,0.4475,PAT,0.3629,0.7107,0.0435
2417,04682.wav,4681,2076405413,6.840,0.6926,0.6065,0.7786,0.6798,0.6065,TAO,0.6084,-0.5751,-0.0290
2418,03418.wav,3417,1506819079,10.204,0.6926,0.6522,0.7329,0.6730,0.6522,TAO,0.6916,0.0615,0.0066
2419,09034.wav,9033,4061858407,2.709,0.6925,0.6223,0.7628,0.7274,0.6223,TAO,0.4664,-0.1371,-0.0165
2420,01987.wav,1986,886839503,7.122,0.6925,0.6440,0.7411,0.7521,0.6440,TAO,0.5009,-0.1580,0.0005
2421,05550.wav,5549,2471957130,7.327,0.6925,0.6520,0.7330,0.5453,0.5453,TAO,0.4893,-0.3242,-0.0004
2422,05443.wav,5442,2423541064,7.482,0.6924,0.6339,0.7510,0.6234,0.6234,TAO,0.5410,-0.5623,-0.0253
2423,03643.wav,3642,1606848426,5.235,0.6924,0.6597,0.7252,0.5507,0.5507,TAO,0.3963,0.6310,0.0359
2424,05651.wav,5650,2514504299,8.861,0.6924,0.6251,0.7597,0.5992,0.5992,TAO,0.6741,-0.1965,-0.0081
2425,03513.wav,3512,1556433260,7.055,0.6924,0.6552,0.7296,0.6631,0.6552,TAO,0.6492,-0.0841,0.0002
2426,05420.wav,5419,2416416810,5.141,0.6924,0.6460,0.7388,0.5228,0.5228,TAO,0.4371,0.2713,0.0273
2427,05568.wav,5567,2475207403,7.140,0.6924,0.6547,0.7301,0.4773,0.4773,TAO,0.3948,0.6109,0.0430
2428,05656.wav,5655,2517159409,4.778,0.6924,0.6537,0.7310,0.6438,0.6438,TAO,0.6338,0.2125,0.0115
2429,09149.wav,9148,4115672953,4.406,0.6923,0.6118,0.7729,0.6246,0.6118,TAO,0.3477,-1.0172,-0.0442
2430,00212.wav,211,96186673,3.622,0.6923,0.6555,0.7290,0.6527,0.6527,TAO,0.6207,-0.2229,-0.0029
2431,05870.wav,5869,2620459785,5.041,0.6923,0.6114,0.7731,0.7762,0.6114,TAO,0.4563,-0.3751,-0.0270
2432,02410.wav,2409,1064730792,6.254,0.6922,0.6525,0.7320,0.5972,0.5972,TAO,0.5657,0.0230,0.0033
2433,06220.wav,6219,2780476077,2.570,0.6922,0.6213,0.7631,0.6261,0.6213,TAO,0.6090,-0.0403,-0.0062
2434,00702.wav,701,301490093,7.616,0.6922,0.6058,0.7786,0.5753,0.5753,TAO,0.4822,-1.1272,-0.0359
2435,04048.wav,4047,1791924126,7.012,0.6922,0.6508,0.7336,0.7007,0.6508,TAO,0.5080,0.4404,0.0244
2436,08218.wav,8217,3689224017,5.374,0.6921,0.6462,0.7381,0.5262,0.5262,TAO,0.4663,0.9893,0.0534
2437,01130.wav,1129,502225553,5.348,0.6921,0.6397,0.7445,0.6294,0.6294,TAO,0.5495,-0.3663,-0.0184
2438,07113.wav,7112,3184468463,6.330,0.6921,0.6272,0.7570,0.7300,0.6272,TAO,0.6572,-0.7394,-0.0379
2439,07543.wav,7542,3394323692,4.513,0.6920,0.6198,0.7643,0.6737,0.6198,TAO,0.5602,-1.0808,-0.0486
2440,06344.wav,6343,2833012205,5.011,0.6920,0.6726,0.7114,0.4518,0.4518,TAO,0.4034,0.8966,0.0526
2441,08152.wav,8151,3666740753,2.851,0.6920,0.6733,0.7107,0.6447,0.6447,TAO,0.5823,0.1344,0.0080
2442,03111.wav,3110,1369798059,6.654,0.6920,0.6017,0.7823,0.6484,0.6017,TAO,0.6002,-0.7739,-0.0355
2443,03576.wav,3575,1582633541,5.768,0.6920,0.6401,0.7439,0.4515,0.4515,TAO,0.3491,0.4549,0.0293
2444,04590.wav,4589,2036012366,8.126,0.6920,0.6254,0.7586,0.6361,0.6254,TAO,0.5931,-0.5892,-0.0228
2445,02057.wav,2056,916002317,6.502,0.6920,0.6283,0.7557,0.6195,0.6195,TAO,0.4728,-0.9646,-0.0445
2446,05181.wav,5180,2303698446,2.958,0.6920,0.6507,0.7332,0.5625,0.5625,TAO,0.4958,-0.2416,0.0008
2447,05926.wav,5925,2647405520,4.674,0.6920,0.6470,0.7369,0.6978,0.6470,TAO,0.5385,-0.1133,-0.0063
2448,03368.wav,3367,1481366083,6.245,0.6919,0.6231,0.7607,0.7609,0.6231,TAO,0.6096,-1.0964,-0.0522
2449,01933.wav,1932,866723398,4.775,0.6919,0.6223,0.7614,0.6780,0.6223,TAO,0.5200,-0.0546,-0.0023
2450,09357.wav,9356,4206656628,6.644,0.6918,0.6037,0.7800,0.6186,0.6037,TAO,0.5639,-0.7101,-0.0396
2451,01284.wav,1283,573223174,5.686,0.6918,0.6330,0.7507,0.7015,0.6330,TAO,0.6651,0.0486,-0.0000
2452,01310.wav,1309,583118026,9.219,0.6918,0.6873,0.6964,0.6378,0.6378,TAO,0.7327,0.2418,0.0183
2453,03890.wav,3889,1722113848,4.767,0.6918,0.6411,0.7424,0.6036,0.6036,TAO,0.6422,0.1046,0.0021
2454,02707.wav,2706,1195507888,2.283,0.6917,0.6454,0.7380,0.7692,0.6454,TAO,0.5229,0.0513,-0.0022
2455,05483.wav,5482,2439782925,7.004,0.6917,0.6390,0.7444,0.5892,0.5892,TAO,0.5427,-0.4212,-0.0108
2456,05795.wav,5794,2578651944,3.493,0.6917,0.6288,0.7546,0.5872,0.5872,TAO,0.4534,-0.3555,-0.0102
2457,07915.wav,7914,3569300233,8.717,0.6917,0.6573,0.7261,0.5392,0.5392,PAT,0.4576,0.1404,0.0150
2458,08245.wav,8244,3701686183,8.656,0.6916,0.6196,0.7637,0.6999,0.6196,TAO,0.5633,-0.6540,-0.0381
2459,06328.wav,6327,2829802570,5.377,0.6916,0.6268,0.7563,0.6149,0.6149,TAO,0.4512,-0.0668,0.0041
2460,08389.wav,8388,3764115617,6.732,0.6916,0.6861,0.6970,0.6151,0.6151,TAO,0.5644,0.0044,0.0005
2461,03445.wav,3444,1524834220,5.261,0.6916,0.6517,0.7314,0.6644,0.6517,TAO,0.3796,-0.2601,-0.0069
2462,01480.wav,1479,652114899,2.362,0.6916,0.6756,0.7076,0.5396,0.5396,TAO,0.3474,0.8919,0.0398
2463,04907.wav,4906,2183239666,5.133,0.6915,0.6544,0.7286,0.5246,0.5246,PAT,0.4019,0.3155,0.0229
2464,07060.wav,7059,3156666863,5.584,0.6915,0.6283,0.7547,0.5037,0.5037,TAO,0.4070,-0.4411,-0.0220
2465,07720.wav,7719,3472225035,5.363,0.6915,0.6811,0.7019,0.4786,0.4786,TAO,0.4034,1.3724,0.0686
2466,03256.wav,3255,1428555592,7.999,0.6915,0.6369,0.7460,0.4530,0.4530,PAT,0.3703,0.6206,0.0373
2467,01713.wav,1712,762280649,5.890,0.6914,0.6253,0.7575,0.5656,0.5656,TAO,0.3911,-0.6243,-0.0140
2468,07245.wav,7244,3244311084,4.078,0.6914,0.6411,0.7417,0.7633,0.6411,TAO,0.6813,-0.1940,-0.0090
2469,05424.wav,5423,2416765134,2.950,0.6914,0.6787,0.7040,0.5562,0.5562,TAO,0.4091,0.6361,0.0366
2470,02368.wav,2367,1046645347,2.055,0.6914,0.6215,0.7612,0.7059,0.6215,TAO,0.7021,0.1988,0.0004
2471,04835.wav,4834,2146477634,6.576,0.6913,0.6490,0.7336,0.5732,0.5732,TAO,0.4115,-0.3915,-0.0121
2472,00191.wav,190,78845250,10.641,0.6913,0.6195,0.7631,0.7627,0.6195,TAO,0.7018,-0.7245,-0.0368
2473,00555.wav,554,237032241,7.679,0.6913,0.6273,0.7552,0.5031,0.5031,TAO,0.4736,-0.1568,0.0086
2474,09166.wav,9165,4124498091,6.815,0.6913,0.6058,0.7768,0.6888,0.6058,TAO,0.5111,-0.5718,-0.0404
2475,04368.wav,4367,1936276622,6.368,0.6912,0.6250,0.7575,0.6782,0.6250,TAO,0.6057,-0.0610,-0.0137
2476,03993.wav,3992,1768105350,5.712,0.6912,0.6063,0.7762,0.6407,0.6063,TAO,0.4784,-0.8746,-0.0368
2477,00554.wav,553,236720047,2.250,0.6912,0.6497,0.7328,0.6066,0.6066,TAO,0.4359,-0.8151,-0.0376
2478,06518.wav,6517,2904945487,6.403,0.6912,0.6223,0.7602,0.5263,0.5263,LENT,0.4180,-0.0576,0.0124
2479,08689.wav,8688,3908792749,6.297,0.6912,0.6323,0.7501,0.6439,0.6323,TAO,0.6718,-0.1182,-0.0068
2480,03805.wav,3804,1684284804,5.758,0.6912,0.6595,0.7229,0.4825,0.4825,TAO,0.4459,0.0544,0.0216
2481,09410.wav,9409,4225376374,4.691,0.6912,0.6272,0.7551,0.7745,0.6272,TAO,0.6036,-0.0118,-0.0092
2482,02145.wav,2144,953582762,2.604,0.6912,0.6617,0.7207,0.6893,0.6617,TAO,0.5467,0.1381,0.0146
2483,08864.wav,8863,3991198717,8.074,0.6912,0.6174,0.7650,0.5205,0.5205,TAO,0.3555,-0.5787,-0.0082
2484,07430.wav,7429,3340460272,9.446,0.6911,0.6332,0.7491,0.5706,0.5706,TAO,0.5002,-0.5791,-0.0110
2485,07251.wav,7250,3249128552,9.728,0.6911,0.6115,0.7707,0.7259,0.6115,TAO,0.6566,-0.4782,-0.0286
2486,02053.wav,2052,915078828,5.217,0.6911,0.6432,0.7390,0.5890,0.5890,TAO,0.4638,0.2823,0.0079
2487,00670.wav,669,290767111,5.010,0.6911,0.6327,0.7494,0.5418,0.5418,PAT,0.3408,0.0010,0.0001
2488,03341.wav,3340,1469013359,5.030,0.6910,0.6189,0.7632,0.5197,0.5197,TAO,0.3449,-0.0905,0.0074
2489,03746.wav,3745,1654169904,7.330,0.6910,0.6179,0.7642,0.7323,0.6179,TAO,0.6199,-0.9019,-0.0479
2490,09115.wav,9114,4103774190,4.863,0.6910,0.6528,0.7292,0.4940,0.4940,TAO,0.3790,0.6162,0.0301
2491,00937.wav,936,415090277,5.844,0.6910,0.6419,0.7402,0.6313,0.6313,TAO,0.5884,-0.7451,-0.0301
2492,09184.wav,9183,4129631252,5.653,0.6910,0.6307,0.7513,0.5369,0.5369,TAO,0.4630,0.3838,0.0149
2493,07330.wav,7329,3290791370,5.221,0.6910,0.6045,0.7775,0.5608,0.5608,TAO,0.4158,-1.1052,-0.0361
2494,00214.wav,213,96634571,9.861,0.6909,0.6507,0.7312,0.6722,0.6507,TAO,0.6762,-0.0933,-0.0040
2495,00441.wav,440,190719660,4.843,0.6908,0.6112,0.7705,0.7295,0.6112,TAO,0.6712,-0.4391,-0.0299
2496,01460.wav,1459,644987251,5.969,0.6908,0.6440,0.7376,0.6570,0.6440,TAO,0.6675,-0.1799,-0.0076
2497,08406.wav,8405,3777103726,5.950,0.6908,0.6376,0.7440,0.7406,0.6376,TAO,0.6194,-0.3353,-0.0125
2498,06321.wav,6320,2824316078,3.040,0.6908,0.6197,0.7618,0.6227,0.6197,TAO,0.4355,-0.5445,-0.0379
2499,04201.wav,4200,1863337985,7.666,0.6908,0.6295,0.7520,0.6418,0.6295,TAO,0.5436,-0.3438,-0.0089
2500,05211.wav,5210,2319323114,9.550,0.6908,0.6713,0.7102,0.4229,0.4229,TAO,0.3628,1.1178,0.0674
2501,01788.wav,1787,801974125,6.155,0.6908,0.6263,0.7552,0.4497,0.4497,TAO,0.4747,0.8516,0.0488
2502,00320.wav,319,141157679,3.668,0.6908,0.6109,0.7706,0.5369,0.5369,TAO,0.3992,-0.0677,0.0017
2503,02360.wav,2359,1045017253,5.591,0.6906,0.6535,0.7278,0.5778,0.5778,TAO,0.4738,0.1695,0.0185
2504,00943.wav,942,416783091,4.357,0.6906,0.7058,0.6754,0.4614,0.4614,TAO,0.4112,1.8155,0.0928
2505,02661.wav,2660,1174817639,5.604,0.6906,0.6090,0.7721,0.6725,0.6090,TAO,0.5333,-0.9363,-0.0503
2506,04366.wav,4365,1935045447,7.146,0.6906,0.6146,0.7665,0.6575,0.6146,TAO,0.5993,-0.8252,-0.0440
2507,04016.wav,4015,1782959020,8.274,0.6906,0.6452,0.7359,0.5984,0.5984,TAO,0.5075,-0.0396,0.0048
2508,07604.wav,7603,3422365036,7.397,0.6905,0.6458,0.7352,0.6396,0.6396,TAO,0.6449,-0.2895,-0.0047
2509,01255.wav,1254,558841484,6.402,0.6905,0.6225,0.7586,0.6196,0.6196,TAO,0.5499,-0.1220,-0.0137
2510,00623.wav,622,269090068,5.936,0.6905,0.6560,0.7250,0.6306,0.6306,TAO,0.6204,-0.1885,-0.0017
2511,04393.wav,4392,1947461102,3.104,0.6905,0.6354,0.7456,0.5687,0.5687,LENT,0.4361,0.4365,0.0246
2512,06607.wav,6606,2951001709,4.265,0.6905,0.6113,0.7696,0.6768,0.6113,TAO,0.5167,0.3765,0.0278
2513,08632.wav,8631,3885187752,5.306,0.6905,0.6504,0.7306,0.4073,0.4073,TAO,0.4111,0.8596,0.0483
2514,08871.wav,8870,3996948915,5.169,0.6905,0.6154,0.7655,0.6815,0.6154,TAO,0.6354,-0.7848,-0.0334
2515,07015.wav,7014,3137301648,7.112,0.6904,0.6382,0.7427,0.6763,0.6382,TAO,0.7542,0.0228,0.0002
2516,07053.wav,7052,3153530447,4.877,0.6904,0.6357,0.7451,0.5582,0.5582,TAO,0.4024,-0.6512,-0.0231
2517,00263.wav,262,117629132,4.478,0.6904,0.6085,0.7723,0.6465,0.6085,TAO,0.5484,-1.0965,-0.0500
2518,06439.wav,6438,2878386341,8.875,0.6904,0.6631,0.7176,0.5000,0.5000,TAO,0.3851,0.1997,0.0263
2519,06120.wav,6119,2732543731,7.356,0.6904,0.6508,0.7299,0.4653,0.4653,TAO,0.3988,1.1468,0.0614
2520,03868.wav,3867,1711066376,8.100,0.6903,0.6368,0.7439,0.6403,0.6368,TAO,0.6940,-0.4882,-0.0168
2521,03994.wav,3993,1768160071,5.679,0.6903,0.6370,0.7436,0.7336,0.6370,TAO,0.4863,-0.4929,-0.0219
2522,08873.wav,8872,3997232998,5.389,0.6903,0.6136,0.7670,0.7396,0.6136,TAO,0.5966,-0.9535,-0.0509
2523,07146.wav,7145,3198906146,7.479,0.6903,0.6566,0.7240,0.6559,0.6559,TAO,0.5784,0.2680,0.0128
2524,02642.wav,2641,1162300752,6.990,0.6903,0.6339,0.7467,0.5140,0.5140,TAO,0.3483,0.6529,0.0396
2525,03386.wav,3385,1492899918,4.547,0.6902,0.6074,0.7730,0.6246,0.6074,TAO,0.5100,0.0270,0.0017
2526,01534.wav,1533,675468973,3.673,0.6902,0.6440,0.7364,0.5353,0.5353,TAO,0.4627,1.0465,0.0624
2527,00888.wav,887,391219632,2.841,0.6901,0.6111,0.7691,0.6610,0.6111,TAO,0.6450,0.2698,-0.0002
2528,05137.wav,5136,2287977039,3.135,0.6901,0.6321,0.7481,0.6541,0.6321,TAO,0.4817,0.5985,0.0198
2529,09143.wav,9142,4112278704,6.830,0.6901,0.6539,0.7263,0.6212,0.6212,TAO,0.5887,-0.2308,-0.0006
2530,00660.wav,659,281963236,4.066,0.6901,0.6285,0.7516,0.5414,0.5414,TAO,0.3912,-0.5869,-0.0122
2531,07538.wav,7537,3391354223,4.487,0.6900,0.6800,0.7001,0.4911,0.4911,TAO,0.4198,0.6164,0.0376
2532,03505.wav,3504,1553790257,5.377,0.6900,0.5929,0.7872,0.6268,0.5929,TAO,0.4775,-1.2690,-0.0455
2533,02439.wav,2438,1074033070,4.742,0.6900,0.6501,0.7300,0.5643,0.5643,TAO,0.4691,1.3291,0.0704
2534,02751.wav,2750,1216535178,5.580,0.6900,0.6355,0.7446,0.7334,0.6355,TAO,0.6310,-0.1236,-0.0059
2535,04817.wav,4816,2141159720,6.624,0.6900,0.6398,0.7401,0.5068,0.5068,TAO,0.4641,1.1829,0.0608
2536,05673.wav,5672,2523592303,6.026,0.6900,0.5942,0.7857,0.6712,0.5942,TAO,0.6447,-0.6374,-0.0366
2537,05966.wav,5965,2658469827,7.164,0.6899,0.6162,0.7636,0.6716,0.6162,TAO,0.6517,-0.5351,-0.0261
2538,08030.wav,8029,3617347977,4.843,0.6899,0.6102,0.7696,0.7290,0.6102,TAO,0.6718,-0.4404,-0.0299
2539,03685.wav,3684,1624897648,7.776,0.6899,0.6517,0.7280,0.5119,0.5119,TAO,0.3608,0.7220,0.0454
2540,08831.wav,8830,3972015342,6.092,0.6898,0.6694,0.7102,0.4649,0.4649,ANCIENT,0.3422,0.3557,0.0313
2541,06546.wav,6545,2921461974,3.657,0.6898,0.6449,0.7347,0.6991,0.6449,TAO,0.4737,0.9955,0.0434
2542,01640.wav,1639,730290605,2.820,0.6898,0.6718,0.7078,0.6800,0.6718,TAO,0.5248,0.0406,0.0009
2543,03990.wav,3989,1765573765,6.934,0.6898,0.6252,0.7544,0.5341,0.5341,TAO,0.3177,-0.3363,-0.0024
2544,08642.wav,8641,3889067648,6.978,0.6897,0.6187,0.7607,0.7075,0.6187,TAO,0.6148,-0.2031,-0.0155
2545,06584.wav,6583,2941328935,7.950,0.6897,0.6084,0.7709,0.7403,0.6084,TAO,0.6517,-0.8018,-0.0425
2546,02972.wav,2971,1315010129,10.330,0.6896,0.6241,0.7552,0.4926,0.4926,TAO,0.5215,0.2368,0.0318
2547,00438.wav,437,190273935,8.513,0.6896,0.6289,0.7503,0.5138,0.5138,LENT,0.4078,-0.1513,0.0087
2548,00514.wav,513,221901572,9.246,0.6895,0.6050,0.7741,0.5139,0.5139,TAO,0.3752,-0.8317,-0.0327
2549,06448.wav,6447,2880874767,7.136,0.6895,0.6576,0.7214,0.7023,0.6576,TAO,0.6427,0.2185,0.0073
2550,07788.wav,7787,3503332228,5.136,0.6895,0.6398,0.7392,0.5204,0.5204,LENT,0.3904,0.5824,0.0325
2551,07074.wav,7073,3163666092,4.349,0.6895,0.6275,0.7515,0.5536,0.5536,TAO,0.5419,0.1233,0.0206
2552,07890.wav,7889,3555806436,5.955,0.6895,0.6264,0.7525,0.5842,0.5842,TAO,0.4771,-0.6290,-0.0326
2553,04155.wav,4154,1839648649,9.938,0.6895,0.6291,0.7498,0.7475,0.6291,TAO,0.7152,-0.9125,-0.0415
2554,05268.wav,5267,2345070734,6.286,0.6894,0.6133,0.7656,0.4974,0.4974,TAO,0.3910,0.1474,0.0187
2555,00658.wav,657,281731220,2.534,0.6894,0.6171,0.7617,0.7218,0.6171,TAO,0.6687,-0.7523,-0.0373
2556,05590.wav,5589,2488751617,4.951,0.6894,0.6301,0.7486,0.7101,0.6301,LENT,0.6208,-1.0106,-0.0391
2557,07655.wav,7654,3443883152,7.332,0.6893,0.6288,0.7498,0.5672,0.5672,TAO,0.5657,-0.5920,-0.0284
2558,06185.wav,6184,2762976812,3.877,0.6893,0.7259,0.6527,0.4645,0.4645,TAO,0.5299,1.4990,0.0780
2559,07983.wav,7982,3595046353,3.837,0.6893,0.6590,0.7195,0.6662,0.6590,TAO,0.5108,0.4899,0.0252
2560,00057.wav,56,24094916,7.178,0.6892,0.6241,0.7544,0.4460,0.4460,TAO,0.3634,0.5510,0.0339
2561,03094.wav,3093,1362603170,5.396,0.6892,0.6616,0.7168,0.6124,0.6124,TAO,0.5643,-0.3879,-0.0108
2562,00617.wav,616,264967964,6.678,0.6892,0.6162,0.7622,0.6310,0.6162,TAO,0.5058,-0.6615,-0.0350
2563,09073.wav,9072,4084226314,6.892,0.6892,0.6637,0.7147,0.6163,0.6163,TAO,0.5276,-0.5648,-0.0148
2564,07520.wav,7519,3384058870,5.494,0.6892,0.6296,0.7487,0.4451,0.4451,TAO,0.3777,0.5663,0.0359
2565,01048.wav,1047,460674343,7.206,0.6891,0.6468,0.7314,0.4993,0.4993,TAO,0.4047,0.4116,0.0346
2566,07553.wav,7552,3396965740,6.568,0.6891,0.6086,0.7696,0.7024,0.6086,TAO,0.5170,-0.5304,-0.0302
2567,06373.wav,6372,2849291310,5.835,0.6891,0.6454,0.7328,0.7041,0.6454,TAO,0.5036,-0.3720,-0.0151
2568,07777.wav,7776,3500081955,4.788,0.6890,0.6422,0.7358,0.6179,0.6179,TAO,0.5416,-0.2185,-0.0033
2569,02329.wav,2328,1036428470,4.198,0.6890,0.6568,0.7212,0.4603,0.4603,TAO,0.4062,0.1953,0.0194
2570,01599.wav,1598,704699692,7.642,0.6890,0.6079,0.7700,0.7283,0.6079,TAO,0.6050,-0.7178,-0.0410
2571,07037.wav,7036,3143549987,7.672,0.6890,0.6412,0.7367,0.6700,0.6412,TAO,0.6827,-0.5621,-0.0233
2572,01421.wav,1420,627989458,2.142,0.6890,0.6270,0.7510,0.6835,0.6270,LENT,0.6469,-0.2609,-0.0128
2573,04202.wav,4201,1863447427,4.394,0.6890,0.6240,0.7539,0.7465,0.6240,TAO,0.6321,-0.4245,-0.0118
2574,02658.wav,2657,1172197252,6.661,0.6889,0.6368,0.7411,0.6229,0.6229,TAO,0.3940,-0.6986,-0.0319
2575,02699.wav,2698,1193407945,6.294,0.6889,0.6455,0.7324,0.7731,0.6455,TAO,0.5652,-0.1668,-0.0114
2576,02930.wav,2929,1298090597,5.619,0.6889,0.6798,0.6980,0.5408,0.5408,TAO,0.4429,0.2403,0.0167
2577,03214.wav,3213,1410704614,7.917,0.6889,0.6213,0.7566,0.5643,0.5643,TAO,0.4477,-1.0604,-0.0329
2578,04675.wav,4674,2072251649,4.529,0.6889,0.6246,0.7531,0.6711,0.6246,TAO,0.5243,-0.6940,-0.0202
2579,03238.wav,3237,1421444400,3.808,0.6888,0.6209,0.7568,0.6765,0.6209,TAO,0.7360,0.2308,0.0059
2580,02114.wav,2113,941039206,5.376,0.6888,0.6453,0.7323,0.6461,0.6453,TAO,0.5511,0.2912,0.0161
2581,06278.wav,6277,2805176683,8.564,0.6888,0.6395,0.7380,0.6512,0.6395,TAO,0.5372,-0.4854,-0.0202
2582,03814.wav,3813,1686276326,5.185,0.6888,0.6341,0.7435,0.7395,0.6341,TAO,0.7133,-0.5146,-0.0196
2583,08341.wav,8340,3738728756,3.332,0.6888,0.6493,0.7282,0.6298,0.6298,TAO,0.3904,0.2238,0.0062
2584,05654.wav,5653,2515829333,2.759,0.6888,0.6070,0.7705,0.7340,0.6070,TAO,0.6088,0.2418,-0.0022
2585,01834.wav,1833,818060872,5.337,0.6888,0.6143,0.7632,0.6379,0.6143,TAO,0.4910,-0.7140,-0.0202
2586,04019.wav,4018,1783587885,4.426,0.6887,0.6095,0.7680,0.7470,0.6095,TAO,0.6181,-0.5962,-0.0280
2587,00961.wav,960,425884784,2.369,0.6887,0.6578,0.7196,0.5062,0.5062,TAO,0.4152,1.3955,0.0650
2588,07685.wav,7684,3453546948,4.440,0.6887,0.6364,0.7410,0.5901,0.5901,TAO,0.4889,-0.5854,-0.0147
2589,09287.wav,9286,4178659727,3.348,0.6887,0.6124,0.7650,0.6459,0.6124,TAO,0.6333,0.2587,0.0039
2590,04639.wav,4638,2060117809,6.276,0.6885,0.6220,0.7550,0.6605,0.6220,TAO,0.5956,-0.4814,-0.0186
2591,05030.wav,5029,2231067505,4.356,0.6885,0.6620,0.7150,0.4393,0.4393,TAO,0.3107,0.1358,0.0204
2592,05402.wav,5401,2403328842,3.808,0.6885,0.6370,0.7400,0.5316,0.5316,TAO,0.4106,0.7703,0.0457
2593,06022.wav,6021,2681507351,1.923,0.6885,0.6119,0.7651,0.7250,0.6119,TAO,0.6054,-0.1231,-0.0127
2594,06190.wav,6189,2764308935,5.339,0.6885,0.6489,0.7280,0.6037,0.6037,LENT,0.5492,-0.4070,-0.0130
2595,01590.wav,1589,699574416,4.210,0.6884,0.6261,0.7507,0.4796,0.4796,TAO,0.3778,0.4658,0.0310
2596,08892.wav,8891,4004127890,7.782,0.6884,0.6473,0.7295,0.6399,0.6399,TAO,0.6421,-0.3007,-0.0046
2597,08601.wav,8600,3870947891,4.266,0.6884,0.6195,0.7572,0.7013,0.6195,TAO,0.5404,-0.7687,-0.0405
2598,02020.wav,2019,900355619,6.226,0.6884,0.6435,0.7332,0.5933,0.5933,TAO,0.4282,-0.5848,-0.0216
2599,06080.wav,6079,2713030916,7.083,0.6883,0.6415,0.7351,0.5828,0.5828,TAO,0.4478,-0.4969,-0.0201
2600,09265.wav,9264,4166609863,6.626,0.6883,0.6235,0.7531,0.6110,0.6110,TAO,0.6499,-0.5607,-0.0253
2601,07974.wav,7973,3593349455,4.256,0.6883,0.6440,0.7326,0.5350,0.5350,TAO,0.4246,0.9385,0.0505
2602,01757.wav,1756,787494763,5.117,0.6883,0.6390,0.7375,0.4994,0.4994,TAO,0.4626,-0.3591,-0.0035
2603,07057.wav,7056,3154748560,5.156,0.6882,0.6889,0.6875,0.4505,0.4505,TAO,0.4306,1.0271,0.0649
2604,01395.wav,1394,613964676,4.171,0.6882,0.6242,0.7521,0.7153,0.6242,TAO,0.5676,-0.4210,-0.0268
2605,02302.wav,2301,1020562465,6.705,0.6881,0.6337,0.7426,0.6297,0.6297,TAO,0.6095,0.0208,-0.0047
2606,03441.wav,3440,1522692618,4.887,0.6881,0.6458,0.7304,0.5916,0.5916,TAO,0.5469,-0.7390,-0.0225
2607,02189.wav,2188,970992048,5.302,0.6881,0.6590,0.7171,0.4375,0.4375,TAO,0.4913,0.3443,0.0363
2608,04962.wav,4961,2197733992,8.112,0.6881,0.6363,0.7398,0.6251,0.6251,TAO,0.6413,-0.4903,-0.0164
2609,04353.wav,4352,1928712750,7.543,0.6880,0.6233,0.7527,0.5958,0.5958,TAO,0.5200,-1.0030,-0.0364
2610,04640.wav,4639,2060124745,4.802,0.6880,0.6394,0.7366,0.4731,0.4731,TAO,0.4203,0.4923,0.0335
2611,06384.wav,6383,2853798571,4.294,0.6880,0.6280,0.7479,0.6021,0.6021,TAO,0.4700,0.3057,0.0319
2612,03367.wav,3366,1479829874,2.828,0.6880,0.6585,0.7175,0.5097,0.5097,TAO,0.3530,0.9334,0.0526
2613,06809.wav,6808,3039804907,4.165,0.6880,0.6395,0.7364,0.6166,0.6166,TAO,0.5275,-0.0829,-0.0009
2614,04842.wav,4841,2149741990,6.656,0.6880,0.6219,0.7540,0.6232,0.6219,TAO,0.5960,-0.6230,-0.0261
2615,01756.wav,1755,786823218,6.421,0.6880,0.6498,0.7261,0.5527,0.5527,TAO,0.3967,-0.4443,-0.0208
2616,01942.wav,1941,868365575,7.113,0.6879,0.6343,0.7415,0.6036,0.6036,TAO,0.5206,-0.5764,-0.0211
2617,07444.wav,7443,3347580573,3.114,0.6879,0.6198,0.7561,0.7163,0.6198,TAO,0.5490,-1.0291,-0.0506
2618,03250.wav,3249,1427295820,9.868,0.6879,0.6281,0.7476,0.5280,0.5280,TAO,0.4370,-0.3979,-0.0025
2619,00664.wav,663,284146497,5.094,0.6878,0.6046,0.7710,0.6605,0.6046,TAO,0.5594,-0.6231,-0.0265
2620,03511.wav,3510,1555735591,8.705,0.6878,0.6413,0.7342,0.5330,0.5330,LENT,0.4532,-0.7957,-0.0156
2621,06285.wav,6284,2806798862,5.376,0.6878,0.6394,0.7361,0.6678,0.6394,TAO,0.5627,0.1355,0.0075
2622,06663.wav,6662,2974403826,6.342,0.6877,0.6087,0.7667,0.6751,0.6087,TAO,0.5177,-1.2394,-0.0624
2623,02975.wav,2974,1316468145,7.640,0.6877,0.6423,0.7331,0.4549,0.4549,TAO,0.3799,0.8658,0.0544
2624,03491.wav,3490,1549083186,4.195,0.6877,0.6314,0.7439,0.6466,0.6314,TAO,0.7077,0.0067,-0.0007
2625,01148.wav,1147,505058698,5.870,0.6876,0.6630,0.7123,0.4642,0.4642,TAO,0.3097,0.1414,0.0225
2626,01751.wav,1750,785578981,5.719,0.6876,0.6008,0.7744,0.6146,0.6008,TAO,0.5088,-0.5517,-0.0254
2627,03848.wav,3847,1704051564,5.382,0.6876,0.6334,0.7417,0.5372,0.5372,TAO,0.4286,0.5028,0.0337
2628,03737.wav,3736,1648654767,4.618,0.6876,0.6652,0.7099,0.4935,0.4935,TAO,0.3978,0.9756,0.0536
2629,06385.wav,6384,2853922096,5.510,0.6876,0.6507,0.7244,0.5026,0.5026,TAO,0.4349,-0.4776,-0.0064
2630,06169.wav,6168,2755802405,8.143,0.6875,0.6482,0.7267,0.5604,0.5604,TAO,0.4679,-0.2314,0.0047
2631,05496.wav,5495,2445590978,4.469,0.6875,0.6645,0.7105,0.4750,0.4750,TAO,0.3638,1.0634,0.0552
2632,06965.wav,6964,3113997190,8.334,0.6874,0.6046,0.7702,0.5140,0.5140,TAO,0.3591,0.4379,0.0289
2633,07566.wav,7565,3404109992,8.031,0.6874,0.6308,0.7440,0.6828,0.6308,TAO,0.6283,-0.6505,-0.0358
2634,08195.wav,8194,3680056624,4.605,0.6874,0.6393,0.7355,0.5927,0.5927,TAO,0.5384,0.3677,0.0237
2635,06044.wav,6043,2693958004,8.266,0.6873,0.6883,0.6864,0.4343,0.4343,TAO,0.4134,0.8327,0.0528
2636,04708.wav,4707,2090840934,7.074,0.6873,0.6350,0.7397,0.6511,0.6350,TAO,0.5103,-0.0204,-0.0049
2637,01021.wav,1020,449056197,8.683,0.6873,0.6614,0.7133,0.5842,0.5842,PAT,0.5149,-0.2200,-0.0041
2638,04064.wav,4063,1801329421,4.827,0.6873,0.6336,0.7410,0.4172,0.4172,TAO,0.3636,0.8111,0.0508
2639,04305.wav,4304,1906288199,4.391,0.6873,0.6036,0.7710,0.7868,0.6036,TAO,0.5436,-0.7087,-0.0421
2640,08101.wav,8100,3646495208,8.259,0.6873,0.6117,0.7629,0.5498,0.5498,TAO,0.5173,-0.7574,-0.0250
2641,02457.wav,2456,1086700496,5.257,0.6872,0.6421,0.7324,0.6574,0.6421,TAO,0.6261,-0.7540,-0.0344
2642,08549.wav,8548,3844796205,6.999,0.6872,0.6668,0.7076,0.7167,0.6668,TAO,0.6488,-0.3994,-0.0168
2643,04254.wav,4253,1884150738,4.619,0.6872,0.6262,0.7482,0.5575,0.5575,TAO,0.3808,0.2454,0.0137
2644,08782.wav,8781,3951338418,3.953,0.6871,0.6754,0.6989,0.6358,0.6358,TAO,0.4083,0.3423,0.0169
2645,06688.wav,6687,2984099403,7.684,0.6871,0.6562,0.7181,0.4348,0.4348,TAO,0.3183,0.7996,0.0568
2646,01990.wav,1989,886968943,5.765,0.6871,0.6191,0.7552,0.4930,0.4930,TAO,0.3920,0.2576,0.0141
2647,06314.wav,6313,2820755598,10.028,0.6871,0.6778,0.6964,0.4078,0.4078,TAO,0.3945,0.5531,0.0472
2648,01720.wav,1719,763854022,6.640,0.6871,0.6211,0.7532,0.4469,0.4469,TAO,0.3010,0.0974,0.0170
2649,03187.wav,3186,1400178986,7.028,0.6871,0.6504,0.7239,0.5584,0.5584,TAO,0.4394,-0.9697,-0.0396
2650,06789.wav,6788,3033084719,6.154,0.6870,0.6076,0.7665,0.5699,0.5699,TAO,0.4760,-0.9620,-0.0384
2651,03984.wav,3983,1761035817,2.226,0.6870,0.6143,0.7598,0.7454,0.6143,TAO,0.6601,-0.1632,-0.0088
2652,08356.wav,8355,3747939891,3.883,0.6870,0.6249,0.7491,0.7364,0.6249,TAO,0.6020,-0.2008,-0.0182
2653,05308.wav,5307,2363284119,4.303,0.6869,0.6728,0.7011,0.5482,0.5482,TAO,0.3831,0.6176,0.0352
2654,04688.wav,4687,2084059089,7.359,0.6869,0.5939,0.7800,0.6349,0.5939,TAO,0.5817,-0.7823,-0.0293
2655,00330.wav,329,144757034,7.157,0.6869,0.6334,0.7405,0.7600,0.6334,TAO,0.6410,-1.0839,-0.0493
2656,09564.wav,9563,4291935472,5.180,0.6869,0.6665,0.7073,0.4978,0.4978,PAT,0.4415,0.6733,0.0319
2657,06407.wav,6406,2862271399,7.132,0.6869,0.6282,0.7455,0.5744,0.5744,TAO,0.5882,-0.6248,-0.0178
2658,03333.wav,3332,1465565741,5.369,0.6868,0.6466,0.7271,0.6755,0.6466,TAO,0.5881,-0.7234,-0.0246
2659,07926.wav,7925,3574335085,2.856,0.6868,0.6438,0.7298,0.7172,0.6438,TAO,0.5752,-0.9083,-0.0330
2660,03501.wav,3500,1550454921,3.635,0.6867,0.6246,0.7489,0.7395,0.6246,TAO,0.6742,-0.3792,-0.0142
2661,01430.wav,1429,632500261,6.298,0.6867,0.6139,0.7594,0.6768,0.6139,TAO,0.6291,-0.0980,-0.0080
2662,05132.wav,5131,2284956670,7.037,0.6866,0.6523,0.7209,0.6288,0.6288,LENT,0.6724,-0.2138,-0.0074
2663,05631.wav,5630,2504029713,3.276,0.6866,0.6245,0.7486,0.6555,0.6245,TAO,0.6030,-0.1993,-0.0160
2664,04062.wav,4061,1801158322,8.940,0.6866,0.6251,0.7481,0.6265,0.6251,TAO,0.5878,-0.5822,-0.0218
2665,03766.wav,3765,1663149093,5.492,0.6865,0.6185,0.7546,0.6009,0.6009,TAO,0.5064,-0.7894,-0.0298
2666,03293.wav,3292,1447062580,6.521,0.6865,0.6305,0.7425,0.4893,0.4893,TAO,0.3573,0.7955,0.0459
2667,05384.wav,5383,2393641443,9.745,0.6865,0.6302,0.7428,0.6653,0.6302,TAO,0.5955,-0.0587,0.0013
2668,08303.wav,8302,3727249642,7.506,0.6865,0.6151,0.7578,0.6094,0.6094,TAO,0.5671,-0.8281,-0.0392
2669,08839.wav,8838,3976096266,5.796,0.6864,0.6302,0.7426,0.5404,0.5404,TAO,0.4409,-0.8418,-0.0230
2670,05340.wav,5339,2374569831,5.962,0.6864,0.6303,0.7424,0.6477,0.6303,TAO,0.5271,0.0670,0.0115
2671,05950.wav,5949,2653206634,4.988,0.6864,0.6521,0.7206,0.4980,0.4980,TAO,0.4315,0.2500,0.0256
2672,08827.wav,8826,3967775276,1.859,0.6864,0.6067,0.7660,0.5470,0.5470,TAO,0.5209,-0.4488,-0.0161
2673,00646.wav,645,276864206,7.471,0.6864,0.6056,0.7671,0.7338,0.6056,TAO,0.5669,-0.9794,-0.0496
2674,00723.wav,722,317764721,2.243,0.6863,0.6414,0.7312,0.6647,0.6414,TAO,0.4798,-0.5864,-0.0214
2675,09269.wav,9268,4167827976,7.139,0.6863,0.6359,0.7367,0.7366,0.6359,TAO,0.6179,-0.6271,-0.0255
2676,05056.wav,5055,2245316013,7.991,0.6863,0.6133,0.7592,0.7591,0.6133,TAO,0.6313,-1.1150,-0.0538
2677,09098.wav,9097,4094765479,4.519,0.6863,0.6554,0.7171,0.5260,0.5260,TAO,0.3791,0.9335,0.0557
2678,00604.wav,603,257953152,7.842,0.6863,0.6637,0.7088,0.6038,0.6038,LENT,0.7027,0.0643,0.0047
2679,07787.wav,7786,3503106408,5.999,0.6862,0.6440,0.7284,0.5870,0.5870,TAO,0.5250,-0.7235,-0.0259
2680,04839.wav,4838,2148216191,8.874,0.6862,0.6801,0.6923,0.4157,0.4157,TAO,0.3651,1.4420,0.0786
2681,02934.wav,2933,1298384200,3.695,0.6862,0.6092,0.7632,0.5029,0.5029,TAO,0.3795,0.3606,0.0224
2682,05440.wav,5439,2420323093,2.247,0.6862,0.6762,0.6962,0.5930,0.5930,TAO,0.3441,0.6512,0.0311
2683,04175.wav,4174,1852084229,2.784,0.6862,0.6316,0.7407,0.7237,0.6316,TAO,0.4222,-0.6668,-0.0249
2684,00811.wav,810,357030413,8.352,0.6861,0.6217,0.7506,0.5995,0.5995,TAO,0.5861,-0.2135,-0.0196
2685,06804.wav,6803,3038648451,5.226,0.6861,0.6324,0.7398,0.5648,0.5648,TAO,0.5470,-0.3513,-0.0086
2686,01791.wav,1790,804085969,8.822,0.6861,0.5998,0.7723,0.5273,0.5273,TAO,0.5024,-0.9722,-0.0319
2687,06525.wav,6524,2910598663,8.200,0.6861,0.6736,0.6985,0.4246,0.4246,TAO,0.3190,0.6985,0.0535
2688,04134.wav,4133,1831874511,6.068,0.6860,0.6319,0.7402,0.7196,0.6319,TAO,0.6457,-0.1091,-0.0026
2689,06428.wav,6427,2873469972,6.567,0.6860,0.6629,0.7091,0.4386,0.4386,TAO,0.3512,0.7268,0.0399
2690,05909.wav,5908,2641164117,4.720,0.6860,0.6214,0.7506,0.5316,0.5316,TAO,0.3554,-0.1400,-0.0011
2691,03939.wav,3938,1741673123,7.776,0.6859,0.6360,0.7359,0.6287,0.6287,TAO,0.7052,0.0138,0.0005
2692,08066.wav,8065,3627316675,4.922,0.6859,0.6592,0.7127,0.6509,0.6509,TAO,0.5268,-0.6724,-0.0292
2693,04923.wav,4922,2188741741,7.271,0.6858,0.6060,0.7657,0.6569,0.6060,TAO,0.5508,-0.9434,-0.0391
2694,06393.wav,6392,2855604911,3.796,0.6858,0.6717,0.6999,0.6410,0.6410,TAO,0.5993,0.2294,0.0083
2695,06173.wav,6172,2756554795,6.134,0.6858,0.6366,0.7349,0.6137,0.6137,TAO,0.5271,-0.2596,-0.0052
2696,02041.wav,2040,909172687,3.643,0.6857,0.6165,0.7549,0.7212,0.6165,TAO,0.5538,-0.5565,-0.0214
2697,07825.wav,7824,3521224354,2.001,0.6857,0.6537,0.7176,0.5770,0.5770,TAO,0.6014,-0.4997,-0.0118
2698,08104.wav,8103,3647726383,8.082,0.6857,0.6242,0.7471,0.7038,0.6242,TAO,0.6973,-0.2999,-0.0130
2699,08674.wav,8673,3905529414,9.173,0.6856,0.6109,0.7604,0.5968,0.5968,TAO,0.4646,-0.6480,-0.0239
2700,06244.wav,6243,2788880101,2.708,0.6856,0.6230,0.7483,0.7380,0.6230,TAO,0.5136,-0.8329,-0.0246
2701,07743.wav,7742,3486989903,3.286,0.6856,0.6824,0.6888,0.6737,0.6737,TAO,0.5294,0.7588,0.0403
2702,06047.wav,6046,2695525462,7.852,0.6856,0.6416,0.7296,0.4142,0.4142,TAO,0.2747,0.3766,0.0269
2703,01128.wav,1127,499792111,7.657,0.6856,0.6381,0.7330,0.7071,0.6381,TAO,0.6960,-0.4713,-0.0188
2704,02910.wav,2909,1291268613,4.550,0.6856,0.6653,0.7059,0.5115,0.5115,PAT,0.3468,0.5151,0.0334
2705,07481.wav,7480,3365920204,4.320,0.6855,0.6803,0.6907,0.4423,0.4423,TAO,0.4195,0.7816,0.0475
2706,02746.wav,2745,1215275406,8.252,0.6855,0.6239,0.7471,0.7680,0.6239,TAO,0.5887,-0.9302,-0.0453
2707,05793.wav,5792,2578170926,6.849,0.6855,0.6175,0.7535,0.7431,0.6175,TAO,0.6343,-0.8815,-0.0453
2708,06848.wav,6847,3059003438,3.907,0.6854,0.6083,0.7625,0.5398,0.5398,TAO,0.3833,0.3717,0.0239
2709,00113.wav,112,47835458,6.870,0.6854,0.6491,0.7217,0.6136,0.6136,TAO,0.4680,-0.5512,-0.0101
2710,06008.wav,6007,2675465099,6.192,0.6854,0.6505,0.7203,0.5031,0.5031,TAO,0.4117,-0.4681,-0.0057
2711,07089.wav,7088,3170351557,7.276,0.6853,0.6188,0.7519,0.6174,0.6174,TAO,0.6778,-0.2278,-0.0093
2712,06800.wav,6799,3035652906,8.180,0.6853,0.6479,0.7228,0.7157,0.6479,TAO,0.7389,-0.2912,-0.0114
2713,00269.wav,268,118634256,9.725,0.6853,0.6426,0.7280,0.4672,0.4672,TAO,0.4063,0.1628,0.0225
2714,03535.wav,3534,1565077187,6.700,0.6853,0.6540,0.7166,0.5933,0.5933,TAO,0.5919,0.3162,0.0184
2715,08254.wav,8253,3705285801,4.422,0.6853,0.6023,0.7682,0.7340,0.6023,TAO,0.6610,-0.5127,-0.0244
2716,06776.wav,6775,3021427359,3.860,0.6852,0.6657,0.7047,0.5486,0.5486,TAO,0.5492,-0.1448,0.0022
2717,04979.wav,4978,2207365107,3.640,0.6852,0.6481,0.7224,0.4504,0.4504,TAO,0.3606,0.5278,0.0439
2718,04799.wav,4798,2133516043,7.521,0.6852,0.6263,0.7441,0.4502,0.4502,TAO,0.3777,0.2715,0.0249
2719,01688.wav,1687,750758576,5.027,0.6852,0.6195,0.7509,0.5153,0.5153,TAO,0.3226,-0.0240,-0.0049
2720,00337.wav,336,146672816,9.791,0.6851,0.6184,0.7519,0.7244,0.6184,TAO,0.6253,-0.6120,-0.0374
2721,03778.wav,3777,1672541326,4.837,0.6851,0.5898,0.7804,0.7231,0.5898,TAO,0.6250,-0.1526,-0.0124
2722,05858.wav,5857,2613216632,5.683,0.6851,0.6307,0.7396,0.4702,0.4702,TAO,0.3393,0.7317,0.0455
2723,04929.wav,4928,2190309199,10.078,0.6851,0.6436,0.7266,0.5956,0.5956,TAO,0.6929,-0.1993,-0.0066
2724,03519.wav,3518,1557640832,5.444,0.6851,0.6234,0.7468,0.5968,0.5968,TAO,0.6107,-0.1791,-0.0045
2725,05508.wav,5507,2449459783,6.851,0.6851,0.6265,0.7437,0.5482,0.5482,PAT,0.4253,0.1825,0.0179
2726,00842.wav,841,371523439,2.112,0.6850,0.6262,0.7438,0.7328,0.6262,TAO,0.3849,-0.2522,-0.0155
2727,08812.wav,8811,3962678851,3.494,0.6850,0.6383,0.7317,0.5331,0.5331,TAO,0.3606,-0.4278,-0.0080
2728,07990.wav,7989,3597817578,7.204,0.6850,0.6221,0.7479,0.4708,0.4708,TAO,0.3776,-0.4872,-0.0046
2729,01035.wav,1034,455315077,4.872,0.6850,0.6140,0.7559,0.4894,0.4894,TAO,0.3729,0.4619,0.0317
2730,06213.wav,6212,2779778408,5.806,0.6849,0.6119,0.7580,0.7484,0.6119,TAO,0.6340,-0.5202,-0.0216
2731,01512.wav,1511,663749956,5.715,0.6849,0.6260,0.7439,0.7140,0.6260,TAO,0.6264,-0.3905,-0.0184
2732,00901.wav,900,398733869,2.938,0.6849,0.5721,0.7976,0.6770,0.5721,TAO,0.4955,0.4598,0.0037
2733,09240.wav,9239,4158127017,3.716,0.6849,0.6159,0.7538,0.5569,0.5569,LENT,0.5480,-0.0229,0.0083
2734,09085.wav,9084,4086217836,7.072,0.6849,0.6458,0.7239,0.6259,0.6259,TAO,0.7525,-0.0089,-0.0010
2735,00714.wav,713,308197219,6.347,0.6848,0.6324,0.7373,0.6174,0.6174,TAO,0.5549,-0.7607,-0.0280
2736,05230.wav,5229,2324380485,7.464,0.6848,0.6139,0.7558,0.7331,0.6139,TAO,0.6919,-1.0260,-0.0479
2737,07287.wav,7286,3266316584,3.045,0.6848,0.6538,0.7158,0.6746,0.6538,TAO,0.6623,-0.0332,0.0020
2738,06418.wav,6417,2864719124,5.915,0.6848,0.6087,0.7608,0.8078,0.6087,TAO,0.6208,-0.6611,-0.0365
2739,02488.wav,2487,1096272590,5.264,0.6848,0.6266,0.7430,0.6267,0.6266,TAO,0.5439,-0.5474,-0.0290
2740,08631.wav,8630,3883693486,3.400,0.6848,0.6242,0.7454,0.5878,0.5878,LENT,0.4031,0.3590,0.0266
2741,05540.wav,5539,2466215152,6.357,0.6848,0.6578,0.7117,0.4439,0.4439,TAO,0.4316,0.7872,0.0474
2742,07618.wav,7617,3425780230,6.855,0.6847,0.6051,0.7642,0.5439,0.5439,LENT,0.3960,-0.4907,-0.0093
2743,02042.wav,2041,909267809,5.875,0.6847,0.6376,0.7317,0.5026,0.5026,TAO,0.4428,1.0045,0.0478
2744,05196.wav,5195,2312900071,3.348,0.6847,0.6007,0.7686,0.6472,0.6007,TAO,0.6262,0.1666,0.0010
2745,03836.wav,3835,1698453109,7.207,0.6846,0.6219,0.7474,0.5144,0.5144,TAO,0.3589,0.0165,0.0088
2746,09503.wav,9502,4265324717,7.134,0.6846,0.6262,0.7431,0.6220,0.6220,TAO,0.5740,-0.7933,-0.0269
2747,02239.wav,2238,993219053,2.899,0.6846,0.6812,0.6880,0.5256,0.5256,TAO,0.4474,0.2311,0.0265
2748,01428.wav,1427,631685193,6.874,0.6846,0.6211,0.7481,0.6134,0.6134,TAO,0.5569,-0.4929,-0.0175
2749,04848.wav,4847,2151097964,3.454,0.6846,0.6243,0.7448,0.5559,0.5559,TAO,0.3820,0.3476,0.0215
2750,04124.wav,4123,1826764940,5.277,0.6845,0.6414,0.7277,0.6129,0.6129,TAO,0.5747,-0.2515,-0.0122
2751,08329.wav,8328,3731293964,2.458,0.6845,0.6278,0.7413,0.7059,0.6278,TAO,0.5746,-0.3525,-0.0180
2752,04509.wav,4508,1999329879,9.965,0.6845,0.6412,0.7279,0.6603,0.6412,TAO,0.5192,-0.1759,-0.0080
2753,01574.wav,1573,690346346,5.711,0.6845,0.5910,0.7781,0.6535,0.5910,TAO,0.5340,-0.6935,-0.0335
2754,05667.wav,5666,2522148997,5.903,0.6845,0.6343,0.7347,0.4672,0.4672,PAT,0.3348,0.0280,0.0093
2755,01303.wav,1302,578539440,7.584,0.6845,0.6332,0.7357,0.5865,0.5865,TAO,0.2720,0.1311,0.0150
2756,06296.wav,6295,2812362594,8.486,0.6845,0.6217,0.7473,0.6391,0.6217,TAO,0.4823,-0.5692,-0.0276
2757,07911.wav,7910,3568431465,5.851,0.6845,0.6595,0.7095,0.5661,0.5661,TAO,0.5595,-0.2696,-0.0084
2758,03595.wav,3594,1588474072,3.073,0.6845,0.6330,0.7359,0.6367,0.6330,TAO,0.5936,-0.1731,-0.0112
2759,00916.wav,915,403791240,7.813,0.6844,0.6161,0.7527,0.7200,0.6161,TAO,0.6338,-0.9323,-0.0495
2760,08267.wav,8266,3710103269,6.022,0.6844,0.6122,0.7566,0.6885,0.6122,TAO,0.6115,-0.4582,-0.0286
2761,04223.wav,4222,1870406497,10.771,0.6843,0.6436,0.7250,0.6225,0.6225,TAO,0.5473,-0.2710,-0.0063
2762,08437.wav,8436,3790617521,4.039,0.6842,0.5889,0.7796,0.6648,0.5889,TAO,0.5486,-0.9948,-0.0466
2763,05775.wav,5774,2571359112,8.382,0.6842,0.6266,0.7418,0.7098,0.6266,TAO,0.6601,-0.5226,-0.0231
2764,08313.wav,8312,3728480817,5.053,0.6842,0.6153,0.7531,0.6374,0.6153,TAO,0.6203,0.0652,-0.0101
2765,03268.wav,3267,1433428408,4.725,0.6842,0.6195,0.7489,0.6986,0.6195,TAO,0.6148,-0.7172,-0.0403
2766,02513.wav,2512,1106995920,7.530,0.6842,0.6444,0.7240,0.5799,0.5799,PAT,0.3434,-0.6614,-0.0233
2767,07622.wav,7621,3427812390,12.429,0.6842,0.6203,0.7480,0.7505,0.6203,TAO,0.6534,-0.9076,-0.0452
2768,04326.wav,4325,1914648043,8.767,0.6842,0.6251,0.7432,0.6729,0.6251,TAO,0.6980,-0.2434,-0.0116
2769,07286.wav,7285,3265741419,5.334,0.6842,0.6286,0.7397,0.6926,0.6286,TAO,0.6900,-0.3077,-0.0130
2770,03136.wav,3135,1378098767,7.565,0.6841,0.6096,0.7586,0.5905,0.5905,TAO,0.5586,-0.4235,-0.0241
2771,03082.wav,3081,1355253096,3.209,0.6841,0.6181,0.7502,0.6605,0.6181,TAO,0.4285,-0.7818,-0.0241
2772,02924.wav,2923,1296591943,5.923,0.6841,0.5882,0.7801,0.6689,0.5882,TAO,0.3925,-1.1984,-0.0463
2773,06594.wav,6593,2945403254,6.198,0.6841,0.6102,0.7579,0.5398,0.5398,TAO,0.3914,0.0961,0.0169
2774,09208.wav,9207,4141395749,5.123,0.6841,0.6410,0.7272,0.6507,0.6410,TAO,0.6224,0.2022,0.0112
2775,00130.wav,129,53001513,4.436,0.6841,0.6835,0.6846,0.5234,0.5234,TAO,0.4561,1.0986,0.0611
2776,08080.wav,8079,3633687781,6.234,0.6841,0.6022,0.7660,0.4831,0.4831,TAO,0.3518,0.3290,0.0231
2777,09233.wav,9232,4156357840,8.378,0.6840,0.6163,0.7517,0.5912,0.5912,TAO,0.4734,-0.4762,-0.0239
2778,08935.wav,8934,4018499712,8.845,0.6839,0.6562,0.7116,0.5876,0.5876,TAO,0.6418,-0.2496,-0.0005
2779,07368.wav,7367,3308881230,7.990,0.6839,0.6285,0.7393,0.4817,0.4817,TAO,0.4332,0.5777,0.0380
2780,06010.wav,6009,2676752483,1.672,0.6839,0.6315,0.7363,0.6412,0.6315,TAO,0.6595,-0.5722,-0.0195
2781,07375.wav,7374,3313733421,8.799,0.6839,0.6608,0.7070,0.5796,0.5796,TAO,0.6026,-0.3182,0.0003
2782,05999.wav,5998,2671935027,2.905,0.6839,0.6313,0.7364,0.5255,0.5255,TAO,0.3659,-0.4951,-0.0281
2783,03137.wav,3136,1378673932,11.054,0.6838,0.6116,0.7561,0.7620,0.6116,TAO,0.6219,-0.9621,-0.0497
2784,05783.wav,5782,2572758865,7.710,0.6838,0.6276,0.7401,0.4789,0.4789,TAO,0.4017,0.6473,0.0469
2785,07435.wav,7434,3342197808,7.382,0.6838,0.6365,0.7311,0.4442,0.4442,TAO,0.3380,0.5973,0.0434
2786,06640.wav,6639,2961745579,8.587,0.6838,0.6588,0.7088,0.4921,0.4921,TAO,0.5062,0.2806,0.0257
2787,01989.wav,1988,886914222,4.994,0.6838,0.6062,0.7614,0.6554,0.6062,LENT,0.6395,0.2754,0.0041
2788,04795.wav,4794,2131941649,3.690,0.6838,0.6458,0.7218,0.5743,0.5743,TAO,0.5273,-0.1275,-0.0039
2789,08948.wav,8947,4026269282,3.305,0.6838,0.5900,0.7776,0.5936,0.5900,TAO,0.6033,-0.1410,-0.0102
2790,02909.wav,2908,1291088847,4.100,0.6838,0.7133,0.6542,0.5024,0.5024,TAO,0.3438,0.7261,0.0426
2791,02208.wav,2207,982659344,4.846,0.6837,0.5975,0.7700,0.5036,0.5036,TAO,0.3173,0.2086,0.0104
2792,01867.wav,1866,835712585,2.810,0.6837,0.6180,0.7494,0.6669,0.6180,TAO,0.5260,0.4096,0.0149
2793,05072.wav,5071,2253480134,5.733,0.6837,0.6323,0.7352,0.6627,0.6323,TAO,0.6202,-0.5748,-0.0204
2794,03301.wav,3300,1449889547,6.883,0.6836,0.6507,0.7166,0.5633,0.5633,TAO,0.5552,-0.6196,-0.0153
2795,00476.wav,475,203869827,9.443,0.6836,0.6315,0.7356,0.6844,0.6315,TAO,0.8104,-0.0568,-0.0015
2796,00631.wav,630,270643443,5.567,0.6836,0.6288,0.7383,0.7305,0.6288,TAO,0.5861,0.0161,0.0045
2797,08438.wav,8437,3790766000,6.953,0.6835,0.6191,0.7480,0.7446,0.6191,TAO,0.6482,-0.8129,-0.0432
2798,09096.wav,9095,4092000452,5.524,0.6835,0.6354,0.7317,0.6005,0.6005,TAO,0.6755,0.0159,0.0093
2799,00761.wav,760,328736367,6.920,0.6835,0.6647,0.7024,0.4537,0.4537,TAO,0.3967,1.3637,0.0709
2800,02050.wav,2049,913791911,6.120,0.6835,0.6666,0.7004,0.6137,0.6137,TAO,0.6981,0.2620,0.0177
2801,02306.wav,2305,1021861423,5.026,0.6835,0.6213,0.7456,0.5905,0.5905,TAO,0.5625,-0.4024,-0.0276
2802,04216.wav,4215,1867113265,5.636,0.6834,0.6494,0.7175,0.6679,0.6494,TAO,0.5890,-0.3532,-0.0153
2803,04565.wav,4564,2026845953,4.851,0.6834,0.6322,0.7346,0.6160,0.6160,TAO,0.5924,-0.7640,-0.0297
2804,00610.wav,609,260553541,8.386,0.6834,0.6260,0.7409,0.6167,0.6167,TAO,0.5809,-0.4733,-0.0137
2805,02768.wav,2767,1222612418,7.132,0.6834,0.6335,0.7333,0.6603,0.6335,TAO,0.6873,-0.6039,-0.0242
2806,09325.wav,9324,4191694537,8.936,0.6834,0.6357,0.7311,0.5183,0.5183,TAO,0.4891,-0.6642,-0.0155
2807,04110.wav,4109,1818436656,7.502,0.6834,0.6387,0.7280,0.7079,0.6387,TAO,0.7312,-0.1762,-0.0072
2808,09137.wav,9136,4111137326,5.323,0.6833,0.6125,0.7542,0.7047,0.6125,TAO,0.5443,-0.5466,-0.0277
2809,05562.wav,5561,2473510505,3.048,0.6833,0.6277,0.7389,0.5992,0.5992,TAO,0.4068,-0.0280,0.0035
2810,04046.wav,4045,1790657418,10.270,0.6833,0.6445,0.7221,0.6534,0.6445,TAO,0.5603,0.1126,0.0033
2811,04578.wav,4577,2031781297,2.839,0.6833,0.6113,0.7553,0.6940,0.6113,TAO,0.6441,-1.2097,-0.0539
2812,01201.wav,1200,533407465,5.551,0.6833,0.6490,0.7176,0.5964,0.5964,TAO,0.4328,-0.0929,-0.0123
2813,01163.wav,1162,511889349,4.408,0.6832,0.6132,0.7533,0.6462,0.6132,TAO,0.5908,-0.3601,-0.0185
2814,09468.wav,9467,4251069273,4.776,0.6832,0.5998,0.7666,0.4849,0.4849,TAO,0.4075,0.8469,0.0474
2815,03975.wav,3974,1758710054,5.952,0.6832,0.6085,0.7579,0.7305,0.6085,TAO,0.7237,-0.4791,-0.0235
2816,06089.wav,6088,2717605681,5.280,0.6832,0.6407,0.7257,0.4922,0.4922,TAO,0.5056,1.1770,0.0612
2817,09515.wav,9514,4268886991,9.297,0.6832,0.6749,0.6914,0.4692,0.4692,TAO,0.4182,0.5501,0.0401
2818,06960.wav,6959,3112216974,4.430,0.6832,0.6165,0.7499,0.7056,0.6165,TAO,0.6786,-0.5225,-0.0318
2819,02215.wav,2214,984563276,3.093,0.6832,0.6350,0.7313,0.7497,0.6350,TAO,0.6557,0.0140,-0.0003
2820,08339.wav,8338,3736564093,6.192,0.6831,0.6447,0.7215,0.5165,0.5165,TAO,0.3868,0.9522,0.0519
2821,03792.wav,3791,1677509895,8.375,0.6831,0.6203,0.7459,0.6102,0.6102,TAO,0.5153,-0.4064,-0.0169
2822,04957.wav,4956,2197213548,5.421,0.6831,0.6435,0.7227,0.6700,0.6435,TAO,0.7174,-0.1052,0.0012
2823,02509.wav,2508,1104374512,8.118,0.6831,0.6110,0.7551,0.6633,0.6110,TAO,0.6227,-0.1362,-0.0062
2824,08879.wav,8878,3998169549,8.414,0.6831,0.6242,0.7419,0.5965,0.5965,TAO,0.6238,-0.1432,-0.0077
2825,06541.wav,6540,2917613475,4.543,0.6831,0.6040,0.7621,0.7532,0.6040,TAO,0.6713,-0.7312,-0.0331
2826,07528.wav,7527,3389615666,7.494,0.6830,0.6303,0.7358,0.5882,0.5882,TAO,0.5356,-0.5578,-0.0183
2827,04918.wav,4917,2184808624,6.762,0.6830,0.6576,0.7085,0.6058,0.6058,TAO,0.5731,0.1195,0.0164
2828,04339.wav,4338,1919870598,3.800,0.6830,0.6026,0.7633,0.6943,0.6026,TAO,0.5117,-0.2135,-0.0035
2829,04083.wav,4082,1807810727,7.518,0.6830,0.6490,0.7169,0.5902,0.5902,TAO,0.4827,-0.2335,-0.0090
2830,06202.wav,6201,2773463786,9.352,0.6830,0.6407,0.7253,0.6960,0.6407,TAO,0.5993,-0.1491,-0.0046
2831,00577.wav,576,247646671,3.917,0.6828,0.6140,0.7517,0.4878,0.4878,LENT,0.3289,0.1805,0.0159
2832,08456.wav,8455,3799719214,9.435,0.6828,0.5745,0.7912,0.5692,0.5692,TAO,0.4019,-1.3958,-0.0601
2833,08117.wav,8116,3650443150,4.322,0.6828,0.6151,0.7506,0.4965,0.4965,TAO,0.3299,0.2992,0.0241
2834,07284.wav,7283,3265522535,8.212,0.6828,0.6371,0.7285,0.6235,0.6235,TAO,0.7234,0.2679,0.0064
2835,07393.wav,7392,3317811824,6.564,0.6828,0.5986,0.7670,0.7013,0.5986,TAO,0.7046,-0.1735,-0.0072
2836,00608.wav,607,259335428,3.663,0.6828,0.5908,0.7748,0.6840,0.5908,TAO,0.6158,-0.1924,-0.0156
2837,07194.wav,7193,3220486182,4.547,0.6828,0.6684,0.6972,0.4090,0.4090,TAO,0.3915,1.1326,0.0622
2838,08477.wav,8476,3809608625,7.692,0.6827,0.6342,0.7313,0.4417,0.4417,ANCIENT,0.3099,0.2184,0.0287
2839,05816.wav,5815,2589220631,6.979,0.6827,0.6292,0.7362,0.5004,0.5004,ANCIENT,0.4166,0.2242,0.0223
2840,00864.wav,863,381026414,6.992,0.6827,0.6165,0.7489,0.6619,0.6165,TAO,0.7329,0.1063,-0.0004
2841,01160.wav,1159,511423626,6.785,0.6827,0.6304,0.7350,0.6534,0.6304,TAO,0.6981,-0.2138,-0.0053
2842,06180.wav,6179,2761175040,4.221,0.6827,0.6167,0.7487,0.7453,0.6167,TAO,0.6598,-0.9992,-0.0494
2843,00231.wav,230,99549582,9.398,0.6827,0.6281,0.7372,0.5850,0.5850,TAO,0.4715,-0.5549,-0.0109
2844,00705.wav,704,302824584,6.681,0.6827,0.6231,0.7422,0.4308,0.4308,TAO,0.4221,0.9985,0.0553
2845,04418.wav,4417,1956139762,4.095,0.6826,0.6289,0.7364,0.6450,0.6289,TAO,0.4843,-0.5163,-0.0196
2846,05883.wav,5882,2627807338,7.857,0.6826,0.6334,0.7318,0.5000,0.5000,TAO,0.4486,0.0914,0.0212
2847,01941.wav,1940,868236135,4.525,0.6826,0.6077,0.7575,0.7244,0.6077,TAO,0.6411,-0.4042,-0.0223
2848,01655.wav,1654,734184847,3.795,0.6826,0.7034,0.6617,0.5050,0.5050,TAO,0.4053,1.1890,0.0591
2849,08069.wav,8068,3629020244,3.683,0.6826,0.6206,0.7446,0.4775,0.4775,ANCIENT,0.4929,0.0045,0.0101
2850,04439.wav,4438,1964207503,8.412,0.6826,0.6075,0.7576,0.7039,0.6075,TAO,0.7687,0.0636,-0.0018
2851,04207.wav,4206,1865479587,2.057,0.6825,0.6448,0.7203,0.7354,0.6448,TAO,0.6590,0.0510,0.0007
2852,05432.wav,5431,2418332592,5.037,0.6825,0.6545,0.7106,0.4324,0.4324,PAT,0.3079,0.4116,0.0339
2853,05201.wav,5200,2313724659,5.483,0.6825,0.6898,0.6752,0.4512,0.4512,TAO,0.3535,0.5280,0.0422
2854,03903.wav,3902,1727848040,3.178,0.6825,0.6285,0.7365,0.5581,0.5581,ANCIENT,0.5112,0.3200,0.0246
2855,09213.wav,9212,4144221958,4.295,0.6825,0.6748,0.6902,0.4966,0.4966,TAO,0.3858,0.4055,0.0364
2856,00876.wav,875,383340136,3.955,0.6825,0.6098,0.7552,0.7472,0.6098,TAO,0.6137,-0.6161,-0.0249
2857,04161.wav,4160,1843289926,5.421,0.6824,0.6403,0.7245,0.5533,0.5533,ANCIENT,0.4358,0.2317,0.0176
2858,03314.wav,3313,1454303212,5.956,0.6824,0.6551,0.7096,0.4840,0.4840,TAO,0.3678,0.5873,0.0394
2859,02674.wav,2673,1179860740,7.438,0.6823,0.6267,0.7380,0.6008,0.6008,TAO,0.5222,-0.7374,-0.0192
2860,02106.wav,2105,939355370,3.104,0.6823,0.6439,0.7208,0.6036,0.6036,TAO,0.5900,0.7040,0.0204
2861,00945.wav,944,418644152,9.524,0.6823,0.6576,0.7071,0.4478,0.4478,TAO,0.3624,1.2869,0.0661
2862,07246.wav,7245,3244407464,3.051,0.6823,0.6217,0.7429,0.5174,0.5174,TAO,0.3172,0.1294,0.0187
2863,06897.wav,6896,3082760557,8.329,0.6823,0.6431,0.7215,0.4551,0.4551,TAO,0.4046,0.9961,0.0555
2864,05256.wav,5255,2342744971,7.993,0.6822,0.6192,0.7451,0.6684,0.6192,TAO,0.6076,-0.7172,-0.0303
2865,02096.wav,2095,934612621,6.010,0.6822,0.6391,0.7252,0.4117,0.4117,TAO,0.3102,0.3938,0.0306
2866,08698.wav,8697,3912043780,6.553,0.6821,0.6072,0.7570,0.6559,0.6072,TAO,0.6357,-0.3845,-0.0255
2867,07769.wav,7768,3495571152,9.374,0.6821,0.6175,0.7468,0.6774,0.6175,TAO,0.6002,-0.3801,-0.0193
2868,01376.wav,1375,608167977,4.246,0.6821,0.5859,0.7783,0.6628,0.5859,TAO,0.5159,-0.6785,-0.0293
2869,08163.wav,8162,3672229766,3.003,0.6821,0.6044,0.7597,0.6329,0.6044,TAO,0.5637,0.2273,0.0193
2870,02671.wav,2670,1178568358,3.073,0.6820,0.6135,0.7506,0.6416,0.6135,LENT,0.6598,-0.4546,-0.0192
2871,03649.wav,3648,1608240081,4.181,0.6820,0.6052,0.7588,0.7021,0.6052,TAO,0.5776,-0.2697,-0.0148
2872,06797.wav,6796,3033713584,4.320,0.6820,0.6170,0.7470,0.5783,0.5783,TAO,0.5403,1.0079,0.0513
2873,01652.wav,1651,732910992,3.347,0.6820,0.6816,0.6824,0.5764,0.5764,TAO,0.4504,0.1055,0.0244
2874,01924.wav,1923,861050224,6.286,0.6820,0.6286,0.7354,0.5919,0.5919,TAO,0.5700,-0.5847,-0.0219
2875,02108.wav,2107,940224138,7.888,0.6819,0.6189,0.7450,0.5493,0.5493,TAO,0.6080,-0.8084,-0.0258
2876,05780.wav,5779,2572335822,7.720,0.6819,0.6508,0.7131,0.4320,0.4320,TAO,0.3047,0.6974,0.0518
2877,03253.wav,3252,1428220330,8.357,0.6819,0.6543,0.7094,0.6048,0.6048,TAO,0.5907,-0.2562,-0.0063
2878,04644.wav,4643,2061931085,7.276,0.6818,0.6411,0.7226,0.4125,0.4125,TAO,0.4925,0.5139,0.0431
2879,04707.wav,4706,2090799275,7.101,0.6818,0.6234,0.7403,0.7261,0.6234,TAO,0.7513,-0.0278,-0.0033
2880,00098.wav,97,43259393,6.681,0.6818,0.6398,0.7238,0.5751,0.5751,TAO,0.5837,-0.0369,-0.0000
2881,04513.wav,4512,2004024843,7.916,0.6818,0.6473,0.7163,0.6195,0.6195,TAO,0.5000,-0.7859,-0.0273
2882,07348.wav,7347,3299414278,7.881,0.6818,0.6273,0.7362,0.6214,0.6214,TAO,0.5888,-0.5151,-0.0185
2883,02184.wav,2183,967929199,7.173,0.6817,0.6338,0.7296,0.4356,0.4356,TAO,0.3380,0.1083,0.0192
2884,05306.wav,5305,2361587221,4.144,0.6817,0.6109,0.7525,0.7315,0.6109,TAO,0.5704,-0.0295,-0.0116
2885,02165.wav,2164,963871815,7.246,0.6817,0.6380,0.7253,0.5078,0.5078,TAO,0.4545,-0.7347,-0.0192
2886,05937.wav,5936,2651468077,9.008,0.6817,0.6062,0.7572,0.6333,0.6062,TAO,0.6037,-0.7073,-0.0310
2887,00676.wav,675,294687847,6.850,0.6816,0.6258,0.7375,0.5792,0.5792,TAO,0.3561,-0.3677,-0.0095
2888,09484.wav,9483,4258235186,4.659,0.6816,0.6384,0.7249,0.6471,0.6384,TAO,0.6337,-0.1899,0.0023
2889,09011.wav,9010,4052996617,4.556,0.6816,0.6386,0.7246,0.6922,0.6386,TAO,0.5293,-0.7211,-0.0289
2890,01628.wav,1627,725376757,3.963,0.6816,0.6506,0.7126,0.4428,0.4428,TAO,0.2852,0.3593,0.0330
2891,02019.wav,2018,900170437,8.551,0.6816,0.6713,0.6918,0.4730,0.4730,TAO,0.4050,-0.0049,0.0170
2892,06096.wav,6095,2723652686,5.669,0.6816,0.6088,0.7543,0.6525,0.6088,TAO,0.5308,-1.0462,-0.0477
2893,09550.wav,9549,4287904361,8.395,0.6816,0.6105,0.7526,0.5438,0.5438,LENT,0.3285,-0.1307,0.0019
2894,07513.wav,7512,3380743877,8.009,0.6816,0.6623,0.7008,0.5044,0.5044,TAO,0.4867,-0.4141,0.0011
2895,01158.wav,1157,511184744,6.752,0.6815,0.6458,0.7173,0.6607,0.6458,TAO,0.6470,-0.1845,-0.0035
2896,08085.wav,8084,3636698909,6.615,0.6815,0.6594,0.7036,0.6217,0.6217,TAO,0.6412,-0.0021,0.0025
2897,06473.wav,6472,2891714754,11.272,0.6815,0.6013,0.7617,0.7668,0.6013,TAO,0.6216,-0.8295,-0.0452
2898,07374.wav,7373,3313655146,2.022,0.6815,0.6184,0.7446,0.6315,0.6184,TAO,0.5082,1.0161,0.0378
2899,01730.wav,1729,771382342,5.263,0.6815,0.6480,0.7149,0.5553,0.5553,TAO,0.5701,-0.2549,-0.0003
2900,08971.wav,8970,4035158701,5.248,0.6814,0.6041,0.7587,0.5961,0.5961,TAO,0.4313,-0.1778,-0.0191
2901,03321.wav,3320,1459402242,6.042,0.6814,0.6120,0.7508,0.6105,0.6105,TAO,0.4578,-0.9572,-0.0363
2902,03597.wav,3596,1589757795,2.485,0.6814,0.6023,0.7605,0.7135,0.6023,TAO,0.4721,-0.4416,-0.0217
2903,02389.wav,2388,1055995921,6.847,0.6814,0.6496,0.7131,0.4302,0.4302,TAO,0.3335,0.4225,0.0374
2904,04095.wav,4094,1813662147,8.700,0.6814,0.6130,0.7497,0.5923,0.5923,TAO,0.4750,-0.9752,-0.0462
2905,03285.wav,3284,1443801766,5.759,0.6813,0.6288,0.7339,0.6648,0.6288,TAO,0.7426,-0.4774,-0.0186
2906,00954.wav,953,424078444,7.150,0.6813,0.6666,0.6960,0.4358,0.4358,TAO,0.3842,0.8244,0.0509
2907,04548.wav,4547,2019386437,3.358,0.6813,0.6245,0.7380,0.6538,0.6245,TAO,0.5692,-0.2921,-0.0050
2908,08897.wav,8896,4005127119,5.659,0.6812,0.6195,0.7429,0.6282,0.6195,TAO,0.4093,-0.7380,-0.0268
2909,03798.wav,3797,1679959183,9.613,0.6811,0.6321,0.7302,0.7183,0.6321,TAO,0.7182,-0.4729,-0.0171
2910,06521.wav,6520,2908935846,5.026,0.6811,0.6476,0.7146,0.6050,0.6050,TAO,0.5336,0.1434,0.0137
2911,06762.wav,6761,3015643722,9.283,0.6811,0.6092,0.7530,0.5649,0.5649,TAO,0.4519,-0.9157,-0.0261
2912,06171.wav,6170,2756130731,5.338,0.6811,0.5731,0.7890,0.6498,0.5731,TAO,0.5088,-1.1498,-0.0518
2913,00258.wav,257,115607282,6.720,0.6810,0.6281,0.7339,0.5268,0.5268,TAO,0.5778,-0.7549,-0.0255
2914,00757.wav,756,327094190,6.621,0.6810,0.6954,0.6665,0.4449,0.4449,TAO,0.3734,1.1964,0.0668
2915,00600.wav,599,253890595,4.810,0.6810,0.6253,0.7367,0.7029,0.6253,TAO,0.7812,-0.2084,-0.0087
2916,02472.wav,2471,1093159449,4.566,0.6809,0.6319,0.7299,0.4773,0.4773,TAO,0.4312,0.8524,0.0477
2917,07471.wav,7470,3363942765,7.588,0.6808,0.6083,0.7533,0.6448,0.6083,TAO,0.5528,-0.8664,-0.0322
2918,09097.wav,9096,4094491399,4.128,0.6808,0.6118,0.7498,0.7409,0.6118,TAO,0.5528,-0.4611,-0.0222
2919,04938.wav,4937,2191289930,8.604,0.6808,0.6304,0.7312,0.6524,0.6304,TAO,0.6053,-0.1436,-0.0078
2920,05265.wav,5264,2344906571,5.435,0.6808,0.6228,0.7388,0.4650,0.4650,TAO,0.4147,0.1695,0.0160
2921,09396.wav,9395,4217850611,2.405,0.6808,0.6014,0.7602,0.4974,0.4974,TAO,0.4361,0.0139,0.0020
2922,08660.wav,8659,3900430384,4.402,0.6806,0.5700,0.7913,0.5902,0.5700,TAO,0.3993,0.3440,0.0187
2923,03350.wav,3349,1475527725,7.042,0.6806,0.6344,0.7269,0.6830,0.6344,TAO,0.7035,-0.0450,0.0016
2924,08578.wav,8577,3857201129,11.559,0.6806,0.6403,0.7209,0.7209,0.6403,TAO,0.6854,0.0194,0.0030
2925,03297.wav,3296,1448337935,6.459,0.6806,0.6365,0.7246,0.6496,0.6365,TAO,0.6063,-0.0312,-0.0026
2926,01159.wav,1158,511327246,7.879,0.6806,0.6092,0.7520,0.7328,0.6092,TAO,0.7019,-0.3083,-0.0198
2927,00594.wav,593,253190405,7.441,0.6806,0.6344,0.7267,0.4833,0.4833,TAO,0.3533,0.8817,0.0535
2928,01864.wav,1863,835138441,9.260,0.6806,0.6379,0.7233,0.5382,0.5382,TAO,0.4905,-0.6103,-0.0147
2929,07590.wav,7589,3415940972,8.738,0.6806,0.6331,0.7280,0.6242,0.6242,TAO,0.6882,-0.5226,-0.0164
2930,00111.wav,110,46965669,8.407,0.6806,0.6370,0.7241,0.6061,0.6061,LENT,0.6828,-0.3849,-0.0105
2931,02445.wav,2444,1077710881,2.483,0.6805,0.6275,0.7335,0.6987,0.6275,TAO,0.6615,0.2128,0.0019
2932,03383.wav,3382,1492133323,8.891,0.6804,0.6069,0.7540,0.6706,0.6069,TAO,0.6076,-0.8651,-0.0319
2933,07872.wav,7871,3548607463,8.541,0.6804,0.6464,0.7144,0.6465,0.6464,TAO,0.6781,-0.3548,-0.0053
2934,04228.wav,4227,1874134127,6.728,0.6804,0.6122,0.7486,0.6467,0.6122,TAO,0.4380,-1.0092,-0.0382
2935,09413.wav,9412,4227355461,6.362,0.6804,0.6167,0.7441,0.6681,0.6167,TAO,0.5329,0.1665,0.0028
2936,05538.wav,5537,2466030991,4.088,0.6803,0.6183,0.7424,0.5480,0.5480,LENT,0.3497,-0.2075,0.0038
2937,09433.wav,9432,4234478067,4.025,0.6803,0.6745,0.6860,0.5164,0.5164,TAO,0.5355,0.7554,0.0480
2938,03842.wav,3841,1703421678,6.385,0.6802,0.6124,0.7481,0.6732,0.6124,TAO,0.5456,-0.4724,-0.0264
2939,03065.wav,3064,1350377450,6.788,0.6802,0.6546,0.7059,0.4200,0.4200,TAO,0.3422,-0.0107,0.0181
2940,03064.wav,3063,1350277873,3.769,0.6802,0.6547,0.7058,0.5450,0.5450,TAO,0.5493,1.3963,0.0687
2941,01660.wav,1659,737263758,6.413,0.6802,0.6293,0.7312,0.6216,0.6216,TAO,0.4230,-0.4452,-0.0228
2942,05405.wav,5404,2404294286,2.710,0.6802,0.6034,0.7570,0.6278,0.6034,TAO,0.6122,0.5387,0.0288
2943,00911.wav,910,401888783,6.776,0.6802,0.6377,0.7226,0.4569,0.4569,TAO,0.3783,0.9332,0.0560
2944,02476.wav,2475,1094185709,7.770,0.6802,0.6247,0.7357,0.7032,0.6247,TAO,0.6544,-0.9818,-0.0455
2945,07179.wav,7178,3213245550,3.643,0.6801,0.6293,0.7310,0.4912,0.4912,LENT,0.4475,0.9028,0.0433
2946,05063.wav,5062,2247573993,3.369,0.6801,0.6144,0.7458,0.6348,0.6144,TAO,0.6811,0.0093,0.0004
2947,01060.wav,1059,463631142,6.410,0.6801,0.6839,0.6762,0.4653,0.4653,PAT,0.3280,0.9053,0.0532
2948,09243.wav,9242,4158848787,8.163,0.6800,0.6073,0.7527,0.6767,0.6073,TAO,0.6325,-0.5117,-0.0340
2949,00975.wav,974,431161039,5.975,0.6800,0.5838,0.7762,0.6943,0.5838,TAO,0.6581,-0.7403,-0.0437
2950,06389.wav,6388,2855147145,7.946,0.6800,0.6277,0.7323,0.5077,0.5077,TAO,0.5660,0.8619,0.0500
2951,00413.wav,412,177615846,5.821,0.6800,0.6022,0.7577,0.7258,0.6022,TAO,0.5889,-1.0186,-0.0538
2952,01558.wav,1557,684973711,8.627,0.6799,0.6676,0.6922,0.4672,0.4672,TAO,0.3179,1.1398,0.0673
2953,06850.wav,6849,3059167601,5.218,0.6799,0.6173,0.7425,0.5047,0.5047,TAO,0.3456,-0.0060,0.0074
2954,08506.wav,8505,3823624650,6.076,0.6799,0.6239,0.7358,0.5664,0.5664,TAO,0.4337,-0.4587,-0.0051
2955,02231.wav,2230,990304042,4.064,0.6799,0.6687,0.6910,0.5583,0.5583,TAO,0.4508,0.1141,0.0109
2956,06579.wav,6578,2938740308,7.052,0.6799,0.6093,0.7504,0.5070,0.5070,TAO,0.3648,-0.5901,-0.0153
2957,03486.wav,3485,1545247470,7.639,0.6798,0.6609,0.6988,0.6485,0.6485,TAO,0.5628,-0.0932,-0.0031
2958,08905.wav,8904,4008953315,3.679,0.6798,0.6171,0.7426,0.6903,0.6171,TAO,0.5599,-0.0438,-0.0118
2959,05517.wav,5516,2454331972,8.172,0.6798,0.6311,0.7286,0.6042,0.6042,TAO,0.6870,-0.2858,-0.0071
2960,09379.wav,9378,4214992869,2.990,0.6798,0.6330,0.7266,0.6765,0.6330,TAO,0.5380,0.0350,0.0071
2961,03572.wav,3571,1581284967,3.417,0.6798,0.6031,0.7564,0.5830,0.5830,TAO,0.5918,-0.1789,-0.0050
2962,04265.wav,4264,1890132619,4.801,0.6797,0.6250,0.7345,0.6585,0.6250,LENT,0.6707,-0.5447,-0.0172
2963,08233.wav,8232,3696533453,10.319,0.6797,0.6049,0.7545,0.7012,0.6049,TAO,0.4805,-0.2065,0.0051
2964,08544.wav,8543,3843520850,6.487,0.6796,0.6436,0.7157,0.4828,0.4828,TAO,0.4414,1.0788,0.0624
2965,03547.wav,3546,1573708400,6.140,0.6796,0.6245,0.7347,0.5216,0.5216,TAO,0.4540,0.0327,0.0036
2966,05507.wav,5506,2449405062,3.051,0.6796,0.6486,0.7106,0.6282,0.6282,TAO,0.5113,0.6316,0.0370
2967,06403.wav,6402,2860868104,4.003,0.6796,0.6253,0.7338,0.5829,0.5829,TAO,0.4931,-0.2234,-0.0060
2968,04913.wav,4912,2183533269,5.597,0.6796,0.6486,0.7106,0.4452,0.4452,TAO,0.3454,-0.0088,0.0188
2969,09520.wav,9519,4270348007,9.747,0.6795,0.6625,0.6966,0.6627,0.6625,TAO,0.6557,-0.2460,-0.0029
2970,08537.wav,8536,3835143189,2.170,0.6795,0.6523,0.7067,0.5816,0.5816,TAO,0.3891,0.3583,0.0261
2971,01723.wav,1722,768445670,5.786,0.6794,0.6046,0.7543,0.6805,0.6046,TAO,0.6006,-0.2836,-0.0231
2972,03940.wav,3939,1742610695,9.544,0.6794,0.6551,0.7038,0.5642,0.5642,TAO,0.4969,0.1869,0.0094
2973,05280.wav,5279,2349410438,5.067,0.6794,0.6477,0.7112,0.5719,0.5719,TAO,0.4433,-0.5778,-0.0204
2974,03949.wav,3948,1746445111,2.943,0.6794,0.6180,0.7409,0.6255,0.6180,TAO,0.4196,0.0069,0.0056
2975,05697.wav,5696,2537215967,4.000,0.6794,0.5873,0.7715,0.5983,0.5873,TAO,0.4443,-0.6938,-0.0312
2976,06163.wav,6162,2750812817,7.709,0.6794,0.6465,0.7123,0.4710,0.4710,TAO,0.4808,0.9263,0.0526
2977,01202.wav,1201,533982630,3.890,0.6794,0.6027,0.7561,0.7388,0.6027,TAO,0.6068,-0.9105,-0.0442
2978,08229.wav,8228,3695355854,3.085,0.6794,0.6115,0.7472,0.7544,0.6115,TAO,0.5688,0.1447,0.0026
2979,06654.wav,6653,2965954822,5.825,0.6794,0.6441,0.7146,0.5752,0.5752,TAO,0.6607,0.3657,0.0229
2980,05333.wav,5332,2370579472,7.822,0.6793,0.6451,0.7136,0.4311,0.4311,TAO,0.3815,0.2730,0.0280
2981,09403.wav,9402,4221713057,4.521,0.6793,0.6334,0.7253,0.6509,0.6334,TAO,0.6941,0.2121,0.0132
2982,02521.wav,2520,1111242638,4.446,0.6793,0.5909,0.7677,0.7076,0.5909,TAO,0.5130,-0.8746,-0.0364
2983,02568.wav,2567,1126517951,4.202,0.6793,0.6293,0.7294,0.6128,0.6128,TAO,0.5177,-0.6580,-0.0259
2984,05650.wav,5649,2513968272,2.214,0.6793,0.6575,0.7011,0.6449,0.6449,TAO,0.3453,0.0544,0.0077
2985,02298.wav,2297,1017676362,6.482,0.6793,0.6416,0.7170,0.6190,0.6190,TAO,0.6387,-0.5957,-0.0233
2986,07681.wav,7680,3452787622,7.445,0.6793,0.6453,0.7132,0.5497,0.5497,TAO,0.5619,0.1014,0.0103
2987,00527.wav,526,227304746,4.647,0.6793,0.5704,0.7881,0.7155,0.5704,TAO,0.6330,-0.7376,-0.0412
2988,07345.wav,7344,3297162213,7.760,0.6793,0.6292,0.7293,0.6161,0.6161,LENT,0.6975,-0.7193,-0.0211
2989,05141.wav,5140,2289492297,2.434,0.6792,0.6177,0.7408,0.6722,0.6177,TAO,0.4119,-0.8829,-0.0441
2990,09153.wav,9152,4116286509,7.657,0.6792,0.6319,0.7265,0.4488,0.4488,ANCIENT,0.3974,0.2745,0.0305
2991,00851.wav,850,375456556,6.793,0.6792,0.6136,0.7448,0.5567,0.5567,TAO,0.4224,-0.2787,-0.0080
2992,01374.wav,1373,607634471,7.936,0.6791,0.6245,0.7338,0.5469,0.5469,TAO,0.5063,-0.6894,-0.0177
2993,07757.wav,7756,3492546699,6.461,0.6791,0.5974,0.7609,0.6056,0.5974,TAO,0.5502,-0.6362,-0.0234
2994,02478.wav,2477,1094466250,7.526,0.6791,0.6083,0.7499,0.5639,0.5639,TAO,0.4539,-1.1899,-0.0442
2995,05967.wav,5966,2658579269,6.001,0.6791,0.6173,0.7408,0.5749,0.5749,TAO,0.4498,-0.9566,-0.0360
2996,08528.wav,8527,3831302408,4.939,0.6791,0.6048,0.7534,0.5955,0.5955,TAO,0.5166,-0.6771,-0.0335
2997,01218.wav,1217,541093822,3.227,0.6791,0.6481,0.7100,0.6228,0.6228,TAO,0.5519,-1.1703,-0.0519
2998,05477.wav,5476,2434869077,2.869,0.6791,0.6018,0.7563,0.6661,0.6018,TAO,0.4928,0.7969,0.0261
2999,02356.wav,2355,1043699566,3.769,0.6790,0.6265,0.7316,0.6290,0.6265,TAO,0.6205,-0.1114,-0.0015
3000,09014.wav,9013,4053803728,8.183,0.6790,0.6345,0.7236,0.6592,0.6345,TAO,0.5005,-0.6766,-0.0291
3001,00564.wav,563,244033991,7.068,0.6790,0.6229,0.7352,0.4659,0.4659,TAO,0.3929,0.9143,0.0564
3002,01432.wav,1431,632677486,5.997,0.6790,0.6205,0.7376,0.6779,0.6205,TAO,0.7329,-0.3754,-0.0188
3003,03712.wav,3711,1634990071,3.848,0.6789,0.6243,0.7336,0.6081,0.6081,LENT,0.5498,-0.3970,-0.0173
3004,07702.wav,7701,3463048623,4.344,0.6789,0.6393,0.7185,0.5544,0.5544,ANCIENT,0.5867,0.2999,0.0235
3005,01802.wav,1801,808502155,8.108,0.6789,0.6036,0.7541,0.5953,0.5953,TAO,0.3918,-0.9629,-0.0356
3006,05907.wav,5906,2639332491,3.950,0.6788,0.6333,0.7242,0.4798,0.4798,ANCIENT,0.5101,0.4913,0.0333
3007,09417.wav,9416,4230734958,2.785,0.6788,0.6626,0.6949,0.4814,0.4814,TAO,0.3706,0.2441,0.0182
3008,05332.wav,5331,2370524751,7.963,0.6787,0.6012,0.7563,0.4646,0.4646,TAO,0.3422,0.3926,0.0272
3009,02799.wav,2798,1236020376,2.436,0.6787,0.6493,0.7081,0.5747,0.5747,TAO,0.4379,0.6608,0.0322
3010,08851.wav,8850,3985599241,5.276,0.6787,0.6148,0.7426,0.5803,0.5803,TAO,0.4472,-0.5719,-0.0300
3011,09062.wav,9061,4078429615,3.540,0.6787,0.6544,0.7030,0.4880,0.4880,TAO,0.3314,0.9706,0.0582
3012,09280.wav,9279,4177220209,3.575,0.6787,0.7041,0.6533,0.4656,0.4656,TAO,0.2807,1.1527,0.0662
3013,01181.wav,1180,523425936,2.465,0.6787,0.6221,0.7352,0.7126,0.6221,TAO,0.6399,-0.8335,-0.0406
3014,01248.wav,1247,554618158,6.026,0.6787,0.6564,0.7009,0.4353,0.4353,TAO,0.3055,1.1360,0.0590
3015,00293.wav,292,128056386,8.029,0.6787,0.6083,0.7490,0.7133,0.6083,TAO,0.5772,-1.3225,-0.0617
3016,00717.wav,716,312339321,3.033,0.6786,0.6458,0.7114,0.6238,0.6238,TAO,0.4559,0.2779,0.0198
3017,06240.wav,6239,2787159535,4.399,0.6785,0.6446,0.7125,0.5270,0.5270,TAO,0.4264,0.4000,0.0311
3018,09130.wav,9129,4109385707,7.723,0.6785,0.6043,0.7528,0.6616,0.6043,TAO,0.6580,-0.4787,-0.0168
3019,06490.wav,6489,2897520694,3.454,0.6785,0.6502,0.7067,0.4952,0.4952,TAO,0.4308,1.4210,0.0733
3020,09146.wav,9145,4113060044,6.115,0.6784,0.6469,0.7099,0.5370,0.5370,TAO,0.3325,0.4541,0.0265
3021,05206.wav,5205,2318009642,6.769,0.6784,0.6397,0.7170,0.5854,0.5854,TAO,0.6000,-0.1661,-0.0027
3022,05779.wav,5778,2572227880,5.865,0.6784,0.6343,0.7225,0.7067,0.6343,TAO,0.6620,-0.1156,-0.0084
3023,06791.wav,6790,3033378322,6.142,0.6783,0.6141,0.7425,0.6332,0.6141,TAO,0.5498,-0.5262,-0.0224
3024,08049.wav,8048,3624544429,7.357,0.6783,0.6156,0.7409,0.6090,0.6090,TAO,0.4934,-1.1495,-0.0393
3025,06456.wav,6455,2884515781,4.248,0.6783,0.5882,0.7684,0.6378,0.5882,TAO,0.5419,-1.2433,-0.0442
3026,05880.wav,5879,2626896911,6.618,0.6782,0.6548,0.7017,0.6287,0.6287,TAO,0.6538,-0.3850,-0.0108
3027,03849.wav,3848,1704290446,7.400,0.6782,0.6402,0.7162,0.4535,0.4535,TAO,0.3613,0.6632,0.0424
3028,01422.wav,1421,628118898,4.782,0.6782,0.6277,0.7287,0.4865,0.4865,TAO,0.3732,0.4989,0.0307
3029,01302.wav,1301,578484719,4.533,0.6782,0.6248,0.7316,0.6727,0.6248,TAO,0.7324,0.2758,0.0042
3030,07310.wav,7309,3275589376,2.806,0.6782,0.6055,0.7508,0.6272,0.6055,TAO,0.3835,-0.0809,0.0057
3031,01280.wav,1279,571244087,2.835,0.6782,0.5960,0.7604,0.6559,0.5960,TAO,0.5833,0.4131,0.0151
3032,08788.wav,8787,3955088874,7.266,0.6782,0.6087,0.7476,0.5735,0.5735,TAO,0.5140,-0.7908,-0.0286
3033,07373.wav,7372,3310906454,4.119,0.6781,0.6219,0.7344,0.5902,0.5902,ANCIENT,0.4872,-0.2421,0.0054
3034,08171.wav,8170,3673223559,6.636,0.6781,0.6224,0.7338,0.6176,0.6176,TAO,0.6290,-0.3806,-0.0153
3035,01511.wav,1510,663708297,4.621,0.6781,0.6023,0.7539,0.7214,0.6023,TAO,0.5788,-0.0715,-0.0112
3036,02958.wav,2957,1306626093,3.329,0.6781,0.6114,0.7448,0.5954,0.5954,TAO,0.4783,0.3266,0.0183
3037,05241.wav,5240,2329882823,3.393,0.6781,0.6236,0.7325,0.5993,0.5993,TAO,0.4440,0.5151,0.0342
3038,07676.wav,7675,3451795329,5.663,0.6781,0.6248,0.7313,0.5707,0.5707,TAO,0.5451,-0.6872,-0.0246
3039,02908.wav,2907,1291014128,5.008,0.6780,0.6100,0.7460,0.6277,0.6100,LENT,0.3919,-0.0053,0.0045
3040,04137.wav,4136,1832265515,5.301,0.6780,0.6503,0.7057,0.6359,0.6359,TAO,0.4917,-1.0012,-0.0407
3041,00345.wav,344,148473030,7.059,0.6780,0.6270,0.7289,0.4616,0.4616,PAT,0.3498,0.6984,0.0456
3042,00326.wav,325,141635443,3.518,0.6779,0.6585,0.6974,0.4755,0.4755,TAO,0.3836,0.7514,0.0491
3043,07102.wav,7101,3180257298,6.358,0.6779,0.6102,0.7457,0.4510,0.4510,TAO,0.2820,0.6442,0.0369
3044,08086.wav,8085,3638266367,9.452,0.6779,0.6555,0.7003,0.5956,0.5956,TAO,0.5755,-0.4445,-0.0068
3045,01416.wav,1415,626237839,3.236,0.6778,0.6758,0.6798,0.4896,0.4896,TAO,0.3640,0.7416,0.0450
3046,08901.wav,8900,4006769734,4.258,0.6778,0.6267,0.7289,0.6333,0.6267,TAO,0.4432,-0.1938,-0.0064
3047,07865.wav,7864,3544138319,3.250,0.6778,0.6211,0.7345,0.5632,0.5632,TAO,0.3205,0.0171,0.0111
3048,08230.wav,8229,3695383123,6.533,0.6778,0.5969,0.7586,0.6531,0.5969,TAO,0.6274,-0.3401,-0.0212
3049,05085.wav,5084,2263829937,2.688,0.6777,0.6143,0.7411,0.5881,0.5881,TAO,0.5712,-0.8493,-0.0345
3050,00102.wav,101,43954541,9.834,0.6777,0.6240,0.7314,0.6268,0.6240,TAO,0.6845,-0.2180,-0.0026
3051,04315.wav,4314,1907982576,7.555,0.6776,0.6673,0.6880,0.4064,0.4064,TAO,0.3173,0.4687,0.0372
3052,09526.wav,9525,4272784233,7.411,0.6776,0.6095,0.7458,0.5893,0.5893,TAO,0.5398,-0.9261,-0.0353
3053,07019.wav,7018,3138006253,9.755,0.6776,0.5967,0.7585,0.6229,0.5967,TAO,0.5738,-1.1345,-0.0411
3054,05959.wav,5958,2657011811,2.851,0.6776,0.6233,0.7319,0.5795,0.5795,TAO,0.4498,-0.4703,-0.0139
3055,03053.wav,3052,1347759499,4.817,0.6776,0.6156,0.7395,0.5001,0.5001,TAO,0.5753,1.1729,0.0529
3056,06655.wav,6654,2966249446,7.921,0.6776,0.6476,0.7076,0.6065,0.6065,TAO,0.6740,-0.2973,-0.0058
3057,09490.wav,9489,4259153930,4.327,0.6776,0.6143,0.7408,0.7528,0.6143,TAO,0.6675,-0.6445,-0.0234
3058,05152.wav,5151,2295101293,8.216,0.6775,0.6247,0.7304,0.5403,0.5403,TAO,0.4625,-0.4011,-0.0078
3059,03342.wav,3341,1469033357,4.858,0.6775,0.6539,0.7012,0.4628,0.4628,TAO,0.4328,1.0520,0.0599
3060,07858.wav,7857,3543454733,3.272,0.6775,0.6240,0.7310,0.7162,0.6240,TAO,0.6970,-0.2820,-0.0099
3061,07017.wav,7016,3137767371,4.113,0.6775,0.6085,0.7465,0.6757,0.6085,TAO,0.5126,-0.4845,-0.0209
3062,02391.wav,2390,1056402508,7.322,0.6775,0.6365,0.7185,0.6757,0.6365,TAO,0.6603,-0.1786,-0.0083
3063,01058.wav,1057,462329889,7.034,0.6774,0.6125,0.7424,0.5786,0.5786,TAO,0.5404,-0.3653,-0.0145
3064,03171.wav,3170,1392143434,5.001,0.6774,0.6079,0.7470,0.5719,0.5719,TAO,0.4670,-0.8866,-0.0242
3065,07360.wav,7359,3304872231,5.130,0.6774,0.6451,0.7097,0.4473,0.4473,TAO,0.3862,0.4385,0.0309
3066,03311.wav,3310,1452626312,4.496,0.6773,0.6322,0.7225,0.5063,0.5063,TAO,0.4817,0.3554,0.0204
3067,07388.wav,7387,3316395467,2.239,0.6773,0.6267,0.7278,0.6432,0.6267,TAO,0.5218,0.5772,0.0307
3068,05548.wav,5547,2470848459,6.532,0.6773,0.6149,0.7396,0.6272,0.6149,TAO,0.6611,-0.3811,-0.0132
3069,09053.wav,9052,4072776439,4.024,0.6772,0.6255,0.7289,0.5460,0.5460,TAO,0.3753,0.2600,0.0235
3070,01651.wav,1650,732890994,6.206,0.6772,0.5904,0.7640,0.4957,0.4957,TAO,0.3808,-0.0025,0.0074
3071,08135.wav,8134,3657008143,6.715,0.6772,0.7228,0.6316,0.4884,0.4884,TAO,0.3602,1.2133,0.0713
3072,06986.wav,6985,3121709671,5.948,0.6772,0.6094,0.7450,0.5650,0.5650,TAO,0.3049,-0.2624,0.0002
3073,08272.wav,8271,3712764675,5.541,0.6771,0.5864,0.7678,0.5255,0.5255,TAO,0.2869,0.0607,0.0112
3074,09434.wav,9433,4235753422,6.851,0.6771,0.6240,0.7302,0.6886,0.6240,TAO,0.6919,-0.1338,-0.0071
3075,08307.wav,8306,3727574057,3.960,0.6771,0.6579,0.6962,0.4303,0.4303,ANCIENT,0.4346,0.4550,0.0337
3076,00551.wav,550,236377610,5.707,0.6771,0.6516,0.7026,0.4527,0.4527,ANCIENT,0.3283,0.4241,0.0339
3077,06167.wav,6166,2754173290,7.874,0.6771,0.6039,0.7502,0.7486,0.6039,TAO,0.6473,-0.7685,-0.0416
3078,07488.wav,7487,3369781123,7.042,0.6770,0.6461,0.7079,0.6051,0.6051,TAO,0.6322,-0.5117,-0.0081
3079,08005.wav,8004,3600774248,7.331,0.6770,0.6618,0.6921,0.4441,0.4441,TAO,0.3397,0.8136,0.0494
3080,01119.wav,1118,497341802,8.101,0.6769,0.6554,0.6984,0.6024,0.6024,TAO,0.5658,-0.0436,0.0049
3081,02573.wav,2572,1128261071,12.213,0.6769,0.6250,0.7289,0.6860,0.6250,TAO,0.6483,-0.1849,-0.0096
3082,05868.wav,5867,2620340213,4.761,0.6769,0.6570,0.6968,0.5380,0.5380,TAO,0.5770,-0.2295,0.0045
3083,03525.wav,3524,1560435381,6.126,0.6768,0.6336,0.7201,0.5753,0.5753,PAT,0.4886,-0.1209,-0.0074
3084,03517.wav,3516,1557288966,4.409,0.6768,0.6139,0.7397,0.5766,0.5766,ANCIENT,0.4652,0.3749,0.0312
3085,06451.wav,6450,2882667782,7.298,0.6767,0.5963,0.7572,0.6848,0.5963,TAO,0.6615,-0.9687,-0.0500
3086,08964.wav,8963,4030676495,4.338,0.6767,0.6414,0.7120,0.5299,0.5299,TAO,0.3133,0.5079,0.0345
3087,04840.wav,4839,2148523877,2.872,0.6767,0.6330,0.7204,0.6925,0.6330,TAO,0.4949,-0.4854,-0.0158
3088,01028.wav,1027,452707752,9.395,0.6767,0.6278,0.7255,0.7357,0.6278,TAO,0.7607,-0.3420,-0.0152
3089,00665.wav,664,284214280,3.614,0.6766,0.6036,0.7497,0.6549,0.6036,TAO,0.5171,-1.5908,-0.0723
3090,04537.wav,4536,2013235978,9.712,0.6766,0.6183,0.7349,0.7076,0.6183,TAO,0.7753,-0.4618,-0.0214
3091,00101.wav,100,43845099,3.391,0.6766,0.6461,0.7070,0.4984,0.4984,TAO,0.4931,0.9188,0.0548
3092,06397.wav,6396,2857174890,2.733,0.6766,0.5945,0.7587,0.6533,0.5945,TAO,0.5238,-0.8994,-0.0483
3093,08354.wav,8353,3747646288,4.692,0.6765,0.6299,0.7232,0.7371,0.6299,TAO,0.6050,0.0272,-0.0056
3094,03986.wav,3985,1761145259,8.102,0.6765,0.6234,0.7297,0.4911,0.4911,LENT,0.3046,-0.1619,0.0088
3095,08860.wav,8859,3988720074,7.910,0.6765,0.6242,0.7287,0.5586,0.5586,LENT,0.4128,-1.0643,-0.0262
3096,05331.wav,5330,2370470030,4.684,0.6764,0.6262,0.7265,0.4444,0.4444,TAO,0.3813,0.8838,0.0484
3097,05067.wav,5066,2250879745,6.471,0.6764,0.5822,0.7705,0.6682,0.5822,TAO,0.5213,-0.9385,-0.0490
3098,05275.wav,5274,2347897701,7.599,0.6764,0.6317,0.7210,0.5513,0.5513,KLAU,0.5771,-0.3426,0.0006
3099,04928.wav,4927,2190144015,4.547,0.6763,0.6091,0.7436,0.6425,0.6091,TAO,0.4948,-0.5859,-0.0222
3100,08774.wav,8773,3949066355,3.226,0.6763,0.6327,0.7199,0.6769,0.6327,TAO,0.6191,0.2892,0.0101
3101,00462.wav,461,196738637,8.227,0.6763,0.6484,0.7042,0.4124,0.4124,TAO,0.3275,1.2134,0.0681
3102,04571.wav,4570,2029291157,2.785,0.6763,0.6026,0.7500,0.8039,0.6026,TAO,0.6732,0.0921,-0.0021
3103,02185.wav,2184,968116902,9.214,0.6763,0.6461,0.7065,0.5897,0.5897,TAO,0.5740,-0.3964,-0.0116
3104,01563.wav,1562,687704298,7.393,0.6763,0.6219,0.7307,0.5494,0.5494,TAO,0.5236,-0.5890,-0.0268
3105,03684.wav,3683,1624711404,2.198,0.6762,0.6072,0.7452,0.7250,0.6072,TAO,0.6492,0.7499,0.0249
3106,08284.wav,8283,3717343693,6.068,0.6762,0.6450,0.7074,0.6642,0.6450,TAO,0.7132,-0.2406,-0.0021
3107,08244.wav,8243,3701207398,6.344,0.6762,0.6325,0.7198,0.7155,0.6325,TAO,0.6508,-0.4653,-0.0183
3108,01679.wav,1678,743102116,3.277,0.6761,0.6270,0.7253,0.6739,0.6270,TAO,0.7234,-0.0364,0.0011
3109,00603.wav,602,257714270,5.228,0.6761,0.6249,0.7274,0.6702,0.6249,TAO,0.7406,-0.2511,-0.0103
3110,08761.wav,8760,3942054064,5.231,0.6761,0.6518,0.7004,0.6572,0.6518,TAO,0.6395,-0.1968,-0.0076
3111,08959.wav,8958,4028870155,5.002,0.6761,0.6073,0.7449,0.5068,0.5068,TAO,0.4955,0.9298,0.0560
3112,03231.wav,3230,1419606098,2.445,0.6761,0.6334,0.7188,0.6223,0.6223,TAO,0.5940,0.2499,0.0082
3113,02663.wav,2662,1175392804,8.090,0.6761,0.6384,0.7138,0.4478,0.4478,TAO,0.2906,-0.3190,0.0040
3114,00247.wav,246,108889615,8.386,0.6761,0.6314,0.7208,0.6521,0.6314,TAO,0.6595,-0.3750,-0.0129
3115,04690.wav,4689,2084230188,6.057,0.6761,0.6307,0.7214,0.4692,0.4692,TAO,0.2331,-0.0017,0.0119
3116,03758.wav,3757,1660117704,7.971,0.6760,0.6323,0.7197,0.6848,0.6323,TAO,0.6024,0.1625,0.0109
3117,06698.wav,6697,2986739312,6.616,0.6760,0.6211,0.7309,0.5232,0.5232,LENT,0.4358,-0.7006,-0.0125
3118,07359.wav,7358,3304196289,7.616,0.6760,0.6368,0.7153,0.6550,0.6368,LENT,0.7052,-0.2936,-0.0103
3119,07658.wav,7657,3444445255,3.365,0.6760,0.5961,0.7559,0.6935,0.5961,TAO,0.6431,-0.6091,-0.0250
3120,03834.wav,3833,1697346959,5.483,0.6759,0.6182,0.7337,0.6708,0.6182,TAO,0.6549,-0.3977,-0.0130
3121,06475.wav,6474,2892050016,6.441,0.6759,0.6009,0.7510,0.6218,0.6009,TAO,0.4974,-1.1357,-0.0463
3122,04850.wav,4849,2152274333,7.169,0.6759,0.6265,0.7253,0.7378,0.6265,TAO,0.5960,-0.2495,-0.0125
3123,09139.wav,9138,4111198983,8.195,0.6759,0.6227,0.7291,0.4681,0.4681,TAO,0.3962,0.5434,0.0423
3124,03207.wav,3206,1407221933,3.570,0.6759,0.6219,0.7298,0.5669,0.5669,TAO,0.4945,0.7852,0.0381
3125,08714.wav,8713,3919221455,5.264,0.6758,0.6161,0.7356,0.4815,0.4815,TAO,0.3405,-0.7843,-0.0316
3126,05043.wav,5042,2240039758,7.487,0.6758,0.6448,0.7068,0.4965,0.4965,TAO,0.3415,0.4136,0.0361
3127,05815.wav,5814,2586775427,7.077,0.6758,0.6018,0.7498,0.5372,0.5372,LENT,0.5969,-0.8465,-0.0285
3128,02279.wav,2278,1012910831,4.904,0.6758,0.6435,0.7080,0.5409,0.5409,TAO,0.4408,0.1016,0.0103
3129,04973.wav,4972,2200657424,4.205,0.6758,0.6330,0.7186,0.5024,0.5024,LENT,0.3778,0.4204,0.0286
3130,03158.wav,3157,1386277123,3.582,0.6758,0.5844,0.7672,0.6969,0.5844,TAO,0.5274,-0.7698,-0.0389
3131,03204.wav,3203,1405147818,5.121,0.6758,0.6387,0.7128,0.5705,0.5705,TAO,0.3544,-0.2913,-0.0116
3132,08846.wav,8845,3981226477,4.777,0.6757,0.6021,0.7494,0.5380,0.5380,LENT,0.4854,0.1838,0.0126
3133,05238.wav,5237,2326746927,2.606,0.6757,0.6144,0.7371,0.6046,0.6046,TAO,0.4253,0.4093,0.0250
3134,01728.wav,1727,769580937,3.012,0.6757,0.6362,0.7152,0.5614,0.5614,TAO,0.4229,0.8212,0.0425
3135,06487.wav,6486,2896048006,5.466,0.6757,0.6195,0.7319,0.4825,0.4825,TAO,0.3277,0.0885,0.0185
3136,06587.wav,6586,2942450668,3.436,0.6757,0.6229,0.7285,0.7050,0.6229,TAO,0.6288,-0.5046,-0.0295
3137,08051.wav,8050,3624640809,2.652,0.6756,0.6679,0.6833,0.5494,0.5494,TAO,0.5687,0.8958,0.0533
3138,07886.wav,7885,3553967121,2.395,0.6756,0.6124,0.7388,0.5560,0.5560,TAO,0.2544,0.6553,0.0303
3139,01899.wav,1898,847948931,4.322,0.6755,0.6069,0.7442,0.5656,0.5656,TAO,0.4032,-0.7563,-0.0209
3140,02505.wav,2504,1103164898,5.457,0.6755,0.5761,0.7750,0.6499,0.5761,TAO,0.5611,-1.0563,-0.0449
3141,09071.wav,9070,4082619981,7.449,0.6755,0.6653,0.6857,0.5065,0.5065,PAT,0.2630,-0.3967,-0.0033
3142,01452.wav,1451,640451624,5.661,0.6755,0.6001,0.7509,0.6909,0.6001,TAO,0.5642,-0.8316,-0.0434
3143,04678.wav,4677,2073271518,3.515,0.6755,0.6168,0.7341,0.6613,0.6168,TAO,0.6258,-0.3177,-0.0074
3144,04953.wav,4952,2196331718,7.598,0.6755,0.6171,0.7339,0.5687,0.5687,TAO,0.4398,-0.6052,-0.0186
3145,07707.wav,7706,3464672302,4.608,0.6755,0.6289,0.7220,0.6858,0.6289,TAO,0.5980,0.1541,0.0074
3146,01848.wav,1847,828079467,2.519,0.6754,0.6477,0.7031,0.5330,0.5330,TAO,0.4902,-0.0928,0.0012
3147,00744.wav,743,324604264,8.450,0.6754,0.5781,0.7727,0.6837,0.5781,TAO,0.5506,-0.6142,-0.0297
3148,01520.wav,1519,665372135,5.519,0.6753,0.6315,0.7192,0.6003,0.6003,TAO,0.6764,0.0697,0.0118
3149,02219.wav,2218,987808741,2.006,0.6753,0.6450,0.7056,0.6725,0.6450,TAO,0.6801,-0.7852,-0.0242
3150,02128.wav,2127,946486560,6.740,0.6753,0.6193,0.7313,0.7089,0.6193,LENT,0.8164,-0.5552,-0.0196
3151,07770.wav,7769,3496036875,5.199,0.6752,0.6156,0.7349,0.5776,0.5776,ANCIENT,0.5030,0.2705,0.0249
3152,04351.wav,4350,1925663789,3.627,0.6752,0.6249,0.7256,0.6824,0.6249,LENT,0.5509,-0.7242,-0.0348
3153,03349.wav,3348,1475274760,5.462,0.6752,0.6557,0.6948,0.5637,0.5637,TAO,0.4184,-0.4004,-0.0042
3154,05087.wav,5086,2264110478,3.960,0.6752,0.6076,0.7428,0.5107,0.5107,TAO,0.4113,0.0750,0.0106
3155,05335.wav,5334,2370763633,6.906,0.6752,0.6351,0.7153,0.4337,0.4337,TAO,0.3634,0.8623,0.0568
3156,05632.wav,5631,2504171973,8.883,0.6752,0.6323,0.7181,0.7151,0.6323,TAO,0.6167,-0.3796,-0.0160
3157,03363.wav,3362,1478353934,6.913,0.6752,0.6362,0.7141,0.4897,0.4897,TAO,0.3640,0.3353,0.0282
3158,04673.wav,4672,2071105423,2.674,0.6751,0.6377,0.7126,0.5425,0.5425,TAO,0.4210,0.8517,0.0409
3159,00346.wav,345,148582472,4.922,0.6751,0.6706,0.6797,0.4206,0.4206,TAO,0.3860,1.3786,0.0741
3160,07653.wav,7652,3443281863,3.669,0.6751,0.5887,0.7615,0.6590,0.5887,TAO,0.5440,-0.6950,-0.0289
3161,01861.wav,1860,833625704,3.959,0.6751,0.5766,0.7735,0.7831,0.5766,TAO,0.4762,-1.0895,-0.0533
3162,01830.wav,1829,815274543,7.326,0.6751,0.6533,0.6969,0.3995,0.3995,TAO,0.3259,0.9933,0.0601
3163,02133.wav,2132,948305962,5.720,0.6751,0.6072,0.7429,0.6047,0.6047,TAO,0.5230,-0.5204,-0.0314
3164,01980.wav,1979,885162603,4.151,0.6750,0.5793,0.7707,0.5684,0.5684,TAO,0.5380,0.3436,0.0149
3165,07193.wav,7192,3220387728,6.021,0.6750,0.6368,0.7132,0.5977,0.5977,TAO,0.5998,-0.3132,-0.0116
3166,06290.wav,6289,2809309807,8.833,0.6750,0.6147,0.7354,0.5849,0.5849,LENT,0.4790,0.0220,0.0117
3167,01206.wav,1205,534762163,2.968,0.6750,0.6399,0.7101,0.6040,0.6040,TAO,0.5551,0.8659,0.0479
3168,02162.wav,2161,962101003,4.399,0.6750,0.6224,0.7276,0.6405,0.6224,TAO,0.5450,-1.2220,-0.0509
3169,01001.wav,1000,438614429,3.396,0.6750,0.6155,0.7345,0.6231,0.6155,LENT,0.6552,0.1269,0.0189
3170,02130.wav,2129,947116446,4.550,0.6750,0.5992,0.7507,0.6248,0.5992,TAO,0.5386,-0.5636,-0.0216
3171,09099.wav,9098,4094970184,6.268,0.6749,0.6356,0.7143,0.6028,0.6028,TAO,0.4234,-0.4658,-0.0082
3172,00470.wav,469,202187012,9.693,0.6749,0.6135,0.7363,0.6220,0.6135,TAO,0.5281,-0.9054,-0.0334
3173,03779.wav,3778,1672551338,2.352,0.6748,0.6351,0.7144,0.6255,0.6255,TAO,0.5746,0.0249,0.0083
3174,09024.wav,9023,4056303507,6.461,0.6748,0.6219,0.7276,0.6988,0.6219,TAO,0.6967,-0.4668,-0.0198
3175,06424.wav,6423,2870752421,6.399,0.6748,0.6350,0.7145,0.5745,0.5745,TAO,0.4850,-0.3199,-0.0023
3176,02016.wav,2015,897570048,4.771,0.6748,0.5952,0.7543,0.6485,0.5952,TAO,0.5684,-0.6811,-0.0395
3177,09257.wav,9256,4164044197,5.360,0.6747,0.5884,0.7611,0.6793,0.5884,TAO,0.5378,-0.9573,-0.0526
3178,03855.wav,3854,1705564301,3.740,0.6747,0.6055,0.7439,0.6840,0.6055,TAO,0.7404,-0.1610,-0.0108
3179,04234.wav,4233,1876803185,6.621,0.6746,0.5978,0.7515,0.7836,0.5978,TAO,0.5706,-0.7523,-0.0445
3180,09559.wav,9558,4290172009,9.557,0.6746,0.6134,0.7358,0.7380,0.6134,TAO,0.7309,-0.0181,-0.0025
3181,02895.wav,2894,1277669932,8.437,0.6745,0.6251,0.7240,0.4566,0.4566,TAO,0.3719,1.1168,0.0694
3182,08174.wav,8173,3674036106,3.662,0.6745,0.6172,0.7319,0.7173,0.6172,TAO,0.5416,0.1786,0.0025
3183,07346.wav,7345,3298784392,4.229,0.6745,0.6183,0.7307,0.6022,0.6022,TAO,0.4662,-0.3217,-0.0109
3184,00194.wav,193,82219048,5.925,0.6745,0.5975,0.7515,0.6276,0.5975,TAO,0.5059,-1.2548,-0.0566
3185,04297.wav,4296,1905004312,2.887,0.6744,0.6117,0.7372,0.6023,0.6023,TAO,0.6567,-0.6733,-0.0276
3186,00058.wav,57,24297223,10.272,0.6744,0.6503,0.6985,0.4894,0.4894,TAO,0.3899,0.2155,0.0248
3187,09335.wav,9334,4193671976,5.390,0.6744,0.6605,0.6883,0.4331,0.4331,TAO,0.3247,0.7275,0.0507
3188,07522.wav,7521,3386263087,1.736,0.6743,0.6477,0.7010,0.6397,0.6397,TAO,0.4593,0.3124,0.0112
3189,03534.wav,3533,1564303778,6.070,0.6743,0.6164,0.7322,0.5444,0.5444,TAO,0.3842,-0.5902,-0.0230
3190,05116.wav,5115,2273265365,6.979,0.6743,0.6499,0.6987,0.4433,0.4433,TAO,0.3458,0.7234,0.0536
3191,01027.wav,1026,451265582,8.623,0.6743,0.6326,0.7160,0.6577,0.6326,TAO,0.5454,-0.3887,-0.0143
3192,07856.wav,7855,3542331979,11.548,0.6743,0.6191,0.7295,0.4578,0.4578,TAO,0.2434,0.2986,0.0259
3193,06316.wav,6315,2822226676,3.018,0.6743,0.6085,0.7400,0.7520,0.6085,TAO,0.5807,-0.5220,-0.0215
3194,04302.wav,4301,1905895695,5.214,0.6743,0.6062,0.7423,0.7231,0.6062,TAO,0.6910,-0.1842,-0.0106
3195,03432.wav,3431,1517005361,4.798,0.6743,0.6417,0.7068,0.4429,0.4429,TAO,0.3928,0.6734,0.0431
3196,01250.wav,1249,554970024,6.166,0.6743,0.6330,0.7155,0.6922,0.6330,TAO,0.6765,-0.2465,-0.0069
3197,07032.wav,7031,3141307824,7.658,0.6742,0.5977,0.7508,0.5711,0.5711,TAO,0.5866,-0.9082,-0.0307
3198,04559.wav,4558,2024355006,6.701,0.6742,0.6491,0.6994,0.6170,0.6170,TAO,0.6597,-0.1549,-0.0035
3199,02112.wav,2111,940628204,4.043,0.6742,0.6271,0.7214,0.6522,0.6271,TAO,0.6848,-0.2781,-0.0094
3200,09160.wav,9159,4118193797,4.093,0.6742,0.6203,0.7282,0.7043,0.6203,TAO,0.5489,-0.5796,-0.0242
3201,07409.wav,7408,3328283489,5.873,0.6742,0.6289,0.7195,0.5573,0.5573,TAO,0.3649,-0.5545,-0.0123
3202,06943.wav,6942,3105353263,7.072,0.6742,0.6317,0.7167,0.4317,0.4317,TAO,0.3242,0.5162,0.0398
3203,09337.wav,9336,4195519712,7.764,0.6741,0.5859,0.7624,0.7235,0.5859,TAO,0.6041,-0.5960,-0.0374
3204,01572.wav,1571,690018020,5.217,0.6741,0.5958,0.7524,0.6494,0.5958,TAO,0.5677,-1.3109,-0.0485
3205,01781.wav,1780,796487014,5.567,0.6741,0.6469,0.7013,0.5028,0.5028,TAO,0.4482,-0.5944,-0.0087
3206,05692.wav,5691,2530789382,8.830,0.6741,0.6391,0.7091,0.5139,0.5139,TAO,0.3616,-0.0322,0.0101
3207,05911.wav,5910,2642183826,2.431,0.6741,0.6392,0.7090,0.5468,0.5468,TAO,0.4072,-0.0754,0.0031
3208,00067.wav,66,25924337,3.003,0.6741,0.6598,0.6884,0.5724,0.5724,ANCIENT,0.5479,-0.2071,0.0014
3209,07664.wav,7663,3445608647,9.349,0.6740,0.6313,0.7168,0.6534,0.6313,TAO,0.6109,-0.2441,-0.0093
3210,01863.wav,1862,834802158,6.841,0.6740,0.6237,0.7243,0.5869,0.5869,TAO,0.4192,-0.1581,0.0005
3211,06793.wav,6792,3033549421,1.790,0.6740,0.6321,0.7159,0.6303,0.6303,TAO,0.5151,0.5236,0.0160
3212,03857.wav,3856,1705803183,3.191,0.6740,0.6310,0.7169,0.7163,0.6310,TAO,0.5344,-0.1538,-0.0076
3213,03583.wav,3582,1584439881,3.202,0.6740,0.6300,0.7180,0.4532,0.4532,TAO,0.3873,0.6794,0.0401
3214,05587.wav,5586,2485679068,4.279,0.6740,0.6288,0.7191,0.6164,0.6164,TAO,0.5520,-1.1059,-0.0464
3215,07376.wav,7375,3313735942,3.905,0.6740,0.6129,0.7351,0.5431,0.5431,TAO,0.5857,-0.3612,-0.0070
3216,06643.wav,6642,2962261608,5.725,0.6739,0.6106,0.7372,0.6648,0.6106,TAO,0.7269,-0.5107,-0.0186
3217,04523.wav,4522,2010455010,7.961,0.6739,0.6009,0.7469,0.6537,0.6009,TAO,0.5260,-1.0037,-0.0377
3218,06648.wav,6647,2964627267,6.876,0.6738,0.6295,0.7182,0.6361,0.6295,TAO,0.7522,-0.1838,0.0009
3219,03863.wav,3862,1709150594,4.996,0.6738,0.6220,0.7256,0.6363,0.6220,TAO,0.5474,-1.0019,-0.0279
3220,07432.wav,7431,3341862546,3.779,0.6738,0.6352,0.7124,0.5150,0.5150,TAO,0.4547,-0.3198,-0.0025
3221,03598.wav,3597,1589872585,6.735,0.6738,0.6005,0.7470,0.7426,0.6005,TAO,0.6757,-0.9647,-0.0457
3222,04128.wav,4127,1827186483,3.783,0.6738,0.6643,0.6832,0.4409,0.4409,TAO,0.4105,0.9760,0.0526
3223,05640.wav,5639,2507948274,6.916,0.6738,0.6186,0.7289,0.5119,0.5119,TAO,0.4410,-0.0432,0.0073
3224,06415.wav,6414,2864248838,5.443,0.6738,0.6179,0.7296,0.4584,0.4584,LENT,0.3027,0.5144,0.0331
3225,09185.wav,9184,4129924855,5.845,0.6737,0.6342,0.7133,0.4915,0.4915,LENT,0.3410,0.1346,0.0205
3226,03291.wav,3290,1446898417,2.328,0.6736,0.6161,0.7311,0.6098,0.6098,TAO,0.5947,0.1052,0.0024
3227,08251.wav,8250,3704936456,8.677,0.6736,0.6178,0.7293,0.7240,0.6178,TAO,0.5393,-0.4047,-0.0225
3228,06935.wav,6934,3097048234,3.028,0.6735,0.6109,0.7362,0.7706,0.6109,TAO,0.5931,-0.2991,-0.0164
3229,07386.wav,7385,3316224368,7.091,0.6735,0.5834,0.7637,0.7074,0.5834,TAO,0.5253,-0.7487,-0.0359
3230,00713.wav,712,307470953,4.000,0.6735,0.6200,0.7271,0.6647,0.6200,TAO,0.5874,-0.1654,-0.0134
3231,05763.wav,5762,2566261103,3.154,0.6735,0.6248,0.7222,0.7383,0.6248,TAO,0.5924,0.2652,0.0010
3232,05228.wav,5227,2323032932,5.795,0.6735,0.6456,0.7014,0.5602,0.5602,TAO,0.4483,0.5450,0.0227
3233,04687.wav,4686,2083281262,7.553,0.6735,0.6394,0.7076,0.6753,0.6394,TAO,0.4798,-0.3922,-0.0161
3234,07423.wav,7422,3339145779,5.955,0.6735,0.6021,0.7449,0.6547,0.6021,TAO,0.6192,0.0652,-0.0093
3235,04598.wav,4597,2036766753,4.541,0.6734,0.6187,0.7282,0.5102,0.5102,TAO,0.3077,0.5830,0.0267
3236,09463.wav,9462,4249317654,5.836,0.6734,0.6352,0.7116,0.4447,0.4447,TAO,0.3652,0.6280,0.0461
3237,05430.wav,5429,2417702706,4.321,0.6734,0.6208,0.7261,0.7035,0.6208,TAO,0.6498,-0.2344,-0.0091
3238,03774.wav,3773,1669226333,7.463,0.6734,0.6262,0.7207,0.5239,0.5239,TAO,0.5013,-0.5948,-0.0096
3239,08724.wav,8723,3925047369,4.748,0.6734,0.6328,0.7140,0.4305,0.4305,PAT,0.3646,0.5637,0.0368
3240,03733.wav,3732,1647142030,5.321,0.6734,0.6300,0.7167,0.4659,0.4659,TAO,0.3938,0.8724,0.0553
3241,02047.wav,2046,912716563,2.157,0.6733,0.6047,0.7420,0.5577,0.5577,TAO,0.3971,0.6856,0.0391
3242,05495.wav,5494,2444415268,2.601,0.6733,0.6125,0.7342,0.6765,0.6125,TAO,0.4708,-0.5332,-0.0275
3243,02825.wav,2824,1245012627,3.569,0.6733,0.6284,0.7182,0.5675,0.5675,TAO,0.3908,0.1319,0.0207
3244,01930.wav,1929,862972942,3.963,0.6733,0.6187,0.7279,0.4668,0.4668,TAO,0.4297,0.2976,0.0181
3245,02881.wav,2880,1274204038,4.026,0.6733,0.6035,0.7431,0.6572,0.6035,TAO,0.3540,0.0411,-0.0031
3246,06145.wav,6144,2746114959,3.652,0.6732,0.5902,0.7563,0.5672,0.5672,TAO,0.4842,-0.9006,-0.0307
3247,02054.wav,2053,915140485,3.855,0.6732,0.6637,0.6828,0.6803,0.6637,TAO,0.6484,0.2572,0.0125
3248,01032.wav,1031,453350700,9.864,0.6732,0.6027,0.7437,0.7134,0.6027,TAO,0.6331,-0.8861,-0.0446
3249,00926.wav,925,409184136,4.577,0.6732,0.6015,0.7449,0.7515,0.6015,TAO,0.5771,0.5692,0.0211
3250,06611.wav,6610,2952071242,7.837,0.6732,0.6476,0.6987,0.4381,0.4381,TAO,0.3307,0.1198,0.0238
3251,01235.wav,1234,551826672,7.287,0.6731,0.6300,0.7162,0.5898,0.5898,TAO,0.5236,-0.0079,0.0061
3252,02210.wav,2209,984062639,8.171,0.6731,0.6380,0.7082,0.4299,0.4299,PAT,0.3521,0.8153,0.0507
3253,04544.wav,4543,2017873700,4.666,0.6731,0.5971,0.7490,0.7288,0.5971,TAO,0.6157,-0.4164,-0.0207
3254,02253.wav,2252,1002257526,9.282,0.6730,0.6225,0.7235,0.6383,0.6225,TAO,0.4570,-0.2514,-0.0088
3255,03272.wav,3271,1434349419,2.479,0.6730,0.5935,0.7525,0.6555,0.5935,TAO,0.5626,-0.2336,-0.0154
3256,00624.wav,623,269719954,4.303,0.6730,0.6033,0.7427,0.5333,0.5333,TAO,0.4695,-1.0915,-0.0439
3257,08998.wav,8997,4045461361,4.511,0.6729,0.6372,0.7086,0.4392,0.4392,TAO,0.3274,0.6809,0.0462
3258,02856.wav,2855,1257352289,6.999,0.6729,0.5957,0.7500,0.5833,0.5833,TAO,0.5132,-0.6740,-0.0195
3259,03881.wav,3880,1716430056,4.894,0.6728,0.6124,0.7332,0.6223,0.6124,TAO,0.5119,-0.3749,-0.0128
3260,05520.wav,5519,2455912492,6.373,0.6728,0.6183,0.7273,0.5888,0.5888,TAO,0.5317,-0.4902,-0.0264
3261,02883.wav,2882,1274401261,6.319,0.6728,0.6145,0.7311,0.5431,0.5431,TAO,0.5544,-0.5366,-0.0207
3262,05350.wav,5349,2375972105,6.344,0.6727,0.6077,0.7377,0.5093,0.5093,TAO,0.4490,-0.7425,-0.0220
3263,09284.wav,9283,4177796001,5.028,0.6727,0.6427,0.7026,0.6917,0.6427,TAO,0.5551,-0.0021,-0.0014
3264,07928.wav,7927,3574746087,5.744,0.6727,0.5952,0.7501,0.5940,0.5940,TAO,0.4568,-1.0842,-0.0416
3265,09119.wav,9118,4105874133,3.992,0.6726,0.6302,0.7150,0.6660,0.6302,TAO,0.6736,0.1911,0.0047
3266,05232.wav,5231,2325611660,4.874,0.6726,0.6028,0.7424,0.6918,0.6028,TAO,0.6121,-0.0771,-0.0130
3267,01184.wav,1183,526838378,5.517,0.6726,0.5989,0.7462,0.7332,0.5989,TAO,0.6840,-0.7018,-0.0364
3268,08679.wav,8678,3907226312,5.718,0.6725,0.5912,0.7538,0.4984,0.4984,TAO,0.4043,-0.4973,-0.0089
3269,01138.wav,1137,503725228,4.701,0.6725,0.6324,0.7125,0.6542,0.6324,TAO,0.6639,-0.2126,-0.0067
3270,07407.wav,7406,3325161898,3.822,0.6725,0.6021,0.7428,0.7440,0.6021,TAO,0.6937,-0.3926,-0.0190
3271,09316.wav,9315,4189901259,4.188,0.6724,0.5963,0.7486,0.6800,0.5963,TAO,0.5377,-1.2889,-0.0617
3272,04701.wav,4700,2087257162,5.484,0.6724,0.6194,0.7254,0.7069,0.6194,TAO,0.6742,-0.3277,-0.0142
3273,08361.wav,8360,3751696303,3.087,0.6724,0.5738,0.7710,0.5324,0.5324,TAO,0.4038,0.1288,0.0118
3274,09543.wav,9542,4283873364,5.367,0.6723,0.6254,0.7192,0.4749,0.4749,TAO,0.3684,0.5205,0.0393
3275,09093.wav,9092,4089118764,5.737,0.6723,0.6210,0.7235,0.4980,0.4980,TAO,0.3845,0.4796,0.0360
3276,00915.wav,914,403312455,5.644,0.6723,0.6557,0.6888,0.6098,0.6098,TAO,0.5363,-0.2203,-0.0002
3277,03713.wav,3712,1635217191,5.669,0.6723,0.6089,0.7356,0.6001,0.6001,TAO,0.5798,0.0991,-0.0069
3278,07117.wav,7116,3187217389,8.403,0.6722,0.6079,0.7366,0.5189,0.5189,TAO,0.4869,-0.3685,-0.0075
3279,07261.wav,7260,3254458228,7.276,0.6722,0.6305,0.7140,0.6485,0.6305,TAO,0.5617,-0.3550,-0.0102
3280,03240.wav,3239,1421609584,4.855,0.6722,0.6508,0.6936,0.5440,0.5440,LENT,0.3393,0.0745,0.0131
3281,08910.wav,8909,4011033260,8.474,0.6722,0.6035,0.7410,0.6127,0.6035,TAO,0.5848,-0.1015,-0.0136
3282,03667.wav,3666,1614052808,2.454,0.6722,0.6251,0.7193,0.5549,0.5549,TAO,0.4514,0.8380,0.0377
3283,07905.wav,7904,3567853106,3.067,0.6722,0.6372,0.7072,0.5646,0.5646,TAO,0.5096,0.1913,0.0092
3284,07809.wav,7808,3517357768,4.298,0.6722,0.6282,0.7161,0.6431,0.6282,TAO,0.4930,0.4126,0.0213
3285,01086.wav,1085,478955818,6.675,0.6721,0.6091,0.7352,0.6571,0.6091,TAO,0.6026,-0.4279,-0.0198
3286,07969.wav,7968,3591836718,2.371,0.6721,0.5812,0.7630,0.6337,0.5812,TAO,0.5669,0.2990,0.0096
3287,00347.wav,346,148759697,8.673,0.6721,0.6265,0.7176,0.5774,0.5774,TAO,0.5251,-0.3983,-0.0113
3288,07106.wav,7105,3181575612,4.955,0.6720,0.6022,0.7419,0.4941,0.4941,TAO,0.3631,-0.6122,-0.0153
3289,08931.wav,8930,4015690669,2.544,0.6719,0.5866,0.7573,0.5228,0.5228,TAO,0.3852,0.1104,0.0075
3290,01504.wav,1503,659687399,7.544,0.6719,0.6268,0.7170,0.6441,0.6268,TAO,0.7388,-0.2640,-0.0076
3291,01731.wav,1730,772447791,8.891,0.6719,0.6231,0.7206,0.4602,0.4602,TAO,0.3074,0.0267,0.0147
3292,02179.wav,2178,967405673,6.344,0.6719,0.6430,0.7008,0.6788,0.6430,TAO,0.5278,-0.3894,-0.0156
3293,06445.wav,6444,2879197867,3.870,0.6718,0.6722,0.6714,0.4318,0.4318,TAO,0.3231,0.5601,0.0434
3294,07866.wav,7865,3544194061,7.375,0.6718,0.6543,0.6893,0.5517,0.5517,LENT,0.4768,0.5903,0.0332
3295,06937.wav,6936,3099700087,2.668,0.6718,0.6218,0.7218,0.7677,0.6218,TAO,0.5209,0.4297,0.0120
3296,08414.wav,8413,3778841262,8.812,0.6718,0.6135,0.7301,0.5114,0.5114,TAO,0.4324,-0.8162,-0.0211
3297,08363.wav,8362,3752689576,7.567,0.6717,0.6186,0.7248,0.6664,0.6186,TAO,0.6489,-0.4631,-0.0195
3298,06679.wav,6678,2982307146,4.177,0.6717,0.6462,0.6972,0.6808,0.6462,TAO,0.5726,0.0494,0.0112
3299,01050.wav,1049,461275939,9.342,0.6717,0.6354,0.7079,0.5136,0.5136,TAO,0.4470,-0.4670,0.0017
3300,05449.wav,5448,2424005766,5.569,0.6716,0.6447,0.6986,0.4433,0.4433,TAO,0.3293,0.2150,0.0264
3301,06192.wav,6191,2765949549,8.281,0.6716,0.6433,0.6999,0.5967,0.5967,LENT,0.6227,-0.3956,-0.0096
3302,09290.wav,9289,4178953330,7.772,0.6716,0.6439,0.6993,0.6660,0.6439,TAO,0.5899,-0.3121,-0.0093
3303,07480.wav,7479,3365900206,8.491,0.6716,0.6207,0.7224,0.4142,0.4142,TAO,0.2551,0.3628,0.0292
3304,06014.wav,6013,2677202635,5.125,0.6715,0.6438,0.6993,0.4641,0.4641,TAO,0.3726,0.5769,0.0468
3305,07442.wav,7441,3346777415,7.476,0.6715,0.5962,0.7467,0.6719,0.5962,TAO,0.5724,-0.3038,-0.0264
3306,04881.wav,4880,2168290637,3.628,0.6715,0.6223,0.7207,0.6121,0.6121,TAO,0.7330,0.4111,0.0184
3307,01542.wav,1541,677257836,7.188,0.6715,0.6180,0.7249,0.4573,0.4573,TAO,0.3712,-0.4768,-0.0149
3308,01211.wav,1210,536822922,7.548,0.6714,0.6544,0.6884,0.5653,0.5653,LENT,0.6879,0.0987,0.0086
3309,00403.wav,402,172742636,4.544,0.6714,0.6075,0.7353,0.4993,0.4993,TAO,0.3268,0.4342,0.0303
3310,06555.wav,6554,2928757327,2.297,0.6714,0.6226,0.7203,0.7175,0.6226,TAO,0.4578,0.0108,0.0016
3311,05457.wav,5456,2425647943,4.556,0.6713,0.6296,0.7130,0.4662,0.4662,TAO,0.3867,0.6745,0.0424
3312,05038.wav,5037,2237887302,6.318,0.6713,0.6366,0.7060,0.5876,0.5876,TAO,0.7227,-0.0430,0.0074
3313,03693.wav,3692,1629824558,6.590,0.6713,0.6235,0.7190,0.6479,0.6235,TAO,0.6870,-0.0527,0.0018
3314,02460.wav,2459,1088334289,4.841,0.6713,0.6183,0.7242,0.7270,0.6183,TAO,0.6581,-0.5471,-0.0261
3315,04309.wav,4308,1907634252,3.985,0.6712,0.6161,0.7263,0.6972,0.6161,TAO,0.7018,0.1711,-0.0016
3316,05396.wav,5395,2400372172,8.506,0.6712,0.6110,0.7314,0.6243,0.6110,TAO,0.5619,-0.5291,-0.0123
3317,07677.wav,7676,3452143653,7.047,0.6712,0.6284,0.7140,0.4992,0.4992,TAO,0.4022,-0.2886,-0.0066
3318,06836.wav,6835,3055349099,8.798,0.6712,0.5895,0.7528,0.6243,0.5895,LENT,0.7031,-0.5465,-0.0210
3319,01133.wav,1132,502842377,6.869,0.6711,0.6115,0.7307,0.5509,0.5509,TAO,0.4667,-1.1220,-0.0415
3320,04322.wav,4321,1913081606,4.128,0.6710,0.6230,0.7191,0.6584,0.6230,TAO,0.5521,-0.2242,-0.0147
3321,04247.wav,4246,1881605070,6.982,0.6710,0.6101,0.7320,0.6106,0.6101,TAO,0.5012,-0.8382,-0.0316
3322,06717.wav,6716,2995344083,1.997,0.6710,0.6211,0.7209,0.7064,0.6211,TAO,0.4650,-0.3810,-0.0167
3323,05894.wav,5893,2631947891,2.926,0.6710,0.5937,0.7483,0.5385,0.5385,TAO,0.3695,0.1983,0.0070
3324,01485.wav,1484,656030539,3.081,0.6710,0.5868,0.7551,0.6823,0.5868,TAO,0.6330,0.3473,0.0167
3325,01112.wav,1111,492416998,6.019,0.6709,0.5817,0.7602,0.6667,0.5817,TAO,0.5566,-0.8586,-0.0442
3326,01330.wav,1329,587476970,4.868,0.6709,0.6884,0.6534,0.3978,0.3978,TAO,0.3859,0.8396,0.0531
3327,07841.wav,7840,3533877318,7.080,0.6709,0.6240,0.7178,0.6156,0.6156,LENT,0.7413,-0.1559,-0.0025
3328,02957.wav,2956,1306400341,3.399,0.6709,0.6289,0.7128,0.4977,0.4977,TAO,0.3602,-0.7155,-0.0224
3329,04028.wav,4027,1784696556,7.717,0.6708,0.6054,0.7363,0.5480,0.5480,TAO,0.4398,-1.0288,-0.0349
3330,06151.wav,6150,2748321870,7.822,0.6708,0.6069,0.7348,0.7205,0.6069,TAO,0.6228,-0.4471,-0.0193
3331,00629.wav,628,270184656,3.262,0.6708,0.5777,0.7639,0.5734,0.5734,TAO,0.3973,0.4505,0.0210
3332,06745.wav,6744,3008501991,7.232,0.6708,0.6415,0.7000,0.5729,0.5729,TAO,0.6016,-0.3127,-0.0010
3333,00313.wav,312,140051529,8.736,0.6708,0.6147,0.7268,0.6822,0.6147,TAO,0.7485,-0.0219,0.0002
3334,00160.wav,159,68431848,5.271,0.6707,0.5918,0.7496,0.6963,0.5918,TAO,0.7168,-0.2344,-0.0128
3335,01869.wav,1868,836007209,4.341,0.6707,0.6298,0.7116,0.5112,0.5112,TAO,0.3504,-0.9080,-0.0269
3336,02149.wav,2148,955564007,5.879,0.6707,0.5862,0.7551,0.7161,0.5862,TAO,0.5346,-0.5900,-0.0244
3337,01472.wav,1471,650948858,1.039,0.6707,0.5909,0.7505,0.5518,0.5518,TAO,0.4760,-0.2244,-0.0131
3338,08576.wav,8575,3856736427,7.828,0.6706,0.6174,0.7238,0.5995,0.5995,TAO,0.4288,-0.6893,-0.0334
3339,06396.wav,6395,2857117648,7.285,0.6705,0.6246,0.7165,0.4507,0.4507,TAO,0.3218,0.1887,0.0195
3340,00178.wav,177,74801191,8.142,0.6705,0.5943,0.7468,0.5327,0.5327,TAO,0.5064,-0.6819,-0.0227
3341,03191.wav,3190,1401897545,8.843,0.6705,0.6220,0.7190,0.5324,0.5324,LENT,0.5829,-0.0336,0.0039
3342,01673.wav,1672,740262087,3.709,0.6705,0.6718,0.6692,0.4877,0.4877,TAO,0.3912,-0.0757,0.0142
3343,08277.wav,8276,3714951639,2.886,0.6705,0.6027,0.7383,0.6528,0.6027,TAO,0.5231,0.4760,0.0302
3344,04613.wav,4612,2043662979,2.511,0.6705,0.6445,0.6964,0.6444,0.6444,LENT,0.4986,0.4012,0.0252
3345,04669.wav,4668,2070969558,7.659,0.6705,0.6357,0.7052,0.5991,0.5991,TAO,0.4937,0.2684,0.0143
3346,01824.wav,1823,813481265,4.272,0.6704,0.6035,0.7374,0.7683,0.6035,TAO,0.5939,-0.4658,-0.0178
3347,04261.wav,4260,1889359210,4.955,0.6704,0.5969,0.7440,0.6573,0.5969,TAO,0.5944,-0.8363,-0.0306
3348,04875.wav,4874,2166723179,3.141,0.6704,0.6121,0.7286,0.5478,0.5478,LENT,0.4271,0.4841,0.0269
3349,05547.wav,5546,2469183275,3.849,0.6704,0.6024,0.7383,0.4652,0.4652,TAO,0.4856,0.0847,0.0083
3350,02872.wav,2871,1267608875,8.537,0.6704,0.6158,0.7249,0.6204,0.6158,TAO,0.6209,-0.7948,-0.0308
3351,07405.wav,7404,3323819280,4.753,0.6704,0.6023,0.7384,0.4472,0.4472,TAO,0.4280,-0.0423,0.0129
3352,02857.wav,2856,1259906935,2.780,0.6703,0.6158,0.7248,0.7793,0.6158,TAO,0.5723,0.2695,0.0069
3353,01632.wav,1631,726371571,8.796,0.6703,0.6296,0.7110,0.4929,0.4929,TAO,0.3169,-0.2929,0.0043
3354,00188.wav,187,78271106,3.941,0.6703,0.6024,0.7381,0.5797,0.5797,TAO,0.4400,-0.4106,-0.0135
3355,03193.wav,3192,1402246890,9.876,0.6703,0.6021,0.7384,0.7302,0.6021,TAO,0.6706,-0.9573,-0.0477
3356,07149.wav,7148,3199569092,4.609,0.6702,0.6006,0.7398,0.7005,0.6006,TAO,0.5909,-0.2162,-0.0208
3357,02734.wav,2733,1207033503,3.863,0.6702,0.6440,0.6964,0.6898,0.6440,LENT,0.6609,-0.3468,-0.0097
3358,03063.wav,3062,1349511118,6.235,0.6701,0.6179,0.7224,0.4253,0.4253,TAO,0.2833,0.6432,0.0395
3359,00581.wav,580,248391649,4.464,0.6701,0.6263,0.7139,0.5439,0.5439,LENT,0.5948,-0.4656,-0.0119
3360,03704.wav,3703,1632302443,2.095,0.6701,0.6954,0.6448,0.5340,0.5340,TAO,0.4414,0.8199,0.0419
3361,04898.wav,4897,2174380939,4.809,0.6701,0.6293,0.7109,0.5817,0.5817,TAO,0.4080,-0.7329,-0.0168
3362,03919.wav,3918,1733844264,2.826,0.6700,0.5925,0.7476,0.7134,0.5925,TAO,0.7172,-0.5345,-0.0242
3363,08582.wav,8581,3859582634,7.952,0.6700,0.6207,0.7194,0.6181,0.6181,TAO,0.6363,-0.5941,-0.0234
3364,08696.wav,8695,3911380834,3.432,0.6700,0.6239,0.7162,0.6714,0.6239,TAO,0.5507,-0.0047,-0.0002
3365,09477.wav,9476,4256209962,6.921,0.6700,0.6894,0.6506,0.4639,0.4639,PAT,0.4544,0.6587,0.0393
3366,04496.wav,4495,1992769028,6.684,0.6700,0.6252,0.7147,0.5277,0.5277,TAO,0.4096,-0.3411,-0.0033
3367,02763.wav,2762,1219210286,4.054,0.6699,0.6398,0.7001,0.5376,0.5376,ANCIENT,0.5565,1.0508,0.0482
3368,02086.wav,2085,926156397,7.146,0.6699,0.6148,0.7251,0.7032,0.6148,TAO,0.6842,-0.1934,-0.0066
3369,00265.wav,264,117991308,5.635,0.6699,0.6186,0.7212,0.7256,0.6186,TAO,0.7793,-0.3406,-0.0148
3370,01551.wav,1550,683236175,5.304,0.6699,0.6266,0.7132,0.6044,0.6044,TAO,0.4211,-0.8153,-0.0167
3371,05689.wav,5688,2529920614,7.099,0.6699,0.6153,0.7244,0.6446,0.6153,TAO,0.5836,-0.0799,-0.0060
3372,01704.wav,1703,758474451,7.528,0.6699,0.6287,0.7111,0.4233,0.4233,TAO,0.3515,0.4518,0.0396
3373,00825.wav,824,362421746,2.254,0.6699,0.6235,0.7162,0.7375,0.6235,TAO,0.4700,0.1155,0.0074
3374,04653.wav,4652,2065736262,4.663,0.6698,0.6248,0.7148,0.5666,0.5666,TAO,0.4828,-1.0040,-0.0313
3375,03865.wav,3864,1709977703,10.499,0.6698,0.6392,0.7004,0.5899,0.5899,TAO,0.5390,-0.1091,0.0048
3376,03885.wav,3884,1718252287,4.950,0.6698,0.6230,0.7166,0.5318,0.5318,TAO,0.5340,-0.6267,-0.0189
3377,00474.wav,473,203576224,4.104,0.6698,0.6176,0.7219,0.6504,0.6176,TAO,0.4049,0.0368,0.0083
3378,01626.wav,1625,723625138,1.894,0.6697,0.6117,0.7278,0.7148,0.6117,TAO,0.4999,0.3389,0.0054
3379,04067.wav,4066,1801733487,4.320,0.6697,0.6232,0.7163,0.5073,0.5073,TAO,0.3376,-0.6412,-0.0161
3380,07614.wav,7613,3424415120,8.766,0.6697,0.6593,0.6801,0.4231,0.4231,TAO,0.5460,0.6324,0.0472
3381,08142.wav,8141,3662765070,5.195,0.6697,0.6160,0.7234,0.6920,0.6160,TAO,0.7507,0.1113,0.0074
3382,05524.wav,5523,2456755136,5.557,0.6696,0.6083,0.7309,0.5097,0.5097,TAO,0.2652,-0.4022,-0.0060
3383,09295.wav,9294,4181086757,4.260,0.6696,0.5795,0.7597,0.5980,0.5795,TAO,0.5130,-0.7895,-0.0417
3384,04709.wav,4708,2091148620,3.731,0.6696,0.6065,0.7326,0.7206,0.6065,TAO,0.6598,-0.7933,-0.0401
3385,03230.wav,3229,1419466961,2.518,0.6696,0.6002,0.7389,0.7788,0.6002,TAO,0.5997,0.2621,0.0089
3386,00340.wav,339,147138539,7.544,0.6696,0.6234,0.7157,0.6931,0.6234,TAO,0.6427,-0.5755,-0.0172
3387,07121.wav,7120,3187662093,7.095,0.6695,0.6054,0.7336,0.5292,0.5292,LENT,0.3725,-0.0744,0.0112
3388,03788.wav,3787,1675826059,5.494,0.6695,0.6170,0.7220,0.6747,0.6170,TAO,0.7047,-0.0680,-0.0038
3389,06984.wav,6983,3121318667,6.765,0.6695,0.6023,0.7366,0.7076,0.6023,TAO,0.6882,-0.6519,-0.0340
3390,08159.wav,8158,3670491209,3.792,0.6695,0.6204,0.7185,0.6389,0.6204,TAO,0.5358,-0.2134,-0.0056
3391,06412.wav,6411,2863085446,8.089,0.6695,0.6539,0.6850,0.5203,0.5203,TAO,0.3557,-0.2754,0.0022
3392,02711.wav,2710,1198813640,4.595,0.6694,0.6041,0.7348,0.7710,0.6041,TAO,0.6756,-0.8434,-0.0413
3393,08231.wav,8230,3695650602,6.459,0.6694,0.6400,0.6989,0.6306,0.6306,TAO,0.5468,-0.5716,-0.0207
3394,02673.wav,2672,1179633807,6.292,0.6694,0.6069,0.7319,0.5288,0.5288,TAO,0.2929,-0.5844,-0.0131
3395,04541.wav,4540,2015602658,6.441,0.6694,0.5947,0.7442,0.7657,0.5947,TAO,0.6496,-0.7931,-0.0402
3396,05675.wav,5674,2524267760,2.332,0.6694,0.6139,0.7249,0.6072,0.6072,TAO,0.7019,0.0444,0.0089
3397,02823.wav,2822,1243390448,7.373,0.6694,0.5912,0.7476,0.4349,0.4349,TAO,0.3529,0.4486,0.0337
3398,07417.wav,7416,3334738292,7.098,0.6694,0.6273,0.7114,0.4350,0.4350,ANCIENT,0.3193,0.1839,0.0284
3399,01434.wav,1433,633327370,7.897,0.6694,0.6077,0.7310,0.6160,0.6077,LENT,0.5658,-1.1842,-0.0428
3400,03844.wav,3843,1703832680,2.582,0.6693,0.6301,0.7084,0.4917,0.4917,LENT,0.4417,-0.1814,-0.0094
3401,08495.wav,8494,3819634291,3.767,0.6693,0.6423,0.6963,0.5923,0.5923,PAT,0.4765,0.3119,0.0202
3402,01615.wav,1614,715409359,7.266,0.6693,0.6434,0.6952,0.6037,0.6037,TAO,0.5715,-0.5348,-0.0147
3403,06950.wav,6949,3107620911,5.924,0.6692,0.6315,0.7070,0.6627,0.6315,TAO,0.6362,-0.3252,-0.0094
3404,05604.wav,5603,2492017493,3.093,0.6692,0.5914,0.7471,0.6616,0.5914,TAO,0.5474,-0.0505,0.0037
3405,02834.wav,2833,1249700655,9.044,0.6692,0.6246,0.7138,0.6498,0.6246,TAO,0.6521,-0.2661,-0.0049
3406,06564.wav,6563,2932117800,11.730,0.6692,0.5941,0.7443,0.7469,0.5941,TAO,0.6391,-0.8387,-0.0452
3407,00526.wav,525,227291684,5.744,0.6692,0.5874,0.7509,0.5996,0.5874,TAO,0.4587,-1.3146,-0.0499
3408,03979.wav,3978,1760700555,3.812,0.6692,0.5923,0.7460,0.7545,0.5923,TAO,0.6580,-0.1943,-0.0144
3409,06884.wav,6883,3071975400,3.416,0.6692,0.6238,0.7145,0.6434,0.6238,TAO,0.5875,0.0468,0.0030
3410,05501.wav,5500,2447427623,6.969,0.6691,0.5986,0.7397,0.5364,0.5364,TAO,0.5155,-0.4675,-0.0123
3411,09220.wav,9219,4149344102,6.451,0.6691,0.6091,0.7291,0.4512,0.4512,TAO,0.2765,0.3854,0.0298
3412,07243.wav,7242,3242908810,5.978,0.6691,0.6141,0.7241,0.6356,0.6141,TAO,0.4809,0.0466,0.0105
3413,07426.wav,7425,3340056206,6.922,0.6691,0.5888,0.7495,0.7380,0.5888,TAO,0.6669,-0.8548,-0.0365
3414,06790.wav,6789,3033365260,5.208,0.6690,0.6558,0.6822,0.4908,0.4908,PAT,0.3917,0.7030,0.0434
3415,08136.wav,8135,3657456399,9.734,0.6690,0.6183,0.7198,0.7086,0.6183,TAO,0.6591,-0.6350,-0.0277
3416,05715.wav,5714,2546717642,7.150,0.6690,0.6354,0.7026,0.5157,0.5157,TAO,0.2954,0.1997,0.0224
3417,05817.wav,5816,2589275352,3.714,0.6690,0.6213,0.7167,0.4784,0.4784,TAO,0.4531,0.3159,0.0277
3418,03998.wav,3997,1771008679,7.528,0.6690,0.5969,0.7411,0.4994,0.4994,TAO,0.5176,-0.7778,-0.0214
3419,00672.wav,671,290811964,6.804,0.6690,0.6490,0.6890,0.5917,0.5917,TAO,0.5553,-0.1239,0.0035
3420,04342.wav,4341,1922108580,4.842,0.6690,0.6172,0.7207,0.6414,0.6172,TAO,0.5969,-0.7444,-0.0297
3421,03819.wav,3818,1687897484,5.220,0.6689,0.6014,0.7364,0.5312,0.5312,TAO,0.3898,-0.6366,-0.0150
3422,02716.wav,2715,1200073412,6.264,0.6689,0.6093,0.7284,0.7613,0.6093,TAO,0.5701,0.0395,0.0021
3423,02536.wav,2535,1118223369,8.130,0.6688,0.5993,0.7383,0.5485,0.5485,TAO,0.4939,-0.8609,-0.0321
3424,01633.wav,1632,728131715,6.146,0.6688,0.5985,0.7391,0.6542,0.5985,TAO,0.5222,-0.8087,-0.0338
3425,07537.wav,7536,3391007399,7.649,0.6688,0.6193,0.7183,0.6041,0.6041,TAO,0.6215,-0.2112,-0.0086
3426,02143.wav,2142,953229051,4.048,0.6688,0.6234,0.7141,0.5295,0.5295,TAO,0.3491,0.0303,0.0230
3427,07110.wav,7109,3183953033,7.685,0.6687,0.6191,0.7184,0.5062,0.5062,TAO,0.4714,-1.0605,-0.0307
3428,09395.wav,9394,4217777419,7.918,0.6687,0.6416,0.6958,0.3876,0.3876,TAO,0.2593,0.3867,0.0353
3429,03202.wav,3201,1404689031,6.982,0.6687,0.6101,0.7273,0.4847,0.4847,TAO,0.2831,0.1253,0.0190
3430,07660.wav,7659,3444567759,7.012,0.6687,0.5891,0.7482,0.6499,0.5891,TAO,0.5577,-0.3513,-0.0274
3431,00905.wav,904,400204947,7.581,0.6686,0.5881,0.7491,0.7638,0.5881,TAO,0.6259,-0.7720,-0.0378
3432,04557.wav,4556,2022409327,4.815,0.6686,0.6090,0.7281,0.5155,0.5155,LENT,0.3493,-0.6319,-0.0165
3433,02107.wav,2106,939649994,9.993,0.6686,0.6061,0.7310,0.6588,0.6061,TAO,0.5615,-0.6089,-0.0369
3434,01367.wav,1366,604232339,5.546,0.6685,0.6189,0.7181,0.4516,0.4516,TAO,0.4051,0.4219,0.0348
3435,02875.wav,2874,1268660304,1.903,0.6685,0.6522,0.6849,0.5037,0.5037,LENT,0.3906,0.2834,0.0197
3436,09000.wav,8999,4046736716,9.695,0.6685,0.6409,0.6961,0.6435,0.6409,TAO,0.6500,-0.6539,-0.0279
3437,08734.wav,8733,3931038152,4.426,0.6685,0.6027,0.7343,0.6594,0.6027,TAO,0.5663,0.0087,-0.0036
3438,08188.wav,8187,3678081186,6.322,0.6685,0.6469,0.6901,0.5790,0.5790,TAO,0.5147,0.1596,0.0188
3439,03672.wav,3671,1616144279,4.351,0.6685,0.6320,0.7049,0.4537,0.4537,TAO,0.3634,1.0222,0.0595
3440,02541.wav,2540,1119865546,3.645,0.6685,0.6098,0.7271,0.6879,0.6098,TAO,0.6272,-0.2996,-0.0108
3441,07027.wav,7026,3139744810,4.122,0.6685,0.6427,0.6942,0.4616,0.4616,TAO,0.3290,0.3868,0.0335
3442,04396.wav,4395,1948388143,7.008,0.6685,0.5962,0.7407,0.5229,0.5229,TAO,0.3656,-1.3419,-0.0559
3443,05375.wav,5374,2390791694,4.396,0.6685,0.6011,0.7358,0.5446,0.5446,TAO,0.4972,-0.9848,-0.0306
3444,07898.wav,7897,3562296983,5.972,0.6685,0.6250,0.7119,0.4445,0.4445,PAT,0.3699,0.8905,0.0479
3445,07790.wav,7789,3504407661,6.914,0.6684,0.6531,0.6837,0.4102,0.4102,TAO,0.3238,0.9064,0.0600
3446,02920.wav,2919,1295847631,5.011,0.6684,0.6039,0.7329,0.6575,0.6039,TAO,0.6535,-0.7082,-0.0268
3447,04558.wav,4557,2022680205,4.565,0.6684,0.6255,0.7113,0.4595,0.4595,TAO,0.3635,-0.0051,0.0129
3448,05630.wav,5629,2503891432,10.793,0.6684,0.6370,0.6998,0.6660,0.6370,TAO,0.7110,-0.2466,-0.0065
3449,05910.wav,5909,2641836962,7.521,0.6684,0.5915,0.7452,0.7308,0.5915,TAO,0.6280,-0.8655,-0.0480
3450,02836.wav,2835,1249982217,8.793,0.6683,0.6440,0.6927,0.4874,0.4874,TAO,0.4659,-0.3225,0.0004
3451,00217.wav,216,97284455,6.485,0.6682,0.5831,0.7533,0.6468,0.5831,TAO,0.5554,-0.8053,-0.0308
3452,05908.wav,5907,2641139293,7.197,0.6682,0.6209,0.7155,0.6370,0.6209,TAO,0.7440,-0.2567,-0.0020
3453,09563.wav,9562,4291520583,6.494,0.6682,0.6208,0.7156,0.6734,0.6208,TAO,0.5928,-0.4321,-0.0164
3454,07390.wav,7389,3316524907,3.721,0.6682,0.6735,0.6628,0.4476,0.4476,PAT,0.3007,0.4256,0.0327
3455,06509.wav,6508,2903358031,6.550,0.6681,0.6470,0.6893,0.4116,0.4116,TAO,0.3530,0.7720,0.0525
3456,09370.wav,9369,4209102311,7.337,0.6681,0.6118,0.7244,0.6846,0.6118,TAO,0.7012,0.1681,0.0043
3457,04187.wav,4186,1856726218,4.988,0.6681,0.5961,0.7400,0.5090,0.5090,TAO,0.4560,0.7533,0.0419
3458,08175.wav,8174,3674103889,6.206,0.6681,0.6096,0.7265,0.5914,0.5914,TAO,0.6592,-0.5999,-0.0172
3459,09148.wav,9147,4113854851,3.341,0.6681,0.6086,0.7275,0.6528,0.6086,TAO,0.5789,-0.3385,-0.0236
3460,04282.wav,4281,1896894466,4.107,0.6680,0.6633,0.6728,0.5346,0.5346,TAO,0.4158,0.4238,0.0323
3461,01046.wav,1045,457473283,10.001,0.6680,0.6156,0.7205,0.6858,0.6156,TAO,0.7725,-0.0801,-0.0022
3462,07561.wav,7560,3401660704,12.211,0.6680,0.6163,0.7197,0.6325,0.6163,TAO,0.6862,-0.3330,-0.0087
3463,01703.wav,1702,758235569,3.760,0.6680,0.6386,0.6973,0.6566,0.6386,LENT,0.4820,0.2474,0.0122
3464,00965.wav,964,429396358,3.267,0.6680,0.6045,0.7314,0.6800,0.6045,TAO,0.6897,-0.0246,-0.0055
3465,06322.wav,6321,2825643633,6.345,0.6680,0.6244,0.7115,0.6239,0.6239,TAO,0.7061,-0.2905,-0.0118
3466,04280.wav,4279,1895818855,6.954,0.6680,0.6242,0.7118,0.5296,0.5296,TAO,0.4130,-0.3913,-0.0202
3467,03176.wav,3175,1395470960,8.699,0.6679,0.5932,0.7427,0.6262,0.5932,TAO,0.5098,-1.0643,-0.0452
3468,08843.wav,8842,3980652333,3.495,0.6679,0.6122,0.7236,0.6635,0.6122,TAO,0.5812,-0.1446,-0.0105
3469,03953.wav,3952,1746906419,7.449,0.6679,0.6272,0.7086,0.5848,0.5848,TAO,0.5979,-0.3304,-0.0082
3470,03455.wav,3454,1530479818,6.350,0.6679,0.6302,0.7056,0.5485,0.5485,TAO,0.3765,-0.5359,-0.0194
3471,07713.wav,7712,3470247596,4.783,0.6679,0.5915,0.7443,0.6213,0.5915,TAO,0.5782,-0.5174,-0.0168
3472,06646.wav,6645,2964346726,6.930,0.6679,0.6064,0.7293,0.5618,0.5618,TAO,0.3799,-0.5751,-0.0278
3473,06651.wav,6650,2965202432,7.038,0.6678,0.6063,0.7294,0.5712,0.5712,TAO,0.4994,-1.0062,-0.0299
3474,04235.wav,4234,1877097809,7.482,0.6678,0.6203,0.7153,0.6218,0.6203,TAO,0.6540,-0.2570,-0.0074
3475,03515.wav,3514,1556885921,5.155,0.6678,0.6595,0.6761,0.4928,0.4928,TAO,0.4730,0.2311,0.0199
3476,03596.wav,3595,1589703074,3.886,0.6678,0.6130,0.7225,0.6938,0.6130,TAO,0.7116,-0.4344,-0.0232
3477,08458.wav,8457,3800682599,5.357,0.6677,0.5969,0.7384,0.7190,0.5969,TAO,0.7123,-0.2505,-0.0131
3478,03973.wav,3972,1756416330,6.316,0.6677,0.5990,0.7364,0.5599,0.5599,TAO,0.5156,-0.4803,-0.0236
3479,01441.wav,1440,634971471,4.951,0.6677,0.6382,0.6971,0.6046,0.6046,TAO,0.7144,0.1188,0.0102
3480,09005.wav,9004,4048780438,3.802,0.6677,0.6414,0.6940,0.4683,0.4683,TAO,0.3084,0.9087,0.0536
3481,05387.wav,5386,2394520752,3.599,0.6677,0.6411,0.6942,0.5296,0.5296,TAO,0.3866,0.3867,0.0251
3482,06371.wav,6370,2848997707,5.680,0.6676,0.6314,0.7039,0.6350,0.6314,TAO,0.6177,0.0665,0.0084
3483,06566.wav,6565,2933322851,2.933,0.6676,0.6059,0.7293,0.6980,0.6059,TAO,0.5623,0.2034,0.0027
3484,05148.wav,5147,2293664296,3.994,0.6676,0.6232,0.7120,0.6230,0.6230,TAO,0.3553,-0.2140,0.0003
3485,01454.wav,1453,641895557,3.195,0.6676,0.6174,0.7178,0.6215,0.6174,TAO,0.6280,-0.5284,-0.0217
3486,08636.wav,8635,3885481355,6.109,0.6676,0.6523,0.6829,0.4237,0.4237,TAO,0.2892,0.7329,0.0396
3487,03135.wav,3134,1378072643,8.722,0.6675,0.6091,0.7260,0.7001,0.6091,TAO,0.7267,-0.1813,-0.0108
3488,04947.wav,4946,2194749744,3.293,0.6675,0.6533,0.6817,0.4489,0.4489,LENT,0.4182,1.0208,0.0600
3489,00849.wav,848,374573705,2.438,0.6675,0.6267,0.7084,0.6221,0.6221,TAO,0.4675,0.0316,0.0085
3490,05383.wav,5382,2392823854,4.956,0.6675,0.6269,0.7082,0.4704,0.4704,TAO,0.3361,0.3815,0.0384
3491,01293.wav,1292,577214406,5.022,0.6675,0.5957,0.7393,0.7228,0.5957,TAO,0.6675,0.0259,-0.0057
3492,00038.wav,37,17412872,8.222,0.6675,0.6169,0.7181,0.6439,0.6169,TAO,0.5486,-0.6165,-0.0270
3493,00523.wav,522,226421895,3.284,0.6675,0.5986,0.7364,0.7034,0.5986,TAO,0.7212,-0.7764,-0.0338
3494,06875.wav,6874,3068177776,2.921,0.6675,0.6851,0.6499,0.4919,0.4919,TAO,0.4825,1.3416,0.0688
3495,08904.wav,8903,4008377392,6.212,0.6674,0.6070,0.7279,0.4641,0.4641,TAO,0.2699,0.2851,0.0273
3496,02076.wav,2075,922250656,3.455,0.6674,0.5988,0.7360,0.6061,0.5988,LENT,0.7028,-0.4400,-0.0160
3497,01758.wav,1757,787665862,3.959,0.6673,0.6320,0.7027,0.5558,0.5558,TAO,0.3480,0.2454,0.0229
3498,08000.wav,7999,3600014922,5.835,0.6673,0.6295,0.7052,0.6137,0.6137,TAO,0.5552,-0.0459,-0.0022
3499,01273.wav,1272,566307936,3.091,0.6673,0.6055,0.7291,0.6999,0.6055,LENT,0.7053,-0.0389,-0.0028
3500,00912.wav,911,402237107,6.940,0.6672,0.6365,0.6980,0.4021,0.4021,TAO,0.3199,0.8272,0.0543
3501,03564.wav,3563,1580039278,5.338,0.6672,0.6018,0.7326,0.7047,0.6018,TAO,0.6499,0.0552,-0.0073
3502,03543.wav,3542,1573428532,5.701,0.6672,0.6059,0.7286,0.7341,0.6059,TAO,0.6998,-0.7570,-0.0400
3503,05126.wav,5125,2278821290,2.335,0.6672,0.5919,0.7425,0.6414,0.5919,TAO,0.5158,-0.0676,-0.0081
3504,02535.wav,2534,1117942828,5.646,0.6672,0.5880,0.7463,0.7652,0.5880,TAO,0.6569,-0.6807,-0.0406
3505,07291.wav,7290,3268068203,5.744,0.6671,0.5878,0.7464,0.6010,0.5878,TAO,0.4499,-1.1423,-0.0430
3506,08949.wav,8948,4026632173,5.701,0.6671,0.5997,0.7345,0.7498,0.5997,TAO,0.7256,-0.9128,-0.0398
3507,09021.wav,9020,4055133804,4.867,0.6670,0.6202,0.7139,0.6647,0.6202,TAO,0.6354,-0.3916,-0.0080
3508,00598.wav,597,253538729,5.498,0.6670,0.6223,0.7117,0.5370,0.5370,LENT,0.3501,0.0071,0.0190
3509,09349.wav,9348,4201509813,6.352,0.6670,0.6072,0.7267,0.4530,0.4530,TAO,0.3356,0.2359,0.0284
3510,05410.wav,5409,2407037639,6.697,0.6670,0.6026,0.7314,0.7514,0.6026,TAO,0.6627,-1.1322,-0.0513
3511,02001.wav,2000,892752580,4.288,0.6669,0.6561,0.6777,0.4804,0.4804,LENT,0.2862,0.1551,0.0203
3512,05756.wav,5755,2561376131,6.616,0.6669,0.6140,0.7197,0.5539,0.5539,TAO,0.5020,-0.7698,-0.0249
3513,02320.wav,2319,1023586918,5.999,0.6669,0.6123,0.7215,0.6197,0.6123,TAO,0.5303,-0.5139,-0.0195
3514,04978.wav,4977,2207235667,2.330,0.6668,0.5865,0.7471,0.6061,0.5865,TAO,0.4646,-0.3256,-0.0093
3515,04425.wav,4424,1959726055,2.462,0.6668,0.6339,0.6997,0.6780,0.6339,TAO,0.5374,0.3717,0.0262
3516,08390.wav,8389,3765336924,5.120,0.6668,0.6161,0.7175,0.5763,0.5763,PAT,0.3552,-0.0955,0.0075
3517,08560.wav,8559,3850255121,3.148,0.6667,0.6153,0.7182,0.7115,0.6153,TAO,0.5932,-1.1554,-0.0517
3518,09186.wav,9185,4133088105,7.900,0.6667,0.5933,0.7401,0.6804,0.5933,TAO,0.7427,-0.3209,-0.0126
3519,05696.wav,5695,2535010287,7.186,0.6667,0.6163,0.7170,0.5166,0.5166,TAO,0.4750,-0.8744,-0.0273
3520,05601.wav,5600,2491723890,7.491,0.6666,0.6156,0.7176,0.4496,0.4496,TAO,0.2984,0.1266,0.0236
3521,09286.wav,9285,4178647965,3.271,0.6666,0.5882,0.7449,0.5966,0.5882,TAO,0.4494,-1.2709,-0.0494
3522,02800.wav,2799,1236138402,7.702,0.6665,0.6124,0.7206,0.5958,0.5958,TAO,0.4579,-0.1453,-0.0050
3523,07689.wav,7688,3454231555,3.179,0.6665,0.6273,0.7057,0.5236,0.5236,LENT,0.4402,-0.7568,-0.0225
3524,07489.wav,7488,3371306922,5.764,0.6665,0.6147,0.7183,0.6422,0.6147,TAO,0.5042,0.0507,0.0043
3525,06062.wav,6061,2702766094,4.598,0.6665,0.6168,0.7161,0.5091,0.5091,TAO,0.4668,0.7862,0.0450
3526,03412.wav,3411,1503551307,6.770,0.6664,0.6402,0.6927,0.4255,0.4255,TAO,0.3778,0.5512,0.0433
3527,03801.wav,3800,1680403887,4.579,0.6664,0.5833,0.7495,0.5813,0.5813,TAO,0.5989,0.0518,0.0003
3528,08607.wav,8606,3874530990,5.299,0.6664,0.6128,0.7200,0.6383,0.6128,TAO,0.6190,-0.5548,-0.0251
3529,08932.wav,8931,4016539077,5.022,0.6663,0.6173,0.7154,0.4498,0.4498,PAT,0.3579,-0.0854,0.0139
3530,06300.wav,6299,2812657218,4.489,0.6663,0.6260,0.7066,0.6083,0.6083,TAO,0.5728,-0.5352,-0.0217
3531,01170.wav,1169,516348596,2.556,0.6663,0.5950,0.7376,0.6622,0.5950,TAO,0.5966,-0.4847,-0.0293
3532,07762.wav,7761,3494059436,7.006,0.6663,0.6227,0.7098,0.5843,0.5843,TAO,0.4926,-0.4306,-0.0120
3533,08120.wav,8119,3653160675,6.380,0.6662,0.6265,0.7059,0.5957,0.5957,LENT,0.6705,-0.4021,-0.0106
3534,07479.wav,7478,3365858547,5.034,0.6662,0.5987,0.7337,0.6108,0.5987,TAO,0.5222,-0.8072,-0.0299
3535,02567.wav,2566,1125477063,6.247,0.6662,0.5915,0.7410,0.5462,0.5462,TAO,0.4564,-0.8814,-0.0424
3536,09323.wav,9322,4190605864,6.276,0.6662,0.6264,0.7060,0.5748,0.5748,TAO,0.4660,-0.7938,-0.0256
3537,08606.wav,8605,3874518601,4.573,0.6662,0.6857,0.6466,0.4728,0.4728,PAT,0.3610,1.2277,0.0579
3538,06414.wav,6413,2864185618,7.167,0.6661,0.6400,0.6923,0.6298,0.6298,TAO,0.5519,-0.4106,-0.0185
3539,05556.wav,5555,2473175243,5.446,0.6661,0.6143,0.7178,0.5031,0.5031,TAO,0.4490,-0.9144,-0.0302
3540,00953.wav,952,423895783,4.075,0.6661,0.6030,0.7292,0.7564,0.6030,TAO,0.6876,-0.1040,-0.0085
3541,02440.wav,2439,1074069867,7.062,0.6661,0.6605,0.6717,0.4801,0.4801,TAO,0.3514,0.7870,0.0478
3542,07943.wav,7942,3576832968,6.467,0.6661,0.6075,0.7246,0.4634,0.4634,TAO,0.3467,0.0519,0.0165
3543,03872.wav,3871,1713056877,4.259,0.6661,0.6057,0.7264,0.6320,0.6057,TAO,0.5472,-0.6420,-0.0241
3544,02206.wav,2205,982311020,6.712,0.6660,0.5962,0.7359,0.4924,0.4924,ANCIENT,0.3599,-0.1566,0.0084
3545,00885.wav,884,388938591,5.058,0.6660,0.6088,0.7232,0.6747,0.6088,TAO,0.5306,-1.3669,-0.0562
3546,05229.wav,5228,2323566438,7.203,0.6660,0.5972,0.7348,0.6008,0.5972,TAO,0.5654,-0.4854,-0.0291
3547,00726.wav,725,317937776,5.533,0.6660,0.6062,0.7258,0.5121,0.5121,ANCIENT,0.4959,0.1510,0.0253
3548,01168.wav,1167,514686419,10.436,0.6660,0.6129,0.7191,0.6806,0.6129,TAO,0.6956,-0.5924,-0.0206
3549,04677.wav,4676,2072989956,7.934,0.6660,0.5971,0.7348,0.7605,0.5971,TAO,0.6134,-0.8517,-0.0440
3550,07001.wav,7000,3130588396,3.654,0.6659,0.6023,0.7295,0.4701,0.4701,TAO,0.3884,0.8525,0.0487
3551,04149.wav,4148,1834888423,7.225,0.6659,0.6037,0.7280,0.7339,0.6037,LENT,0.6753,-0.6186,-0.0209
3552,08893.wav,8892,4004777774,6.490,0.6659,0.5785,0.7532,0.5746,0.5746,TAO,0.4732,-0.7741,-0.0298
3553,00966.wav,965,429635240,4.728,0.6658,0.6062,0.7254,0.6059,0.6059,TAO,0.4985,-0.3604,-0.0099
3554,08849.wav,8848,3985257588,2.433,0.6658,0.6144,0.7172,0.5921,0.5921,TAO,0.4829,0.3747,0.0219
3555,01445.wav,1444,636926988,4.162,0.6658,0.6236,0.7079,0.4489,0.4489,TAO,0.3923,0.2439,0.0315
3556,08770.wav,8769,3947444176,5.622,0.6657,0.6090,0.7224,0.5533,0.5533,TAO,0.5407,-0.5617,-0.0239
3557,08081.wav,8080,3634961373,7.500,0.6657,0.5819,0.7495,0.5228,0.5228,TAO,0.3341,-0.7240,-0.0154
3558,03806.wav,3805,1684434998,2.888,0.6657,0.6064,0.7249,0.5029,0.5029,TAO,0.3564,0.4197,0.0269
3559,09273.wav,9272,4170255703,2.886,0.6657,0.6030,0.7283,0.6564,0.6030,TAO,0.5395,-0.9981,-0.0518
3560,06383.wav,6382,2853757933,9.697,0.6656,0.5903,0.7409,0.6659,0.5903,TAO,0.5197,-1.1197,-0.0406
3561,06494.wav,6493,2898763462,7.890,0.6656,0.6367,0.6945,0.7042,0.6367,TAO,0.7286,0.0078,0.0081
3562,00319.wav,318,141104458,7.965,0.6656,0.6273,0.7039,0.5866,0.5866,TAO,0.4909,0.1697,0.0077
3563,04242.wav,4241,1880386284,8.052,0.6655,0.6343,0.6967,0.5102,0.5102,TAO,0.5191,-0.0474,0.0030
3564,07921.wav,7920,3573007797,5.569,0.6654,0.6241,0.7068,0.6515,0.6241,TAO,0.6119,-0.2119,-0.0027
3565,09529.wav,9528,4275458799,6.065,0.6654,0.6113,0.7195,0.5657,0.5657,TAO,0.4109,-0.8989,-0.0304
3566,09261.wav,9260,4165937159,5.707,0.6654,0.6077,0.7232,0.6512,0.6077,TAO,0.7442,0.0482,0.0040
3567,03192.wav,3191,1402068644,10.138,0.6654,0.6061,0.7247,0.6727,0.6061,TAO,0.6121,-0.2730,-0.0171
3568,07059.wav,7058,3156445458,6.552,0.6654,0.6394,0.6914,0.4245,0.4245,TAO,0.3435,0.4542,0.0367
3569,01276.wav,1275,568798883,5.504,0.6654,0.5852,0.7455,0.5838,0.5838,TAO,0.4829,-0.9060,-0.0364
3570,08641.wav,8640,3888437762,8.619,0.6654,0.6186,0.7122,0.6608,0.6186,TAO,0.6850,-0.2640,-0.0101
3571,00533.wav,532,227975270,8.586,0.6654,0.6467,0.6840,0.4059,0.4059,PAT,0.2621,0.4517,0.0379
3572,03966.wav,3965,1753514644,5.677,0.6654,0.6034,0.7273,0.5231,0.5231,TAO,0.4579,-0.4380,-0.0029
3573,00271.wav,270,120999915,3.487,0.6654,0.6171,0.7137,0.5876,0.5876,TAO,0.5335,-0.7488,-0.0371
3574,07607.wav,7606,3422603918,7.984,0.6654,0.5934,0.7373,0.5878,0.5878,TAO,0.4358,-1.3436,-0.0507
3575,01142.wav,1141,504710374,4.409,0.6653,0.6468,0.6838,0.5021,0.5021,TAO,0.3376,0.3687,0.0310
3576,04164.wav,4163,1846410496,4.315,0.6652,0.6219,0.7086,0.6486,0.6219,TAO,0.7061,-0.1813,-0.0013
3577,05267.wav,5266,2345016013,7.219,0.6652,0.6046,0.7258,0.4249,0.4249,TAO,0.3700,0.1038,0.0164
3578,01178.wav,1177,521629906,6.004,0.6652,0.6397,0.6907,0.4418,0.4418,TAO,0.4228,0.5945,0.0428
3579,02071.wav,2070,919718313,6.893,0.6652,0.6413,0.6891,0.4292,0.4292,ANCIENT,0.4197,0.9525,0.0644
3580,06138.wav,6137,2740018310,2.699,0.6652,0.6432,0.6871,0.5665,0.5665,TAO,0.5386,-0.2702,-0.0057
3581,01793.wav,1792,804530673,7.354,0.6652,0.6000,0.7303,0.5335,0.5335,TAO,0.3612,0.2661,0.0193
3582,07992.wav,7991,3598851530,7.001,0.6652,0.6056,0.7248,0.6073,0.6056,TAO,0.5111,-0.2596,-0.0067
3583,08853.wav,8852,3986734508,6.085,0.6651,0.6675,0.6628,0.4188,0.4188,TAO,0.2999,0.4677,0.0408
3584,09496.wav,9495,4263278474,5.077,0.6651,0.6047,0.7254,0.6867,0.6047,TAO,0.6055,-0.0311,-0.0038
3585,05576.wav,5575,2479347409,3.143,0.6651,0.6324,0.6978,0.4598,0.4598,TAO,0.3840,0.6837,0.0409
3586,07321.wav,7320,3284939950,5.970,0.6650,0.5991,0.7310,0.4335,0.4335,LENT,0.3376,-0.2798,0.0087
3587,03146.wav,3145,1380693030,5.759,0.6650,0.6267,0.7034,0.4189,0.4189,TAO,0.3460,0.8096,0.0532
3588,04371.wav,4370,1937297512,4.710,0.6650,0.6126,0.7174,0.5053,0.5053,TAO,0.5050,-0.1040,0.0151
3589,00940.wav,939,415915379,6.156,0.6650,0.5676,0.7624,0.6048,0.5676,TAO,0.3753,-1.1702,-0.0448
3590,05288.wav,5287,2351976104,4.840,0.6650,0.6605,0.6694,0.5551,0.5551,TAO,0.5439,-0.5200,-0.0084
3591,00927.wav,926,409293578,6.045,0.6650,0.6566,0.6733,0.4122,0.4122,TAO,0.3763,0.8344,0.0574
3592,00358.wav,357,153106337,9.049,0.6649,0.6071,0.7228,0.7323,0.6071,TAO,0.6832,-0.2950,-0.0139
3593,07306.wav,7305,3273124553,6.053,0.6649,0.6100,0.7198,0.5692,0.5692,TAO,0.4915,-0.2598,-0.0175
3594,09374.wav,9373,4213035428,5.165,0.6649,0.6458,0.6840,0.6144,0.6144,TAO,0.6641,-0.0067,0.0065
3595,05645.wav,5644,2510783740,5.452,0.6649,0.6189,0.7109,0.6452,0.6189,TAO,0.6565,-0.0160,0.0042
3596,03696.wav,3695,1630386661,8.065,0.6649,0.6186,0.7112,0.4569,0.4569,TAO,0.3490,0.1795,0.0287
3597,07963.wav,7962,3591152111,3.723,0.6649,0.6371,0.6927,0.7153,0.6371,TAO,0.5536,-0.2747,-0.0106
3598,02294.wav,2293,1016972275,5.694,0.6649,0.6279,0.7019,0.5977,0.5977,TAO,0.6539,-0.4101,-0.0115
3599,05064.wav,5063,2248035301,4.565,0.6649,0.6124,0.7173,0.7273,0.6124,TAO,0.7173,-0.3159,-0.0121
3600,05307.wav,5306,2362935795,6.311,0.6649,0.5950,0.7347,0.4715,0.4715,TAO,0.4779,0.2513,0.0245
3601,02929.wav,2928,1298083661,7.013,0.6648,0.6030,0.7266,0.5678,0.5678,TAO,0.5730,-0.0710,-0.0026
3602,06038.wav,6037,2691665135,5.638,0.6648,0.6175,0.7121,0.6022,0.6022,TAO,0.4124,-0.6261,-0.0198
3603,03331.wav,3330,1464340041,4.569,0.6647,0.6118,0.7177,0.7190,0.6118,TAO,0.6755,-0.0134,-0.0074
3604,04258.wav,4257,1887237606,3.529,0.6647,0.5983,0.7311,0.6764,0.5983,TAO,0.5404,-0.6067,-0.0306
3605,01816.wav,1815,812612497,8.247,0.6647,0.6283,0.7011,0.6310,0.6283,TAO,0.7202,-0.3918,-0.0112
3606,09241.wav,9240,4158260560,5.363,0.6647,0.6580,0.6714,0.5244,0.5244,TAO,0.4137,-0.1520,0.0100
3607,02135.wav,2134,949148606,4.486,0.6647,0.6391,0.6903,0.4366,0.4366,TAO,0.3192,0.2487,0.0284
3608,05034.wav,5033,2234368084,4.909,0.6646,0.5972,0.7321,0.7107,0.5972,TAO,0.6545,-0.2113,-0.0179
3609,00612.wav,611,261913614,8.130,0.6646,0.6559,0.6734,0.5433,0.5433,TAO,0.3946,0.7466,0.0462
3610,04445.wav,4444,1966795588,6.166,0.6646,0.6353,0.6939,0.6005,0.6005,TAO,0.5161,0.3834,0.0223
3611,00613.wav,612,262303597,7.316,0.6646,0.6468,0.6825,0.6287,0.6287,PAT,0.4636,-0.3524,-0.0104
3612,08530.wav,8529,3832041736,4.759,0.6645,0.5869,0.7422,0.7038,0.5869,TAO,0.6102,-0.4290,-0.0261
3613,01932.wav,1931,866375074,5.162,0.6645,0.5890,0.7400,0.5406,0.5406,TAO,0.4451,-0.8231,-0.0249
3614,07322.wav,7321,3285158834,6.281,0.6645,0.6587,0.6704,0.4108,0.4108,TAO,0.3032,1.0373,0.0603
3615,04478.wav,4477,1981538037,3.814,0.6645,0.6808,0.6482,0.4749,0.4749,PAT,0.3339,1.4398,0.0734
3616,02450.wav,2449,1081191918,2.951,0.6645,0.5922,0.7369,0.5594,0.5594,TAO,0.4263,-1.2274,-0.0430
3617,07569.wav,7568,3406487413,5.884,0.6645,0.6098,0.7192,0.4504,0.4504,TAO,0.3452,-0.1568,0.0103
3618,08643.wav,8642,3889963561,5.698,0.6645,0.6034,0.7257,0.5766,0.5766,TAO,0.4614,-0.4295,-0.0261
3619,08859.wav,8858,3987906027,7.278,0.6645,0.5871,0.7419,0.7552,0.5871,TAO,0.6158,-0.8938,-0.0467
3620,01448.wav,1447,638144838,4.932,0.6645,0.5999,0.7291,0.7041,0.5999,TAO,0.6865,-0.4982,-0.0276
3621,07989.wav,7988,3597688138,9.536,0.6645,0.6064,0.7225,0.5599,0.5599,TAO,0.3843,-0.8191,-0.0160
3622,08675.wav,8674,3905584135,5.722,0.6644,0.6277,0.7011,0.5011,0.5011,TAO,0.4758,-0.8293,-0.0203
3623,07741.wav,7740,3486414738,8.174,0.6644,0.6144,0.7144,0.5944,0.5944,TAO,0.5204,-0.8899,-0.0358
3624,08037.wav,8036,3619042354,6.732,0.6644,0.6780,0.6508,0.4081,0.4081,TAO,0.3043,1.0761,0.0667
3625,06262.wav,6261,2798695377,2.080,0.6644,0.6475,0.6812,0.4999,0.4999,TAO,0.4957,0.9835,0.0536
3626,05489.wav,5488,2442273872,2.427,0.6643,0.6209,0.7078,0.6964,0.6209,TAO,0.6038,0.8125,0.0381
3627,05040.wav,5039,2238233418,4.945,0.6643,0.6213,0.7073,0.4730,0.4730,LENT,0.3615,0.4033,0.0350
3628,04924.wav,4923,2188796462,8.613,0.6643,0.6139,0.7146,0.6131,0.6131,TAO,0.4941,-0.9009,-0.0377
3629,09129.wav,9128,4109159887,13.797,0.6643,0.5966,0.7319,0.7688,0.5966,TAO,0.6391,-1.0846,-0.0524
3630,04076.wav,4075,1806017449,5.845,0.6642,0.6223,0.7062,0.6040,0.6040,TAO,0.6321,-0.6353,-0.0162
3631,08604.wav,8603,3874251122,7.639,0.6642,0.6054,0.7230,0.7238,0.6054,TAO,0.6934,-0.9979,-0.0502
3632,08908.wav,8907,4010561411,9.167,0.6642,0.6401,0.6883,0.5093,0.5093,TAO,0.4373,0.1338,0.0291
3633,06851.wav,6850,3059297041,4.885,0.6642,0.6161,0.7122,0.4494,0.4494,TAO,0.3011,0.2859,0.0255
3634,07492.wav,7491,3372805576,5.157,0.6641,0.6273,0.7009,0.5520,0.5520,TAO,0.4999,-1.0197,-0.0345
3635,01971.wav,1970,883130443,3.984,0.6641,0.5968,0.7314,0.6517,0.5968,TAO,0.6165,-0.7116,-0.0296
3636,05981.wav,5980,2663477606,4.932,0.6641,0.6307,0.6974,0.5474,0.5474,TAO,0.5241,0.5750,0.0267
3637,06982.wav,6981,3120087492,8.672,0.6640,0.5958,0.7323,0.5148,0.5148,TAO,0.4315,-0.5573,-0.0049
3638,08380.wav,8379,3760224832,6.376,0.6640,0.5821,0.7460,0.7014,0.5821,TAO,0.5576,-0.3326,-0.0222
3639,05447.wav,5446,2423891909,8.037,0.6640,0.6379,0.6902,0.6525,0.6379,TAO,0.6621,-0.3919,-0.0147
3640,03463.wav,3462,1532553637,7.880,0.6640,0.6049,0.7231,0.7000,0.6049,TAO,0.7250,-0.5588,-0.0246
3641,05643.wav,5642,2508885846,7.407,0.6640,0.6177,0.7102,0.5976,0.5976,TAO,0.7235,-0.4881,-0.0176
3642,03429.wav,3428,1512401720,5.969,0.6640,0.6401,0.6878,0.4494,0.4494,PAT,0.3505,0.3816,0.0273
3643,08499.wav,8498,3820909646,7.336,0.6640,0.6078,0.7201,0.6309,0.6078,TAO,0.6199,0.3230,0.0135
3644,05261.wav,5260,2344612968,4.004,0.6640,0.5956,0.7324,0.4661,0.4661,TAO,0.3841,0.7539,0.0486
3645,05788.wav,5787,2576914408,11.205,0.6638,0.6200,0.7077,0.6666,0.6200,TAO,0.7856,-0.1550,0.0035
3646,06710.wav,6709,2991168936,5.689,0.6638,0.5926,0.7351,0.6376,0.5926,TAO,0.4815,-1.1822,-0.0472
3647,06154.wav,6153,2748767595,7.157,0.6638,0.5999,0.7277,0.4252,0.4252,TAO,0.3188,0.8830,0.0572
3648,01661.wav,1660,737319500,7.503,0.6638,0.5895,0.7380,0.5082,0.5082,TAO,0.3471,-0.4604,-0.0056
3649,04355.wav,4354,1929665876,5.852,0.6637,0.5817,0.7458,0.7725,0.5817,TAO,0.6105,-0.7702,-0.0400
3650,06512.wav,6511,2904523944,5.532,0.6637,0.6335,0.6940,0.6597,0.6335,TAO,0.5064,-0.1517,-0.0100
3651,03308.wav,3307,1452052168,2.598,0.6637,0.5928,0.7347,0.5792,0.5792,TAO,0.4273,-0.4825,-0.0152
3652,07495.wav,7494,3373140838,5.202,0.6637,0.6381,0.6893,0.4729,0.4729,TAO,0.4148,0.4864,0.0437
3653,01598.wav,1597,702586434,10.912,0.6637,0.6220,0.7054,0.5782,0.5782,ANCIENT,0.6842,0.0294,0.0192
3654,01984.wav,1983,885835786,3.432,0.6637,0.5908,0.7366,0.5538,0.5538,TAO,0.4587,-0.8285,-0.0298
3655,03894.wav,3893,1724833136,5.077,0.6637,0.5720,0.7553,0.5681,0.5681,TAO,0.3610,-0.5108,-0.0215
3656,01017.wav,1016,448313327,3.045,0.6636,0.6303,0.6969,0.4669,0.4669,TAO,0.3436,0.5777,0.0405
3657,06210.wav,6209,2777930409,10.753,0.6636,0.5888,0.7384,0.7112,0.5888,TAO,0.6840,-0.9461,-0.0481
3658,00647.wav,646,277439371,3.484,0.6636,0.5981,0.7291,0.6960,0.5981,TAO,0.5532,-0.2205,-0.0059
3659,08127.wav,8126,3655609963,7.129,0.6636,0.5721,0.7551,0.6945,0.5721,TAO,0.5509,-1.1887,-0.0589
3660,04777.wav,4776,2122830978,6.745,0.6636,0.6121,0.7150,0.6073,0.6073,TAO,0.7495,-0.4335,-0.0087
3661,03226.wav,3225,1416967036,4.666,0.6636,0.5891,0.7380,0.6147,0.5891,TAO,0.4896,-0.5148,-0.0270
3662,03392.wav,3391,1494414155,8.644,0.6635,0.6113,0.7157,0.5568,0.5568,TAO,0.5831,-0.0791,0.0033
3663,05134.wav,5133,2285209635,2.563,0.6635,0.5885,0.7385,0.7031,0.5885,TAO,0.4386,-0.5734,-0.0178
3664,04744.wav,4743,2109574763,5.014,0.6635,0.6396,0.6874,0.5941,0.5941,TAO,0.6127,-0.2489,-0.0052
3665,06892.wav,6891,3081138378,4.839,0.6635,0.6243,0.7026,0.3869,0.3869,TAO,0.2839,0.5919,0.0334
3666,02653.wav,2652,1169944429,2.687,0.6634,0.6148,0.7121,0.6660,0.6148,TAO,0.5001,0.4117,0.0250
3667,02905.wav,2904,1287829596,3.794,0.6634,0.6232,0.7036,0.5778,0.5778,TAO,0.5506,0.4506,0.0207
3668,01147.wav,1146,505038700,8.451,0.6634,0.6212,0.7056,0.4078,0.4078,TAO,0.4097,0.7447,0.0497
3669,03440.wav,3439,1522117453,8.089,0.6633,0.5866,0.7401,0.6169,0.5866,TAO,0.5389,-0.6784,-0.0390
3670,06747.wav,6746,3009443978,6.481,0.6633,0.6229,0.7038,0.3836,0.3836,PAT,0.2698,0.8790,0.0499
3671,04654.wav,4653,2065914508,10.331,0.6633,0.6302,0.6964,0.6047,0.6047,TAO,0.5621,0.2839,0.0164
3672,01513.wav,1512,664392904,3.953,0.6633,0.5802,0.7465,0.6776,0.5802,TAO,0.5827,-1.0236,-0.0498
3673,03292.wav,3291,1447007859,2.764,0.6633,0.6657,0.6608,0.5285,0.5285,TAO,0.4383,0.6355,0.0424
3674,04352.wav,4351,1926532871,3.781,0.6632,0.6351,0.6914,0.5982,0.5982,LENT,0.4671,-0.1584,-0.0069
3675,04934.wav,4933,2190609738,5.135,0.6632,0.6078,0.7187,0.4599,0.4599,TAO,0.3036,0.1995,0.0197
3676,03426.wav,3425,1510262955,7.193,0.6632,0.6448,0.6816,0.5034,0.5034,TAO,0.4389,0.8434,0.0544
3677,06199.wav,6198,2772947757,4.038,0.6631,0.6073,0.7189,0.5563,0.5563,TAO,0.4816,0.4241,0.0272
3678,07746.wav,7745,3487525930,3.577,0.6631,0.6003,0.7259,0.6769,0.6003,TAO,0.7633,-0.1292,-0.0104
3679,07302.wav,7301,3271079331,6.677,0.6631,0.5972,0.7291,0.5751,0.5751,TAO,0.5289,-0.4401,-0.0269
3680,02696.wav,2695,1191388847,7.294,0.6631,0.5930,0.7331,0.6777,0.5930,TAO,0.4740,-0.8918,-0.0442
3681,07238.wav,7237,3242559465,5.365,0.6630,0.6045,0.7215,0.5928,0.5928,TAO,0.3594,-0.5141,-0.0125
3682,05627.wav,5626,2503488387,9.408,0.6630,0.6459,0.6801,0.5695,0.5695,TAO,0.5219,-0.2775,-0.0041
3683,05291.wav,5290,2353824103,3.797,0.6630,0.6174,0.7085,0.4773,0.4773,ANCIENT,0.4505,0.7138,0.0453
3684,06562.wav,6561,2930508946,5.888,0.6630,0.6074,0.7185,0.3935,0.3935,TAO,0.3247,0.3828,0.0338
3685,04237.wav,4236,1879129969,6.965,0.6629,0.5987,0.7272,0.4973,0.4973,TAO,0.3342,-0.8026,-0.0287
3686,06676.wav,6675,2978612911,5.705,0.6629,0.5912,0.7346,0.7815,0.5912,TAO,0.7028,-1.0274,-0.0504
3687,04599.wav,4598,2037022592,3.215,0.6629,0.6242,0.7017,0.6349,0.6242,TAO,0.5119,-0.6037,-0.0283
3688,04348.wav,4347,1924608505,4.863,0.6629,0.6042,0.7216,0.5857,0.5857,LENT,0.4332,0.6284,0.0250
3689,06544.wav,6543,2920301103,7.059,0.6629,0.6409,0.6849,0.5971,0.5971,TAO,0.5689,-0.4789,-0.0129
3690,05066.wav,5065,2249305286,4.750,0.6629,0.6008,0.7249,0.6591,0.6008,LENT,0.5505,-0.7334,-0.0321
3691,05388.wav,5387,2394817897,5.572,0.6629,0.5954,0.7303,0.6700,0.5954,TAO,0.7029,-0.1726,-0.0057
3692,03428.wav,3427,1511813493,5.638,0.6629,0.6158,0.7099,0.7121,0.6158,TAO,0.7041,-0.4480,-0.0166
3693,08021.wav,8020,3612648187,8.287,0.6628,0.6366,0.6891,0.6136,0.6136,TAO,0.5879,-0.4290,-0.0100
3694,00645.wav,644,276556520,8.695,0.6628,0.6155,0.7102,0.5808,0.5808,TAO,0.4060,-0.5749,-0.0207
3695,06482.wav,6481,2894041538,6.732,0.6628,0.6095,0.7161,0.5618,0.5618,TAO,0.4492,-0.0783,0.0221
3696,03464.wav,3463,1532773542,4.292,0.6628,0.5963,0.7293,0.6404,0.5963,TAO,0.5928,-0.6430,-0.0278
3697,07925.wav,7924,3574280364,10.170,0.6628,0.6223,0.7033,0.6565,0.6223,TAO,0.7313,-0.6112,-0.0203
3698,03073.wav,3072,1353391014,6.161,0.6627,0.5817,0.7438,0.4584,0.4584,TAO,0.4013,-0.3895,-0.0054
3699,07276.wav,7275,3261753581,7.649,0.6627,0.6260,0.6995,0.7038,0.6260,TAO,0.7494,-0.0227,-0.0013
3700,04974.wav,4973,2206498860,3.368,0.6627,0.6246,0.7009,0.5380,0.5380,TAO,0.4268,0.0156,0.0171
3701,01014.wav,1013,448074445,2.177,0.6627,0.6486,0.6768,0.6045,0.6045,TAO,0.5101,1.2298,0.0549
3702,02425.wav,2424,1069375661,6.728,0.6627,0.5959,0.7295,0.5197,0.5197,TAO,0.3967,-0.5930,-0.0279
3703,00644.wav,643,276514861,5.641,0.6626,0.6444,0.6809,0.5851,0.5851,TAO,0.6305,0.0800,0.0086
3704,06126.wav,6125,2734112169,4.171,0.6626,0.5805,0.7448,0.6379,0.5805,TAO,0.3599,-0.0610,-0.0045
3705,05070.wav,5069,2252576363,4.690,0.6626,0.6088,0.7163,0.6297,0.6088,TAO,0.6415,0.3218,0.0175
3706,01965.wav,1964,879509427,4.448,0.6625,0.6151,0.7099,0.4335,0.4335,TAO,0.3187,0.3989,0.0334
3707,02667.wav,2666,1176884522,6.565,0.6625,0.5802,0.7449,0.6385,0.5802,TAO,0.5961,-0.3349,-0.0164
3708,04039.wav,4038,1786209293,4.948,0.6625,0.5796,0.7454,0.6122,0.5796,LENT,0.6082,-0.4906,-0.0182
3709,02706.wav,2705,1195214285,3.268,0.6625,0.6375,0.6875,0.6974,0.6375,TAO,0.5547,0.3961,0.0154
3710,07816.wav,7815,3518978926,6.917,0.6625,0.6460,0.6789,0.5411,0.5411,LENT,0.4689,-0.1774,0.0129
3711,05642.wav,5641,2508831125,6.742,0.6625,0.6336,0.6913,0.5772,0.5772,TAO,0.6640,-0.2312,0.0019
3712,07619.wav,7618,3426581215,7.365,0.6625,0.6281,0.6968,0.5117,0.5117,TAO,0.4997,-0.5368,-0.0046
3713,07796.wav,7795,3511095346,4.778,0.6625,0.6575,0.6674,0.4301,0.4301,TAO,0.4072,0.8902,0.0539
3714,00881.wav,880,385003711,5.993,0.6625,0.5954,0.7295,0.4859,0.4859,TAO,0.3407,-0.4283,-0.0061
3715,08225.wav,8224,3691491665,8.523,0.6624,0.6184,0.7064,0.5196,0.5196,TAO,0.5750,-0.0702,0.0028
3716,00222.wav,221,98402155,5.633,0.6624,0.5862,0.7387,0.6396,0.5862,TAO,0.4518,-1.4570,-0.0654
3717,08469.wav,8468,3807641669,7.879,0.6624,0.6442,0.6806,0.5232,0.5232,TAO,0.5218,-0.2907,-0.0049
3718,01311.wav,1310,583192745,8.955,0.6623,0.6168,0.7079,0.6457,0.6168,TAO,0.6511,-0.4269,-0.0174
3719,07674.wav,7673,3451404325,4.149,0.6623,0.6056,0.7190,0.6852,0.6056,TAO,0.6873,-0.4769,-0.0213
3720,03700.wav,3699,1630789706,5.026,0.6623,0.6028,0.7218,0.4165,0.4165,TAO,0.3129,0.3995,0.0364
3721,06474.wav,6473,2891769475,9.023,0.6623,0.5858,0.7388,0.7791,0.5858,TAO,0.6428,-0.8998,-0.0456
3722,04238.wav,4237,1879180815,3.967,0.6623,0.5935,0.7311,0.6150,0.5935,TAO,0.4541,-1.2977,-0.0542
3723,04173.wav,4172,1851162486,3.476,0.6623,0.6202,0.7043,0.5891,0.5891,TAO,0.3642,0.0637,0.0070
3724,04723.wav,4722,2097910467,3.267,0.6623,0.6367,0.6878,0.5679,0.5679,TAO,0.4572,-0.1248,0.0032
3725,04870.wav,4869,2164677957,7.021,0.6623,0.6154,0.7091,0.4445,0.4445,PAT,0.3981,0.6475,0.0471
3726,03666.wav,3665,1613863238,6.602,0.6622,0.5922,0.7323,0.6448,0.5922,TAO,0.5798,-0.7423,-0.0309
3727,05714.wav,5713,2546381359,6.540,0.6622,0.6138,0.7107,0.6379,0.6138,TAO,0.5745,-0.5126,-0.0231
3728,05899.wav,5898,2633953382,4.117,0.6622,0.6102,0.7141,0.6751,0.6102,TAO,0.6956,-0.6011,-0.0189
3729,03101.wav,3100,1364569589,3.464,0.6622,0.6461,0.6782,0.5474,0.5474,TAO,0.4429,0.3830,0.0353
3730,07574.wav,7573,3407945429,2.796,0.6621,0.6146,0.7097,0.5085,0.5085,LENT,0.4707,0.2209,0.0201
3731,09479.wav,9478,4256319404,5.085,0.6621,0.6398,0.6844,0.4903,0.4903,TAO,0.3203,0.6677,0.0407
3732,02272.wav,2271,1008334766,5.415,0.6621,0.5977,0.7266,0.7555,0.5977,TAO,0.6675,-0.4947,-0.0296
3733,05352.wav,5351,2376136268,6.497,0.6621,0.5825,0.7416,0.7122,0.5825,TAO,0.6965,-0.2705,-0.0156
3734,01999.wav,1998,892581481,5.659,0.6621,0.6101,0.7141,0.5825,0.5825,TAO,0.4285,-0.8937,-0.0260
3735,08595.wav,8594,3864202879,6.079,0.6621,0.6270,0.6972,0.5506,0.5506,ANCIENT,0.7121,-0.1724,0.0010
3736,02405.wav,2404,1063045456,6.425,0.6620,0.5911,0.7330,0.5735,0.5735,TAO,0.5123,-1.0390,-0.0373
3737,06623.wav,6622,2958071242,7.602,0.6620,0.5972,0.7269,0.5234,0.5234,TAO,0.5158,-0.6512,-0.0165
3738,00779.wav,778,343575954,5.105,0.6620,0.6220,0.7021,0.4913,0.4913,TAO,0.4135,0.5629,0.0451
3739,02474.wav,2473,1094063205,8.506,0.6620,0.5880,0.7360,0.5957,0.5880,TAO,0.5519,-0.8505,-0.0349
3740,07259.wav,7258,3252487725,6.366,0.6620,0.6034,0.7205,0.6945,0.6034,TAO,0.7639,-0.2023,-0.0094
3741,04867.wav,4866,2162364235,8.927,0.6619,0.6222,0.7017,0.6195,0.6195,TAO,0.7433,-0.0495,0.0055
3742,05136.wav,5135,2287867597,4.712,0.6619,0.5820,0.7418,0.5153,0.5153,TAO,0.3202,0.0366,0.0111
3743,02899.wav,2898,1281444670,3.106,0.6619,0.6419,0.6819,0.3591,0.3591,TAO,0.2993,0.9233,0.0575
3744,08838.wav,8837,3975628022,6.068,0.6619,0.6497,0.6741,0.4533,0.4533,LENT,0.3797,0.6120,0.0423
3745,03159.wav,3158,1386708613,3.564,0.6619,0.5997,0.7240,0.7066,0.5997,TAO,0.5522,-0.6490,-0.0224
3746,01073.wav,1072,472641196,5.247,0.6619,0.6090,0.7147,0.6783,0.6090,LENT,0.7818,-0.5175,-0.0227
3747,01382.wav,1381,609331369,4.483,0.6619,0.6003,0.7234,0.5079,0.5079,TAO,0.4630,-0.8537,-0.0218
3748,02353.wav,2352,1041026894,2.791,0.6619,0.6360,0.6877,0.4247,0.4247,PAT,0.3738,1.2803,0.0612
3749,08384.wav,8383,3761956453,3.317,0.6619,0.5640,0.7597,0.7611,0.5640,TAO,0.5775,-0.4606,-0.0250
3750,04142.wav,4141,1833722510,4.181,0.6618,0.6130,0.7107,0.7470,0.6130,TAO,0.6408,-0.3798,-0.0211
3751,06724.wav,6723,3000506448,3.876,0.6618,0.6772,0.6464,0.4877,0.4877,TAO,0.3577,0.5887,0.0277
3752,08008.wav,8007,3604189442,3.872,0.6618,0.5864,0.7372,0.7332,0.5864,TAO,0.6199,-0.3585,-0.0237
3753,05218.wav,5217,2320890572,7.155,0.6618,0.6100,0.7136,0.4368,0.4368,TAO,0.3177,0.2979,0.0338
3754,04435.wav,4434,1962914671,10.280,0.6618,0.5789,0.7446,0.5717,0.5717,TAO,0.3973,-1.0333,-0.0429
3755,05473.wav,5472,2432759135,9.159,0.6617,0.6444,0.6790,0.4304,0.4304,ANCIENT,0.5203,0.2171,0.0318
3756,03777.wav,3776,1671247473,8.789,0.6617,0.6786,0.6447,0.3792,0.3792,TAO,0.2739,0.8524,0.0603
3757,02805.wav,2804,1237924977,102.026,0.6617,0.6167,0.7066,0.5655,0.5655,TAO,0.5128,-1.0546,-0.0431
3758,07453.wav,7452,3351807179,7.495,0.6617,0.6785,0.6448,0.4191,0.4191,TAO,0.3731,1.0473,0.0707
3759,08542.wav,8541,3841075646,7.006,0.6616,0.5858,0.7374,0.6786,0.5858,TAO,0.6307,-0.6369,-0.0299
3760,00008.wav,7,2628006,6.103,0.6616,0.6084,0.7148,0.6116,0.6084,TAO,0.5419,-0.5548,-0.0258
3761,02514.wav,2513,1107177560,5.767,0.6616,0.6354,0.6878,0.4515,0.4515,TAO,0.4576,0.0217,0.0201
3762,06477.wav,6476,2892693985,5.777,0.6616,0.6074,0.7158,0.6622,0.6074,TAO,0.6581,0.1252,-0.0012
3763,08736.wav,8735,3931571658,2.708,0.6616,0.5930,0.7302,0.6616,0.5930,TAO,0.5035,-0.0568,-0.0009
3764,05927.wav,5926,2648902411,6.596,0.6616,0.6266,0.6966,0.6395,0.6266,TAO,0.7422,-0.4304,-0.0086
3765,07382.wav,7381,3315300879,5.512,0.6616,0.6333,0.6899,0.6256,0.6256,TAO,0.7856,-0.3444,-0.0077
3766,00400.wav,399,172628779,12.093,0.6615,0.6408,0.6823,0.6544,0.6408,TAO,0.7139,-0.1181,-0.0049
3767,07631.wav,7630,3432050872,6.289,0.6615,0.6168,0.7063,0.4833,0.4833,PAT,0.3203,0.3903,0.0224
3768,09051.wav,9050,4071451405,8.875,0.6615,0.6163,0.7067,0.6547,0.6163,TAO,0.6452,-0.1338,-0.0028
3769,08509.wav,8508,3825656810,3.201,0.6615,0.6572,0.6658,0.5799,0.5799,TAO,0.3677,0.1555,0.0120
3770,07468.wav,7467,3361495080,1.808,0.6614,0.5994,0.7235,0.7107,0.5994,TAO,0.4840,-0.7252,-0.0353
3771,08876.wav,8875,3997653520,7.439,0.6614,0.6459,0.6770,0.4397,0.4397,TAO,0.4176,0.8784,0.0558
3772,03070.wav,3069,1353097411,9.423,0.6614,0.5822,0.7407,0.7362,0.5822,TAO,0.6694,-0.5394,-0.0270
3773,02209.wav,2208,983651637,4.724,0.6614,0.6010,0.7218,0.6707,0.6010,TAO,0.6921,-0.5559,-0.0235
3774,00582.wav,581,250255211,4.979,0.6614,0.6186,0.7042,0.4546,0.4546,ANCIENT,0.3394,0.1008,0.0210
3775,05821.wav,5820,2591604657,2.192,0.6614,0.6138,0.7090,0.6425,0.6138,TAO,0.5235,-0.1470,-0.0075
3776,00989.wav,988,433180137,7.142,0.6614,0.6135,0.7092,0.4469,0.4469,TAO,0.3810,0.2246,0.0280
3777,06642.wav,6641,2961964463,4.571,0.6614,0.6239,0.6989,0.4299,0.4299,TAO,0.2916,0.3911,0.0344
3778,00220.wav,219,98147308,6.137,0.6614,0.6483,0.6744,0.5283,0.5283,TAO,0.4380,0.1455,0.0152
3779,08489.wav,8488,3816688721,2.382,0.6614,0.5898,0.7329,0.7034,0.5898,TAO,0.5882,-0.6232,-0.0353
3780,08611.wav,8610,3875749776,6.299,0.6613,0.6242,0.6985,0.6643,0.6242,TAO,0.5947,0.1560,0.0050
3781,07235.wav,7234,3241177189,7.317,0.6613,0.5978,0.7249,0.5178,0.5178,TAO,0.3265,-0.8394,-0.0259
3782,07595.wav,7594,3420558696,4.209,0.6613,0.5941,0.7285,0.6872,0.5941,TAO,0.6070,-0.3236,-0.0150
3783,06207.wav,6206,2776560437,2.185,0.6613,0.6178,0.7049,0.6891,0.6178,TAO,0.5104,0.6620,0.0216
3784,02740.wav,2739,1210122408,6.196,0.6613,0.6036,0.7190,0.6336,0.6036,TAO,0.6568,-0.0967,-0.0046
3785,06657.wav,6656,2966714148,2.398,0.6613,0.5962,0.7264,0.5886,0.5886,TAO,0.6144,-0.3083,-0.0043
3786,03313.wav,3312,1454248491,4.346,0.6613,0.6146,0.7080,0.4579,0.4579,TAO,0.3495,0.0459,0.0164
3787,05600.wav,5599,2491669169,5.719,0.6613,0.6205,0.7020,0.6146,0.6146,TAO,0.6556,-0.1838,0.0068
3788,00788.wav,787,348729705,6.233,0.6612,0.6190,0.7035,0.4838,0.4838,TAO,0.3918,-0.6394,-0.0157
3789,01004.wav,1003,442163889,8.897,0.6612,0.6349,0.6875,0.5082,0.5082,PAT,0.4311,-0.1509,0.0021
3790,09353.wav,9352,4205917300,6.156,0.6612,0.5843,0.7382,0.5802,0.5802,TAO,0.4530,-0.7893,-0.0370
3791,01156.wav,1155,510616515,7.415,0.6612,0.6402,0.6823,0.5825,0.5825,TAO,0.4345,-0.4932,-0.0097
3792,02292.wav,2291,1015999462,8.568,0.6612,0.6128,0.7097,0.6490,0.6128,TAO,0.6114,-0.0283,-0.0008
3793,06266.wav,6265,2801244587,4.949,0.6612,0.6031,0.7193,0.7063,0.6031,TAO,0.5637,-0.2368,-0.0148
3794,04289.wav,4288,1900393620,6.944,0.6612,0.6104,0.7120,0.4230,0.4230,TAO,0.3611,0.5557,0.0423
3795,08822.wav,8821,3965995344,5.486,0.6612,0.6185,0.7038,0.6772,0.6185,TAO,0.6419,-0.3708,-0.0159
3796,02629.wav,2628,1153004899,8.882,0.6612,0.6009,0.7214,0.4335,0.4335,TAO,0.2764,0.6205,0.0414
3797,08306.wav,8305,3727544266,3.674,0.6611,0.5950,0.7273,0.6789,0.5950,TAO,0.6396,0.1881,0.0034
3798,01510.wav,1509,663565795,4.095,0.6610,0.5927,0.7293,0.6096,0.5927,TAO,0.5096,-0.5111,-0.0132
3799,06871.wav,6870,3066353512,4.228,0.6610,0.6572,0.6648,0.5201,0.5201,TAO,0.4807,-0.0256,0.0152
3800,04584.wav,4583,2034629069,7.853,0.6610,0.5691,0.7528,0.6417,0.5691,TAO,0.6402,-0.8773,-0.0362
3801,09016.wav,9015,4054160009,6.698,0.6609,0.5650,0.7569,0.5050,0.5050,TAO,0.3628,0.2567,0.0259
3802,08913.wav,8912,4012018406,4.004,0.6609,0.6056,0.7163,0.7300,0.6056,TAO,0.5987,-0.5971,-0.0245
3803,09086.wav,9085,4086278472,4.248,0.6609,0.5911,0.7306,0.6373,0.5911,TAO,0.4637,-1.1994,-0.0514
3804,02154.wav,2153,958718064,2.364,0.6608,0.6277,0.6940,0.5230,0.5230,TAO,0.3683,0.3800,0.0168
3805,09456.wav,9455,4246003682,3.260,0.6608,0.6294,0.6921,0.6202,0.6202,LENT,0.5933,-0.4163,-0.0129
3806,04140.wav,4139,1832416947,6.208,0.6608,0.6180,0.7035,0.5539,0.5539,TAO,0.3844,-0.7782,-0.0248
3807,00970.wav,969,430223467,6.396,0.6607,0.6483,0.6732,0.5131,0.5131,TAO,0.4130,-0.2147,0.0048
3808,08309.wav,8308,3727642146,9.070,0.6606,0.6280,0.6933,0.5820,0.5820,PAT,0.5159,-0.3123,-0.0022
3809,01901.wav,1900,849338143,8.590,0.6606,0.6183,0.7029,0.5992,0.5992,TAO,0.6222,-0.4755,-0.0113
3810,00847.wav,846,374457327,5.417,0.6606,0.6126,0.7085,0.5373,0.5373,TAO,0.4750,-0.6497,-0.0225
3811,07296.wav,7295,3268939492,8.481,0.6606,0.6223,0.6988,0.6561,0.6223,TAO,0.7587,-0.3693,-0.0105
3812,06306.wav,6305,2817018204,4.332,0.6605,0.6332,0.6878,0.4269,0.4269,TAO,0.3474,1.0372,0.0604
3813,00783.wav,782,344904530,1.966,0.6605,0.5995,0.7216,0.6674,0.5995,TAO,0.5816,0.0122,-0.0013
3814,09317.wav,9316,4190030699,4.681,0.6605,0.5901,0.7309,0.7711,0.5901,TAO,0.6637,-1.1061,-0.0530
3815,06931.wav,6930,3095221702,7.097,0.6605,0.6299,0.6911,0.6708,0.6299,TAO,0.6602,-0.3463,-0.0099
3816,04630.wav,4629,2053529582,8.731,0.6604,0.5904,0.7305,0.6917,0.5904,TAO,0.7293,0.0696,-0.0004
3817,08326.wav,8325,3729966409,10.355,0.6604,0.6086,0.7123,0.6545,0.6086,RYZA,0.6625,0.1441,0.0132
3818,04866.wav,4865,2162254793,8.920,0.6604,0.6072,0.7136,0.7555,0.6072,TAO,0.6498,-0.4171,-0.0187
3819,04120.wav,4119,1825380143,4.338,0.6604,0.6052,0.7155,0.4790,0.4790,PAT,0.3565,0.1279,0.0108
3820,07536.wav,7535,3390713796,9.555,0.6603,0.6364,0.6843,0.5776,0.5776,PAT,0.4636,-0.0953,-0.0037
3821,08320.wav,8319,3729357732,4.485,0.6603,0.6146,0.7061,0.7000,0.6146,TAO,0.7576,0.1608,0.0085
3822,06054.wav,6053,2700494031,6.976,0.6603,0.6406,0.6801,0.6830,0.6406,TAO,0.5738,-0.6853,-0.0274
3823,00786.wav,785,347928720,5.171,0.6603,0.5959,0.7246,0.5639,0.5639,TAO,0.5777,-0.0849,-0.0125
3824,00908.wav,907,400430767,3.441,0.6603,0.5856,0.7349,0.4654,0.4654,TAO,0.3699,0.1420,0.0107
3825,07737.wav,7736,3480449461,8.564,0.6602,0.6086,0.7118,0.6395,0.6086,TAO,0.7275,-0.2205,-0.0066
3826,07065.wav,7064,3159860652,6.853,0.6602,0.5858,0.7346,0.7725,0.5858,TAO,0.6415,-0.7879,-0.0413
3827,08599.wav,8598,3868920146,3.189,0.6602,0.6002,0.7201,0.5213,0.5213,PAT,0.4139,0.6096,0.0332
3828,07922.wav,7921,3573342792,4.651,0.6602,0.5721,0.7483,0.6246,0.5721,TAO,0.5284,-1.1013,-0.0417
3829,04716.wav,4715,2094105290,6.808,0.6602,0.5777,0.7427,0.5681,0.5681,TAO,0.4412,-0.4346,-0.0156
3830,00153.wav,152,67255555,4.526,0.6601,0.6092,0.7111,0.6584,0.6092,TAO,0.5853,0.1419,0.0060
3831,07516.wav,7515,3382436691,4.508,0.6601,0.6647,0.6555,0.4248,0.4248,TAO,0.4161,0.5561,0.0461
3832,02305.wav,2304,1021499016,10.306,0.6601,0.5867,0.7335,0.7820,0.5867,TAO,0.6425,-0.8721,-0.0341
3833,01205.wav,1204,534557795,4.173,0.6601,0.6170,0.7033,0.6824,0.6170,TAO,0.6268,-0.2047,-0.0014
3834,00556.wav,555,238783860,6.103,0.6601,0.5791,0.7411,0.4430,0.4430,ANCIENT,0.3700,-0.0692,0.0155
3835,07784.wav,7783,3501874212,4.381,0.6601,0.6513,0.6689,0.4071,0.4071,LENT,0.2539,0.2930,0.0349
3836,02347.wav,2346,1039569899,3.157,0.6600,0.6621,0.6579,0.4939,0.4939,LENT,0.3044,-0.2179,0.0011
3837,03921.wav,3920,1734309987,8.233,0.6600,0.6126,0.7073,0.6587,0.6126,TAO,0.6144,-0.4432,-0.0218
3838,02430.wav,2429,1070750790,2.940,0.6600,0.6321,0.6878,0.5114,0.5114,TAO,0.2697,0.3104,0.0286
3839,06235.wav,6234,2784890500,8.944,0.6599,0.5749,0.7450,0.5120,0.5120,TAO,0.3564,-0.8019,-0.0228
3840,02713.wav,2712,1199148902,4.025,0.6599,0.5832,0.7366,0.6952,0.5832,TAO,0.7320,-0.3114,-0.0180
3841,05708.wav,5707,2541576953,5.120,0.6599,0.6342,0.6855,0.4855,0.4855,ANCIENT,0.4156,0.9394,0.0592
3842,03616.wav,3615,1599204749,3.611,0.6599,0.6020,0.7177,0.4420,0.4420,TAO,0.2761,0.4693,0.0324
3843,02371.wav,2370,1047233574,4.745,0.6598,0.6254,0.6943,0.5529,0.5529,LENT,0.3776,-0.4791,-0.0150
3844,08288.wav,8287,3720289551,3.897,0.6598,0.6133,0.7064,0.5739,0.5739,TAO,0.4401,-0.9811,-0.0279
3845,00360.wav,359,154248710,7.114,0.6598,0.5955,0.7242,0.5241,0.5241,TAO,0.4948,-1.0726,-0.0386
3846,08247.wav,8246,3703014759,2.731,0.6598,0.5740,0.7456,0.7059,0.5740,TAO,0.5957,-0.7613,-0.0387
3847,08011.wav,8010,3605365896,6.113,0.6598,0.6026,0.7170,0.5933,0.5933,TAO,0.4461,-0.3606,-0.0230
3848,04521.wav,4520,2009751238,3.729,0.6598,0.6115,0.7080,0.5125,0.5125,TAO,0.4071,-0.5279,-0.0182
3849,01408.wav,1407,618529442,2.806,0.6598,0.5829,0.7366,0.6237,0.5829,TAO,0.3631,-0.0915,0.0043
3850,08828.wav,8827,3968208008,5.920,0.6597,0.5758,0.7437,0.5757,0.5757,TAO,0.5139,-0.9290,-0.0377
3851,05450.wav,5449,2424300390,4.263,0.6597,0.5944,0.7250,0.5914,0.5914,LENT,0.3641,-0.8455,-0.0305
3852,03431.wav,3430,1516211312,8.627,0.6597,0.5937,0.7257,0.6999,0.5937,TAO,0.7531,-0.2110,-0.0121
3853,00452.wav,451,195589328,11.416,0.6597,0.6056,0.7138,0.7188,0.6056,TAO,0.7680,-0.3231,-0.0119
3854,06191.wav,6190,2765177703,5.621,0.6597,0.5789,0.7405,0.7021,0.5789,TAO,0.5496,-0.3682,-0.0204
3855,05159.wav,5158,2296027303,5.695,0.6596,0.6216,0.6977,0.6251,0.6216,TAO,0.6912,-0.2308,-0.0014
3856,02248.wav,2247,998666407,6.961,0.6596,0.5511,0.7681,0.6080,0.5511,LENT,0.5012,-1.4380,-0.0534
3857,07448.wav,7447,3348501584,3.725,0.6596,0.5858,0.7334,0.5888,0.5858,TAO,0.5826,-0.6215,-0.0306
3858,04756.wav,4755,2114947398,7.737,0.6596,0.5982,0.7210,0.4958,0.4958,TAO,0.3865,-0.8264,-0.0236
3859,01174.wav,1173,518984580,4.304,0.6596,0.5939,0.7253,0.5237,0.5237,TAO,0.4021,-0.6651,-0.0144
3860,08952.wav,8951,4027891945,6.290,0.6596,0.6208,0.6984,0.5895,0.5895,TAO,0.4869,-0.4110,-0.0134
3861,03578.wav,3577,1582852425,7.923,0.6596,0.6082,0.7110,0.4043,0.4043,TAO,0.3125,0.5521,0.0409
3862,05644.wav,5643,2508947503,6.360,0.6596,0.5927,0.7265,0.5369,0.5369,TAO,0.3863,-0.7050,-0.0185
3863,01745.wav,1744,781937967,3.451,0.6596,0.6241,0.6950,0.5184,0.5184,ANCIENT,0.4232,0.5331,0.0398
3864,08091.wav,8090,3641396178,2.317,0.6595,0.6205,0.6986,0.5767,0.5767,TAO,0.3660,0.3693,0.0260
3865,01683.wav,1682,746168228,3.854,0.6595,0.6170,0.7021,0.6716,0.6170,TAO,0.7697,-0.2588,-0.0034
3866,08787.wav,8786,3954568430,7.368,0.6595,0.6096,0.7094,0.5967,0.5967,TAO,0.5282,-0.4507,-0.0166
3867,08113.wav,8112,3649225037,3.253,0.6595,0.6576,0.6614,0.5148,0.5148,TAO,0.3064,-0.4177,-0.0067
3868,01088.wav,1087,479306663,7.110,0.6595,0.6179,0.7011,0.5835,0.5835,TAO,0.6726,-0.1114,-0.0004
3869,06181.wav,6180,2762098529,5.522,0.6595,0.6021,0.7169,0.6152,0.6021,TAO,0.5252,-0.3659,-0.0007
3870,08044.wav,8043,3622902252,10.108,0.6595,0.5988,0.7202,0.5757,0.5757,TAO,0.5025,-0.8507,-0.0324
3871,05585.wav,5584,2483377108,7.717,0.6595,0.5979,0.7210,0.6571,0.5979,TAO,0.6752,-0.8076,-0.0287
3872,08290.wav,8289,3721452943,5.659,0.6595,0.6214,0.6975,0.5932,0.5932,TAO,0.5698,0.2552,0.0165
3873,00166.wav,165,72234504,3.795,0.6595,0.5738,0.7451,0.7057,0.5738,TAO,0.5828,-0.3433,-0.0141
3874,04427.wav,4426,1960259561,6.335,0.6594,0.6287,0.6902,0.6067,0.6067,TAO,0.7283,-0.2501,-0.0054
3875,01841.wav,1840,821583187,6.151,0.6594,0.6011,0.7178,0.6996,0.6011,TAO,0.7764,-0.4186,-0.0165
3876,00168.wav,167,72658568,4.855,0.6594,0.6110,0.7078,0.6688,0.6110,LENT,0.6665,-0.0763,-0.0047
3877,02131.wav,2130,947464770,6.664,0.6594,0.5836,0.7352,0.6112,0.5836,TAO,0.4720,-1.4392,-0.0601
3878,05564.wav,5563,2474208174,6.641,0.6594,0.6226,0.6962,0.5703,0.5703,LENT,0.3487,-0.3025,0.0007
3879,07216.wav,7215,3231196729,6.846,0.6594,0.5619,0.7568,0.6650,0.5619,TAO,0.4987,-0.6430,-0.0404
3880,03438.wav,3437,1520565841,7.426,0.6593,0.5873,0.7313,0.4765,0.4765,TAO,0.3496,-0.6148,-0.0279
3881,01469.wav,1468,650121069,4.584,0.6593,0.5837,0.7349,0.7237,0.5837,TAO,0.6382,-0.8919,-0.0470
3882,06722.wav,6721,2998753351,4.787,0.6593,0.5970,0.7215,0.5668,0.5668,TAO,0.4036,-0.7690,-0.0181
3883,09555.wav,9554,4289437096,4.358,0.6592,0.6060,0.7125,0.4617,0.4617,TAO,0.3709,0.0334,0.0201
3884,03090.wav,3089,1360820467,3.209,0.6592,0.5832,0.7352,0.7710,0.5832,TAO,0.6191,-0.5887,-0.0331
3885,04165.wav,4164,1849780210,7.993,0.6592,0.6169,0.7014,0.5020,0.5020,TAO,0.3626,-0.3579,0.0035
3886,01895.wav,1894,844773640,3.882,0.6591,0.6139,0.7044,0.6838,0.6139,TAO,0.5860,-0.3587,-0.0067
3887,06227.wav,6226,2781933072,6.528,0.6591,0.6161,0.7022,0.5595,0.5595,TAO,0.4477,-0.9209,-0.0350
3888,07547.wav,7546,3395987530,8.010,0.6591,0.6153,0.7029,0.7120,0.6153,TAO,0.7665,0.3270,0.0122
3889,04106.wav,4105,1816337255,8.790,0.6591,0.6072,0.7110,0.5617,0.5617,TAO,0.3973,-0.4533,-0.0024
3890,08917.wav,8916,4012593571,4.161,0.6591,0.5952,0.7229,0.4985,0.4985,LENT,0.3274,-0.0342,0.0135
3891,08088.wav,8087,3640711571,6.230,0.6591,0.6000,0.7182,0.7086,0.6000,TAO,0.6536,-0.3374,-0.0168
3892,05363.wav,5362,2380441775,6.967,0.6591,0.6045,0.7136,0.6111,0.6045,TAO,0.4047,-0.4152,0.0010
3893,01754.wav,1753,785984547,6.965,0.6591,0.6139,0.7042,0.6366,0.6139,TAO,0.6035,0.0081,-0.0015
3894,08459.wav,8458,3800695661,3.958,0.6591,0.5971,0.7210,0.7561,0.5971,TAO,0.6530,-0.9105,-0.0431
3895,04832.wav,4831,2145554145,6.871,0.6590,0.6245,0.6936,0.5454,0.5454,TAO,0.4397,-0.3864,-0.0036
3896,00752.wav,751,326649486,7.254,0.6590,0.5915,0.7266,0.6140,0.5915,TAO,0.6041,-0.1853,-0.0061
3897,07312.wav,7311,3275893643,2.965,0.6590,0.6017,0.7163,0.6260,0.6017,TAO,0.5928,-0.6421,-0.0269
3898,00730.wav,729,319395792,8.050,0.6590,0.6174,0.7006,0.4437,0.4437,TAO,0.3362,0.8179,0.0525
3899,07493.wav,7492,3372818638,4.715,0.6590,0.5971,0.7209,0.7338,0.5971,TAO,0.6541,-0.5406,-0.0309
3900,02207.wav,2206,982475183,5.212,0.6590,0.6467,0.6712,0.4525,0.4525,TAO,0.3689,1.1686,0.0614
3901,09030.wav,9029,4061173800,5.190,0.6589,0.6218,0.6961,0.5537,0.5537,TAO,0.4145,-0.1524,-0.0030
3902,02363.wav,2362,1045441317,4.728,0.6589,0.6010,0.7169,0.6659,0.6010,LENT,0.7033,-0.3201,-0.0162
3903,00949.wav,948,422634511,6.753,0.6589,0.6112,0.7066,0.6115,0.6112,TAO,0.5097,-0.1164,0.0123
3904,06492.wav,6491,2898267585,8.915,0.6589,0.5888,0.7290,0.4718,0.4718,PAT,0.3867,-0.3291,-0.0008
3905,05852.wav,5851,2608293543,6.484,0.6589,0.5780,0.7397,0.6841,0.5780,TAO,0.6997,-0.4587,-0.0263
3906,01718.wav,1717,763682923,6.725,0.6589,0.5856,0.7322,0.6189,0.5856,TAO,0.5041,-1.0133,-0.0398
3907,09134.wav,9133,4110898444,5.365,0.6589,0.5978,0.7199,0.5831,0.5831,TAO,0.3420,-0.5570,-0.0146
3908,07240.wav,7239,3242668907,6.772,0.6589,0.5939,0.7238,0.7112,0.5939,TAO,0.6705,-0.4092,-0.0177
3909,02666.wav,2665,1176836737,3.178,0.6588,0.6029,0.7147,0.5561,0.5561,TAO,0.3481,0.9839,0.0294
3910,03329.wav,3328,1463293027,3.783,0.6588,0.6238,0.6938,0.5910,0.5910,TAO,0.5962,-0.4278,-0.0177
3911,01733.wav,1732,775334784,2.206,0.6588,0.5942,0.7234,0.6810,0.5942,TAO,0.3153,-0.7434,-0.0344
3912,01221.wav,1220,543180703,8.178,0.6588,0.5986,0.7190,0.6279,0.5986,TAO,0.6597,-0.2652,-0.0131
3913,05702.wav,5701,2540013037,8.113,0.6587,0.6057,0.7117,0.6367,0.6057,TAO,0.6452,-0.3835,-0.0123
3914,03113.wav,3112,1370147404,8.997,0.6587,0.5871,0.7302,0.7097,0.5871,TAO,0.5182,-1.2555,-0.0463
3915,06463.wav,6462,2886602662,10.053,0.6587,0.6223,0.6950,0.4199,0.4199,TAO,0.3556,0.2129,0.0286
3916,07223.wav,7222,3235435211,6.245,0.6586,0.6247,0.6926,0.4705,0.4705,TAO,0.4196,1.0644,0.0558
3917,03200.wav,3199,1404113866,7.935,0.6586,0.5920,0.7253,0.6595,0.5920,TAO,0.5881,-0.2259,-0.0136
3918,03891.wav,3890,1722394389,6.530,0.6586,0.5896,0.7275,0.4201,0.4201,TAO,0.3269,0.3978,0.0321
3919,04610.wav,4609,2042739490,7.105,0.6586,0.6186,0.6986,0.4982,0.4982,TAO,0.3937,-0.2779,-0.0032
3920,00597.wav,596,253498091,6.845,0.6586,0.6053,0.7119,0.4985,0.4985,TAO,0.4277,-0.3271,0.0049
3921,02155.wav,2154,960176080,8.888,0.6586,0.6446,0.6725,0.4620,0.4620,TAO,0.5098,0.4681,0.0419
3922,05147.wav,5146,2293424393,7.535,0.6585,0.5900,0.7271,0.5867,0.5867,TAO,0.5059,-0.9526,-0.0386
3923,06225.wav,6224,2781530027,7.274,0.6585,0.5978,0.7192,0.5360,0.5360,TAO,0.4694,-1.2199,-0.0372
3924,01610.wav,1609,712426565,5.376,0.6585,0.5819,0.7351,0.7168,0.5819,TAO,0.5810,-0.7226,-0.0335
3925,03055.wav,3054,1347834218,5.247,0.6585,0.6105,0.7065,0.4559,0.4559,LENT,0.3307,0.3668,0.0278
3926,03606.wav,3605,1593143092,7.937,0.6584,0.6114,0.7053,0.4833,0.4833,LENT,0.3338,-0.2045,0.0058
3927,06265.wav,6264,2801024200,6.826,0.6584,0.6085,0.7082,0.6831,0.6085,TAO,0.6106,-0.5923,-0.0214
3928,00957.wav,956,424888076,5.136,0.6584,0.5943,0.7224,0.7029,0.5943,TAO,0.6614,-0.4686,-0.0189
3929,00491.wav,490,209810028,6.194,0.6583,0.6116,0.7051,0.6628,0.6116,TAO,0.5301,-0.8699,-0.0364
3930,01234.wav,1233,551785013,5.562,0.6583,0.5932,0.7234,0.6819,0.5932,TAO,0.6185,-0.6179,-0.0322
3931,07709.wav,7708,3464854963,1.972,0.6583,0.6046,0.7120,0.7481,0.6046,TAO,0.5810,0.1204,0.0033
3932,03621.wav,3620,1599627792,8.241,0.6583,0.6316,0.6850,0.4449,0.4449,PAT,0.3543,0.4696,0.0355
3933,03354.wav,3353,1476547594,5.031,0.6583,0.5955,0.7211,0.5097,0.5097,TAO,0.4331,0.3197,0.0262
3934,09376.wav,9375,4213829477,4.683,0.6583,0.5884,0.7281,0.7369,0.5884,TAO,0.5929,-0.3250,-0.0133
3935,06362.wav,6361,2844058014,2.400,0.6582,0.5812,0.7353,0.7030,0.5812,TAO,0.5708,-0.4972,-0.0122
3936,00383.wav,382,165098959,5.744,0.6582,0.6120,0.7044,0.4639,0.4639,LENT,0.2653,0.3191,0.0299
3937,02315.wav,2314,1022771850,7.422,0.6582,0.5920,0.7244,0.5450,0.5450,TAO,0.4809,-0.8060,-0.0272
3938,03813.wav,3812,1685981702,5.683,0.6582,0.6198,0.6966,0.5138,0.5138,TAO,0.3958,0.1039,0.0142
3939,08992.wav,8991,4042495713,6.946,0.6581,0.6256,0.6907,0.5649,0.5649,TAO,0.6031,-0.1126,0.0077
3940,03018.wav,3017,1331126634,4.614,0.6581,0.6086,0.7076,0.6518,0.6086,TAO,0.5422,-0.1225,-0.0008
3941,05707.wav,5706,2541522232,5.952,0.6581,0.6117,0.7045,0.4335,0.4335,TAO,0.3168,0.3904,0.0327
3942,06853.wav,6852,3059824914,2.178,0.6580,0.6204,0.6956,0.5422,0.5422,PAT,0.3698,0.1771,0.0088
3943,01300.wav,1299,578340917,0.941,0.6580,0.6071,0.7089,0.5886,0.5886,TAO,0.5487,-0.3464,-0.0166
3944,06356.wav,6355,2840417000,5.139,0.6580,0.5943,0.7218,0.5154,0.5154,TAO,0.3383,0.4072,0.0281
3945,06406.wav,6405,2861935116,11.263,0.6580,0.6257,0.6903,0.6598,0.6257,TAO,0.7962,-0.0725,-0.0015
3946,09222.wav,9221,4150602800,5.975,0.6580,0.5942,0.7218,0.4704,0.4704,TAO,0.3241,-0.6700,-0.0181
3947,05024.wav,5023,2228211299,6.849,0.6580,0.6259,0.6900,0.6297,0.6259,TAO,0.6192,-0.2097,0.0012
3948,02793.wav,2792,1233629893,4.149,0.6579,0.5925,0.7233,0.5547,0.5547,TAO,0.5163,-0.6076,-0.0241
3949,05598.wav,5597,2491192905,5.618,0.6579,0.6115,0.7043,0.6508,0.6115,TAO,0.7188,-0.4507,-0.0166
3950,09568.wav,9567,4294234566,5.839,0.6579,0.6230,0.6927,0.6548,0.6230,TAO,0.7531,-0.3132,-0.0105
3951,02633.wav,2632,1155114841,6.483,0.6579,0.6314,0.6843,0.3826,0.3826,TAO,0.3516,0.7474,0.0492
3952,06168.wav,6167,2755617223,6.401,0.6578,0.5865,0.7292,0.6538,0.5865,TAO,0.5312,-0.9872,-0.0399
3953,06036.wav,6035,2689578799,5.832,0.6578,0.6047,0.7110,0.5943,0.5943,TAO,0.5717,-0.5258,-0.0221
3954,03474.wav,3473,1538343400,6.355,0.6578,0.5818,0.7338,0.5281,0.5281,TAO,0.3637,-0.6003,-0.0138
3955,01354.wav,1353,602132396,5.147,0.6578,0.6052,0.7104,0.4783,0.4783,TAO,0.3587,0.1232,0.0160
3956,07467.wav,7466,3359531884,5.618,0.6577,0.6113,0.7041,0.6509,0.6113,TAO,0.7185,-0.4521,-0.0167
3957,00776.wav,775,338803966,7.124,0.6577,0.6355,0.6799,0.5655,0.5655,TAO,0.5017,0.1163,0.0127
3958,01600.wav,1599,705076491,4.506,0.6577,0.5949,0.7205,0.5071,0.5071,TAO,0.5209,-0.6491,-0.0229
3959,00492.wav,491,209961150,3.907,0.6577,0.6279,0.6875,0.7223,0.6279,TAO,0.5964,0.4090,0.0145
3960,03096.wav,3095,1363265649,2.473,0.6577,0.6108,0.7046,0.7232,0.6108,TAO,0.5616,-0.4323,-0.0290
3961,02833.wav,2832,1249297610,9.374,0.6577,0.6315,0.6839,0.6063,0.6063,TAO,0.7101,-0.5580,-0.0139
3962,02498.wav,2497,1101358558,6.867,0.6577,0.5885,0.7269,0.6698,0.5885,TAO,0.5101,-0.3546,-0.0227
3963,08927.wav,8926,4013988909,6.116,0.6577,0.5811,0.7343,0.6033,0.5811,TAO,0.5150,-1.1495,-0.0499
3964,06785.wav,6784,3028060408,6.350,0.6577,0.6086,0.7067,0.4412,0.4412,PAT,0.3525,0.4821,0.0360
3965,07876.wav,7875,3550120200,10.741,0.6577,0.6187,0.6967,0.6651,0.6187,TAO,0.7446,-0.2238,-0.0051
3966,09252.wav,9251,4161052046,4.055,0.6577,0.6072,0.7081,0.4274,0.4274,PAT,0.2940,0.5035,0.0357
3967,05016.wav,5015,2223884115,7.306,0.6576,0.5965,0.7188,0.4481,0.4481,TAO,0.3124,-0.8997,-0.0267
3968,01100.wav,1099,481521484,5.392,0.6576,0.6111,0.7041,0.7104,0.6111,TAO,0.5963,0.1921,0.0148
3969,07901.wav,7900,3566985011,8.472,0.6576,0.6233,0.6919,0.6823,0.6233,TAO,0.7238,-0.2143,-0.0066
3970,03022.wav,3021,1334429252,4.836,0.6576,0.6225,0.6926,0.5608,0.5608,TAO,0.4027,-0.2824,-0.0047
3971,06046.wav,6045,2695470741,6.204,0.6576,0.6025,0.7126,0.4758,0.4758,TAO,0.4318,0.3038,0.0261
3972,01831.wav,1830,816107565,5.768,0.6575,0.5965,0.7186,0.6352,0.5965,TAO,0.6378,-0.1436,-0.0060
3973,07425.wav,7424,3339946764,7.759,0.6575,0.5888,0.7263,0.5624,0.5624,TAO,0.4906,-0.7631,-0.0191
3974,08605.wav,8604,3874402223,4.411,0.6574,0.5526,0.7622,0.6969,0.5526,TAO,0.4636,-0.4874,-0.0297
3975,02540.wav,2539,1119736106,4.619,0.6574,0.6135,0.7013,0.6363,0.6135,TAO,0.6640,-0.4339,-0.0093
3976,01517.wav,1516,665022790,2.400,0.6574,0.5976,0.7171,0.6639,0.5976,TAO,0.3750,-0.5805,-0.0257
3977,01890.wav,1889,843500806,5.156,0.6574,0.5900,0.7247,0.6910,0.5900,TAO,0.7172,-0.1111,-0.0067
3978,03694.wav,3693,1630325004,8.823,0.6573,0.5824,0.7323,0.4843,0.4843,TAO,0.4841,-0.6206,-0.0189
3979,08323.wav,8322,3729562343,7.680,0.6573,0.5971,0.7174,0.7715,0.5971,TAO,0.7213,0.1632,0.0017
3980,02301.wav,2300,1020551508,2.281,0.6572,0.6186,0.6958,0.5519,0.5519,TAO,0.5051,0.7268,0.0337
3981,03408.wav,3407,1501892169,8.210,0.6572,0.6075,0.7069,0.4148,0.4148,TAO,0.3098,0.3503,0.0288
3982,07000.wav,6999,3130515177,4.178,0.6572,0.6047,0.7096,0.6735,0.6047,TAO,0.6635,-0.3224,-0.0164
3983,02626.wav,2625,1151451524,6.190,0.6571,0.6301,0.6841,0.5104,0.5104,TAO,0.3858,-0.3672,0.0019
3984,01008.wav,1007,447499280,5.257,0.6571,0.6075,0.7068,0.6537,0.6075,TAO,0.5655,-0.4661,-0.0174
3985,07625.wav,7624,3428147652,6.844,0.6571,0.5982,0.7160,0.5115,0.5115,TAO,0.4315,-0.9606,-0.0323
3986,08815.wav,8814,3963670123,9.395,0.6571,0.6266,0.6876,0.7280,0.6266,TAO,0.7448,-0.2146,-0.0107
3987,04224.wav,4223,1871755071,8.313,0.6571,0.6314,0.6827,0.5621,0.5621,TAO,0.5561,-0.1849,-0.0009
3988,08379.wav,8378,3760049165,2.247,0.6570,0.6143,0.6996,0.6881,0.6143,LENT,0.5654,-0.5057,-0.0176
3989,04482.wav,4481,1985836082,8.047,0.6570,0.5762,0.7377,0.7094,0.5762,TAO,0.6577,-0.7173,-0.0390
3990,00558.wav,557,238948023,2.336,0.6570,0.6315,0.6824,0.5539,0.5539,TAO,0.5340,0.9585,0.0528
3991,08749.wav,8748,3936095523,3.803,0.6570,0.6156,0.6983,0.4698,0.4698,TAO,0.2959,0.0392,0.0221
3992,03494.wav,3493,1549590568,3.516,0.6569,0.6435,0.6704,0.6740,0.6435,TAO,0.5161,0.0366,0.0005
3993,03467.wav,3466,1533292965,8.808,0.6569,0.5927,0.7211,0.4629,0.4629,TAO,0.2542,-0.1117,0.0109
3994,05207.wav,5206,2318467408,3.654,0.6569,0.6281,0.6857,0.6781,0.6281,TAO,0.6093,-0.0810,0.0026
3995,04641.wav,4640,2060288908,6.959,0.6569,0.6460,0.6677,0.4218,0.4218,PAT,0.2840,0.3943,0.0399
3996,08186.wav,8185,3677156676,7.597,0.6568,0.6181,0.6955,0.6187,0.6181,TAO,0.7066,-0.2843,-0.0006
3997,05608.wav,5607,2496599621,3.696,0.6568,0.5927,0.7209,0.4401,0.4401,TAO,0.3714,-0.3981,-0.0053
3998,02630.wav,2629,1153293158,6.890,0.6568,0.5927,0.7209,0.7302,0.5927,TAO,0.7278,-0.5201,-0.0276
3999,04555.wav,4554,2020084106,12.796,0.6567,0.5802,0.7333,0.7241,0.5802,TAO,0.5243,-0.7654,-0.0311
4000,05953.wav,5952,2653480239,3.890,0.6567,0.5977,0.7157,0.4993,0.4993,TAO,0.3132,0.2867,0.0208
4001,00694.wav,693,300271980,6.008,0.6567,0.6156,0.6978,0.6972,0.6156,TAO,0.7244,-0.2140,-0.0073
4002,04056.wav,4055,1798054633,2.966,0.6567,0.6292,0.6842,0.6149,0.6149,TAO,0.6214,0.6312,0.0196
4003,02677.wav,2676,1182167713,7.100,0.6567,0.6011,0.7122,0.6960,0.6011,TAO,0.6612,-0.9228,-0.0428
4004,05277.wav,5276,2348767490,4.254,0.6567,0.5913,0.7221,0.6756,0.5913,TAO,0.5572,-0.4143,-0.0181
4005,09175.wav,9174,4127304468,3.663,0.6566,0.5930,0.7202,0.6587,0.5930,TAO,0.6958,0.1975,0.0066
4006,08362.wav,8361,3752060711,8.444,0.6566,0.6167,0.6965,0.7257,0.6167,TAO,0.6429,-0.4140,-0.0141
4007,05578.wav,5577,2480286435,6.223,0.6566,0.5885,0.7247,0.7327,0.5885,TAO,0.5573,-0.6652,-0.0245
4008,08633.wav,8632,3885242473,4.464,0.6566,0.6202,0.6930,0.4749,0.4749,TAO,0.3879,0.4110,0.0344
4009,05274.wav,5273,2347449803,4.888,0.6565,0.6194,0.6936,0.6066,0.6066,LENT,0.5523,-0.0182,0.0009
4010,07236.wav,7235,3241450794,4.188,0.6565,0.5913,0.7217,0.6458,0.5913,TAO,0.5144,-0.1859,-0.0036
4011,02274.wav,2273,1009636110,3.748,0.6565,0.6427,0.6703,0.5210,0.5210,TAO,0.3945,-0.0503,0.0101
4012,04662.wav,4661,2067768422,8.132,0.6565,0.6106,0.7024,0.4484,0.4484,TAO,0.2995,0.6251,0.0427
4013,07418.wav,7417,3334793013,4.654,0.6565,0.5973,0.7156,0.4226,0.4226,TAO,0.3938,-0.1064,0.0118
4014,05289.wav,5288,2352325449,8.152,0.6565,0.5806,0.7324,0.4964,0.4964,TAO,0.3863,-0.7174,-0.0151
4015,00300.wav,299,130676773,6.837,0.6565,0.5972,0.7157,0.5553,0.5553,ANCIENT,0.4801,-0.6956,-0.0090
4016,05810.wav,5809,2584491536,3.445,0.6565,0.6420,0.6709,0.6655,0.6420,TAO,0.6079,-0.0273,-0.0061
4017,00349.wav,348,148801356,3.619,0.6565,0.6292,0.6837,0.4989,0.4989,TAO,0.3751,0.8743,0.0534
4018,05949.wav,5948,2653151913,5.412,0.6564,0.5972,0.7157,0.4251,0.4251,ANCIENT,0.3218,0.9658,0.0561
4019,09548.wav,9547,4287809002,7.517,0.6564,0.6266,0.6862,0.5100,0.5100,TAO,0.4030,-0.0880,0.0165
4020,05051.wav,5050,2242030259,4.860,0.6564,0.6248,0.6880,0.4735,0.4735,TAO,0.3518,0.3934,0.0319
4021,03908.wav,3907,1728474150,7.501,0.6564,0.6005,0.7123,0.7158,0.6005,TAO,0.7194,0.0374,0.0007
4022,06796.wav,6795,3033678861,4.740,0.6563,0.6053,0.7073,0.4231,0.4231,TAO,0.3159,0.7013,0.0465
4023,08987.wav,8986,4039451962,2.901,0.6563,0.5843,0.7284,0.6443,0.5843,TAO,0.5899,-0.3099,-0.0219
4024,06985.wav,6984,3121469768,8.511,0.6563,0.5805,0.7321,0.5508,0.5508,TAO,0.4391,-0.7287,-0.0272
4025,05727.wav,5726,2548817585,4.755,0.6563,0.6106,0.7019,0.5129,0.5129,TAO,0.3653,0.1849,0.0227
4026,07572.wav,7571,3407321737,7.104,0.6563,0.6203,0.6922,0.6098,0.6098,TAO,0.5305,-0.2730,-0.0032
4027,08664.wav,8663,3900964911,6.228,0.6562,0.5966,0.7158,0.6367,0.5966,TAO,0.4978,-0.5295,-0.0215
4028,05475.wav,5474,2432908936,0.604,0.6562,0.6158,0.6965,0.6927,0.6158,TAO,0.6702,0.0013,0.0049
4029,04843.wav,4842,2149796711,6.966,0.6562,0.5974,0.7149,0.6110,0.5974,TAO,0.5250,-0.6900,-0.0264
4030,05879.wav,5878,2626015081,5.013,0.6561,0.6438,0.6685,0.5387,0.5387,TAO,0.3970,-0.2463,0.0085
4031,00762.wav,761,330920386,3.708,0.6561,0.6248,0.6875,0.6168,0.6168,TAO,0.4984,0.0624,0.0123
4032,04500.wav,4499,1993816042,3.645,0.6561,0.5697,0.7426,0.6493,0.5697,TAO,0.4849,-0.9612,-0.0489
4033,05681.wav,5680,2528072615,2.577,0.6561,0.5920,0.7202,0.6728,0.5920,TAO,0.5432,-1.0629,-0.0504
4034,07331.wav,7330,3290832008,8.031,0.6561,0.5835,0.7287,0.4534,0.4534,TAO,0.3743,0.0291,0.0099
4035,07615.wav,7614,3425278484,4.942,0.6561,0.5681,0.7440,0.5385,0.5385,LENT,0.3468,-0.6942,-0.0252
4036,08821.wav,8820,3965605361,8.610,0.6560,0.6074,0.7047,0.5099,0.5099,LENT,0.3550,-0.0478,0.0142
4037,07096.wav,7095,3174061375,5.707,0.6560,0.6032,0.7088,0.4690,0.4690,TAO,0.2680,-0.6489,-0.0115
4038,05479.wav,5478,2435132919,6.574,0.6560,0.5769,0.7351,0.6551,0.5769,TAO,0.5941,-0.5361,-0.0325
4039,04323.wav,4322,1913355211,4.329,0.6560,0.5629,0.7491,0.7514,0.5629,TAO,0.5692,-0.6025,-0.0325
4040,03211.wav,3210,1409280679,6.557,0.6560,0.5818,0.7302,0.5754,0.5754,TAO,0.4847,-0.3919,-0.0253
4041,02023.wav,2022,901863251,3.824,0.6560,0.6423,0.6696,0.6277,0.6277,TAO,0.5720,0.9383,0.0407
4042,00156.wav,155,67841100,8.501,0.6559,0.6355,0.6764,0.3933,0.3933,TAO,0.3401,1.5054,0.0796
4043,04700.wav,4699,2086963559,5.727,0.6559,0.6178,0.6941,0.7134,0.6178,TAO,0.5798,-0.2079,-0.0089
4044,03062.wav,3061,1348514410,7.493,0.6559,0.6221,0.6898,0.5377,0.5377,TAO,0.5675,-0.1510,0.0046
4045,02415.wav,2414,1065261777,8.473,0.6559,0.6288,0.6830,0.4177,0.4177,TAO,0.3598,1.1163,0.0675
4046,06088.wav,6087,2717550960,5.698,0.6559,0.5895,0.7223,0.4508,0.4508,ANCIENT,0.3988,0.1907,0.0238
4047,05688.wav,5687,2529865893,3.027,0.6559,0.5685,0.7432,0.5335,0.5335,TAO,0.3222,-0.1715,-0.0038
4048,02178.wav,2177,967135150,6.962,0.6558,0.6081,0.7036,0.6010,0.6010,TAO,0.4873,-0.3659,-0.0114
4049,08140.wav,8139,3662207647,7.673,0.6558,0.6261,0.6854,0.5992,0.5992,TAO,0.7088,-0.0312,0.0071
4050,00884.wav,883,388712771,6.925,0.6558,0.5955,0.7161,0.6246,0.5955,TAO,0.5241,-1.2432,-0.0612
4051,00391.wav,390,167921386,6.377,0.6558,0.6321,0.6794,0.4677,0.4677,PAT,0.3862,0.6099,0.0399
4052,09441.wav,9440,4239331113,1.220,0.6558,0.5917,0.7198,0.5223,0.5223,LENT,0.7176,-0.5963,-0.0126
4053,08966.wav,8965,4030731216,2.844,0.6557,0.6062,0.7052,0.5931,0.5931,TAO,0.4655,0.5371,0.0242
4054,06257.wav,6256,2798347053,9.281,0.6557,0.6049,0.7064,0.4663,0.4663,TAO,0.4787,0.2844,0.0359
4055,03186.wav,3185,1398080806,3.250,0.6557,0.5769,0.7345,0.7950,0.5769,TAO,0.5879,-0.6718,-0.0335
4056,07381.wav,7380,3315081995,7.470,0.6557,0.6235,0.6878,0.6558,0.6235,LENT,0.7388,-0.3426,-0.0083
4057,00504.wav,503,214952022,2.727,0.6557,0.5790,0.7323,0.4931,0.4931,TAO,0.3650,-0.1946,0.0056
4058,03000.wav,2999,1324057101,3.124,0.6556,0.6008,0.7105,0.7420,0.6008,TAO,0.5261,0.5551,0.0186
4059,05122.wav,5121,2276778466,7.635,0.6556,0.5689,0.7424,0.5892,0.5689,TAO,0.4257,-1.1036,-0.0431
4060,09447.wav,9446,4241198255,9.924,0.6556,0.6002,0.7111,0.7723,0.6002,TAO,0.5675,-0.1754,-0.0105
4061,08216.wav,8215,3687215472,2.836,0.6556,0.6101,0.7011,0.5603,0.5603,TAO,0.3967,-1.1388,-0.0369
4062,09327.wav,9326,4191940355,5.096,0.6556,0.5963,0.7149,0.4418,0.4418,TAO,0.3591,0.2617,0.0262
4063,05917.wav,5916,2644378546,9.055,0.6556,0.6289,0.6822,0.5401,0.5401,TAO,0.3323,0.3388,0.0271
4064,07541.wav,7540,3392225512,7.673,0.6556,0.5786,0.7325,0.4946,0.4946,TAO,0.3918,-1.0220,-0.0383
4065,07706.wav,7705,3463858255,5.177,0.6556,0.6095,0.7017,0.6812,0.6095,TAO,0.7019,-0.7324,-0.0267
4066,05342.wav,5341,2374973897,5.732,0.6555,0.6482,0.6628,0.5553,0.5553,TAO,0.5301,0.0088,0.0089
4067,01611.wav,1610,712905350,5.333,0.6555,0.5770,0.7340,0.5556,0.5556,LENT,0.4159,-0.5782,-0.0155
4068,04084.wav,4083,1808104330,7.657,0.6555,0.5955,0.7155,0.7001,0.5955,TAO,0.6173,-0.3745,-0.0179
4069,09032.wav,9031,4061619525,6.852,0.6555,0.6030,0.7080,0.4172,0.4172,ANCIENT,0.3386,0.3967,0.0364
4070,03007.wav,3006,1326494085,5.410,0.6555,0.5893,0.7217,0.6503,0.5893,TAO,0.5774,-1.0191,-0.0441
4071,05245.wav,5244,2335914320,3.289,0.6555,0.5853,0.7257,0.5964,0.5853,LENT,0.4104,0.1532,0.0077
4072,00804.wav,803,353602915,5.083,0.6554,0.5642,0.7466,0.5090,0.5090,TAO,0.4209,-0.7519,-0.0184
4073,03538.wav,3537,1572840305,9.463,0.6554,0.6013,0.7095,0.6068,0.6013,TAO,0.6353,-0.5294,-0.0109
4074,01887.wav,1886,842675147,6.607,0.6554,0.6186,0.6922,0.3712,0.3712,TAO,0.2901,0.6171,0.0450
4075,00170.wav,169,73288454,7.023,0.6554,0.5906,0.7202,0.4815,0.4815,LENT,0.4754,-0.7408,-0.0168
4076,00809.wav,808,356832169,4.845,0.6554,0.5734,0.7373,0.4950,0.4950,TAO,0.3821,-0.6583,-0.0185
4077,02357.wav,2356,1044613187,4.319,0.6553,0.5933,0.7174,0.6207,0.5933,TAO,0.4858,-0.6451,-0.0252
4078,07931.wav,7930,3574984969,5.484,0.6553,0.5792,0.7315,0.7625,0.5792,TAO,0.5870,-0.6471,-0.0335
4079,01676.wav,1675,742478030,2.406,0.6553,0.6172,0.6935,0.6201,0.6172,TAO,0.5021,-0.6656,-0.0298
4080,02291.wav,2290,1015924743,6.040,0.6553,0.5844,0.7262,0.7229,0.5844,TAO,0.7448,-0.1586,-0.0104
4081,01244.wav,1243,553913553,7.146,0.6553,0.5825,0.7281,0.6775,0.5825,TAO,0.5390,-0.7039,-0.0272
4082,08297.wav,8296,3723207083,8.454,0.6553,0.6140,0.6966,0.4743,0.4743,TAO,0.2976,0.0050,0.0168
4083,02952.wav,2951,1305269572,5.747,0.6553,0.5878,0.7228,0.6041,0.5878,TAO,0.4974,-0.6796,-0.0296
4084,09127.wav,9126,4109092104,7.581,0.6553,0.5853,0.7253,0.5590,0.5590,TAO,0.4910,-0.9148,-0.0353
4085,09476.wav,9475,4256155241,2.524,0.6552,0.5968,0.7137,0.8051,0.5968,TAO,0.6870,0.0604,0.0031
4086,04793.wav,4792,2131832207,7.432,0.6552,0.5902,0.7202,0.5870,0.5870,TAO,0.4972,-0.1693,-0.0085
4087,06370.wav,6369,2848125397,4.246,0.6552,0.5840,0.7264,0.5242,0.5242,LENT,0.3379,-0.1304,0.0040
4088,02111.wav,2110,940558967,3.919,0.6552,0.6266,0.6838,0.4715,0.4715,LENT,0.3677,0.6818,0.0395
4089,07575.wav,7574,3408000150,3.084,0.6552,0.6614,0.6490,0.5042,0.5042,TAO,0.2715,0.2518,0.0247
4090,06530.wav,6529,2912111400,2.539,0.6551,0.6479,0.6624,0.5829,0.5829,TAO,0.4205,0.6528,0.0417
4091,08840.wav,8839,3978641978,5.901,0.6551,0.5839,0.7264,0.5049,0.5049,TAO,0.2935,-0.9970,-0.0310
4092,00414.wav,413,177745286,4.175,0.6551,0.5648,0.7454,0.7131,0.5648,TAO,0.5942,-0.8631,-0.0441
4093,08281.wav,8280,3716539095,6.020,0.6551,0.6125,0.6977,0.4245,0.4245,TAO,0.3334,0.5318,0.0440
4094,04821.wav,4820,2141591499,4.951,0.6551,0.5874,0.7227,0.7246,0.5874,TAO,0.6227,-0.7323,-0.0394
4095,05464.wav,5463,2428707877,8.040,0.6551,0.5947,0.7154,0.4741,0.4741,TAO,0.3149,-0.3557,-0.0012
4096,05878.wav,5877,2625829899,3.241,0.6551,0.6368,0.6733,0.5532,0.5532,TAO,0.4113,-0.4788,-0.0134
4097,02845.wav,2844,1254320900,5.456,0.6550,0.6143,0.6958,0.5855,0.5855,TAO,0.4989,0.0519,0.0038
4098,00336.wav,335,146605033,3.541,0.6550,0.5832,0.7269,0.7006,0.5832,TAO,0.6620,-0.8643,-0.0406
4099,04919.wav,4918,2185272491,2.206,0.6550,0.5974,0.7126,0.7464,0.5974,TAO,0.6585,-0.0164,-0.0024
4100,04171.wav,4170,1850998323,7.185,0.6550,0.6135,0.6964,0.4272,0.4272,TAO,0.3637,0.8169,0.0503
4101,08957.wav,8956,4028773775,4.395,0.6549,0.5948,0.7151,0.5996,0.5948,TAO,0.5424,-0.3636,-0.0160
4102,04359.wav,4358,1931002888,6.906,0.6549,0.6019,0.7080,0.4780,0.4780,PAT,0.3297,-0.0799,0.0126
4103,03980.wav,3979,1760755276,3.825,0.6549,0.5757,0.7342,0.6797,0.5757,TAO,0.5749,-0.2437,-0.0128
4104,06294.wav,6293,2811897892,8.099,0.6549,0.6305,0.6792,0.5710,0.5710,TAO,0.7032,-0.4910,-0.0081
4105,08819.wav,8818,3964245288,6.509,0.6549,0.5807,0.7290,0.7096,0.5807,TAO,0.6885,-0.5753,-0.0275
4106,04983.wav,4982,2208987286,2.661,0.6548,0.6487,0.6610,0.4806,0.4806,TAO,0.4255,0.6168,0.0376
4107,08654.wav,8653,3898479787,5.597,0.6548,0.5833,0.7263,0.6254,0.5833,TAO,0.6571,-0.7649,-0.0337
4108,08355.wav,8354,3747830449,6.841,0.6548,0.6251,0.6845,0.4036,0.4036,TAO,0.3351,0.6373,0.0475
4109,02718.wav,2717,1200312294,5.763,0.6547,0.6054,0.7041,0.5482,0.5482,TAO,0.4221,-0.4828,-0.0154
4110,05494.wav,5493,2444377357,8.331,0.6547,0.5999,0.7096,0.6738,0.5999,TAO,0.6497,-0.0321,-0.0038
4111,04249.wav,4248,1881996074,3.856,0.6547,0.6340,0.6754,0.6751,0.6340,TAO,0.5919,0.0252,0.0023
4112,03690.wav,3689,1628997449,6.118,0.6546,0.5892,0.7200,0.5344,0.5344,TAO,0.4692,-0.2271,0.0061
4113,08760.wav,8759,3941640426,5.260,0.6546,0.6294,0.6798,0.6152,0.6152,TAO,0.6698,0.2451,0.0167
4114,08750.wav,8749,3937061408,5.960,0.6546,0.6025,0.7066,0.4816,0.4816,TAO,0.4163,0.6743,0.0451
4115,06177.wav,6176,2758751118,1.966,0.6546,0.6515,0.6577,0.4840,0.4840,TAO,0.3707,1.0802,0.0532
4116,07814.wav,7813,3518588943,8.646,0.6545,0.6162,0.6929,0.4503,0.4503,TAO,0.3679,-0.2905,0.0014
4117,07772.wav,7771,3496146317,7.899,0.6545,0.6070,0.7021,0.4449,0.4449,TAO,0.3171,0.1818,0.0256
4118,05541.wav,5540,2466324594,6.111,0.6545,0.6255,0.6835,0.4974,0.4974,LENT,0.3860,-0.0808,0.0089
4119,09230.wav,9229,4153333650,2.291,0.6545,0.5913,0.7178,0.6881,0.5913,TAO,0.5008,-0.2761,-0.0142
4120,04600.wav,4599,2037404099,3.627,0.6545,0.6003,0.7087,0.7223,0.6003,TAO,0.6591,-0.5763,-0.0263
4121,05360.wav,5359,2379093696,6.669,0.6544,0.5850,0.7239,0.5034,0.5034,TAO,0.3181,-0.9151,-0.0227
4122,01483.wav,1482,654606604,5.094,0.6544,0.5804,0.7284,0.7178,0.5804,TAO,0.6568,-0.2059,-0.0141
4123,04746.wav,4745,2109848844,8.707,0.6544,0.6052,0.7037,0.4214,0.4214,TAO,0.3054,0.3121,0.0308
4124,00611.wav,610,261028242,5.600,0.6544,0.6112,0.6976,0.4688,0.4688,TAO,0.3684,0.9770,0.0556
4125,02280.wav,2279,1013325038,4.117,0.6544,0.6460,0.6628,0.4710,0.4710,TAO,0.4773,0.9003,0.0599
4126,08143.wav,8142,3663371039,3.877,0.6544,0.6047,0.7042,0.5855,0.5855,TAO,0.4350,-0.3753,-0.0058
4127,06143.wav,6142,2743978772,8.888,0.6544,0.6068,0.7020,0.6709,0.6068,TAO,0.5805,-0.1402,-0.0073
4128,00049.wav,48,19091272,9.267,0.6544,0.5980,0.7108,0.6610,0.5980,TAO,0.6534,-0.4369,-0.0193
4129,02501.wav,2500,1101775686,5.789,0.6544,0.5978,0.7110,0.6953,0.5978,TAO,0.6433,0.2202,0.0069
4130,02249.wav,2248,998762787,2.201,0.6543,0.6722,0.6365,0.5049,0.5049,TAO,0.3726,1.1666,0.0523
4131,06161.wav,6160,2750366895,2.032,0.6543,0.5876,0.7210,0.6238,0.5876,TAO,0.4396,-0.1850,-0.0029
4132,04702.wav,4701,2088140013,7.119,0.6543,0.6074,0.7012,0.6311,0.6074,TAO,0.7045,-0.1695,-0.0025
4133,05305.wav,5304,2361423058,2.954,0.6543,0.6614,0.6472,0.5297,0.5297,TAO,0.4635,1.1873,0.0649
4134,02545.wav,2544,1120091366,3.813,0.6543,0.5753,0.7332,0.4645,0.4645,TAO,0.3465,0.4206,0.0301
4135,04318.wav,4317,1911972935,3.654,0.6543,0.6270,0.6816,0.5979,0.5979,TAO,0.7152,0.2689,0.0184
4136,01118.wav,1117,497048199,7.216,0.6542,0.6097,0.6987,0.6526,0.6097,TAO,0.7030,0.0215,-0.0053
4137,00586.wav,585,251397127,4.022,0.6542,0.5877,0.7207,0.6296,0.5877,TAO,0.4304,-0.2803,-0.0057
4138,08503.wav,8502,3822715986,12.059,0.6542,0.6286,0.6797,0.6526,0.6286,TAO,0.5469,-0.3452,-0.0076
4139,00741.wav,740,322940426,7.881,0.6542,0.5914,0.7169,0.7884,0.5914,TAO,0.6694,-1.0698,-0.0501
4140,03446.wav,3445,1525076644,8.398,0.6542,0.6104,0.6979,0.4451,0.4451,PAT,0.3115,0.0181,0.0136
4141,05135.wav,5134,2287812876,6.439,0.6541,0.6097,0.6986,0.5201,0.5201,TAO,0.4197,0.4620,0.0351
4142,08378.wav,8377,3755925314,4.905,0.6541,0.6149,0.6933,0.5946,0.5946,TAO,0.5403,-0.0317,0.0091
4143,00190.wav,189,78673539,5.913,0.6541,0.6129,0.6953,0.4729,0.4729,TAO,0.3465,0.3142,0.0319
4144,04512.wav,4511,2000611970,4.763,0.6540,0.5819,0.7260,0.5016,0.5016,TAO,0.3309,-0.5939,-0.0128
4145,04608.wav,4607,2041013995,7.834,0.6540,0.6006,0.7073,0.5164,0.5164,TAO,0.3839,-0.5257,-0.0216
4146,08616.wav,8615,3876327462,3.653,0.6540,0.5820,0.7259,0.7522,0.5820,TAO,0.5423,-0.7321,-0.0377
4147,09245.wav,9244,4159170987,3.193,0.6539,0.6547,0.6531,0.4966,0.4966,TAO,0.3476,0.8464,0.0494
4148,07760.wav,7759,3493442612,6.043,0.6539,0.6105,0.6974,0.5215,0.5215,TAO,0.4716,-0.2858,-0.0140
4149,03528.wav,3527,1560998784,6.905,0.6539,0.6265,0.6813,0.5575,0.5575,TAO,0.4998,0.3191,0.0198
4150,07033.wav,7032,3142262637,4.403,0.6539,0.6406,0.6671,0.4913,0.4913,TAO,0.3959,1.1609,0.0598
4151,03017.wav,3016,1330496748,2.961,0.6538,0.6140,0.6936,0.6900,0.6140,TAO,0.7915,-0.2361,-0.0113
4152,05511.wav,5510,2450115793,4.090,0.6538,0.5993,0.7084,0.6237,0.5993,TAO,0.4106,-0.9869,-0.0316
4153,07458.wav,7457,3356159649,6.798,0.6538,0.5704,0.7372,0.5866,0.5704,TAO,0.4348,-0.9253,-0.0366
4154,07700.wav,7699,3461900360,6.109,0.6537,0.5888,0.7187,0.6109,0.5888,TAO,0.5845,-0.2977,-0.0076
4155,06880.wav,6879,3071561984,5.170,0.6537,0.6072,0.7002,0.5233,0.5233,TAO,0.4921,-1.0359,-0.0307
4156,03103.wav,3102,1365387178,7.216,0.6537,0.6089,0.6984,0.6524,0.6089,TAO,0.7035,0.0181,-0.0055
4157,00475.wav,474,203589286,6.648,0.6537,0.6225,0.6848,0.5880,0.5880,TAO,0.5049,-0.3849,-0.0059
4158,00571.wav,570,246004494,7.601,0.6536,0.6298,0.6775,0.4087,0.4087,TAO,0.2739,0.8008,0.0508
4159,07339.wav,7338,3292652431,8.882,0.6536,0.6258,0.6815,0.5203,0.5203,TAO,0.4220,-0.7247,-0.0161
4160,03472.wav,3471,1535293962,4.741,0.6536,0.5774,0.7298,0.7276,0.5774,TAO,0.6487,-0.8937,-0.0464
4161,00700.wav,699,301251211,7.281,0.6536,0.5871,0.7201,0.4742,0.4742,TAO,0.3687,-0.4154,0.0016
4162,05119.wav,5118,2275115649,3.860,0.6536,0.6048,0.7023,0.5900,0.5900,TAO,0.4165,0.6322,0.0291
4163,09224.wav,9223,4151656750,8.914,0.6536,0.6343,0.6729,0.3959,0.3959,TAO,0.3292,0.9116,0.0614
4164,07821.wav,7820,3520032876,6.504,0.6536,0.6090,0.6982,0.4464,0.4464,TAO,0.2991,0.0689,0.0221
4165,02538.wav,2537,1119109486,1.240,0.6535,0.5846,0.7225,0.6024,0.5846,TAO,0.7647,0.1579,0.0083
4166,01922.wav,1921,859832111,4.756,0.6535,0.5700,0.7370,0.6004,0.5700,TAO,0.4848,-0.6022,-0.0166
4167,05661.wav,5660,2519135085,6.154,0.6535,0.5796,0.7274,0.6825,0.5796,TAO,0.7288,-0.6286,-0.0333
4168,04857.wav,4856,2157046321,5.891,0.6535,0.6084,0.6985,0.7378,0.6084,TAO,0.6280,-0.1092,-0.0013
4169,03651.wav,3650,1608306442,3.816,0.6535,0.5855,0.7214,0.7432,0.5855,TAO,0.5360,0.4758,0.0141
4170,01657.wav,1656,736327207,6.949,0.6535,0.6363,0.6707,0.5903,0.5903,TAO,0.5299,0.0998,0.0109
4171,06531.wav,6530,2912240840,7.598,0.6534,0.6006,0.7062,0.4157,0.4157,TAO,0.3064,0.4744,0.0329
4172,00242.wav,241,105916878,3.507,0.6534,0.6137,0.6931,0.5354,0.5354,LENT,0.3348,-0.2453,0.0011
4173,08100.wav,8099,3645974764,8.373,0.6534,0.6104,0.6963,0.6064,0.6064,TAO,0.7131,-0.2108,-0.0002
4174,07877.wav,7876,3550523245,9.465,0.6533,0.6049,0.7018,0.7419,0.6049,TAO,0.7226,0.1902,0.0083
4175,07639.wav,7638,3437946472,5.697,0.6533,0.5831,0.7236,0.7051,0.5831,TAO,0.6955,-0.3965,-0.0193
4176,07698.wav,7697,3461535886,5.748,0.6533,0.6453,0.6614,0.4017,0.4017,TAO,0.3685,1.3407,0.0783
4177,00691.wav,690,299040805,6.980,0.6533,0.5994,0.7072,0.5982,0.5982,TAO,0.5529,-0.6755,-0.0307
4178,05109.wav,5108,2271624715,6.239,0.6533,0.6222,0.6845,0.4214,0.4214,TAO,0.3824,0.2856,0.0323
4179,00262.wav,261,117510002,5.883,0.6533,0.5996,0.7070,0.5249,0.5249,PAT,0.3908,0.1291,0.0154
4180,04361.wav,4360,1931555534,8.069,0.6533,0.6471,0.6595,0.3827,0.3827,TAO,0.3114,0.6530,0.0557
4181,00653.wav,652,279047467,7.096,0.6533,0.6077,0.6989,0.4074,0.4074,TAO,0.2913,0.1750,0.0263
4182,07400.wav,7399,3322256657,3.390,0.6533,0.6009,0.7057,0.7556,0.6009,TAO,0.7106,-0.0741,-0.0053
4183,07789.wav,7788,3503386949,1.776,0.6533,0.6477,0.6588,0.4898,0.4898,TAO,0.3637,0.6475,0.0347
4184,01404.wav,1403,617140230,4.324,0.6533,0.5769,0.7296,0.6886,0.5769,TAO,0.6978,0.2788,0.0120
4185,06239.wav,6238,2786806282,7.887,0.6533,0.5674,0.7391,0.4537,0.4537,TAO,0.3856,-0.3811,-0.0043
4186,06189.wav,6188,2764014311,8.678,0.6532,0.5694,0.7371,0.5332,0.5332,TAO,0.4566,-1.0529,-0.0331
4187,05299.wav,5298,2359087296,5.863,0.6532,0.5787,0.7278,0.7571,0.5787,TAO,0.6165,-0.3290,-0.0191
4188,09385.wav,9384,4215806916,3.475,0.6532,0.5874,0.7191,0.7657,0.5874,TAO,0.5456,-0.2845,-0.0178
4189,08328.wav,8327,3731184522,2.072,0.6532,0.5896,0.7169,0.7192,0.5896,TAO,0.6437,0.2264,0.0137
4190,08844.wav,8843,3980781773,8.716,0.6532,0.5722,0.7341,0.7266,0.5722,TAO,0.6494,-0.8112,-0.0384
4191,05684.wav,5683,2528811943,5.997,0.6531,0.5694,0.7368,0.5881,0.5694,TAO,0.4075,-0.6944,-0.0144
4192,01347.wav,1346,597444995,7.899,0.6531,0.6118,0.6944,0.4334,0.4334,TAO,0.2723,-0.4437,-0.0044
4193,05792.wav,5791,2577912616,8.384,0.6531,0.5735,0.7327,0.7129,0.5735,TAO,0.5914,-0.4704,-0.0229
4194,08617.wav,8616,3876454381,5.958,0.6531,0.6058,0.7003,0.5212,0.5212,TAO,0.4463,0.0468,0.0130
4195,05641.wav,5640,2508442705,7.888,0.6531,0.5962,0.7099,0.6906,0.5962,TAO,0.7869,0.3778,0.0165
4196,02817.wav,2816,1242860484,3.589,0.6531,0.6112,0.6949,0.6905,0.6112,TAO,0.6064,0.2291,0.0036
4197,06925.wav,6924,3090417296,7.253,0.6530,0.6055,0.7006,0.5005,0.5005,TAO,0.4117,-1.0703,-0.0312
4198,07785.wav,7784,3502345543,6.294,0.6530,0.6115,0.6945,0.4308,0.4308,TAO,0.2986,0.0684,0.0160
4199,02340.wav,2339,1039233616,7.045,0.6530,0.5649,0.7411,0.7609,0.5649,TAO,0.5949,-0.5823,-0.0282
4200,03495.wav,3494,1549658351,5.601,0.6530,0.5746,0.7314,0.4808,0.4808,TAO,0.3901,-1.1000,-0.0384
4201,01595.wav,1594,700165164,5.971,0.6530,0.6051,0.7008,0.6587,0.6051,TAO,0.6698,-0.3969,-0.0118
4202,09022.wav,9021,4055261744,3.599,0.6530,0.5714,0.7345,0.6391,0.5714,TAO,0.5284,-0.9516,-0.0348
4203,07123.wav,7122,3187791533,6.552,0.6529,0.6080,0.6978,0.4717,0.4717,TAO,0.3797,0.9944,0.0578
4204,05086.wav,5085,2263926317,5.879,0.6529,0.6092,0.6966,0.4311,0.4311,ANCIENT,0.3843,0.6377,0.0379
4205,08214.wav,8213,3686833534,4.651,0.6529,0.6330,0.6727,0.6250,0.6250,TAO,0.4765,-0.5881,-0.0198
4206,00593.wav,592,252970667,5.021,0.6528,0.6019,0.7038,0.6175,0.6019,TAO,0.6664,-0.0716,-0.0026
4207,06846.wav,6845,3057733125,5.955,0.6528,0.6077,0.6979,0.6386,0.6077,TAO,0.5808,-0.0704,-0.0066
4208,06391.wav,6390,2855495469,6.718,0.6528,0.6266,0.6791,0.4306,0.4306,TAO,0.3432,0.6797,0.0505
4209,07253.wav,7252,3250278882,8.305,0.6528,0.5831,0.7225,0.4608,0.4608,TAO,0.3668,-0.7190,-0.0158
4210,08475.wav,8474,3809434947,3.859,0.6527,0.5821,0.7234,0.6411,0.5821,TAO,0.4866,-0.6480,-0.0280
4211,05021.wav,5020,2227503529,2.791,0.6527,0.6095,0.6959,0.6391,0.6095,TAO,0.5129,-0.0072,0.0013
4212,03184.wav,3183,1397393678,6.465,0.6527,0.6749,0.6305,0.3665,0.3665,TAO,0.3513,1.1100,0.0717
4213,09372.wav,9371,4210427345,5.621,0.6527,0.5952,0.7102,0.4560,0.4560,TAO,0.3342,0.1816,0.0199
4214,04597.wav,4596,2036606508,8.054,0.6527,0.6121,0.6932,0.3558,0.3558,TAO,0.2398,0.2384,0.0292
4215,08825.wav,8824,3966844021,3.081,0.6527,0.5959,0.7095,0.7874,0.5959,TAO,0.5874,-0.6167,-0.0323
4216,05761.wav,5760,2565169909,4.260,0.6527,0.5783,0.7270,0.7761,0.5783,TAO,0.6438,-0.0589,-0.0064
4217,02082.wav,2081,924242178,5.981,0.6526,0.6273,0.6780,0.7356,0.6273,TAO,0.6961,0.0814,0.0044
4218,04533.wav,4532,2012371625,8.016,0.6526,0.6316,0.6737,0.4078,0.4078,PAT,0.3192,0.3259,0.0319
4219,01801.wav,1800,808091153,6.893,0.6526,0.6028,0.7025,0.7560,0.6028,TAO,0.6327,-0.5457,-0.0277
4220,06050.wav,6049,2698003084,4.214,0.6526,0.5866,0.7186,0.5430,0.5430,LENT,0.4935,-0.0468,0.0107
4221,06292.wav,6291,2811308644,6.801,0.6526,0.5876,0.7176,0.5042,0.5042,TAO,0.3987,-0.5908,-0.0197
4222,04013.wav,4012,1780361673,3.500,0.6526,0.5880,0.7171,0.7425,0.5880,TAO,0.6623,-0.2122,-0.0043
4223,01368.wav,1367,604529484,5.750,0.6525,0.6020,0.7031,0.6567,0.6020,TAO,0.6590,-0.8022,-0.0324
4224,00139.wav,138,59033010,7.233,0.6525,0.6262,0.6788,0.3993,0.3993,TAO,0.2749,0.7668,0.0501
4225,07047.wav,7046,3149666134,12.411,0.6525,0.5960,0.7090,0.6699,0.5960,TAO,0.7536,-0.3337,-0.0114
4226,00301.wav,300,131361380,8.223,0.6525,0.5960,0.7091,0.7198,0.5960,TAO,0.7597,-0.4122,-0.0193
4227,03262.wav,3261,1430566765,4.098,0.6525,0.6316,0.6734,0.5236,0.5236,TAO,0.3569,-0.5440,-0.0076
4228,00062.wav,61,25590055,3.249,0.6525,0.5954,0.7096,0.6076,0.5954,TAO,0.5028,-0.3017,-0.0060
4229,03935.wav,3934,1737867946,7.379,0.6524,0.5972,0.7076,0.5294,0.5294,TAO,0.5181,-0.5652,-0.0182
4230,08671.wav,8670,3904296785,2.688,0.6524,0.5886,0.7162,0.5644,0.5644,TAO,0.4643,0.1786,0.0155
4231,09266.wav,9265,4166835683,5.003,0.6524,0.5953,0.7095,0.7078,0.5953,TAO,0.4633,-0.3838,-0.0102
4232,06200.wav,6199,2773002478,5.277,0.6523,0.6110,0.6936,0.5915,0.5915,TAO,0.6904,-0.2759,-0.0069
4233,00559.wav,558,239190447,5.114,0.6523,0.6007,0.7038,0.6768,0.6007,TAO,0.7534,-0.0681,-0.0024
4234,00568.wav,567,244382315,7.343,0.6523,0.6082,0.6963,0.4303,0.4303,TAO,0.3093,0.2956,0.0293
4235,09236.wav,9235,4156919943,5.729,0.6523,0.5785,0.7260,0.5576,0.5576,TAO,0.4125,-0.6091,-0.0176
4236,00634.wav,633,271405290,8.381,0.6522,0.6388,0.6657,0.6056,0.6056,TAO,0.5089,-0.1290,0.0003
4237,04879.wav,4878,2167475569,3.552,0.6522,0.6282,0.6763,0.5362,0.5362,LENT,0.3193,-0.8415,-0.0267
4238,03768.wav,3767,1663429634,3.305,0.6522,0.5871,0.7172,0.7533,0.5871,TAO,0.5624,-0.1830,-0.0129
4239,07742.wav,7741,3486655697,2.283,0.6522,0.6082,0.6962,0.6038,0.6038,LENT,0.4191,-0.3576,-0.0061
4240,04771.wav,4770,2121755367,4.995,0.6522,0.5964,0.7079,0.6156,0.5964,TAO,0.5271,-0.6316,-0.0294
4241,05615.wav,5614,2497171244,6.598,0.6522,0.5987,0.7056,0.4860,0.4860,TAO,0.4096,-1.0295,-0.0281
4242,05525.wav,5524,2457062822,7.112,0.6521,0.5939,0.7102,0.5273,0.5273,TAO,0.5376,-0.7432,-0.0150
4243,00282.wav,281,123881866,9.099,0.6521,0.6183,0.6859,0.6329,0.6183,TAO,0.6040,-0.4336,-0.0166
4244,01588.wav,1587,698654070,5.367,0.6520,0.6161,0.6879,0.5439,0.5439,TAO,0.3427,-0.3582,-0.0172
4245,04412.wav,4411,1955442093,2.835,0.6520,0.5840,0.7199,0.7495,0.5840,TAO,0.5940,0.7223,0.0214
4246,06906.wav,6905,3086456292,4.745,0.6518,0.5485,0.7551,0.6829,0.5485,LENT,0.5714,-0.8381,-0.0376
4247,00680.wav,679,295509233,7.960,0.6518,0.6240,0.6797,0.4209,0.4209,TAO,0.2962,0.6886,0.0521
4248,01349.wav,1348,600619659,3.580,0.6518,0.6675,0.6361,0.4688,0.4688,TAO,0.3808,1.5259,0.0754
4249,00048.wav,47,18927109,4.872,0.6518,0.6029,0.7007,0.7098,0.6029,TAO,0.7451,-0.0001,-0.0035
4250,01753.wav,1752,785886667,7.964,0.6517,0.6186,0.6849,0.7037,0.6186,TAO,0.5880,-0.1973,-0.0062
4251,06783.wav,6782,3027696173,3.638,0.6517,0.5876,0.7158,0.7776,0.5876,TAO,0.6198,-0.7052,-0.0365
4252,07680.wav,7679,3452677159,6.025,0.6517,0.6081,0.6953,0.5090,0.5090,TAO,0.4013,-0.6291,-0.0113
4253,07316.wav,7315,3280764266,7.799,0.6517,0.6237,0.6796,0.5928,0.5928,TAO,0.6700,-0.1002,0.0071
4254,01986.wav,1985,886784782,7.248,0.6516,0.5910,0.7123,0.5239,0.5239,TAO,0.2751,-0.3597,-0.0041
4255,00369.wav,368,156953258,3.879,0.6516,0.6186,0.6846,0.5333,0.5333,LENT,0.3640,0.3775,0.0294
4256,03302.wav,3301,1450355270,6.459,0.6516,0.6037,0.6995,0.4984,0.4984,TAO,0.4829,-0.6294,-0.0170
4257,05864.wav,5863,2618705645,3.006,0.6515,0.6440,0.6591,0.6674,0.6440,TAO,0.4850,0.4978,0.0183
4258,00356.wav,355,150498254,5.974,0.6515,0.5703,0.7327,0.4967,0.4967,TAO,0.4042,0.3825,0.0245
4259,03488.wav,3487,1546711946,4.147,0.6515,0.5655,0.7376,0.5305,0.5305,TAO,0.4584,-0.3364,-0.0022
4260,07947.wav,7946,3578584587,6.732,0.6515,0.5940,0.7090,0.4403,0.4403,PAT,0.2988,0.5399,0.0382
4261,02891.wav,2890,1276010378,2.834,0.6514,0.6042,0.6987,0.5373,0.5373,TAO,0.3739,0.8029,0.0314
4262,06379.wav,6378,2853182768,6.264,0.6514,0.5945,0.7083,0.7481,0.5945,TAO,0.5724,-1.0101,-0.0431
4263,03178.wav,3177,1395806222,4.591,0.6514,0.6179,0.6850,0.4419,0.4419,TAO,0.2796,0.4650,0.0334
4264,01319.wav,1318,585260649,6.487,0.6514,0.5898,0.7130,0.7503,0.5898,TAO,0.6892,-0.5553,-0.0225
4265,01612.wav,1611,713994023,7.056,0.6514,0.6173,0.6855,0.5251,0.5251,TAO,0.4351,-0.2222,0.0011
4266,04991.wav,4990,2213675314,5.733,0.6513,0.6130,0.6896,0.6743,0.6130,TAO,0.6117,-0.3859,-0.0115
4267,04166.wav,4165,1849919827,3.097,0.6513,0.5694,0.7332,0.5548,0.5548,TAO,0.4523,-0.6280,-0.0182
4268,04968.wav,4967,2198547368,2.399,0.6513,0.6061,0.6964,0.5772,0.5772,TAO,0.4947,-0.8411,-0.0231
4269,02204.wav,2203,980679949,2.462,0.6513,0.5950,0.7075,0.6320,0.5950,TAO,0.4689,-0.8658,-0.0310
4270,00609.wav,608,259978376,6.544,0.6513,0.5943,0.7082,0.7037,0.5943,TAO,0.7673,-0.1322,-0.0064
4271,06565.wav,6564,2932507783,6.555,0.6513,0.5832,0.7193,0.5487,0.5487,TAO,0.4006,-0.9423,-0.0355
4272,01888.wav,1887,842727397,8.644,0.6512,0.6012,0.7013,0.5336,0.5336,TAO,0.5076,-0.7933,-0.0242
4273,02317.wav,2316,1023011753,6.950,0.6512,0.5850,0.7175,0.5674,0.5674,TAO,0.5819,-0.9558,-0.0295
4274,06198.wav,6197,2772763596,8.330,0.6512,0.6243,0.6781,0.4141,0.4141,TAO,0.3679,0.6591,0.0520
4275,07075.wav,7074,3163686090,5.173,0.6512,0.6015,0.7009,0.4204,0.4204,TAO,0.2688,0.2739,0.0277
4276,04004.wav,4003,1776867697,9.367,0.6511,0.6341,0.6681,0.6375,0.6341,TAO,0.5377,-0.3270,-0.0072
4277,00410.wav,409,176079637,2.806,0.6511,0.5943,0.7079,0.5450,0.5450,TAO,0.3165,0.5483,0.0357
4278,03180.wav,3179,1396862693,5.365,0.6510,0.5979,0.7042,0.6681,0.5979,TAO,0.6964,-0.1814,-0.0118
4279,02735.wav,2734,1207088224,6.292,0.6510,0.5970,0.7051,0.5831,0.5831,LENT,0.6510,-0.1237,-0.0065
4280,07054.wav,7053,3154584397,7.072,0.6510,0.6072,0.6949,0.4028,0.4028,TAO,0.3566,1.1357,0.0650
4281,09334.wav,9333,4192973455,2.217,0.6510,0.5868,0.7152,0.7214,0.5868,TAO,0.5550,-0.5057,-0.0213
4282,04225.wav,4224,1873082626,6.746,0.6510,0.5856,0.7164,0.5448,0.5448,TAO,0.4168,-1.1874,-0.0383
4283,04502.wav,4501,1994986370,5.747,0.6510,0.6074,0.6945,0.5612,0.5612,TAO,0.4658,-0.4986,-0.0152
4284,05984.wav,5983,2665765180,2.525,0.6509,0.5828,0.7191,0.6622,0.5828,TAO,0.5946,-0.4540,-0.0170
4285,07451.wav,7450,3350492487,5.823,0.6509,0.5759,0.7259,0.6751,0.5759,TAO,0.5281,-1.0010,-0.0479
4286,04340.wav,4339,1919965957,7.417,0.6509,0.6220,0.6799,0.5899,0.5899,TAO,0.6984,-0.3277,-0.0042
4287,02665.wav,2664,1176610917,5.593,0.6509,0.6050,0.6968,0.6716,0.6050,TAO,0.7127,-0.3903,-0.0143
4288,07157.wav,7156,3204253299,7.761,0.6509,0.6464,0.6554,0.4243,0.4243,TAO,0.4927,0.6713,0.0439
4289,03121.wav,3120,1371713841,8.346,0.6509,0.5787,0.7231,0.6695,0.5787,TAO,0.5015,-0.4792,-0.0197
4290,07349.wav,7348,3299475935,7.307,0.6509,0.6067,0.6950,0.4088,0.4088,TAO,0.3222,0.9435,0.0549
4291,02246.wav,2245,998591688,4.766,0.6508,0.5853,0.7164,0.5551,0.5551,TAO,0.5739,-0.6483,-0.0195
4292,03901.wav,3900,1727308237,7.426,0.6508,0.5916,0.7100,0.6171,0.5916,TAO,0.6745,-0.3494,-0.0101
4293,00303.wav,302,131936545,5.499,0.6508,0.6251,0.6765,0.5834,0.5834,RYZA,0.6074,0.6404,0.0442
4294,06359.wav,6358,2842105399,7.856,0.6508,0.6121,0.6894,0.5759,0.5759,TAO,0.5659,-0.1689,-0.0052
4295,07135.wav,7134,3194676905,5.923,0.6508,0.5990,0.7025,0.5532,0.5532,TAO,0.3748,-0.8326,-0.0252
4296,06435.wav,6434,2877500969,4.606,0.6508,0.6298,0.6717,0.5005,0.5005,PAT,0.4279,0.5546,0.0364
4297,04963.wav,4962,2197952876,3.723,0.6507,0.5657,0.7358,0.5317,0.5317,TAO,0.3630,-0.6364,-0.0266
4298,04560.wav,4559,2024533252,4.864,0.6507,0.6026,0.6988,0.5198,0.5198,TAO,0.3579,-0.5375,-0.0105
4299,06608.wav,6607,2951056430,8.242,0.6507,0.6406,0.6608,0.4220,0.4220,TAO,0.3483,0.8027,0.0538
4300,09063.wav,9062,4078669518,2.981,0.6506,0.6157,0.6855,0.4822,0.4822,TAO,0.3317,-0.0000,0.0098
4301,08570.wav,8569,3853953640,2.694,0.6506,0.5576,0.7436,0.7077,0.5576,TAO,0.5441,-0.2050,-0.0207
4302,09501.wav,9500,4265030093,6.847,0.6506,0.6120,0.6892,0.6094,0.6094,TAO,0.6898,0.1391,0.0130
4303,01165.wav,1164,512224611,4.337,0.6506,0.6369,0.6643,0.4098,0.4098,TAO,0.4587,1.1343,0.0703
4304,07300.wav,7299,3270100363,2.189,0.6506,0.5842,0.7169,0.7240,0.5842,TAO,0.4807,-0.6205,-0.0306
4305,05054.wav,5053,2244159557,6.357,0.6506,0.6232,0.6779,0.5592,0.5592,TAO,0.4022,-0.0978,0.0140
4306,06569.wav,6568,2934772910,7.597,0.6505,0.6370,0.6641,0.5021,0.5021,TAO,0.5072,-0.0979,0.0137
4307,00755.wav,754,326984748,4.949,0.6505,0.6140,0.6870,0.5583,0.5583,TAO,0.6369,0.1577,0.0066
4308,00221.wav,220,98393126,2.551,0.6505,0.6235,0.6774,0.5485,0.5485,TAO,0.5235,-0.0876,-0.0012
4309,00353.wav,352,149334862,3.601,0.6504,0.5756,0.7252,0.6739,0.5756,TAO,0.4786,-0.1146,-0.0019
4310,07656.wav,7655,3444150631,3.769,0.6504,0.6109,0.6898,0.6474,0.6109,TAO,0.6601,-0.3801,-0.0171
4311,02025.wav,2024,902160396,6.663,0.6503,0.6306,0.6701,0.7262,0.6306,TAO,0.7409,0.0981,0.0065
4312,09412.wav,9411,4227345427,4.116,0.6503,0.5726,0.7281,0.7135,0.5726,TAO,0.5842,-0.5800,-0.0332
4313,08099.wav,8098,3645823663,6.421,0.6502,0.5660,0.7344,0.6601,0.5660,TAO,0.6722,-0.2953,-0.0211
4314,08402.wav,8401,3774620306,124.701,0.6502,0.5957,0.7048,0.5220,0.5220,TAO,0.5893,-1.1426,-0.0356
4315,07506.wav,7505,3375001899,4.074,0.6502,0.6063,0.6941,0.4893,0.4893,PAT,0.2813,0.2138,0.0267
4316,06987.wav,6986,3122241614,9.172,0.6502,0.5943,0.7060,0.7055,0.5943,TAO,0.7408,0.1055,-0.0001
4317,00909.wav,908,400540209,4.740,0.6501,0.5814,0.7189,0.5029,0.5029,TAO,0.2989,0.5475,0.0278
4318,03781.wav,3780,1672999092,2.914,0.6501,0.5951,0.7052,0.7606,0.5951,TAO,0.6426,-0.0980,-0.0068
4319,07811.wav,7810,3517978889,3.364,0.6501,0.5964,0.7039,0.5195,0.5195,TAO,0.3909,0.4294,0.0221
4320,06267.wav,6266,2802556296,2.786,0.6501,0.6006,0.6995,0.5738,0.5738,TAO,0.5299,0.0403,0.0133
4321,05167.wav,5166,2298799929,1.805,0.6501,0.5935,0.7067,0.6541,0.5935,TAO,0.4805,-0.2874,-0.0056
4322,07961.wav,7960,3588959872,6.683,0.6501,0.5858,0.7143,0.5009,0.5009,LENT,0.3052,-0.7771,-0.0141
4323,00536.wav,535,228269894,4.514,0.6501,0.6117,0.6884,0.5207,0.5207,LENT,0.4155,-0.6649,-0.0169
4324,05809.wav,5808,2584229759,6.149,0.6500,0.6092,0.6909,0.5838,0.5838,TAO,0.5440,-0.3322,-0.0058
4325,04890.wav,4889,2172465157,4.933,0.6500,0.6023,0.6977,0.6035,0.6023,TAO,0.4551,-0.3487,-0.0042
4326,03660.wav,3659,1612371520,7.183,0.6500,0.5914,0.7086,0.5426,0.5426,TAO,0.3462,-0.8753,-0.0217
4327,02710.wav,2709,1197677391,3.064,0.6500,0.6132,0.6868,0.4298,0.4298,LENT,0.3325,0.3128,0.0236
4328,02742.wav,2741,1210665167,2.328,0.6500,0.5621,0.7379,0.6773,0.5621,TAO,0.5628,0.1217,-0.0107
4329,09094.wav,9093,4090392356,7.363,0.6500,0.5872,0.7127,0.4604,0.4604,TAO,0.3007,-0.1691,0.0052
4330,09469.wav,9468,4251477705,2.299,0.6500,0.6301,0.6698,0.5267,0.5267,TAO,0.5438,0.5450,0.0274
4331,05679.wav,5678,2527552171,3.193,0.6499,0.5772,0.7226,0.7658,0.5772,TAO,0.6906,-0.8308,-0.0374
4332,00338.wav,337,146789194,6.687,0.6499,0.5773,0.7226,0.4862,0.4862,TAO,0.4793,-0.7015,-0.0168
4333,03677.wav,3676,1622094600,9.611,0.6499,0.6058,0.6941,0.6674,0.6058,TAO,0.6736,-0.2407,-0.0062
4334,03447.wav,3446,1525196627,7.148,0.6499,0.6006,0.6993,0.5630,0.5630,TAO,0.4931,-0.4841,-0.0133
4335,06214.wav,6213,2780017290,5.973,0.6499,0.5736,0.7262,0.7181,0.5736,TAO,0.6676,-0.4922,-0.0225
4336,04865.wav,4864,2162213134,3.805,0.6499,0.5858,0.7140,0.7569,0.5858,TAO,0.6211,-0.5832,-0.0314
4337,07130.wav,7129,3193109447,7.672,0.6498,0.6081,0.6916,0.5565,0.5565,TAO,0.4847,-0.5623,-0.0152
4338,04873.wav,4872,2166041093,8.194,0.6498,0.6222,0.6775,0.4701,0.4701,LENT,0.2966,-0.1086,0.0153
4339,06911.wav,6910,3088317353,5.235,0.6498,0.5963,0.7033,0.4730,0.4730,LENT,0.4537,-1.1154,-0.0319
4340,05036.wav,5035,2235650175,4.956,0.6498,0.5487,0.7510,0.5904,0.5487,LENT,0.3805,-0.8130,-0.0240
4341,00622.wav,621,268727661,4.265,0.6498,0.6157,0.6839,0.6772,0.6157,LENT,0.5303,0.1332,0.0117
4342,00310.wav,309,136485234,6.782,0.6498,0.5925,0.7071,0.4563,0.4563,ANCIENT,0.3370,-0.7872,-0.0175
4343,08450.wav,8449,3795747732,8.659,0.6498,0.5970,0.7025,0.4020,0.4020,TAO,0.3001,0.3273,0.0327
4344,02946.wav,2945,1300522408,8.320,0.6498,0.5857,0.7138,0.6469,0.5857,TAO,0.7086,-0.3229,-0.0133
4345,00002.wav,1,595846,3.411,0.6497,0.5856,0.7139,0.7437,0.5856,TAO,0.7056,-0.1739,-0.0111
4346,09177.wav,9176,4127934354,6.599,0.6497,0.6421,0.6573,0.3957,0.3957,TAO,0.2853,0.7939,0.0548
4347,01800.wav,1799,807612368,3.753,0.6497,0.5886,0.7108,0.7321,0.5886,TAO,0.7217,-0.3529,-0.0218
4348,06514.wav,6513,2904631886,3.301,0.6497,0.6298,0.6695,0.4598,0.4598,TAO,0.4185,0.8773,0.0450
4349,06732.wav,6731,3001630702,5.215,0.6497,0.6359,0.6635,0.5383,0.5383,TAO,0.3897,0.7502,0.0476
4350,03756.wav,3755,1656759752,6.521,0.6497,0.5922,0.7072,0.6075,0.5922,TAO,0.6162,-0.4399,-0.0117
4351,07887.wav,7886,3555143490,6.390,0.6497,0.6198,0.6795,0.6198,0.6198,TAO,0.4875,0.2747,0.0208
4352,02771.wav,2770,1224548198,7.532,0.6497,0.5808,0.7185,0.6032,0.5808,TAO,0.6097,-0.6165,-0.0237
4353,00235.wav,234,100363629,4.894,0.6496,0.5997,0.6995,0.6329,0.5997,TAO,0.4866,-0.8201,-0.0305
4354,04642.wav,4641,2060541873,7.598,0.6496,0.5939,0.7053,0.6921,0.5939,TAO,0.5736,-1.2154,-0.0503
4355,08793.wav,8792,3956491148,8.220,0.6496,0.5991,0.7001,0.5844,0.5844,TAO,0.4815,-0.4108,-0.0118
4356,07160.wav,7159,3208443665,5.425,0.6496,0.5579,0.7413,0.5154,0.5154,TAO,0.3380,-0.7030,-0.0237
4357,02008.wav,2007,893983755,3.689,0.6496,0.6001,0.6991,0.7307,0.6001,TAO,0.5221,-0.7768,-0.0293
4358,00483.wav,482,205450347,5.721,0.6496,0.5877,0.7114,0.5354,0.5354,TAO,0.4222,-0.9054,-0.0263
4359,05559.wav,5558,2473451369,10.069,0.6496,0.6070,0.6922,0.7105,0.6070,TAO,0.7600,-0.1672,-0.0087
4360,07588.wav,7587,3415643827,5.940,0.6496,0.5987,0.7004,0.4424,0.4424,PAT,0.3720,0.3770,0.0319
4361,05662.wav,5661,2520353198,8.520,0.6496,0.5813,0.7178,0.6490,0.5813,TAO,0.5936,-0.5370,-0.0156
4362,02190.wav,2189,971365412,3.861,0.6495,0.6428,0.6563,0.4785,0.4785,TAO,0.3775,0.0888,0.0169
4363,08269.wav,8268,3710897318,4.458,0.6495,0.5944,0.7047,0.7003,0.5944,TAO,0.6665,-1.0368,-0.0450
4364,08872.wav,8871,3996994658,5.852,0.6495,0.5735,0.7256,0.7626,0.5735,TAO,0.6561,-0.3428,-0.0188
4365,01489.wav,1488,656789865,5.767,0.6495,0.5869,0.7122,0.6715,0.5869,TAO,0.6477,-0.1798,-0.0141
4366,06486.wav,6485,2895953236,1.698,0.6495,0.5770,0.7220,0.7639,0.5770,TAO,0.5604,0.4537,0.0141
4367,07366.wav,7365,3308699590,6.546,0.6495,0.5821,0.7168,0.7532,0.5821,TAO,0.6437,-0.4257,-0.0287
4368,03317.wav,3316,1455639599,3.747,0.6495,0.5684,0.7305,0.5804,0.5684,TAO,0.5057,-0.4702,-0.0183
4369,07532.wav,7531,3389916205,5.223,0.6494,0.5969,0.7019,0.4150,0.4150,TAO,0.2418,0.2149,0.0249
4370,03548.wav,3547,1573750732,6.723,0.6494,0.6221,0.6767,0.4241,0.4241,PAT,0.3871,0.7621,0.0456
4371,05370.wav,5369,2385916738,3.036,0.6494,0.6269,0.6718,0.6110,0.6110,TAO,0.5014,0.1134,0.0083
4372,05740.wav,5739,2555764614,5.310,0.6494,0.6048,0.6939,0.4726,0.4726,LENT,0.3694,-0.2985,0.0068
4373,03175.wav,3174,1395457898,4.048,0.6493,0.5810,0.7177,0.4420,0.4420,TAO,0.2836,0.4908,0.0380
4374,00128.wav,127,52105957,5.307,0.6493,0.6066,0.6920,0.6131,0.6066,TAO,0.5637,-0.4743,-0.0151
4375,01620.wav,1619,717795726,2.456,0.6493,0.6651,0.6335,0.5103,0.5103,TAO,0.3690,0.8432,0.0458
4376,07525.wav,7524,3388972718,4.974,0.6493,0.6072,0.6913,0.6489,0.6072,TAO,0.5121,-0.3808,-0.0195
4377,03936.wav,3935,1738372934,1.794,0.6492,0.6035,0.6949,0.6197,0.6035,TAO,0.7347,-0.2269,-0.0046
4378,01687.wav,1686,749724624,5.682,0.6492,0.6075,0.6909,0.6729,0.6075,TAO,0.6629,-0.2823,-0.0132
4379,00561.wav,560,241222607,6.553,0.6492,0.6205,0.6779,0.4382,0.4382,ANCIENT,0.3050,-0.8557,-0.0179
4380,04536.wav,4535,2013017094,6.899,0.6492,0.5942,0.7041,0.6776,0.5942,TAO,0.6669,-0.3777,-0.0128
4381,04321.wav,4320,1913006887,4.160,0.6492,0.5793,0.7191,0.6629,0.5793,TAO,0.5476,-1.0166,-0.0489
4382,01104.wav,1103,485162498,8.035,0.6491,0.5977,0.7006,0.4692,0.4692,TAO,0.3951,-0.7680,-0.0157
4383,02608.wav,2607,1143957927,2.303,0.6491,0.5970,0.7013,0.7234,0.5970,TAO,0.6109,0.8901,0.0345
4384,04695.wav,4694,2085742925,3.320,0.6491,0.5809,0.7173,0.7219,0.5809,TAO,0.5764,-0.2552,-0.0198
4385,01186.wav,1185,528124274,7.077,0.6491,0.5952,0.7030,0.7674,0.5952,TAO,0.7148,-0.1708,-0.0026
4386,08744.wav,8743,3933254473,7.564,0.6491,0.6288,0.6693,0.3967,0.3967,TAO,0.2949,0.2432,0.0318
4387,05205.wav,5204,2314719473,6.648,0.6491,0.5905,0.7076,0.4609,0.4609,PAT,0.3154,-0.2699,-0.0000
4388,08658.wav,8657,3900156779,2.085,0.6490,0.6460,0.6521,0.5320,0.5320,TAO,0.3245,1.3940,0.0588
4389,07846.wav,7845,3536960992,3.439,0.6490,0.5862,0.7118,0.5985,0.5862,TAO,0.6330,0.0977,-0.0007
4390,06641.wav,6640,2961800300,4.011,0.6489,0.6571,0.6408,0.4566,0.4566,TAO,0.4408,1.2042,0.0501
4391,06633.wav,6632,2960171730,6.398,0.6489,0.5689,0.7290,0.6836,0.5689,TAO,0.5810,-0.8013,-0.0454
4392,05281.wav,5280,2350169764,8.376,0.6489,0.5838,0.7139,0.5132,0.5132,TAO,0.5107,-1.2962,-0.0439
4393,06048.wav,6047,2696720878,2.441,0.6488,0.5794,0.7182,0.7635,0.5794,TAO,0.7029,-0.1747,-0.0134
4394,07712.wav,7711,3469672431,6.002,0.6488,0.6132,0.6844,0.5823,0.5823,TAO,0.6691,-0.3228,-0.0059
4395,03786.wav,3785,1673884464,5.601,0.6488,0.6124,0.6852,0.4467,0.4467,LENT,0.3103,-0.2838,0.0046
4396,06559.wav,6558,2929025130,6.555,0.6488,0.6008,0.6968,0.5119,0.5119,TAO,0.5674,-0.7333,-0.0235
4397,08093.wav,8092,3641932205,4.532,0.6487,0.5921,0.7054,0.7352,0.5921,TAO,0.6088,-0.5523,-0.0208
4398,08262.wav,8261,3707494644,5.276,0.6487,0.5792,0.7182,0.7282,0.5792,TAO,0.6999,-0.8947,-0.0416
4399,02869.wav,2868,1267092846,8.475,0.6487,0.6199,0.6776,0.4690,0.4690,TAO,0.4802,0.1998,0.0318
4400,04441.wav,4440,1964782668,2.778,0.6487,0.5939,0.7035,0.5342,0.5342,TAO,0.3854,0.3350,0.0207
4401,07150.wav,7149,3199720193,3.810,0.6486,0.5805,0.7168,0.7680,0.5805,TAO,0.7162,-0.0634,-0.0078
4402,05723.wav,5722,2547527274,8.344,0.6486,0.6021,0.6951,0.7310,0.6021,TAO,0.6753,-0.2517,-0.0096
4403,03489.wav,3488,1548899025,7.383,0.6486,0.6385,0.6587,0.5554,0.5554,TAO,0.4683,-0.2147,0.0016
4404,03410.wav,3409,1502069394,4.047,0.6486,0.5796,0.7176,0.7363,0.5796,TAO,0.4802,-0.7984,-0.0326
4405,04099.wav,4098,1815639586,8.094,0.6486,0.5851,0.7121,0.5006,0.5006,TAO,0.4896,-1.1097,-0.0330
4406,03221.wav,3220,1413389721,7.603,0.6486,0.5996,0.6975,0.6218,0.5996,TAO,0.7535,-0.1774,-0.0080
4407,01115.wav,1114,496288873,5.311,0.6485,0.5914,0.7057,0.7500,0.5914,TAO,0.7232,-0.3555,-0.0170
4408,02316.wav,2315,1022996690,2.559,0.6485,0.5971,0.7000,0.5496,0.5496,RYZA,0.5209,-0.2796,-0.0008
4409,06464.wav,6463,2886615724,4.794,0.6485,0.5735,0.7235,0.7066,0.5735,TAO,0.6702,-0.4819,-0.0229
4410,00528.wav,527,227626946,5.371,0.6485,0.6299,0.6670,0.4063,0.4063,PAT,0.3526,0.8411,0.0550
4411,04455.wav,4454,1970271681,8.417,0.6484,0.6121,0.6848,0.4074,0.4074,TAO,0.3227,0.4201,0.0413
4412,06754.wav,6753,3012620290,8.371,0.6483,0.5720,0.7246,0.7305,0.5720,TAO,0.6521,-0.7805,-0.0419
4413,05011.wav,5010,2222737704,5.769,0.6483,0.5795,0.7171,0.5035,0.5035,TAO,0.3604,-0.7253,-0.0194
4414,03691.wav,3690,1629598738,5.631,0.6483,0.5672,0.7294,0.6301,0.5672,TAO,0.5958,-0.7161,-0.0371
4415,09401.wav,9400,4220076362,3.120,0.6483,0.6158,0.6808,0.4319,0.4319,ANCIENT,0.3462,0.3635,0.0284
4416,08026.wav,8025,3615832719,2.557,0.6483,0.5864,0.7101,0.5319,0.5319,TAO,0.3245,-0.1399,0.0047
4417,01279.wav,1278,571134645,3.969,0.6483,0.6413,0.6552,0.4251,0.4251,TAO,0.3713,0.7543,0.0525
4418,06989.wav,6988,3122405777,7.462,0.6483,0.6036,0.6929,0.6655,0.6036,TAO,0.6867,-0.5172,-0.0159
4419,03122.wav,3121,1371755500,7.439,0.6483,0.6298,0.6668,0.3752,0.3752,TAO,0.3543,0.6392,0.0471
4420,00207.wav,206,93112456,4.637,0.6482,0.5979,0.6985,0.6351,0.5979,TAO,0.6264,-0.3775,-0.0176
4421,01977.wav,1976,885046225,6.000,0.6482,0.5657,0.7307,0.6401,0.5657,TAO,0.4626,-1.1916,-0.0456
4422,05053.wav,5052,2243693834,4.450,0.6482,0.5907,0.7057,0.7206,0.5907,TAO,0.7350,-0.5022,-0.0272
4423,01892.wav,1891,843719690,7.335,0.6482,0.6273,0.6691,0.5371,0.5371,TAO,0.4576,0.0552,0.0141
4424,04203.wav,4202,1864849701,4.345,0.6481,0.6124,0.6839,0.5874,0.5874,TAO,0.4284,-0.4230,-0.0147
4425,03294.wav,3293,1447305004,10.064,0.6481,0.5971,0.6991,0.6810,0.5971,TAO,0.7303,-0.2356,-0.0080
4426,06139.wav,6138,2741126981,3.790,0.6481,0.5937,0.7025,0.4715,0.4715,TAO,0.3897,-0.3763,-0.0040
4427,03040.wav,3039,1345672618,5.591,0.6481,0.5956,0.7006,0.5426,0.5426,TAO,0.4926,-1.2266,-0.0380
4428,02885.wav,2884,1274511724,3.606,0.6481,0.6323,0.6639,0.6587,0.6323,TAO,0.5565,-0.1704,-0.0041
4429,02829.wav,2828,1247784873,6.313,0.6480,0.6133,0.6827,0.6831,0.6133,TAO,0.5341,-0.5225,-0.0183
4430,05071.wav,5070,2252795527,3.865,0.6480,0.5829,0.7131,0.7475,0.5829,TAO,0.6885,-1.1173,-0.0483
4431,08166.wav,8165,3672314153,4.204,0.6480,0.5969,0.6991,0.4985,0.4985,TAO,0.5430,-0.5864,-0.0050
4432,00277.wav,276,123069319,9.349,0.6480,0.6207,0.6752,0.6190,0.6190,TAO,0.6851,0.0094,0.0026
4433,09521.wav,9520,4270772071,5.505,0.6480,0.5824,0.7135,0.7164,0.5824,TAO,0.6833,-0.4596,-0.0275
4434,03145.wav,3144,1380227307,4.127,0.6480,0.6039,0.6920,0.6699,0.6039,TAO,0.6277,0.3394,0.0127
4435,06011.wav,6010,2676868242,2.811,0.6480,0.6172,0.6787,0.4693,0.4693,KLAU,0.5679,-0.2242,-0.0010
4436,00392.wav,391,168068428,8.274,0.6479,0.5961,0.6998,0.5709,0.5709,TAO,0.4474,-0.8492,-0.0368
4437,05985.wav,5984,2666353407,7.809,0.6479,0.6197,0.6761,0.5278,0.5278,TAO,0.3871,-0.0414,0.0157
4438,09534.wav,9533,4280480591,5.905,0.6478,0.5884,0.7073,0.5897,0.5884,TAO,0.5269,-0.7480,-0.0251
4439,01384.wav,1383,609721352,1.747,0.6478,0.5547,0.7410,0.7189,0.5547,TAO,0.6213,0.2105,0.0069
4440,05957.wav,5956,2656731270,6.056,0.6478,0.5802,0.7155,0.7257,0.5802,TAO,0.6832,-1.2128,-0.0568
4441,00138.wav,137,58978289,5.567,0.6478,0.5999,0.6957,0.4237,0.4237,LENT,0.3011,-0.2093,0.0077
4442,09343.wav,9342,4198250562,3.921,0.6477,0.5827,0.7128,0.7256,0.5827,TAO,0.7482,-0.3110,-0.0125
4443,03769.wav,3768,1665649018,1.800,0.6477,0.5880,0.7074,0.7529,0.5880,TAO,0.5533,-0.3332,-0.0135
4444,08623.wav,8622,3880861868,7.145,0.6477,0.5810,0.7143,0.7579,0.5810,TAO,0.6851,-0.5339,-0.0290
4445,06299.wav,6298,2812595561,3.082,0.6477,0.5646,0.7307,0.6772,0.5646,TAO,0.4899,-1.2625,-0.0604
4446,03858.wav,3857,1705987344,6.199,0.6477,0.6002,0.6951,0.3954,0.3954,TAO,0.2228,0.1625,0.0194
4447,02284.wav,2283,1014300043,6.582,0.6476,0.6304,0.6649,0.4765,0.4765,LENT,0.3278,-0.2196,0.0098
4448,02270.wav,2269,1008277524,1.833,0.6476,0.5970,0.6983,0.6768,0.5970,TAO,0.4971,-0.0728,-0.0124
4449,08721.wav,8720,3924090450,5.950,0.6476,0.5960,0.6992,0.7149,0.5960,TAO,0.7430,-0.2591,-0.0128
4450,02860.wav,2859,1261694065,3.314,0.6476,0.5932,0.7020,0.4536,0.4536,TAO,0.4128,0.0393,0.0207
4451,05964.wav,5963,2657853003,3.204,0.6475,0.5930,0.7021,0.6604,0.5930,TAO,0.5774,-0.5175,-0.0300
4452,07594.wav,7593,3420112971,9.112,0.6475,0.6138,0.6812,0.6016,0.6016,TAO,0.5291,-0.2864,-0.0064
4453,06674.wav,6673,2978262066,4.404,0.6475,0.5891,0.7059,0.5344,0.5344,LENT,0.3039,-0.0514,0.0134
4454,00467.wav,466,198490256,6.152,0.6475,0.6073,0.6877,0.4542,0.4542,TAO,0.4214,0.6752,0.0512
4455,02866.wav,2865,1265857256,8.522,0.6475,0.5930,0.7020,0.6544,0.5930,TAO,0.7901,-0.3471,-0.0108
4456,02788.wav,2787,1230920062,3.390,0.6475,0.5989,0.6961,0.7926,0.5989,TAO,0.6633,-0.3735,-0.0161
4457,02349.wav,2348,1039863502,3.930,0.6474,0.6286,0.6662,0.5746,0.5746,LENT,0.3815,-0.4861,-0.0115
4458,03679.wav,3678,1623267860,5.555,0.6474,0.6030,0.6918,0.5231,0.5231,TAO,0.5007,-0.4920,-0.0108
4459,02362.wav,2361,1045091972,7.060,0.6474,0.5840,0.7108,0.7270,0.5840,TAO,0.5886,-0.1090,0.0025
4460,02332.wav,2331,1037481997,7.444,0.6474,0.5822,0.7126,0.5318,0.5318,TAO,0.4726,-0.7583,-0.0214
4461,05478.wav,5477,2434923798,4.665,0.6474,0.6073,0.6874,0.5736,0.5736,LENT,0.3788,-0.1240,0.0073
4462,06205.wav,6204,2774456618,6.952,0.6473,0.6286,0.6660,0.5045,0.5045,TAO,0.4433,-0.1558,0.0027
4463,00728.wav,727,318122958,6.905,0.6473,0.6301,0.6645,0.4632,0.4632,LENT,0.2862,-0.1086,0.0119
4464,04217.wav,4216,1867285927,3.187,0.6473,0.5938,0.7009,0.6744,0.5938,TAO,0.6171,-0.0273,-0.0075
4465,03400.wav,3399,1499339565,7.411,0.6473,0.6024,0.6922,0.6114,0.6024,TAO,0.7214,-0.0711,0.0058
4466,07805.wav,7804,3516223144,3.378,0.6473,0.5907,0.7038,0.5944,0.5907,LENT,0.5594,0.3904,0.0261
4467,00132.wav,131,55143873,6.529,0.6473,0.6221,0.6725,0.5467,0.5467,PAT,0.4795,0.0776,0.0146
4468,03241.wav,3240,1422088369,5.497,0.6473,0.6188,0.6757,0.5426,0.5426,TAO,0.4259,-0.1807,-0.0010
4469,06488.wav,6487,2896250381,4.820,0.6472,0.5910,0.7034,0.6696,0.5910,TAO,0.7350,0.0041,-0.0046
4470,08194.wav,8193,3679722342,7.836,0.6472,0.6264,0.6680,0.4606,0.4606,TAO,0.3588,-0.5729,-0.0030
4471,06634.wav,6633,2960509989,7.437,0.6472,0.5912,0.7032,0.6372,0.5912,PAT,0.5535,-0.7253,-0.0285
4472,06839.wav,6838,3056841549,2.704,0.6472,0.6037,0.6906,0.6042,0.6037,TAO,0.5682,-1.0321,-0.0394
4473,05699.wav,5698,2539606450,6.338,0.6471,0.5884,0.7059,0.4710,0.4710,ANCIENT,0.3941,0.3417,0.0337
4474,05467.wav,5466,2430924198,3.575,0.6471,0.5802,0.7141,0.7089,0.5802,TAO,0.6262,-0.9508,-0.0435
4475,02373.wav,2372,1048225867,4.567,0.6471,0.5468,0.7474,0.7181,0.5468,TAO,0.5372,-0.8605,-0.0414
4476,06755.wav,6754,3013427401,8.756,0.6470,0.6080,0.6861,0.6033,0.6033,TAO,0.5320,-0.0434,0.0026
4477,09524.wav,9523,4271922401,4.732,0.6470,0.5908,0.7032,0.6512,0.5908,TAO,0.4964,-0.5041,-0.0294
4478,00016.wav,15,5584413,8.867,0.6470,0.6193,0.6747,0.5443,0.5443,PAT,0.4096,-0.0721,0.0078
4479,06677.wav,6676,2981382636,4.530,0.6470,0.6013,0.6927,0.6328,0.6013,TAO,0.7893,0.3047,0.0122
4480,03223.wav,3222,1413800723,6.405,0.6470,0.5934,0.7005,0.4362,0.4362,TAO,0.3054,0.4475,0.0336
4481,05269.wav,5268,2345258437,7.739,0.6470,0.5904,0.7035,0.6552,0.5904,TAO,0.6329,-0.1676,-0.0064
4482,01015.wav,1014,448258606,7.654,0.6470,0.6121,0.6819,0.4143,0.4143,TAO,0.3422,0.5982,0.0460
4483,05314.wav,5313,2366795693,3.101,0.6469,0.6042,0.6897,0.6603,0.6042,TAO,0.7299,-0.7394,-0.0249
4484,09540.wav,9539,4282305906,5.266,0.6469,0.6432,0.6506,0.4573,0.4573,TAO,0.5183,0.5428,0.0375
4485,03444.wav,3443,1523869072,2.492,0.6469,0.5906,0.7032,0.6983,0.5906,TAO,0.6279,-0.4024,-0.0254
4486,02484.wav,2483,1095226597,7.879,0.6469,0.5936,0.7002,0.6955,0.5936,TAO,0.6267,-0.3654,-0.0159
4487,00620.wav,619,268120265,3.954,0.6469,0.5798,0.7139,0.7070,0.5798,TAO,0.6934,-0.8143,-0.0423
4488,09123.wav,9122,4106798380,5.650,0.6469,0.5936,0.7001,0.5793,0.5793,TAO,0.5321,-0.0289,-0.0118
4489,06729.wav,6728,3000987754,6.381,0.6468,0.5652,0.7284,0.6627,0.5652,TAO,0.6240,-0.1570,-0.0151
4490,09267.wav,9266,4167423910,6.547,0.6468,0.5945,0.6991,0.7015,0.5945,TAO,0.6812,-0.5594,-0.0232
4491,01921.wav,1920,859613227,6.303,0.6468,0.5607,0.7328,0.6174,0.5607,TAO,0.5008,-1.0299,-0.0326
4492,09040.wav,9039,4064859599,4.875,0.6468,0.5939,0.6997,0.7108,0.5939,LENT,0.6495,-0.3730,-0.0178
4493,05309.wav,5308,2363341361,10.775,0.6467,0.5956,0.6979,0.8091,0.5956,TAO,0.6093,-0.5439,-0.0284
4494,02055.wav,2054,915200800,3.174,0.6467,0.5904,0.7030,0.5375,0.5375,LENT,0.6293,-0.2414,-0.0006
4495,04356.wav,4355,1929878634,4.080,0.6467,0.6235,0.6699,0.4535,0.4535,PAT,0.3201,0.2188,0.0289
4496,04632.wav,4631,2054635732,3.696,0.6467,0.6171,0.6762,0.4462,0.4462,LENT,0.2832,0.0235,0.0130
4497,02877.wav,2876,1271377829,8.180,0.6466,0.6349,0.6583,0.6051,0.6051,TAO,0.6360,0.0486,0.0077
4498,02146.wav,2145,953697295,9.930,0.6466,0.6001,0.6931,0.5163,0.5163,TAO,0.3779,-0.9805,-0.0316
4499,09420.wav,9419,4232041841,7.260,0.6466,0.6058,0.6874,0.6549,0.6058,TAO,0.6270,-0.1134,-0.0060
4500,00025.wav,24,10540005,2.205,0.6466,0.5784,0.7148,1.0000,0.5784,TAO,0.4896,-0.3384,-0.0137
4501,06516.wav,6515,2904816047,7.132,0.6466,0.5790,0.7142,0.4322,0.4322,TAO,0.3666,-0.0078,0.0118
4502,00117.wav,116,48937193,6.219,0.6465,0.5859,0.7071,0.7624,0.5859,TAO,0.6731,-0.7625,-0.0383
4503,07208.wav,7207,3226185643,7.480,0.6465,0.5897,0.7032,0.6784,0.5897,TAO,0.6989,-0.1319,-0.0035
4504,09157.wav,9156,4117159845,4.982,0.6465,0.5610,0.7319,0.6068,0.5610,TAO,0.4757,-0.7544,-0.0197
4505,04834.wav,4833,2146326533,5.335,0.6464,0.5727,0.7202,0.6695,0.5727,TAO,0.6196,-0.7227,-0.0358
4506,07372.wav,7371,3310851733,5.833,0.6464,0.6641,0.6287,0.4533,0.4533,TAO,0.4627,0.5698,0.0443
4507,08017.wav,8016,3607448683,6.493,0.6464,0.6305,0.6623,0.3979,0.3979,TAO,0.3463,0.5364,0.0443
4508,06304.wav,6303,2815727893,4.129,0.6464,0.5970,0.6957,0.6889,0.5970,TAO,0.7150,-0.5603,-0.0225
4509,02254.wav,2253,1003256755,7.277,0.6464,0.6095,0.6832,0.4818,0.4818,TAO,0.2813,-0.6371,-0.0161
4510,03946.wav,3945,1745209521,6.827,0.6463,0.5768,0.7158,0.6800,0.5768,TAO,0.7016,-0.0361,-0.0061
4511,06580.wav,6579,2939760017,3.893,0.6463,0.6089,0.6838,0.5311,0.5311,TAO,0.3840,0.4164,0.0337
4512,01937.wav,1936,867832069,5.579,0.6463,0.6317,0.6609,0.4113,0.4113,TAO,0.3860,0.1473,0.0216
4513,05532.wav,5531,2462184035,5.383,0.6463,0.6132,0.6794,0.6124,0.6124,TAO,0.6381,0.1649,0.0096
4514,08215.wav,8214,3687128845,2.289,0.6463,0.5922,0.7003,0.6446,0.5922,TAO,0.4960,-0.0891,-0.0066
4515,08541.wav,8540,3839729327,3.642,0.6463,0.5960,0.6965,0.6894,0.5960,TAO,0.5657,-0.3027,-0.0140
4516,00701.wav,700,301421289,1.910,0.6462,0.6118,0.6807,0.6816,0.6118,TAO,0.5613,0.4809,0.0255
4517,01039.wav,1038,456600973,5.097,0.6462,0.5765,0.7159,0.6538,0.5765,TAO,0.5123,-0.6458,-0.0268
4518,04086.wav,4085,1808679495,6.292,0.6462,0.5990,0.6933,0.5306,0.5306,ANCIENT,0.4240,-0.1671,0.0056
4519,07279.wav,7278,3262081577,2.459,0.6462,0.5834,0.7089,0.5407,0.5407,TAO,0.4951,-0.6905,-0.0135
4520,04178.wav,4177,1852749942,5.259,0.6461,0.6284,0.6639,0.4425,0.4425,PAT,0.4065,0.7903,0.0497
4521,05901.wav,5900,2635410377,10.042,0.6461,0.5779,0.7143,0.5566,0.5566,TAO,0.3387,-0.9732,-0.0230
4522,04003.wav,4002,1775704305,5.776,0.6461,0.6103,0.6820,0.4996,0.4996,TAO,0.4438,-0.3794,-0.0035
4523,03797.wav,3796,1678433384,5.702,0.6461,0.6588,0.6334,0.3871,0.3871,TAO,0.3145,0.9604,0.0618
4524,01482.wav,1481,653388754,7.302,0.6460,0.6023,0.6898,0.4623,0.4623,TAO,0.3178,-0.1115,0.0127
4525,08253.wav,8252,3705211082,5.353,0.6460,0.5568,0.7353,0.5574,0.5568,TAO,0.4862,-1.2882,-0.0466
4526,00994.wav,993,436260069,6.134,0.6460,0.5548,0.7372,0.5046,0.5046,TAO,0.3367,-0.3538,-0.0064
4527,06307.wav,6306,2817806090,1.971,0.6460,0.5969,0.6951,0.5332,0.5332,TAO,0.5711,-0.3140,-0.0023
4528,04975.wav,4974,2206605781,6.218,0.6459,0.5881,0.7038,0.6743,0.5881,TAO,0.5221,-0.7799,-0.0335
4529,00754.wav,753,326875306,3.648,0.6459,0.6193,0.6726,0.4471,0.4471,TAO,0.4254,0.7342,0.0464
4530,03374.wav,3373,1483986470,11.114,0.6459,0.5929,0.6989,0.6423,0.5929,TAO,0.4145,-0.9246,-0.0370
4531,05231.wav,5230,2325119813,8.716,0.6459,0.5880,0.7038,0.4713,0.4713,TAO,0.4867,-0.8383,-0.0084
4532,01353.wav,1352,602022954,5.991,0.6459,0.6231,0.6686,0.3945,0.3945,TAO,0.3048,0.3628,0.0399
4533,03037.wav,3036,1342820247,3.841,0.6459,0.5933,0.6985,0.7441,0.5933,TAO,0.6033,-0.9119,-0.0430
4534,06810.wav,6809,3040160167,6.418,0.6459,0.5969,0.6949,0.5820,0.5820,TAO,0.4123,-0.8149,-0.0287
4535,00278.wav,277,123128455,2.387,0.6459,0.6245,0.6673,0.6212,0.6212,TAO,0.4278,0.0284,0.0008
4536,02928.wav,2927,1297932560,5.457,0.6459,0.5706,0.7211,0.7336,0.5706,TAO,0.6722,-0.7109,-0.0383
4537,06133.wav,6132,2735874997,6.045,0.6458,0.5566,0.7350,0.6376,0.5566,TAO,0.4925,-1.2106,-0.0546
4538,08398.wav,8397,3771642289,3.387,0.6458,0.6597,0.6318,0.5508,0.5508,TAO,0.5057,0.5559,0.0248
4539,01585.wav,1584,695978882,2.832,0.6457,0.5767,0.7147,0.6680,0.5767,TAO,0.5388,0.3214,-0.0001
4540,01609.wav,1608,709485741,7.040,0.6457,0.5931,0.6983,0.7123,0.5931,TAO,0.7203,-0.5147,-0.0213
4541,09461.wav,9460,4248283692,2.675,0.6456,0.6029,0.6884,0.6906,0.6029,TAO,0.6876,0.0503,-0.0011
4542,06028.wav,6027,2683977544,3.415,0.6456,0.6014,0.6898,0.6754,0.6014,TAO,0.5678,-0.3343,-0.0154
4543,04595.wav,4594,2036534310,2.422,0.6456,0.6032,0.6881,0.5425,0.5425,TAO,0.4688,-0.1177,-0.0018
4544,07883.wav,7882,3551728296,3.468,0.6456,0.6125,0.6788,0.5424,0.5424,LENT,0.3982,-0.1250,0.0023
4545,02492.wav,2491,1097442538,4.861,0.6456,0.6150,0.6762,0.6213,0.6150,TAO,0.7225,-0.4248,-0.0135
4546,04438.wav,4437,1963929992,3.643,0.6456,0.5918,0.6994,0.6463,0.5918,TAO,0.4517,-0.9934,-0.0416
4547,03402.wav,3401,1500195271,7.211,0.6456,0.6157,0.6754,0.4326,0.4326,TAO,0.3417,0.9095,0.0636
4548,01076.wav,1075,473637904,7.739,0.6455,0.5944,0.6966,0.3939,0.3939,TAO,0.3532,0.4781,0.0363
4549,05977.wav,5976,2660666150,4.333,0.6455,0.6622,0.6288,0.4785,0.4785,TAO,0.4519,1.2595,0.0700
4550,05174.wav,5173,2302341925,2.208,0.6454,0.5805,0.7104,0.6007,0.5805,TAO,0.6767,-0.1474,-0.0080
4551,06111.wav,6110,2727798568,2.592,0.6454,0.6002,0.6906,0.7453,0.6002,TAO,0.6349,0.2735,0.0086
4552,03825.wav,3824,1693681121,7.922,0.6454,0.5958,0.6950,0.5830,0.5830,LENT,0.5862,-0.7223,-0.0187
4553,09426.wav,9425,4232801167,6.325,0.6454,0.6156,0.6751,0.3857,0.3857,TAO,0.2770,0.9165,0.0590
4554,02526.wav,2525,1112776015,2.651,0.6453,0.6050,0.6857,0.4784,0.4784,ANCIENT,0.3520,0.7179,0.0429
4555,05044.wav,5043,2240114477,7.272,0.6453,0.5835,0.7072,0.4169,0.4169,TAO,0.3611,0.0424,0.0187
4556,09554.wav,9553,4289362377,7.879,0.6453,0.6012,0.6894,0.4385,0.4385,TAO,0.2677,-0.1512,0.0095
4557,02026.wav,2025,902855544,6.272,0.6453,0.5996,0.6909,0.5653,0.5653,TAO,0.4701,-0.7006,-0.0210
4558,03114.wav,3113,1370243784,5.690,0.6453,0.6181,0.6724,0.4948,0.4948,TAO,0.4334,0.1118,0.0146
4559,01735.wav,1734,779261838,7.914,0.6452,0.5877,0.7027,0.5288,0.5288,LENT,0.3216,-0.7085,-0.0186
4560,01000.wav,999,438039264,3.755,0.6452,0.6016,0.6888,0.6277,0.6016,TAO,0.5657,-0.3526,-0.0160
4561,01798.wav,1797,806063408,3.379,0.6452,0.6514,0.6389,0.4046,0.4046,TAO,0.2929,0.9309,0.0615
4562,02350.wav,2349,1040331746,6.171,0.6452,0.5977,0.6926,0.6470,0.5977,TAO,0.6159,-0.1840,-0.0035
4563,02697.wav,2696,1192661681,7.452,0.6451,0.6092,0.6809,0.6308,0.6092,TAO,0.6989,-0.3470,-0.0108
4564,00707.wav,706,302988747,4.520,0.6451,0.6388,0.6513,0.5448,0.5448,PAT,0.3743,0.1296,0.0042
4565,02726.wav,2725,1201934473,8.853,0.6451,0.5953,0.6949,0.5809,0.5809,TAO,0.4353,-0.9144,-0.0350
4566,01667.wav,1666,738763433,3.737,0.6451,0.5885,0.7017,0.6596,0.5885,TAO,0.7249,-0.3113,-0.0111
4567,05061.wav,5060,2247409830,7.594,0.6450,0.5878,0.7023,0.4629,0.4629,ANCIENT,0.4789,0.1297,0.0286
4568,04071.wav,4070,1803190482,5.145,0.6450,0.5781,0.7120,0.4869,0.4869,TAO,0.3475,0.6081,0.0348
4569,09532.wav,9531,4280260684,3.568,0.6450,0.5747,0.7153,0.4710,0.4710,TAO,0.3289,0.3692,0.0218
4570,00046.wav,45,18575243,4.885,0.6450,0.6055,0.6845,0.6189,0.6055,TAO,0.7564,0.1735,0.0126
4571,07640.wav,7639,3438532178,5.221,0.6450,0.5778,0.7121,0.6299,0.5778,TAO,0.4958,-0.5617,-0.0254
4572,05840.wav,5839,2601908617,5.433,0.6449,0.6070,0.6828,0.4789,0.4789,TAO,0.4160,-0.9527,-0.0283
4573,01870.wav,1869,836301833,5.685,0.6449,0.6082,0.6817,0.6727,0.6082,TAO,0.7053,-0.2823,-0.0106
4574,00742.wav,741,323864936,6.327,0.6449,0.5915,0.6983,0.6642,0.5915,TAO,0.8601,0.2241,0.0108
4575,04118.wav,4117,1825151820,2.497,0.6449,0.5745,0.7154,0.7253,0.5745,TAO,0.6559,-0.8797,-0.0356
4576,05225.wav,5224,2322727593,7.802,0.6449,0.5526,0.7372,0.5766,0.5526,LENT,0.5967,-0.7115,-0.0243
4577,08515.wav,8514,3826761066,8.042,0.6449,0.6012,0.6885,0.6587,0.6012,TAO,0.5630,-0.5728,-0.0243
4578,08125.wav,8124,3654925356,6.353,0.6449,0.5994,0.6903,0.5195,0.5195,TAO,0.3732,-0.6911,-0.0298
4579,02358.wav,2357,1044907811,5.736,0.6448,0.6287,0.6609,0.5775,0.5775,TAO,0.4359,-0.1753,0.0066
4580,02435.wav,2434,1072797033,3.138,0.6448,0.5689,0.7207,0.8091,0.5689,TAO,0.6634,-0.4158,-0.0191
4581,00955.wav,954,424187886,9.018,0.6448,0.6001,0.6894,0.4308,0.4308,PAT,0.3289,0.5994,0.0386
4582,06570.wav,6569,2934902350,4.980,0.6447,0.5908,0.6987,0.4837,0.4837,TAO,0.3647,-0.6625,-0.0145
4583,06869.wav,6868,3065257903,6.061,0.6447,0.6103,0.6791,0.5062,0.5062,LENT,0.5568,-0.3641,0.0005
4584,01340.wav,1339,593218948,8.464,0.6447,0.5746,0.7148,0.5548,0.5548,TAO,0.3585,-0.6044,-0.0103
4585,01783.wav,1782,797368302,6.683,0.6447,0.5833,0.7060,0.7372,0.5833,TAO,0.7410,-0.4044,-0.0197
4586,04470.wav,4469,1978278786,6.958,0.6447,0.6166,0.6727,0.6970,0.6166,TAO,0.6228,0.0542,0.0068
4587,00695.wav,694,300607118,111.192,0.6446,0.5963,0.6929,0.5303,0.5303,LENT,0.6400,-0.3390,-0.0080
4588,04174.wav,4173,1851925354,6.668,0.6446,0.5976,0.6917,0.5305,0.5305,PAT,0.3730,-0.2243,-0.0029
4589,08316.wav,8315,3729055982,7.414,0.6446,0.5664,0.7228,0.7473,0.5664,TAO,0.6756,-0.7859,-0.0403
4590,01665.wav,1664,738399025,7.838,0.6446,0.6648,0.6244,0.4056,0.4056,TAO,0.3321,0.6526,0.0537
4591,06260.wav,6259,2798620658,3.356,0.6446,0.6088,0.6804,0.4394,0.4394,TAO,0.2782,-0.2392,0.0035
4592,01823.wav,1822,813413482,9.149,0.6445,0.5901,0.6990,0.3863,0.3863,TAO,0.3165,0.3755,0.0331
4593,07446.wav,7445,3348110885,4.423,0.6445,0.6024,0.6867,0.6499,0.6024,TAO,0.4718,0.1205,0.0102
4594,03462.wav,3461,1532314755,6.584,0.6445,0.6071,0.6820,0.6106,0.6071,TAO,0.5211,-0.4078,-0.0144
4595,03416.wav,3415,1504972101,5.002,0.6445,0.5685,0.7205,0.4669,0.4669,TAO,0.2884,-0.8650,-0.0282
4596,01759.wav,1758,787720583,3.074,0.6444,0.5841,0.7048,0.7310,0.5841,TAO,0.6489,-0.0793,-0.0064
4597,03702.wav,3701,1631589765,7.579,0.6444,0.6140,0.6748,0.5204,0.5204,TAO,0.6641,-0.2317,0.0024
4598,03334.wav,3333,1467445901,5.197,0.6444,0.6115,0.6773,0.6938,0.6115,TAO,0.6943,-0.5336,-0.0206
4599,05733.wav,5732,2552807944,6.338,0.6444,0.5896,0.6992,0.4917,0.4917,TAO,0.4333,-0.7742,-0.0192
4600,04150.wav,4149,1835015342,6.774,0.6443,0.5885,0.7001,0.4980,0.4980,TAO,0.3198,-0.8665,-0.0230
4601,04122.wav,4121,1826261100,4.021,0.6443,0.5890,0.6996,0.6056,0.5890,TAO,0.4547,0.0723,0.0018
4602,07152.wav,7151,3200719422,6.148,0.6443,0.5687,0.7199,0.7381,0.5687,TAO,0.6628,0.3944,0.0141
4603,04299.wav,4298,1905362189,6.058,0.6443,0.5880,0.7005,0.6522,0.5880,TAO,0.5642,0.0010,-0.0031
4604,03197.wav,3196,1402950474,4.697,0.6442,0.5845,0.7040,0.7677,0.5845,TAO,0.6615,-0.6213,-0.0239
4605,00272.wav,271,121096295,5.786,0.6442,0.5665,0.7220,0.7808,0.5665,TAO,0.7417,-0.6259,-0.0269
4606,05869.wav,5868,2620402543,5.467,0.6442,0.6151,0.6733,0.4405,0.4405,TAO,0.3514,0.6337,0.0476
4607,01122.wav,1121,497688626,1.972,0.6442,0.6114,0.6770,0.6311,0.6114,TAO,0.3924,0.5317,0.0206
4608,08338.wav,8337,3735817829,7.279,0.6442,0.5956,0.6927,0.6845,0.5956,TAO,0.8092,-0.2997,-0.0100
4609,09197.wav,9196,4135837932,2.777,0.6442,0.5765,0.7118,0.5407,0.5407,TAO,0.3126,-1.2829,-0.0515
4610,03698.wav,3697,1630496103,3.109,0.6442,0.5846,0.7037,0.5138,0.5138,TAO,0.2830,-0.1833,0.0017
4611,01491.wav,1490,657323371,6.907,0.6441,0.5667,0.7216,0.5000,0.5000,TAO,0.4790,-0.8971,-0.0319
4612,00803.wav,802,353205520,3.139,0.6441,0.5792,0.7090,0.5213,0.5213,TAO,0.4966,0.8453,0.0484
4613,05395.wav,5394,2399817199,6.632,0.6441,0.6239,0.6643,0.5249,0.5249,TAO,0.5181,-0.1805,-0.0006
4614,02523.wav,2522,1111686469,6.308,0.6440,0.5855,0.7026,0.7346,0.5855,TAO,0.6973,-0.0358,-0.0050
4615,02515.wav,2514,1107266800,4.716,0.6440,0.5721,0.7159,0.6547,0.5721,TAO,0.7109,-0.8242,-0.0354
4616,05523.wav,5522,2456487657,8.619,0.6440,0.5718,0.7162,0.7631,0.5718,TAO,0.6555,-0.8514,-0.0420
4617,02767.wav,2766,1222276135,6.382,0.6440,0.6071,0.6809,0.6430,0.6071,TAO,0.7913,-0.1900,-0.0038
4618,00234.wav,233,100179468,6.584,0.6440,0.6056,0.6824,0.6117,0.6056,TAO,0.5241,-0.4012,-0.0141
4619,06858.wav,6857,3063287400,4.530,0.6439,0.5976,0.6903,0.6234,0.5976,LENT,0.5068,-0.5230,-0.0128
4620,07556.wav,7555,3398607917,5.990,0.6439,0.5808,0.7070,0.5876,0.5808,TAO,0.6112,-0.6972,-0.0186
4621,04812.wav,4811,2140174574,7.534,0.6439,0.6156,0.6721,0.6550,0.6156,TAO,0.7544,-0.0239,0.0013
4622,02010.wav,2009,894319017,3.746,0.6438,0.5805,0.7072,0.6137,0.5805,TAO,0.6736,0.1297,0.0023
4623,09133.wav,9132,4110507440,7.539,0.6438,0.5861,0.7016,0.6701,0.5861,TAO,0.7614,-0.4453,-0.0119
4624,06226.wav,6225,2781865289,3.970,0.6438,0.6243,0.6634,0.6680,0.6243,TAO,0.5347,0.3181,0.0161
4625,04485.wav,4484,1987041133,6.548,0.6438,0.6251,0.6626,0.4641,0.4641,TAO,0.4183,-0.0820,0.0146
4626,08867.wav,8866,3994473814,4.657,0.6438,0.5842,0.7033,0.5513,0.5513,TAO,0.4117,-0.6323,-0.0186
4627,05923.wav,5922,2645727120,2.322,0.6438,0.6165,0.6710,0.5492,0.5492,TAO,0.3050,0.1858,0.0149
4628,01913.wav,1912,855844273,3.961,0.6437,0.5670,0.7205,0.4737,0.4737,TAO,0.3583,-0.8658,-0.0312
4629,08960.wav,8959,4029616276,4.917,0.6437,0.5883,0.6992,0.5016,0.5016,TAO,0.3272,-0.4697,-0.0033
4630,07496.wav,7495,3373378740,4.033,0.6437,0.6055,0.6819,0.4459,0.4459,TAO,0.3790,0.2015,0.0263
4631,09158.wav,9157,4117385665,4.356,0.6437,0.5697,0.7178,0.6443,0.5697,TAO,0.4201,0.2410,0.0148
4632,08902.wav,8901,4007216521,7.020,0.6437,0.5906,0.6968,0.6014,0.5906,TAO,0.6193,-0.6678,-0.0249
4633,09088.wav,9087,4086791980,8.741,0.6437,0.5938,0.6935,0.5368,0.5368,TAO,0.3822,-0.6452,-0.0135
4634,02565.wav,2564,1124957640,6.605,0.6437,0.5958,0.6915,0.4575,0.4575,TAO,0.3371,-0.4985,-0.0001
4635,08956.wav,8955,4028699056,8.032,0.6436,0.5768,0.7105,0.4900,0.4900,TAO,0.3800,-1.2132,-0.0406
4636,00266.wav,265,118046029,8.382,0.6436,0.5936,0.6936,0.7013,0.5936,TAO,0.7528,-0.2564,-0.0077
4637,01624.wav,1623,723095716,3.885,0.6436,0.5850,0.7022,0.6558,0.5850,LENT,0.6786,-1.0116,-0.0371
4638,05192.wav,5191,2311808877,8.703,0.6436,0.6066,0.6806,0.3864,0.3864,TAO,0.3480,0.1875,0.0219
4639,09031.wav,9030,4061283242,7.289,0.6436,0.6130,0.6742,0.5810,0.5810,TAO,0.4990,-0.4743,-0.0174
4640,09042.wav,9041,4066113493,10.283,0.6436,0.6085,0.6786,0.4880,0.4880,LENT,0.3796,0.2950,0.0239
4641,07850.wav,7849,3538594585,4.246,0.6435,0.5714,0.7156,0.4582,0.4582,LENT,0.3055,0.7112,0.0408
4642,04362.wav,4361,1931849137,3.306,0.6435,0.6202,0.6667,0.4275,0.4275,TAO,0.2886,0.0698,0.0223
4643,01560.wav,1559,686972115,3.637,0.6435,0.5965,0.6905,0.6574,0.5965,TAO,0.6514,-0.0378,-0.0029
4644,06004.wav,6003,2674466729,5.116,0.6434,0.6214,0.6654,0.5442,0.5442,TAO,0.5487,-0.7196,-0.0239
4645,09193.wav,9192,4135120265,5.581,0.6434,0.5957,0.6910,0.3928,0.3928,TAO,0.2710,0.0780,0.0191
4646,07562.wav,7561,3402584193,6.258,0.6434,0.5928,0.6939,0.5263,0.5263,TAO,0.3967,-0.6817,-0.0203
4647,06592.wav,6591,2943600998,8.378,0.6433,0.5781,0.7086,0.4962,0.4962,TAO,0.4321,-0.7249,-0.0103
4648,02058.wav,2057,916453957,6.070,0.6433,0.6083,0.6784,0.4654,0.4654,TAO,0.3286,0.1421,0.0251
4649,05398.wav,5397,2401186219,6.637,0.6433,0.5936,0.6930,0.5924,0.5924,TAO,0.5338,-0.5768,-0.0243
4650,01094.wav,1093,480402959,3.970,0.6433,0.5723,0.7143,0.7034,0.5723,TAO,0.7147,-0.6838,-0.0343
4651,00439.wav,438,190358553,8.755,0.6432,0.5908,0.6955,0.4443,0.4443,TAO,0.3595,-0.5507,-0.0008
4652,06890.wav,6889,3079899556,3.611,0.6432,0.6195,0.6668,0.6624,0.6195,TAO,0.5007,0.0481,0.0002
4653,02394.wav,2393,1057152377,6.401,0.6431,0.5986,0.6876,0.6380,0.5986,TAO,0.5514,-0.7626,-0.0277
4654,06481.wav,6480,2893562753,3.358,0.6431,0.5932,0.6930,0.7002,0.5932,TAO,0.7132,-0.0160,0.0040
4655,03220.wav,3219,1413282800,6.333,0.6431,0.6183,0.6679,0.5210,0.5210,TAO,0.5552,0.3737,0.0200
4656,03278.wav,3277,1437906166,2.738,0.6431,0.6124,0.6737,0.5750,0.5750,TAO,0.4103,0.3908,0.0306
4657,09519.wav,9518,4270252648,3.926,0.6430,0.6224,0.6636,0.4934,0.4934,TAO,0.4265,0.0080,0.0165
4658,02051.wav,2050,913846827,6.278,0.6430,0.6072,0.6787,0.6258,0.6072,TAO,0.5732,-0.0098,0.0023
4659,00015.wav,14,4907153,7.032,0.6430,0.5790,0.7069,0.6346,0.5790,TAO,0.6611,-0.0880,-0.0014
4660,02587.wav,2586,1136792014,8.139,0.6429,0.6171,0.6687,0.3798,0.3798,TAO,0.2705,0.5700,0.0445
4661,02551.wav,2550,1121431983,5.962,0.6429,0.6013,0.6845,0.5587,0.5587,TAO,0.5254,-0.5032,-0.0177
4662,08394.wav,8393,3768576177,3.482,0.6428,0.6114,0.6743,0.4741,0.4741,LENT,0.3883,-0.1973,0.0126
4663,06377.wav,6376,2852607603,3.246,0.6428,0.5766,0.7090,0.6945,0.5766,TAO,0.5834,-0.5715,-0.0335
4664,08678.wav,8677,3906357544,10.345,0.6428,0.5956,0.6899,0.6613,0.5956,TAO,0.6985,-0.2727,-0.0111
4665,01401.wav,1400,616231624,5.287,0.6428,0.6580,0.6275,0.3578,0.3578,TAO,0.3002,1.2301,0.0711
4666,01507.wav,1506,663045351,4.540,0.6427,0.6094,0.6760,0.6144,0.6094,TAO,0.5698,-0.0373,0.0006
4667,05797.wav,5796,2579185450,5.194,0.6427,0.5974,0.6881,0.6496,0.5974,TAO,0.6349,-0.4744,-0.0172
4668,01938.wav,1937,867951026,5.728,0.6427,0.6016,0.6839,0.4584,0.4584,TAO,0.4258,1.1254,0.0642
4669,06622.wav,6621,2955592712,5.769,0.6427,0.6156,0.6698,0.4854,0.4854,TAO,0.2499,-0.4833,-0.0098
4670,07638.wav,7637,3437724046,4.917,0.6427,0.6280,0.6573,0.3923,0.3923,TAO,0.3328,0.5611,0.0398
4671,04794.wav,4793,2131932671,3.944,0.6427,0.6018,0.6836,0.5525,0.5525,TAO,0.3886,-0.4510,0.0002
4672,09189.wav,9188,4133785774,7.339,0.6427,0.6006,0.6848,0.5167,0.5167,TAO,0.3724,-0.6863,-0.0079
4673,09003.wav,9002,4047729009,11.256,0.6427,0.5902,0.6951,0.5924,0.5902,TAO,0.6854,-0.0828,0.0008
4674,02003.wav,2002,893100904,3.936,0.6427,0.6112,0.6741,0.5606,0.5606,TAO,0.5469,0.1543,0.0117
4675,01525.wav,1524,666521444,2.387,0.6427,0.6192,0.6661,0.5539,0.5539,TAO,0.5061,0.9071,0.0498
4676,05338.wav,5337,2374234569,5.819,0.6426,0.6108,0.6745,0.5367,0.5367,TAO,0.4422,-0.0238,0.0105
4677,07477.wav,7476,3365604557,6.300,0.6426,0.6119,0.6733,0.5004,0.5004,LENT,0.5696,-0.8790,-0.0168
4678,03612.wav,3611,1598684305,6.994,0.6426,0.5969,0.6882,0.6591,0.5969,TAO,0.6787,0.1084,0.0028
4679,07049.wav,7048,3151683338,6.114,0.6425,0.5916,0.6934,0.4368,0.4368,TAO,0.3065,-0.3883,-0.0040
4680,05062.wav,5061,2247464551,4.093,0.6424,0.5519,0.7330,0.7088,0.5519,TAO,0.6384,0.0091,-0.0089
4681,04385.wav,4384,1941553422,3.193,0.6424,0.6349,0.6499,0.4762,0.4762,TAO,0.3680,1.0503,0.0601
4682,06595.wav,6594,2945460496,3.949,0.6424,0.5755,0.7092,0.4861,0.4861,TAO,0.3085,-1.1341,-0.0403
4683,00902.wav,901,399746160,8.135,0.6423,0.6063,0.6784,0.6487,0.6063,TAO,0.5111,-0.5044,-0.0148
4684,07247.wav,7246,3244427462,4.060,0.6423,0.5810,0.7036,0.4360,0.4360,TAO,0.3519,0.5618,0.0454
4685,01134.wav,1133,503026538,2.882,0.6423,0.5640,0.7207,0.6140,0.5640,TAO,0.4869,-1.0639,-0.0436
4686,01274.wav,1273,566656260,9.611,0.6423,0.6178,0.6668,0.4945,0.4945,TAO,0.4134,-0.6466,-0.0102
4687,02288.wav,2287,1015476497,2.567,0.6423,0.5723,0.7123,0.7286,0.5723,TAO,0.5152,-1.0860,-0.0410
4688,03620.wav,3619,1599607794,5.467,0.6423,0.5716,0.7129,0.7316,0.5716,TAO,0.5712,0.0032,0.0092
4689,04809.wav,4808,2140119853,5.957,0.6422,0.5978,0.6867,0.6247,0.5978,TAO,0.7539,0.1191,0.0117
4690,09446.wav,9445,4240849931,5.327,0.6422,0.5950,0.6893,0.6262,0.5950,TAO,0.4531,-0.2472,-0.0097
4691,05112.wav,5111,2271974060,7.438,0.6422,0.6119,0.6725,0.4524,0.4524,TAO,0.3365,-0.5994,-0.0202
4692,06630.wav,6629,2959755078,3.945,0.6422,0.5862,0.6981,0.5807,0.5807,TAO,0.3540,-0.2355,-0.0021
4693,06894.wav,6893,3081260882,2.808,0.6421,0.5793,0.7050,0.5390,0.5390,TAO,0.4433,-0.3138,-0.0031
4694,08784.wav,8783,3952501547,6.692,0.6421,0.5746,0.7097,0.4618,0.4618,TAO,0.4588,-0.7334,-0.0177
4695,04060.wav,4059,1800808977,2.991,0.6421,0.5845,0.6998,0.7235,0.5845,TAO,0.5732,-0.0270,-0.0009
4696,00052.wav,51,22743848,8.646,0.6421,0.5963,0.6880,0.5017,0.5017,TAO,0.3750,-0.5644,-0.0260
4697,02496.wav,2495,1100838114,8.454,0.6421,0.6182,0.6660,0.7057,0.6182,TAO,0.6854,-0.2245,-0.0027
4698,08594.wav,8593,3863908255,4.218,0.6421,0.6036,0.6805,0.6407,0.6036,TAO,0.5898,0.3759,0.0224
4699,05603.wav,5602,2491962772,4.237,0.6421,0.6007,0.6834,0.4232,0.4232,TAO,0.3692,0.5692,0.0367
4700,05239.wav,5238,2326987810,6.848,0.6420,0.6088,0.6753,0.5112,0.5112,TAO,0.3157,-0.7409,-0.0149
4701,01767.wav,1766,788897037,7.649,0.6420,0.5850,0.6989,0.6652,0.5850,TAO,0.4761,-0.7075,-0.0294
4702,01152.wav,1151,508289731,4.168,0.6420,0.5689,0.7150,0.7134,0.5689,TAO,0.7040,-1.0630,-0.0495
4703,03859.wav,3858,1706096786,5.518,0.6420,0.6073,0.6766,0.4217,0.4217,PAT,0.3726,1.0103,0.0577
4704,02529.wav,2528,1114527634,4.444,0.6419,0.6228,0.6610,0.4824,0.4824,PAT,0.4024,0.1278,0.0235
4705,03343.wav,3342,1469088078,4.503,0.6419,0.5717,0.7120,0.5461,0.5461,TAO,0.4690,0.1719,0.0087
4706,05989.wav,5988,2668155663,8.428,0.6419,0.6259,0.6579,0.3261,0.3261,TAO,0.2773,0.8611,0.0566
4707,06733.wav,6732,3001737623,4.225,0.6418,0.6024,0.6813,0.7196,0.6024,TAO,0.6199,-0.3373,-0.0157
4708,09238.wav,9237,4157672333,8.207,0.6417,0.5951,0.6884,0.5283,0.5283,TAO,0.4283,-0.5840,-0.0118
4709,05124.wav,5123,2277900279,3.396,0.6417,0.5806,0.7028,0.6931,0.5806,TAO,0.6499,-0.4000,-0.0250
4710,08644.wav,8643,3890689827,3.023,0.6416,0.5619,0.7214,0.6336,0.5619,TAO,0.5469,-0.6410,-0.0302
4711,06024.wav,6023,2681904746,3.887,0.6416,0.5737,0.7096,0.4666,0.4666,TAO,0.3623,-0.2066,0.0052
4712,01535.wav,1534,675578415,8.771,0.6416,0.5948,0.6885,0.4232,0.4232,TAO,0.4297,0.6559,0.0451
4713,01419.wav,1418,627880016,2.096,0.6415,0.6006,0.6825,0.5883,0.5883,TAO,0.5298,0.5919,0.0235
4714,05724.wav,5723,2548176285,4.692,0.6415,0.5891,0.6939,0.6250,0.5891,LENT,0.6889,-0.3562,-0.0074
4715,04457.wav,4456,1970449927,7.570,0.6415,0.5928,0.6901,0.5155,0.5155,TAO,0.3466,-0.6188,-0.0116
4716,01918.wav,1917,859134442,6.492,0.6414,0.5806,0.7023,0.7807,0.5806,TAO,0.6826,-0.6791,-0.0273
4717,00950.wav,949,422688777,6.104,0.6414,0.6132,0.6697,0.6519,0.6132,TAO,0.6693,0.0020,0.0054
4718,01694.wav,1693,754971213,6.025,0.6414,0.5918,0.6910,0.4518,0.4518,TAO,0.2442,0.5482,0.0419
4719,03981.wav,3980,1760796935,6.023,0.6414,0.5920,0.6907,0.4635,0.4635,LENT,0.2576,0.2027,0.0282
4720,08861.wav,8860,3989055212,2.917,0.6414,0.6062,0.6765,0.6723,0.6062,TAO,0.4946,0.3767,0.0233
4721,07344.wav,7343,3296923331,4.878,0.6414,0.5946,0.6882,0.6114,0.5946,TAO,0.5953,0.2247,0.0061
4722,04123.wav,4122,1826307174,5.903,0.6413,0.5896,0.6931,0.7262,0.5896,TAO,0.6788,-0.6187,-0.0293
4723,01080.wav,1079,473986228,5.097,0.6413,0.6105,0.6720,0.3893,0.3893,TAO,0.3104,0.1713,0.0185
4724,09364.wav,9363,4208231022,5.920,0.6413,0.5624,0.7202,0.6751,0.5624,TAO,0.6269,-0.6398,-0.0240
4725,07362.wav,7361,3306025024,7.309,0.6413,0.6012,0.6813,0.5399,0.5399,TAO,0.5176,-0.2566,-0.0012
4726,07937.wav,7936,3575617376,7.577,0.6412,0.5875,0.6949,0.6535,0.5875,TAO,0.6601,-0.1690,-0.0041
4727,00004.wav,3,944170,4.742,0.6412,0.6061,0.6763,0.5960,0.5960,TAO,0.6759,-0.2922,-0.0082
4728,07233.wav,7232,3239047086,6.466,0.6412,0.5674,0.7149,0.7339,0.5674,TAO,0.6416,-0.8829,-0.0466
4729,04092.wav,4091,1810649998,2.604,0.6411,0.6641,0.6182,0.4970,0.4970,TAO,0.3617,0.9751,0.0518
4730,03340.wav,3339,1468958638,2.623,0.6411,0.6065,0.6757,0.4736,0.4736,TAO,0.3119,0.5968,0.0385
4731,06224.wav,6223,2781235403,4.772,0.6411,0.5916,0.6906,0.5973,0.5916,TAO,0.5373,-0.5054,-0.0159
4732,06483.wav,6482,2894096259,2.808,0.6411,0.6005,0.6817,0.6079,0.6005,TAO,0.4184,-0.5267,-0.0106
4733,01251.wav,1250,556185616,1.831,0.6411,0.6327,0.6495,0.6681,0.6327,TAO,0.5577,0.2849,0.0127
4734,07723.wav,7722,3475065064,4.422,0.6411,0.5750,0.7073,0.6492,0.5750,LENT,0.7593,-0.6526,-0.0316
4735,01320.wav,1319,585280647,5.358,0.6411,0.5623,0.7199,0.7148,0.5623,TAO,0.5873,0.0613,-0.0036
4736,05323.wav,5322,2368663690,5.629,0.6411,0.5696,0.7126,0.4512,0.4512,TAO,0.3432,0.4001,0.0289
4737,02863.wav,2862,1265170128,4.776,0.6411,0.6064,0.6757,0.4883,0.4883,TAO,0.4614,-0.0172,0.0050
4738,03190.wav,3189,1401199876,8.268,0.6411,0.5494,0.7327,0.4950,0.4950,LENT,0.4231,-0.9001,-0.0267
4739,01602.wav,1601,706657011,5.979,0.6410,0.5685,0.7136,0.7239,0.5685,TAO,0.6337,-1.3084,-0.0610
4740,07934.wav,7933,3575265510,5.818,0.6410,0.5757,0.7063,0.7526,0.5757,TAO,0.6509,0.1887,0.0032
4741,08319.wav,8318,3729281802,6.732,0.6410,0.5913,0.6906,0.4591,0.4591,TAO,0.5116,-0.5146,-0.0094
4742,02321.wav,2320,1025607852,2.125,0.6410,0.6077,0.6742,0.5955,0.5955,TAO,0.4623,0.0493,0.0098
4743,06841.wav,6840,3057361261,2.542,0.6410,0.5865,0.6954,0.7417,0.5865,TAO,0.6842,-0.4625,-0.0182
4744,02637.wav,2636,1160713296,2.331,0.6410,0.5666,0.7153,0.7347,0.5666,TAO,0.5746,0.6418,0.0308
4745,03591.wav,3590,1586949901,2.522,0.6409,0.5686,0.7133,0.6590,0.5686,TAO,0.6012,-0.7178,-0.0313
4746,07550.wav,7549,3396213350,9.450,0.6409,0.5918,0.6901,0.7180,0.5918,TAO,0.6749,-0.5476,-0.0255
4747,07523.wav,7522,3388387012,2.811,0.6408,0.5674,0.7143,0.7026,0.5674,TAO,0.6910,0.1737,0.0002
4748,05002.wav,5001,2220848163,4.654,0.6408,0.6170,0.6646,0.4883,0.4883,TAO,0.4114,-0.1857,-0.0002
4749,03185.wav,3184,1397745544,9.191,0.6408,0.5825,0.6991,0.7283,0.5825,TAO,0.7928,-0.2979,-0.0121
4750,03603.wav,3602,1592257720,6.430,0.6407,0.5969,0.6845,0.4248,0.4248,TAO,0.3950,0.6067,0.0441
4751,07131.wav,7130,3193404071,6.970,0.6406,0.5991,0.6821,0.5424,0.5424,TAO,0.4255,-0.3705,-0.0100
4752,03307.wav,3306,1452032170,4.403,0.6406,0.5509,0.7304,0.7083,0.5509,TAO,0.6027,-0.5069,-0.0222
4753,05866.wav,5865,2620163661,2.688,0.6406,0.6462,0.6350,0.5785,0.5785,TAO,0.4288,0.7192,0.0422
4754,05033.wav,5032,2234074481,6.896,0.6406,0.5965,0.6847,0.6805,0.5965,TAO,0.7034,-0.6056,-0.0273
4755,01871.wav,1870,836608498,8.624,0.6406,0.6064,0.6747,0.5655,0.5655,TAO,0.6081,-0.3604,-0.0040
4756,06667.wav,6666,2976401005,7.163,0.6405,0.5813,0.6998,0.4684,0.4684,TAO,0.4590,0.2437,0.0230
4757,05827.wav,5826,2596222381,8.595,0.6405,0.6154,0.6656,0.4014,0.4014,ANCIENT,0.2875,0.5053,0.0445
4758,00836.wav,835,368314825,6.896,0.6405,0.5964,0.6845,0.6801,0.5964,TAO,0.7031,-0.6092,-0.0274
4759,07183.wav,7182,3216996006,6.030,0.6404,0.6055,0.6753,0.5027,0.5027,TAO,0.4679,0.1362,0.0169
4760,09036.wav,9035,4061927211,5.593,0.6404,0.6108,0.6700,0.5107,0.5107,TAO,0.4788,0.2231,0.0229
4761,00237.wav,236,100884073,2.125,0.6404,0.5463,0.7344,0.4854,0.4854,LENT,0.4349,0.0135,0.0160
4762,03074.wav,3073,1353638264,4.928,0.6403,0.6216,0.6590,0.6106,0.6106,TAO,0.6450,0.0484,0.0046
4763,03996.wav,3995,1769349554,3.111,0.6403,0.6013,0.6792,0.5329,0.5329,TAO,0.3427,-1.2690,-0.0416
4764,00675.wav,674,294530002,3.681,0.6403,0.5890,0.6916,0.6642,0.5890,TAO,0.6459,0.0171,0.0077
4765,07987.wav,7986,3597633417,5.150,0.6402,0.6015,0.6790,0.5154,0.5154,ANCIENT,0.4275,-0.5141,-0.0053
4766,02590.wav,2589,1137784307,6.228,0.6402,0.5745,0.7060,0.6378,0.5745,TAO,0.6906,-0.2956,-0.0120
4767,00827.wav,826,363748114,2.595,0.6402,0.5841,0.6963,0.6246,0.5841,TAO,0.4722,-0.2817,-0.0197
4768,05470.wav,5469,2431421772,2.675,0.6401,0.5661,0.7141,0.7204,0.5661,TAO,0.5490,-0.4721,-0.0249
4769,03377.wav,3376,1485300963,2.415,0.6401,0.6252,0.6550,0.5033,0.5033,TAO,0.5010,0.8508,0.0450
4770,08153.wav,8152,3666979635,7.692,0.6401,0.6474,0.6327,0.4063,0.4063,TAO,0.3246,1.0785,0.0691
4771,03922.wav,3921,1735191817,6.420,0.6401,0.5746,0.7055,0.5090,0.5090,TAO,0.4669,-0.9808,-0.0294
4772,05974.wav,5973,2659935790,5.995,0.6401,0.5924,0.6877,0.4284,0.4284,ANCIENT,0.2902,-0.0071,0.0218
4773,08201.wav,8200,3680995176,7.574,0.6400,0.6077,0.6724,0.6183,0.6077,TAO,0.6106,-0.4641,-0.0159
4774,00906.wav,905,400266604,7.842,0.6400,0.5951,0.6850,0.4618,0.4618,TAO,0.2602,0.6513,0.0430
4775,00416.wav,415,177852908,2.110,0.6400,0.6109,0.6691,0.5780,0.5780,TAO,0.4950,-0.4400,-0.0180
4776,01524.wav,1523,666466723,8.246,0.6400,0.6076,0.6724,0.3998,0.3998,TAO,0.3756,0.8173,0.0519
4777,03918.wav,3917,1733146595,3.886,0.6400,0.5704,0.7096,0.7038,0.5704,TAO,0.6521,-0.5937,-0.0241
4778,03304.wav,3303,1450930435,6.588,0.6400,0.6042,0.6758,0.5189,0.5189,LENT,0.2872,-0.0898,0.0027
4779,05607.wav,5606,2496596079,4.008,0.6400,0.5905,0.6895,0.7249,0.5905,TAO,0.6152,0.0414,-0.0029
4780,07521.wav,7520,3384820717,8.641,0.6400,0.5938,0.6862,0.5145,0.5145,PAT,0.3589,-0.7369,-0.0165
4781,05599.wav,5598,2491203446,3.881,0.6400,0.6009,0.6791,0.5404,0.5404,TAO,0.3120,-0.2628,-0.0019
4782,09419.wav,9418,4231063631,5.366,0.6400,0.5958,0.6841,0.4838,0.4838,LENT,0.4225,-1.0657,-0.0210
4783,08574.wav,8573,3855354151,6.262,0.6400,0.5624,0.7175,0.5089,0.5089,TAO,0.3828,-1.0424,-0.0326
4784,04754.wav,4753,2114153349,5.789,0.6399,0.5918,0.6880,0.6917,0.5918,TAO,0.7479,0.0669,0.0080
4785,05385.wav,5384,2393935046,5.175,0.6399,0.6134,0.6663,0.6535,0.6134,PAT,0.5180,-0.0868,0.0014
4786,08457.wav,8456,3800271597,6.867,0.6399,0.6212,0.6586,0.5076,0.5076,TAO,0.5416,-0.0294,0.0067
4787,01630.wav,1629,725540920,7.103,0.6399,0.5886,0.6911,0.4351,0.4351,TAO,0.3700,0.2088,0.0329
4788,09271.wav,9270,4168217959,6.070,0.6399,0.6160,0.6637,0.3776,0.3776,TAO,0.2793,0.0857,0.0244
4789,06891.wav,6890,3080617934,6.235,0.6398,0.5978,0.6819,0.5593,0.5593,TAO,0.4478,-0.7161,-0.0191
4790,07771.wav,7770,3496091596,7.652,0.6398,0.5691,0.7105,0.4646,0.4646,ANCIENT,0.4954,0.0940,0.0190
4791,06627.wav,6626,2958844651,6.784,0.6398,0.5922,0.6873,0.6756,0.5922,TAO,0.7616,-0.4869,-0.0192
4792,09448.wav,9447,4241479817,4.259,0.6398,0.5817,0.6979,0.4757,0.4757,TAO,0.3128,-0.1089,0.0099
4793,07515.wav,7514,3381036938,9.192,0.6397,0.5830,0.6964,0.6936,0.5830,TAO,0.6954,-0.3382,-0.0148
4794,05096.wav,5095,2266080981,1.740,0.6397,0.5615,0.7179,0.7207,0.5615,TAO,0.6077,0.5437,0.0161
4795,01897.wav,1896,846217573,7.440,0.6396,0.5849,0.6943,0.4834,0.4834,ANCIENT,0.4637,0.6854,0.0428
4796,01084.wav,1083,478564814,12.580,0.6396,0.6073,0.6719,0.6136,0.6073,TAO,0.7248,-0.1038,0.0095
4797,01179.wav,1178,523014703,5.982,0.6396,0.5996,0.6796,0.6982,0.5996,TAO,0.5830,0.0483,0.0011
4798,03072.wav,3071,1353261574,5.743,0.6396,0.5831,0.6960,0.5627,0.5627,TAO,0.4464,-0.7316,-0.0242
4799,02709.wav,2708,1197301924,9.295,0.6395,0.6073,0.6718,0.6026,0.6026,TAO,0.4786,0.5724,0.0222
4800,00241.wav,240,105530442,5.058,0.6395,0.5890,0.6901,0.5496,0.5496,TAO,0.3771,-0.8869,-0.0368
4801,05618.wav,5617,2497506506,2.425,0.6395,0.6270,0.6520,0.5461,0.5461,TAO,0.3780,1.0837,0.0485
4802,00870.wav,869,382161681,3.784,0.6395,0.6234,0.6556,0.5424,0.5424,LENT,0.4328,0.1388,0.0225
4803,00563.wav,562,244018413,1.279,0.6395,0.5925,0.6865,0.4561,0.4561,TAO,0.3435,-0.0872,0.0047
4804,07694.wav,7693,3458406075,6.863,0.6394,0.6023,0.6765,0.5654,0.5654,TAO,0.6823,-0.2570,0.0023
4805,00373.wav,372,159383163,5.400,0.6394,0.6057,0.6731,0.5194,0.5194,TAO,0.3523,-0.2086,-0.0145
4806,03604.wav,3603,1592500144,7.898,0.6394,0.5906,0.6882,0.6151,0.5906,LENT,0.7633,-0.3229,-0.0094
4807,02813.wav,2812,1241269008,6.550,0.6394,0.5670,0.7118,0.6352,0.5670,TAO,0.6314,0.1111,0.0070
4808,00708.wav,707,303816877,5.371,0.6394,0.6022,0.6766,0.5097,0.5097,TAO,0.4697,-0.1036,0.0030
4809,05659.wav,5658,2517909195,1.887,0.6394,0.5941,0.6846,0.5580,0.5580,TAO,0.4516,-0.4109,-0.0165
4810,04906.wav,4905,2183130224,6.986,0.6393,0.6065,0.6722,0.4461,0.4461,TAO,0.4339,-0.1239,0.0196
4811,05940.wav,5939,2651803339,4.919,0.6393,0.6045,0.6741,0.4311,0.4311,TAO,0.2961,0.5737,0.0368
4812,01960.wav,1959,877703087,2.391,0.6393,0.6024,0.6763,0.5857,0.5857,TAO,0.3864,0.3876,0.0242
4813,08207.wav,8206,3683149298,2.594,0.6393,0.5918,0.6868,0.7352,0.5918,TAO,0.6537,0.0676,-0.0013
4814,01818.wav,1817,813187662,7.500,0.6393,0.5660,0.7126,0.5526,0.5526,TAO,0.4695,-1.3796,-0.0461
4815,02153.wav,2152,958553901,2.814,0.6393,0.5849,0.6936,0.7685,0.5849,TAO,0.6964,0.7528,0.0274
4816,04243.wav,4242,1880900341,2.623,0.6393,0.5911,0.6874,0.4805,0.4805,LENT,0.4219,0.2228,0.0179
4817,04145.wav,4144,1834372394,7.475,0.6392,0.6157,0.6628,0.3633,0.3633,TAO,0.3257,0.8529,0.0523
4818,08391.wav,8390,3766236394,2.132,0.6392,0.5830,0.6954,0.7030,0.5830,TAO,0.5101,-0.6034,-0.0296
4819,02066.wav,2065,918274380,4.360,0.6392,0.6089,0.6694,0.5055,0.5055,TAO,0.3583,-0.2858,0.0032
4820,07219.wav,7218,3234969488,4.019,0.6392,0.5919,0.6865,0.6904,0.5919,TAO,0.6624,-0.2723,-0.0151
4821,08573.wav,8572,3854487146,6.236,0.6391,0.5881,0.6901,0.6380,0.5881,TAO,0.7172,-0.1498,-0.0024
4822,00606.wav,605,258517360,2.939,0.6391,0.6079,0.6703,0.5230,0.5230,TAO,0.2956,-0.2331,-0.0006
4823,08182.wav,8181,3674548593,4.345,0.6391,0.5966,0.6815,0.4451,0.4451,LENT,0.2897,0.2372,0.0252
4824,02398.wav,2397,1057911703,7.677,0.6391,0.6012,0.6770,0.4547,0.4547,TAO,0.2921,0.6069,0.0450
4825,07733.wav,7732,3479067185,6.543,0.6391,0.5981,0.6800,0.4419,0.4419,LENT,0.3351,0.2598,0.0272
4826,09310.wav,9309,4186545989,1.662,0.6391,0.5771,0.7011,0.5989,0.5771,TAO,0.4601,-0.2009,-0.0087
4827,00010.wav,9,3161512,4.606,0.6390,0.5803,0.6978,0.7391,0.5803,TAO,0.5986,-0.5429,-0.0198
4828,07601.wav,7600,3421666346,4.053,0.6390,0.6143,0.6637,0.4820,0.4820,TAO,0.3450,-0.8273,-0.0208
4829,01195.wav,1194,529054699,2.903,0.6390,0.5652,0.7128,0.7791,0.5652,TAO,0.6672,-0.2324,-0.0108
4830,05453.wav,5452,2424956400,7.809,0.6390,0.5998,0.6783,0.5615,0.5615,LENT,0.6235,-0.7246,-0.0223
4831,02266.wav,2265,1007942262,6.215,0.6390,0.5447,0.7334,0.4881,0.4881,TAO,0.4045,-0.8943,-0.0302
4832,02244.wav,2243,996675906,5.194,0.6390,0.5752,0.7027,0.6555,0.5752,TAO,0.7135,-0.2888,-0.0114
4833,08907.wav,8906,4010499754,8.700,0.6389,0.5991,0.6788,0.5477,0.5477,TAO,0.4631,0.4400,0.0295
4834,06665.wav,6664,2975575318,3.044,0.6389,0.5513,0.7265,0.6924,0.5513,TAO,0.4576,-1.1395,-0.0401
4835,02194.wav,2193,972569442,3.755,0.6389,0.6202,0.6575,0.5606,0.5606,TAO,0.4742,-0.7002,-0.0187
4836,05912.wav,5911,2642526504,1.655,0.6389,0.5663,0.7115,0.7253,0.5663,TAO,0.4884,-0.0337,-0.0055
4837,06135.wav,6134,2737246822,3.423,0.6389,0.5903,0.6875,0.5572,0.5572,TAO,0.3312,0.0118,0.0152
4838,06378.wav,6377,2852758704,4.921,0.6388,0.6035,0.6741,0.5857,0.5857,TAO,0.7017,-0.6372,-0.0171
4839,00590.wav,589,251985354,4.737,0.6387,0.5953,0.6822,0.6778,0.5953,TAO,0.6768,-0.4525,-0.0140
4840,05620.wav,5619,2498498799,7.091,0.6387,0.5888,0.6887,0.7078,0.5888,TAO,0.7178,-0.1936,-0.0128
4841,01264.wav,1263,563632621,5.624,0.6387,0.5646,0.7127,0.7409,0.5646,TAO,0.6887,-0.3939,-0.0229
4842,04951.wav,4950,2196170122,5.803,0.6387,0.5659,0.7114,0.7659,0.5659,TAO,0.5760,-0.8766,-0.0438
4843,06231.wav,6230,2783041743,9.281,0.6387,0.5750,0.7024,0.6282,0.5750,TAO,0.4906,-0.5252,-0.0194
4844,03451.wav,3450,1526072331,6.096,0.6387,0.6079,0.6694,0.4069,0.4069,TAO,0.3256,0.8616,0.0571
4845,04612.wav,4611,2043656043,7.021,0.6386,0.5610,0.7162,0.5689,0.5610,TAO,0.4254,-0.9500,-0.0343
4846,00489.wav,488,209102250,9.840,0.6386,0.6009,0.6763,0.6562,0.6009,TAO,0.7233,-0.3296,-0.0147
4847,09283.wav,9282,4177513812,5.012,0.6386,0.5721,0.7051,0.4421,0.4421,TAO,0.3370,0.4817,0.0333
4848,09342.wav,9341,4197955938,2.915,0.6386,0.5638,0.7134,0.7350,0.5638,TAO,0.4865,-0.2615,-0.0047
4849,04868.wav,4867,2163363464,7.019,0.6386,0.5589,0.7182,0.7158,0.5589,TAO,0.5399,-1.2769,-0.0480
4850,01854.wav,1853,829875248,6.581,0.6386,0.5826,0.6946,0.4223,0.4223,TAO,0.2758,0.3076,0.0256
4851,06908.wav,6907,3087645808,8.015,0.6385,0.5690,0.7080,0.6618,0.5690,TAO,0.7093,-0.4214,-0.0277
4852,00920.wav,919,405748681,7.029,0.6385,0.5649,0.7121,0.5167,0.5167,TAO,0.4408,-0.5510,-0.0195
4853,04837.wav,4836,2147469927,10.755,0.6385,0.5772,0.6997,0.6925,0.5772,TAO,0.6958,0.0297,0.0076
4854,06843.wav,6842,3057490701,5.542,0.6385,0.5948,0.6821,0.4281,0.4281,TAO,0.2823,0.6534,0.0450
4855,03776.wav,3775,1671192752,5.695,0.6385,0.5942,0.6827,0.4815,0.4815,LENT,0.4317,0.1533,0.0155
4856,08694.wav,8693,3910493826,4.684,0.6385,0.5873,0.6896,0.6768,0.5873,TAO,0.6892,-0.5742,-0.0235
4857,01920.wav,1919,859268204,7.479,0.6385,0.5945,0.6824,0.6196,0.5945,TAO,0.5116,-0.0155,0.0072
4858,00655.wav,654,279120659,6.459,0.6384,0.5655,0.7113,0.4271,0.4271,TAO,0.3416,0.1488,0.0215
4859,02611.wav,2610,1144251530,5.311,0.6384,0.5813,0.6955,0.4324,0.4324,TAO,0.2477,0.2756,0.0268
4860,00734.wav,733,319634674,6.412,0.6383,0.6390,0.6377,0.4432,0.4432,LENT,0.3213,0.6936,0.0531
4861,03661.wav,3660,1612939749,9.204,0.6383,0.5968,0.6799,0.6353,0.5968,TAO,0.6705,-0.5988,-0.0214
4862,03615.wav,3614,1599150028,4.051,0.6383,0.5901,0.6866,0.7411,0.5901,TAO,0.5492,0.1623,-0.0010
4863,01857.wav,1856,830341598,2.182,0.6383,0.5671,0.7096,0.7308,0.5671,TAO,0.5721,-0.0686,-0.0075
4864,09029.wav,9028,4060873261,2.352,0.6383,0.5842,0.6925,0.5976,0.5842,TAO,0.5564,0.4103,0.0159
4865,07560.wav,7559,3401366639,2.390,0.6383,0.5793,0.6972,0.6153,0.5793,TAO,0.5114,0.7619,0.0439
4866,05242.wav,5241,2331211136,7.375,0.6383,0.5764,0.7001,0.4422,0.4422,TAO,0.3159,-0.7370,-0.0124
4867,08076.wav,8075,3630861572,5.886,0.6383,0.6041,0.6725,0.7127,0.6041,TAO,0.7092,-0.3767,-0.0111
4868,02438.wav,2437,1074015146,4.827,0.6383,0.6080,0.6686,0.4334,0.4334,TAO,0.4585,1.4441,0.0724
4869,09107.wav,9106,4099494049,2.826,0.6383,0.6047,0.6719,0.5877,0.5877,LENT,0.4727,-0.2388,0.0050
4870,07289.wav,7288,3267773579,5.687,0.6382,0.6168,0.6597,0.5906,0.5906,TAO,0.5305,-0.2192,-0.0090
4871,04624.wav,4623,2049514399,5.370,0.6382,0.6278,0.6486,0.5163,0.5163,TAO,0.4207,-0.1303,0.0114
4872,04816.wav,4815,2141043342,3.886,0.6382,0.5687,0.7077,0.7482,0.5687,TAO,0.6383,-0.5670,-0.0250
4873,05842.wav,5841,2602312683,7.050,0.6382,0.5538,0.7225,0.7347,0.5538,TAO,0.5646,-0.5454,-0.0246
4874,07112.wav,7111,3184364471,3.182,0.6382,0.5474,0.7289,0.4630,0.4630,TAO,0.3697,-0.7458,-0.0240
4875,01806.wav,1805,809574982,3.721,0.6381,0.5809,0.6953,0.5324,0.5324,TAO,0.3977,-0.7734,-0.0245
4876,03747.wav,3746,1654266284,4.443,0.6381,0.5515,0.7247,0.7279,0.5515,TAO,0.6527,-0.6398,-0.0307
4877,08525.wav,8524,3829540013,5.746,0.6381,0.5675,0.7086,0.4953,0.4953,TAO,0.2921,-1.0288,-0.0363
4878,03669.wav,3668,1614157862,5.494,0.6380,0.5726,0.7035,0.5991,0.5726,TAO,0.4609,-1.6671,-0.0640
4879,00724.wav,723,317773613,2.792,0.6380,0.5593,0.7168,0.4889,0.4889,TAO,0.3623,0.4614,0.0321
4880,00963.wav,962,428134766,6.164,0.6380,0.6086,0.6674,0.6236,0.6086,TAO,0.6434,-0.2837,-0.0089
4881,03563.wav,3562,1579842055,4.254,0.6380,0.5843,0.6917,0.6350,0.5843,LENT,0.7517,0.0084,0.0015
4882,01429.wav,1428,632218699,5.548,0.6380,0.6016,0.6743,0.5707,0.5707,TAO,0.5088,-0.4900,-0.0047
4883,02994.wav,2993,1322841509,8.824,0.6379,0.5924,0.6835,0.6789,0.5924,TAO,0.6997,-0.3778,-0.0126
4884,09322.wav,9321,4190476424,7.301,0.6379,0.5966,0.6793,0.5190,0.5190,TAO,0.4123,-0.5197,-0.0106
4885,05785.wav,5784,2574271602,2.368,0.6379,0.6064,0.6695,0.5846,0.5846,TAO,0.4441,1.1249,0.0626
4886,01684.wav,1683,746927554,3.888,0.6379,0.5853,0.6904,0.7132,0.5853,TAO,0.7963,-0.6713,-0.0278
4887,08789.wav,8788,3955218314,6.789,0.6379,0.5737,0.7020,0.5404,0.5404,TAO,0.4609,-0.8586,-0.0300
4888,07482.wav,7481,3365954927,8.839,0.6378,0.6130,0.6627,0.3774,0.3774,TAO,0.2705,0.5930,0.0478
4889,08108.wav,8107,3648636810,3.696,0.6378,0.6223,0.6533,0.4659,0.4659,TAO,0.2387,0.3285,0.0267
4890,03809.wav,3808,1685393475,5.815,0.6378,0.5538,0.7217,0.6869,0.5538,TAO,0.5970,-0.9652,-0.0452
4891,04634.wav,4633,2055137038,2.451,0.6378,0.5685,0.7070,0.6592,0.5685,TAO,0.5500,-0.3643,-0.0290
4892,07226.wav,7225,3237002669,2.949,0.6377,0.6172,0.6583,0.5887,0.5887,TAO,0.5381,0.3606,0.0191
4893,05088.wav,5087,2264165199,7.176,0.6377,0.6336,0.6418,0.3813,0.3813,TAO,0.3613,-0.0346,0.0249
4894,05050.wav,5049,2241736656,5.318,0.6377,0.5737,0.7016,0.4894,0.4894,ANCIENT,0.3230,-0.1750,0.0069
4895,06917.wav,6916,3089021958,3.259,0.6377,0.5728,0.7025,0.6874,0.5728,TAO,0.4735,-0.3578,-0.0083
4896,05010.wav,5009,2222414600,2.926,0.6377,0.6007,0.6746,0.6395,0.6007,TAO,0.5528,-0.0629,0.0010
4897,02090.wav,2089,930374139,2.215,0.6376,0.5607,0.7146,0.6812,0.5607,TAO,0.5628,-0.8365,-0.0409
4898,03910.wav,3909,1729169298,12.851,0.6376,0.6007,0.6746,0.6545,0.6007,TAO,0.6267,-0.3034,-0.0117
4899,03139.wav,3138,1378899752,8.681,0.6376,0.5760,0.6993,0.4316,0.4316,TAO,0.4137,-0.5801,-0.0074
4900,06837.wav,6836,3056467533,10.447,0.6376,0.5871,0.6881,0.6492,0.5871,TAO,0.7688,0.1369,0.0105
4901,07725.wav,7724,3475736609,3.929,0.6376,0.5896,0.6855,0.5241,0.5241,TAO,0.4422,0.0320,0.0093
4902,00396.wav,395,172352653,7.285,0.6375,0.5872,0.6878,0.6563,0.5872,TAO,0.6998,-0.4764,-0.0165
4903,09285.wav,9284,4177920399,6.096,0.6375,0.5852,0.6897,0.6651,0.5852,TAO,0.7056,-0.6409,-0.0214
4904,00094.wav,93,42161263,7.215,0.6375,0.5956,0.6793,0.4810,0.4810,TAO,0.5588,-0.6949,-0.0146
4905,03650.wav,3649,1608251721,6.921,0.6374,0.5915,0.6833,0.4168,0.4168,TAO,0.3826,0.9817,0.0523
4906,05032.wav,5031,2234062719,6.428,0.6374,0.5707,0.7041,0.4878,0.4878,TAO,0.3444,-0.2566,0.0102
4907,01288.wav,1287,576452559,3.529,0.6374,0.5710,0.7038,0.7114,0.5710,TAO,0.7334,-0.6086,-0.0242
4908,04284.wav,4283,1897566150,5.582,0.6373,0.6180,0.6566,0.4667,0.4667,TAO,0.4269,0.7738,0.0491
4909,02218.wav,2217,987774978,2.835,0.6373,0.5864,0.6883,0.5895,0.5864,TAO,0.4570,-0.1472,-0.0063
4910,04263.wav,4262,1889548780,2.257,0.6373,0.6147,0.6598,0.5074,0.5074,TAO,0.4165,1.1078,0.0557
4911,02518.wav,2517,1110132519,4.541,0.6373,0.5680,0.7066,0.5406,0.5406,TAO,0.4999,-0.8762,-0.0251
4912,02289.wav,2288,1015538154,7.778,0.6372,0.5671,0.7074,0.4131,0.4131,ANCIENT,0.3920,0.2553,0.0282
4913,00179.wav,178,74910633,8.496,0.6372,0.5660,0.7085,0.7283,0.5660,TAO,0.7270,-0.6298,-0.0275
4914,02137.wav,2136,949456292,8.002,0.6372,0.5682,0.7061,0.6583,0.5682,TAO,0.4337,-0.5567,-0.0156
4915,04477.wav,4476,1981189713,5.883,0.6372,0.5514,0.7229,0.4368,0.4368,TAO,0.3264,0.0172,0.0172
4916,02577.wav,2576,1129063619,5.953,0.6371,0.6157,0.6585,0.4060,0.4060,TAO,0.3598,0.7788,0.0595
4917,08421.wav,8420,3780634540,6.390,0.6371,0.5734,0.7007,0.4722,0.4722,LENT,0.3437,-0.0281,0.0124
4918,01562.wav,1561,687507075,6.001,0.6371,0.6079,0.6663,0.6015,0.6015,TAO,0.6510,-0.2650,-0.0013
4919,01053.wav,1052,461767786,8.215,0.6371,0.5994,0.6747,0.5065,0.5065,TAO,0.4313,-0.4956,-0.0211
4920,03265.wav,3264,1431580803,7.866,0.6370,0.5497,0.7244,0.4575,0.4575,TAO,0.3619,-0.5452,-0.0119
4921,01903.wav,1902,850262653,2.849,0.6370,0.5559,0.7181,0.7042,0.5559,TAO,0.6759,-0.5569,-0.0277
4922,01712.wav,1711,762115465,7.744,0.6370,0.5340,0.7400,0.5832,0.5340,TAO,0.4882,-1.2368,-0.0499
4923,08145.wav,8144,3663781580,1.903,0.6370,0.5817,0.6924,0.6695,0.5817,TAO,0.5229,0.3107,0.0175
4924,06084.wav,6083,2714749475,2.338,0.6370,0.5936,0.6804,0.7392,0.5936,TAO,0.5837,-0.5790,-0.0228
4925,02230.wav,2229,990139879,7.322,0.6370,0.5847,0.6893,0.5316,0.5316,LENT,0.2966,-0.8631,-0.0208
4926,07573.wav,7572,3407427506,6.260,0.6370,0.5695,0.7044,0.4918,0.4918,TAO,0.3569,-0.1770,0.0032
4927,08799.wav,8798,3957250474,4.897,0.6370,0.6242,0.6498,0.3973,0.3973,TAO,0.3330,0.0653,0.0203
4928,01778.wav,1777,794735395,2.013,0.6369,0.6056,0.6683,0.7392,0.6056,TAO,0.6172,-0.2679,-0.0075
4929,04522.wav,4521,2010407248,5.460,0.6369,0.5632,0.7106,0.7819,0.5632,TAO,0.6385,-0.5251,-0.0292
4930,08695.wav,8694,3911169768,4.922,0.6369,0.5914,0.6824,0.4621,0.4621,PAT,0.3184,0.4405,0.0349
4931,05831.wav,5830,2596515984,5.293,0.6369,0.6316,0.6422,0.4168,0.4168,ANCIENT,0.4105,0.5533,0.0498
4932,01874.wav,1873,837183663,7.199,0.6369,0.5736,0.7001,0.5082,0.5082,TAO,0.4034,-0.9382,-0.0311
4933,08681.wav,8680,3907499917,5.127,0.6368,0.5570,0.7167,0.4818,0.4818,TAO,0.4214,-0.4560,-0.0141
4934,07940.wav,7939,3576257803,4.785,0.6368,0.5888,0.6848,0.6389,0.5888,TAO,0.5922,-0.6261,-0.0224
4935,00524.wav,523,226703457,3.551,0.6368,0.5754,0.6982,0.6873,0.5754,TAO,0.6277,-0.5884,-0.0270
4936,07088.wav,7087,3169656175,4.074,0.6368,0.5961,0.6774,0.6876,0.5961,TAO,0.8087,0.0610,0.0048
4937,06478.wav,6477,2892891208,4.664,0.6368,0.5659,0.7076,0.6575,0.5659,TAO,0.7208,-0.5970,-0.0296
4938,08903.wav,8902,4007380684,8.245,0.6368,0.5915,0.6820,0.6927,0.5915,TAO,0.6826,-0.5485,-0.0183
4939,00073.wav,72,32701247,5.481,0.6368,0.5860,0.6875,0.6556,0.5860,TAO,0.5747,-0.9774,-0.0398
4940,06122.wav,6121,2732908139,4.938,0.6367,0.5826,0.6909,0.6356,0.5826,TAO,0.8030,-0.1921,-0.0107
4941,07024.wav,7023,3139169645,5.679,0.6367,0.5815,0.6919,0.5724,0.5724,TAO,0.4765,-0.6103,-0.0237
4942,03947.wav,3946,1745914126,5.708,0.6367,0.5905,0.6829,0.6362,0.5905,TAO,0.7529,-0.7262,-0.0271
4943,00021.wav,20,8714224,3.701,0.6367,0.5814,0.6920,0.7436,0.5814,TAO,0.6574,-0.0553,-0.0067
4944,02285.wav,2284,1015292336,8.673,0.6367,0.5463,0.7271,0.5805,0.5463,TAO,0.4697,-0.9000,-0.0372
4945,01239.wav,1238,552236653,6.740,0.6366,0.5848,0.6885,0.4854,0.4854,TAO,0.3442,-0.9046,-0.0311
4946,00436.wav,435,189630987,7.247,0.6366,0.6008,0.6723,0.6737,0.6008,TAO,0.7517,0.1292,0.0028
4947,06127.wav,6126,2734166890,6.534,0.6366,0.6176,0.6555,0.4076,0.4076,TAO,0.3024,0.6749,0.0511
4948,07977.wav,7976,3593697779,3.144,0.6365,0.5465,0.7265,0.7217,0.5465,TAO,0.5588,0.6256,0.0099
4949,02774.wav,2773,1224952264,7.256,0.6365,0.6008,0.6722,0.6148,0.6008,TAO,0.4839,-0.1127,-0.0002
4950,06230.wav,6229,2782692398,6.970,0.6365,0.5774,0.6956,0.5337,0.5337,TAO,0.2953,-0.7933,-0.0264
4951,04130.wav,4129,1828571280,7.507,0.6365,0.6185,0.6544,0.5599,0.5599,TAO,0.4387,-0.0653,0.0074
4952,03281.wav,3280,1439236242,3.587,0.6365,0.5919,0.6810,0.6208,0.5919,TAO,0.6401,-0.4362,-0.0161
4953,06059.wav,6058,2701308078,1.992,0.6364,0.5992,0.6737,0.6716,0.5992,TAO,0.5952,0.3599,0.0100
4954,09095.wav,9094,4091480008,3.959,0.6364,0.5918,0.6811,0.6213,0.5918,TAO,0.6081,0.3550,0.0164
4955,03387.wav,3386,1493009360,3.486,0.6364,0.5988,0.6740,0.5429,0.5429,LENT,0.3770,0.2707,0.0221
4956,05058.wav,5057,2245596554,6.142,0.6364,0.5531,0.7196,0.7581,0.5531,TAO,0.6931,-0.2453,-0.0134
4957,05777.wav,5776,2571708457,8.534,0.6364,0.6030,0.6698,0.3995,0.3995,TAO,0.2564,0.1469,0.0268
4958,02598.wav,2597,1140409223,2.450,0.6364,0.6001,0.6726,0.5633,0.5633,LENT,0.7559,-0.1870,-0.0000
4959,04680.wav,4679,2074837955,8.215,0.6364,0.5699,0.7029,0.5219,0.5219,TAO,0.4005,-1.4279,-0.0467
4960,05248.wav,5247,2336961334,6.378,0.6363,0.5765,0.6962,0.6333,0.5765,TAO,0.5995,-0.6806,-0.0223
4961,08164.wav,8163,3672242828,6.025,0.6363,0.5564,0.7163,0.6889,0.5564,TAO,0.5674,-0.5586,-0.0228
4962,01176.wav,1175,521520464,4.481,0.6363,0.6180,0.6545,0.3954,0.3954,TAO,0.3041,0.6318,0.0419
4963,02686.wav,2685,1187309426,3.871,0.6363,0.5480,0.7245,0.7489,0.5480,TAO,0.6066,-1.1078,-0.0495
4964,09300.wav,9299,4183112267,5.045,0.6363,0.6045,0.6680,0.4301,0.4301,TAO,0.3298,0.7708,0.0556
4965,02490.wav,2489,1096847755,10.932,0.6362,0.5885,0.6839,0.4735,0.4735,TAO,0.2634,-0.4387,-0.0004
4966,05389.wav,5388,2397009263,8.028,0.6362,0.6176,0.6549,0.3778,0.3778,TAO,0.2843,0.0069,0.0255
4967,08298.wav,8297,3723314004,8.186,0.6362,0.5681,0.7043,0.7041,0.5681,TAO,0.7426,-0.1503,-0.0097
4968,08203.wav,8202,3681460899,1.850,0.6362,0.5876,0.6847,0.7163,0.5876,TAO,0.6198,-0.1990,-0.0025
4969,03490.wav,3489,1548953746,4.668,0.6362,0.5823,0.6900,0.6766,0.5823,LENT,0.7748,-0.5868,-0.0219
4970,03867.wav,3866,1711024717,9.274,0.6361,0.5712,0.7011,0.7315,0.5712,TAO,0.6272,-0.7886,-0.0422
4971,00782.wav,781,344614253,2.105,0.6361,0.5703,0.7020,0.4872,0.4872,TAO,0.3937,-0.5059,-0.0162
4972,08377.wav,8376,3755235244,4.915,0.6361,0.5867,0.6855,0.4847,0.4847,TAO,0.2841,0.4675,0.0338
4973,03822.wav,3821,1691819598,2.421,0.6361,0.5843,0.6879,0.6696,0.5843,TAO,0.6234,0.8815,0.0453
4974,03232.wav,3231,1420154089,3.378,0.6361,0.5710,0.7012,0.6323,0.5710,TAO,0.6726,-0.3393,-0.0158
4975,08399.wav,8398,3771697010,3.060,0.6361,0.5982,0.6740,0.6883,0.5982,TAO,0.6364,-0.4554,-0.0208
4976,03958.wav,3957,1751249517,4.322,0.6360,0.5962,0.6759,0.5364,0.5364,TAO,0.3626,-0.0780,0.0023
4977,08826.wav,8825,3967765032,3.219,0.6360,0.5835,0.6886,0.5916,0.5835,LENT,0.5263,0.1465,-0.0030
4978,03924.wav,3923,1735471378,4.546,0.6360,0.6036,0.6683,0.4739,0.4739,ANCIENT,0.3960,1.1520,0.0646
4979,05366.wav,5365,2383083297,5.474,0.6360,0.5503,0.7216,0.7160,0.5503,TAO,0.5730,-0.7691,-0.0358
4980,05738.wav,5737,2554713185,6.355,0.6359,0.5758,0.6960,0.7070,0.5758,LENT,0.7569,-0.3061,-0.0151
4981,08442.wav,8441,3794223692,2.511,0.6359,0.5904,0.6814,0.5864,0.5864,TAO,0.4800,-0.4847,-0.0193
4982,04782.wav,4781,2126081251,3.822,0.6359,0.6087,0.6630,0.5670,0.5670,TAO,0.2768,0.2161,0.0160
4983,06613.wav,6612,2952527508,5.720,0.6359,0.5898,0.6819,0.5003,0.5003,TAO,0.3815,-1.0992,-0.0296
4984,02571.wav,2570,1127325062,8.114,0.6358,0.5773,0.6944,0.5619,0.5619,TAO,0.4824,-0.5259,-0.0200
4985,01866.wav,1865,835657864,5.131,0.6358,0.6024,0.6692,0.4636,0.4636,TAO,0.2934,0.5761,0.0364
4986,03823.wav,3822,1692688828,3.373,0.6358,0.5777,0.6940,0.7106,0.5777,TAO,0.7203,-0.0613,-0.0004
4987,05566.wav,5565,2475077963,3.408,0.6358,0.6063,0.6653,0.6664,0.6063,TAO,0.6884,0.1952,0.0046
4988,03469.wav,3468,1533361769,2.409,0.6358,0.5712,0.7004,0.6400,0.5712,TAO,0.4078,-0.6581,-0.0277
4989,02507.wav,2506,1103287402,2.211,0.6357,0.5765,0.6950,0.7472,0.5765,TAO,0.6607,-1.0807,-0.0482
4990,03954.wav,3953,1747576656,7.244,0.6357,0.5727,0.6988,0.7340,0.5727,TAO,0.6484,-0.7741,-0.0412
4991,05505.wav,5504,2448939339,7.121,0.6357,0.5699,0.7016,0.7278,0.5699,TAO,0.6656,-0.2681,-0.0136
4992,04491.wav,4490,1989349419,5.655,0.6357,0.5937,0.6778,0.6659,0.5937,TAO,0.6324,-0.4374,-0.0138
4993,04072.wav,4071,1803299924,3.683,0.6357,0.6489,0.6224,0.4298,0.4298,TAO,0.4345,0.9835,0.0547
4994,02367.wav,2366,1046419527,5.743,0.6357,0.5579,0.7134,0.6653,0.5579,TAO,0.5049,-0.9189,-0.0385
4995,09061.wav,9060,4078374894,8.429,0.6356,0.6061,0.6652,0.3956,0.3956,TAO,0.2324,0.5268,0.0427
4996,06454.wav,6453,2883940616,4.749,0.6356,0.6090,0.6623,0.7125,0.6090,TAO,0.6509,0.1249,0.0046
4997,01433.wav,1432,633272649,7.726,0.6356,0.5424,0.7288,0.7169,0.5424,TAO,0.6233,-0.5112,-0.0239
4998,06480.wav,6479,2893277644,134.274,0.6356,0.5800,0.6912,0.4554,0.4554,TAO,0.3740,-0.6586,-0.0065
4999,01307.wav,1306,580181617,5.324,0.6356,0.5910,0.6801,0.3868,0.3868,TAO,0.2800,0.4685,0.0383
5000,04093.wav,4092,1812627606,3.863,0.6356,0.6065,0.6647,0.6352,0.6065,TAO,0.6379,-0.3044,-0.0124
5001,04298.wav,4297,1905094710,7.153,0.6355,0.5761,0.6950,0.5028,0.5028,TAO,0.3916,-0.7666,-0.0334
5002,04094.wav,4093,1812725859,4.035,0.6355,0.5858,0.6852,0.4640,0.4640,TAO,0.3648,-0.0523,0.0158
5003,05108.wav,5107,2271569994,2.339,0.6355,0.5928,0.6782,0.5434,0.5434,TAO,0.3819,-0.0670,0.0050
5004,09430.wav,9429,4234077543,7.139,0.6355,0.5568,0.7143,0.7580,0.5568,TAO,0.6240,-0.6424,-0.0376
5005,08167.wav,8166,3672352270,3.664,0.6355,0.6015,0.6695,0.5103,0.5103,TAO,0.4494,-0.4038,-0.0089
5006,08468.wav,8467,3807457508,3.250,0.6355,0.5935,0.6775,0.6986,0.5935,TAO,0.6277,-0.5294,-0.0190
5007,08738.wav,8737,3932960870,2.540,0.6355,0.5978,0.6731,0.6073,0.5978,TAO,0.3552,0.1289,0.0063
5008,04863.wav,4862,2159482547,2.758,0.6354,0.5580,0.7129,0.6998,0.5580,TAO,0.6415,0.2732,0.0010
5009,06078.wav,6077,2711804567,5.274,0.6354,0.6062,0.6647,0.6494,0.6062,PAT,0.5510,-0.5551,-0.0201
5010,06840.wav,6839,3057142377,5.400,0.6354,0.5904,0.6805,0.4205,0.4205,TAO,0.4540,0.8080,0.0524
5011,07929.wav,7928,3574759149,4.482,0.6354,0.5652,0.7056,0.7345,0.5652,TAO,0.6540,-0.5894,-0.0364
5012,09225.wav,9224,4151950353,5.250,0.6354,0.5880,0.6828,0.3802,0.3802,TAO,0.3519,0.5335,0.0426
5013,00812.wav,811,357181514,10.103,0.6354,0.6112,0.6596,0.5243,0.5243,TAO,0.6254,-0.5513,-0.0076
5014,06966.wav,6965,3114010252,4.259,0.6354,0.5590,0.7118,0.5290,0.5290,TAO,0.4909,-1.2599,-0.0418
5015,02880.wav,2879,1273813034,5.110,0.6354,0.5923,0.6784,0.7060,0.5923,TAO,0.7256,-0.0989,-0.0028
5016,04220.wav,4219,1867468561,3.407,0.6354,0.5929,0.6779,0.5096,0.5096,TAO,0.3725,0.4180,0.0263
5017,04945.wav,4944,2192525520,6.259,0.6353,0.6071,0.6636,0.4615,0.4615,LENT,0.3393,0.0388,0.0154
5018,07347.wav,7346,3298839113,6.678,0.6353,0.5876,0.6831,0.5843,0.5843,TAO,0.5457,-0.5232,-0.0213
5019,00875.wav,874,383100233,3.635,0.6353,0.5734,0.6973,0.7414,0.5734,TAO,0.5834,-0.2394,-0.0122
5020,00209.wav,208,93698162,3.498,0.6353,0.5868,0.6838,0.3999,0.3999,PAT,0.2830,0.7997,0.0453
5021,03332.wav,3331,1464904317,3.981,0.6352,0.5766,0.6939,0.7107,0.5766,TAO,0.5662,-0.5904,-0.0313
5022,00264.wav,263,117639442,4.965,0.6352,0.5943,0.6761,0.4037,0.4037,TAO,0.2244,0.2478,0.0279
5023,02171.wav,2170,964925765,7.420,0.6352,0.5772,0.6932,0.7430,0.5772,TAO,0.6142,-0.6351,-0.0286
5024,06041.wav,6040,2693719122,5.615,0.6352,0.5480,0.7223,0.4837,0.4837,TAO,0.3270,-0.0501,0.0108
5025,07923.wav,7922,3573582695,3.270,0.6352,0.5564,0.7140,0.7463,0.5564,TAO,0.5396,-0.3587,-0.0168
5026,04534.wav,4533,2012645230,8.170,0.6351,0.5950,0.6752,0.3976,0.3976,TAO,0.3298,0.6089,0.0459
5027,02650.wav,2649,1169705547,9.236,0.6351,0.5896,0.6806,0.4074,0.4074,PAT,0.4083,0.6371,0.0402
5028,00418.wav,417,178539335,4.519,0.6351,0.5484,0.7217,0.7253,0.5484,TAO,0.5286,-0.5061,-0.0196
5029,07120.wav,7119,3187565713,6.651,0.6351,0.5805,0.6896,0.4942,0.4942,TAO,0.3970,-0.8276,-0.0247
5030,06945.wav,6944,3105831175,2.576,0.6351,0.5776,0.6925,0.6876,0.5776,TAO,0.6793,-0.2274,-0.0078
5031,05392.wav,5391,2397457161,5.287,0.6350,0.6134,0.6567,0.6931,0.6134,TAO,0.7240,-0.0240,0.0014
5032,08653.wav,8652,3898398224,6.405,0.6350,0.5671,0.7029,0.5093,0.5093,TAO,0.4391,-1.0605,-0.0393
5033,01529.wav,1528,669037973,8.863,0.6350,0.5992,0.6708,0.4964,0.4964,PAT,0.4781,-0.3875,-0.0092
5034,03883.wav,3882,1717382498,4.972,0.6350,0.5972,0.6728,0.5566,0.5566,TAO,0.3976,-0.2504,0.0045
5035,03390.wav,3389,1493488145,8.363,0.6350,0.6145,0.6555,0.5447,0.5447,TAO,0.2984,-0.4566,-0.0046
5036,04394.wav,4393,1947909358,4.673,0.6350,0.6014,0.6685,0.7058,0.6014,TAO,0.5702,-0.0909,-0.0028
5037,08057.wav,8056,3625176836,7.145,0.6349,0.5826,0.6873,0.6602,0.5826,TAO,0.6473,-0.5409,-0.0192
5038,04892.wav,4891,2173279204,8.076,0.6349,0.5981,0.6718,0.6921,0.5981,TAO,0.6400,-0.4932,-0.0200
5039,08078.wav,8077,3631631406,4.056,0.6349,0.5972,0.6727,0.4912,0.4912,TAO,0.2778,-0.1926,0.0065
5040,05223.wav,5222,2321426599,4.759,0.6349,0.6043,0.6655,0.5450,0.5450,TAO,0.5397,-0.1003,-0.0009
5041,08662.wav,8661,3900672808,6.992,0.6349,0.5975,0.6723,0.7575,0.5975,TAO,0.7235,-0.4967,-0.0214
5042,03030.wav,3029,1340593586,2.406,0.6348,0.5865,0.6831,0.6488,0.5865,TAO,0.5648,0.1414,0.0027
5043,03454.wav,3453,1529358085,6.628,0.6348,0.5690,0.7006,0.7298,0.5690,TAO,0.6852,-1.3184,-0.0574
5044,02555.wav,2554,1121897706,2.894,0.6348,0.6030,0.6665,0.4659,0.4659,LENT,0.4119,0.4728,0.0289
5045,02959.wav,2958,1307957200,7.402,0.6347,0.5813,0.6881,0.6754,0.5813,TAO,0.7593,-0.3842,-0.0153
5046,06746.wav,6745,3008629931,4.944,0.6347,0.5966,0.6728,0.5816,0.5816,TAO,0.5966,-0.1952,-0.0031
5047,07168.wav,7167,3210159440,3.506,0.6347,0.5670,0.7024,0.5057,0.5057,TAO,0.3948,-0.5938,-0.0079
5048,07763.wav,7762,3494243597,6.903,0.6346,0.5829,0.6864,0.4737,0.4737,TAO,0.3753,-0.6110,-0.0154
5049,00946.wav,945,419839962,2.806,0.6346,0.5520,0.7172,0.7083,0.5520,TAO,0.6712,-0.7983,-0.0363
5050,01260.wav,1259,561784071,9.030,0.6346,0.6044,0.6647,0.3705,0.3705,TAO,0.2794,0.8221,0.0548
5051,06065.wav,6064,2705647782,4.355,0.6345,0.6008,0.6683,0.5914,0.5914,TAO,0.7051,0.1311,0.0113
5052,06318.wav,6317,2823023246,7.983,0.6345,0.5963,0.6727,0.7211,0.5963,TAO,0.7592,-0.1197,-0.0030
5053,06707.wav,6706,2990245447,2.776,0.6344,0.5698,0.6990,0.6725,0.5698,TAO,0.7364,-0.1778,-0.0028
5054,02088.wav,2087,927536152,4.601,0.6344,0.5965,0.6724,0.4446,0.4446,TAO,0.4843,1.1719,0.0565
5055,07399.wav,7398,3321374098,3.455,0.6344,0.5937,0.6751,0.5172,0.5172,LENT,0.3772,0.1035,0.0192
5056,03514.wav,3513,1556604359,6.996,0.6344,0.5965,0.6723,0.6939,0.5965,TAO,0.6795,-0.4512,-0.0209
5057,00472.wav,471,202378309,2.481,0.6343,0.6003,0.6684,0.6516,0.6003,LENT,0.5050,-0.8173,-0.0268
5058,05358.wav,5357,2378169449,5.455,0.6343,0.6057,0.6630,0.5310,0.5310,LENT,0.3984,-0.6289,-0.0185
5059,08364.wav,8363,3753025859,3.901,0.6343,0.5860,0.6826,0.4942,0.4942,LENT,0.2787,-0.1556,0.0078
5060,06815.wav,6814,3041618183,3.537,0.6343,0.5820,0.6866,0.6244,0.5820,TAO,0.4465,-0.3883,-0.0118
5061,06286.wav,6285,2807503467,2.199,0.6343,0.5829,0.6857,0.6463,0.5829,TAO,0.4340,-0.4297,-0.0068
5062,00537.wav,536,228338698,11.244,0.6343,0.6034,0.6651,0.6473,0.6034,TAO,0.6847,-0.2024,-0.0002
5063,04403.wav,4402,1950769648,7.770,0.6343,0.5548,0.7137,0.5249,0.5249,TAO,0.3687,-1.4238,-0.0550
5064,04104.wav,4103,1816098373,8.633,0.6342,0.5572,0.7113,0.5387,0.5387,TAO,0.4155,-1.3095,-0.0414
5065,00873.wav,872,382457285,6.578,0.6342,0.5936,0.6749,0.5263,0.5263,LENT,0.3715,-0.2063,0.0033
5066,07114.wav,7113,3185746311,7.356,0.6342,0.5997,0.6687,0.4020,0.4020,TAO,0.3422,0.3006,0.0367
5067,01580.wav,1579,691975461,2.511,0.6342,0.5959,0.6724,0.5335,0.5335,TAO,0.3928,0.4463,0.0286
5068,08699.wav,8698,3912259117,3.150,0.6342,0.5874,0.6809,0.6174,0.5874,TAO,0.6456,-0.2669,-0.0058
5069,08625.wav,8624,3881937479,7.032,0.6341,0.5811,0.6871,0.6248,0.5811,TAO,0.5138,-0.0708,0.0040
5070,02973.wav,2972,1315195311,2.688,0.6341,0.5864,0.6818,0.5549,0.5549,LENT,0.3856,-0.5026,-0.0149
5071,05754.wav,5753,2560800966,4.068,0.6341,0.5842,0.6839,0.6981,0.5842,TAO,0.7605,0.0045,0.0010
5072,07829.wav,7828,3524850344,5.061,0.6340,0.5839,0.6842,0.6777,0.5839,TAO,0.7281,-0.2102,-0.0050
5073,03824.wav,3823,1692998033,4.764,0.6340,0.5679,0.7001,0.7074,0.5679,TAO,0.5259,-1.3439,-0.0636
5074,01316.wav,1315,583946156,7.791,0.6340,0.6076,0.6604,0.5768,0.5768,TAO,0.4151,0.4382,0.0224
5075,03734.wav,3733,1647839699,3.594,0.6340,0.6018,0.6662,0.5581,0.5581,LENT,0.3535,0.1260,0.0148
5076,07148.wav,7147,3199426590,3.788,0.6340,0.5747,0.6932,0.7064,0.5747,TAO,0.8013,-0.1990,-0.0104
5077,07602.wav,7601,3421776809,6.782,0.6340,0.5894,0.6785,0.6271,0.5894,TAO,0.5809,0.0120,0.0006
5078,04218.wav,4217,1867395369,3.801,0.6339,0.6266,0.6413,0.4213,0.4213,TAO,0.3213,0.7024,0.0503
5079,02569.wav,2568,1127051457,3.416,0.6339,0.5820,0.6859,0.7419,0.5820,TAO,0.5904,-0.2226,-0.0057
5080,00531.wav,530,227879911,7.763,0.6339,0.5864,0.6815,0.5054,0.5054,TAO,0.4742,-0.4897,-0.0049
5081,00872.wav,871,382402564,3.137,0.6339,0.5921,0.6758,0.6168,0.5921,LENT,0.3646,-0.3302,-0.0096
5082,04538.wav,4537,2013363918,4.023,0.6339,0.5927,0.6751,0.6092,0.5927,TAO,0.5275,-0.3695,-0.0120
5083,05799.wav,5798,2579870057,6.646,0.6339,0.6008,0.6669,0.4179,0.4179,TAO,0.2388,0.3506,0.0342
5084,05960.wav,5959,2657099477,2.995,0.6338,0.5622,0.7054,0.6391,0.5622,TAO,0.6655,-0.2784,-0.0233
5085,04471.wav,4470,1978698766,9.088,0.6338,0.5799,0.6877,0.7187,0.5799,TAO,0.6743,-0.6122,-0.0271
5086,03794.wav,3793,1677927023,2.626,0.6337,0.5656,0.7019,0.6982,0.5656,TAO,0.6758,-0.7302,-0.0381
5087,01208.wav,1207,535016582,11.244,0.6337,0.6031,0.6642,0.6458,0.6031,TAO,0.6837,-0.2004,-0.0000
5088,07955.wav,7954,3584436007,5.910,0.6336,0.5577,0.7096,0.7031,0.5577,TAO,0.5529,-0.0066,0.0044
5089,03370.wav,3369,1482529475,11.234,0.6336,0.6030,0.6643,0.6458,0.6030,TAO,0.6833,-0.2050,-0.0002
5090,05080.wav,5079,2261783694,6.532,0.6336,0.5697,0.6976,0.6874,0.5697,TAO,0.5642,-0.3706,-0.0160
5091,05584.wav,5583,2482788881,4.198,0.6336,0.5743,0.6929,0.7728,0.5743,TAO,0.6371,-0.3670,-0.0241
5092,03568.wav,3567,1580614443,5.968,0.6336,0.5554,0.7118,0.7652,0.5554,TAO,0.6367,-1.0962,-0.0499
5093,01488.wav,1487,656673487,8.380,0.6336,0.5983,0.6689,0.6829,0.5983,TAO,0.6843,0.4156,0.0186
5094,05768.wav,5767,2570658922,7.149,0.6336,0.5825,0.6846,0.3909,0.3909,TAO,0.3299,0.0589,0.0180
5095,04625.wav,4624,2049918465,8.016,0.6335,0.5682,0.6988,0.7279,0.5682,TAO,0.7710,-0.2631,-0.0084
5096,07946.wav,7945,3578492522,2.852,0.6335,0.5588,0.7081,0.4724,0.4724,ANCIENT,0.3825,0.4470,0.0265
5097,01889.wav,1888,843151461,7.243,0.6335,0.6233,0.6437,0.5108,0.5108,TAO,0.4209,-0.0177,0.0144
5098,00299.wav,298,130101608,8.012,0.6335,0.5643,0.7026,0.7507,0.5643,TAO,0.7150,-0.6030,-0.0295
5099,08539.wav,8538,3838844335,2.599,0.6335,0.5681,0.6988,0.7080,0.5681,TAO,0.6705,-0.9956,-0.0429
5100,09467.wav,9466,4250203026,6.824,0.6334,0.6217,0.6452,0.4422,0.4422,TAO,0.3094,0.5092,0.0428
5101,03271.wav,3270,1434068038,2.076,0.6334,0.5919,0.6750,0.6371,0.5919,TAO,0.5578,-0.5118,-0.0140
5102,01337.wav,1336,591401719,2.083,0.6333,0.5541,0.7126,0.6752,0.5541,TAO,0.6990,-0.9294,-0.0435
5103,00260.wav,259,117216399,2.571,0.6333,0.5759,0.6907,0.7160,0.5759,TAO,0.6663,0.5408,0.0212
5104,00490.wav,489,209427644,4.561,0.6333,0.5578,0.7088,0.7080,0.5578,TAO,0.7229,-0.4129,-0.0167
5105,07627.wav,7626,3429660389,5.997,0.6333,0.5709,0.6957,0.6705,0.5709,TAO,0.6345,-0.5782,-0.0250
5106,09296.wav,9295,4181436824,0.700,0.6333,0.5816,0.6850,0.4731,0.4731,TAO,0.5499,-0.2786,0.0016
5107,00451.wav,450,195055822,3.780,0.6332,0.5964,0.6701,0.6068,0.5964,TAO,0.5114,-0.0051,0.0096
5108,05300.wav,5299,2360611532,8.005,0.6332,0.5909,0.6755,0.4202,0.4202,TAO,0.2632,-0.0705,0.0150
5109,01576.wav,1575,690531528,7.079,0.6332,0.5700,0.6964,0.5589,0.5589,TAO,0.3960,-0.9276,-0.0210
5110,02059.wav,2058,916805823,7.920,0.6332,0.5870,0.6794,0.7143,0.5870,TAO,0.7654,-0.4893,-0.0215
5111,04652.wav,4651,2063219502,3.247,0.6332,0.5877,0.6787,0.5312,0.5312,LENT,0.3801,-0.1659,0.0070
5112,02017.wav,2016,898083556,5.520,0.6331,0.6167,0.6496,0.5013,0.5013,TAO,0.4402,-0.1527,0.0040
5113,07014.wav,7013,3137246927,5.932,0.6331,0.5893,0.6769,0.6552,0.5893,TAO,0.7226,0.1270,0.0075
5114,03584.wav,3583,1584494602,4.890,0.6331,0.5830,0.6832,0.4354,0.4354,TAO,0.2563,-0.2628,0.0090
5115,09244.wav,9243,4158999888,6.377,0.6331,0.5636,0.7026,0.5006,0.5006,ANCIENT,0.4872,-0.9814,-0.0308
5116,00189.wav,188,78325827,2.458,0.6330,0.5616,0.7045,0.6426,0.5616,LENT,0.4632,-0.9275,-0.0357
5117,03335.wav,3334,1467753587,1.787,0.6330,0.6450,0.6210,0.4948,0.4948,TAO,0.3311,0.1001,0.0100
5118,09299.wav,9298,4183057546,5.051,0.6330,0.5370,0.7290,0.4653,0.4653,TAO,0.2996,0.1050,0.0122
5119,03626.wav,3625,1601011089,6.176,0.6330,0.5858,0.6801,0.4641,0.4641,ANCIENT,0.3563,0.6458,0.0371
5120,07995.wav,7994,3599200875,4.393,0.6329,0.5870,0.6789,0.6652,0.5870,TAO,0.5224,-0.5316,-0.0196
5121,00177.wav,176,74616009,5.649,0.6329,0.5938,0.6721,0.7089,0.5938,TAO,0.5950,-0.5610,-0.0218
5122,07191.wav,7190,3220020459,2.450,0.6329,0.6207,0.6452,0.6605,0.6207,TAO,0.4598,-0.5076,-0.0210
5123,00110.wav,109,46925031,7.324,0.6329,0.5600,0.7057,0.4367,0.4367,LENT,0.2543,-0.3172,0.0007
5124,09428.wav,9427,4233848181,4.829,0.6328,0.5957,0.6700,0.5740,0.5740,TAO,0.4661,-0.2219,-0.0075
5125,00343.wav,342,147952586,8.422,0.6328,0.5796,0.6861,0.6819,0.5796,TAO,0.5347,-0.4951,-0.0253
5126,05019.wav,5018,2225644555,2.919,0.6328,0.6006,0.6650,0.6418,0.6006,TAO,0.7512,-0.2588,-0.0048
5127,09262.wav,9261,4166260518,5.170,0.6328,0.5734,0.6921,0.7204,0.5734,TAO,0.6598,-0.7263,-0.0328
5128,00318.wav,317,140821396,2.283,0.6328,0.5866,0.6789,0.6968,0.5866,TAO,0.6655,0.1469,0.0126
5129,02606.wav,2605,1143622665,4.457,0.6327,0.5984,0.6671,0.5414,0.5414,TAO,0.5472,-0.9246,-0.0287
5130,04622.wav,4621,2048056942,6.703,0.6327,0.6130,0.6524,0.4329,0.4329,TAO,0.3326,0.4493,0.0447
5131,01506.wav,1505,662204108,3.069,0.6327,0.5876,0.6779,0.6820,0.5876,TAO,0.5253,-0.2761,-0.0026
5132,07071.wav,7070,3162351599,5.836,0.6327,0.6109,0.6545,0.4923,0.4923,TAO,0.3688,0.0834,0.0202
5133,03942.wav,3941,1743253477,3.941,0.6327,0.5890,0.6764,0.4568,0.4568,TAO,0.3921,-0.2086,0.0039
5134,02382.wav,2381,1052216226,4.566,0.6327,0.5973,0.6680,0.5679,0.5679,TAO,0.5933,0.6755,0.0306
5135,09105.wav,9104,4099344497,8.300,0.6327,0.5888,0.6766,0.5875,0.5875,TAO,0.6899,0.0863,0.0114
5136,06575.wav,6574,2936236841,1.773,0.6327,0.5593,0.7060,0.7570,0.5593,TAO,0.5403,-0.1282,-0.0122
5137,00424.wav,423,181135981,3.707,0.6327,0.5960,0.6693,0.4905,0.4905,TAO,0.3336,0.0562,0.0115
5138,05022.wav,5021,2227568351,7.355,0.6326,0.5937,0.6715,0.4942,0.4942,LENT,0.3699,-0.3519,0.0039
5139,02873.wav,2872,1267836590,6.015,0.6326,0.5687,0.6965,0.4725,0.4725,TAO,0.4443,-0.5169,-0.0143
5140,06983.wav,6982,3120196934,3.799,0.6326,0.5835,0.6817,0.5624,0.5624,TAO,0.4346,-0.7298,-0.0173
5141,06115.wav,6114,2731408464,6.162,0.6326,0.5832,0.6819,0.4917,0.4917,TAO,0.3534,-0.5220,-0.0184
5142,01851.wav,1850,828965453,2.111,0.6325,0.5798,0.6853,0.5388,0.5388,TAO,0.5913,0.2269,0.0111
5143,06881.wav,6880,3071800866,5.567,0.6325,0.5977,0.6673,0.5415,0.5415,TAO,0.5539,-0.4688,-0.0117
5144,04159.wav,4158,1840223814,4.953,0.6325,0.6010,0.6640,0.5500,0.5500,TAO,0.4668,-0.1136,-0.0035
5145,02351.wav,2350,1040404298,6.088,0.6325,0.5702,0.6948,0.5487,0.5487,TAO,0.4183,-0.8334,-0.0300
5146,08891.wav,8890,4003895944,3.423,0.6324,0.5980,0.6669,0.6239,0.5980,TAO,0.4788,-0.1308,-0.0044
5147,03944.wav,3943,1743534184,4.881,0.6324,0.5980,0.6668,0.6759,0.5980,TAO,0.7829,0.1339,0.0176
5148,01737.wav,1736,780239533,1.946,0.6324,0.5761,0.6888,0.7108,0.5761,TAO,0.5495,0.0356,0.0007
5149,09066.wav,9065,4079834410,4.557,0.6323,0.6062,0.6584,0.6147,0.6062,TAO,0.6458,-0.3992,-0.0157
5150,00116.wav,115,48826730,4.960,0.6323,0.5890,0.6756,0.6744,0.5890,TAO,0.7272,-0.6126,-0.0218
5151,03169.wav,3168,1390669075,8.044,0.6323,0.5778,0.6868,0.6639,0.5778,TAO,0.7112,-0.5651,-0.0197
5152,00426.wav,425,181966291,6.749,0.6323,0.5558,0.7087,0.4477,0.4477,PAT,0.3287,-0.5560,-0.0112
5153,01812.wav,1811,811661863,3.425,0.6322,0.5678,0.6967,0.4933,0.4933,TAO,0.3365,-0.0364,0.0132
5154,03060.wav,3059,1348186084,6.463,0.6322,0.5865,0.6780,0.7268,0.5865,TAO,0.7110,-0.1150,-0.0067
5155,02702.wav,2701,1193537385,6.244,0.6322,0.5679,0.6966,0.3957,0.3957,TAO,0.2481,-0.1025,0.0096
5156,02641.wav,2640,1162280754,4.874,0.6322,0.6099,0.6545,0.4488,0.4488,TAO,0.2943,0.6536,0.0499
5157,06979.wav,6978,3117737236,5.616,0.6322,0.6054,0.6589,0.4244,0.4244,TAO,0.3835,0.6945,0.0422
5158,08417.wav,8416,3778937642,3.745,0.6321,0.5835,0.6806,0.5500,0.5500,TAO,0.3490,0.3219,0.0247
5159,06900.wav,6899,3083163602,3.632,0.6320,0.5882,0.6759,0.4126,0.4126,TAO,0.3049,0.8809,0.0533
5160,04038.wav,4037,1786158277,5.239,0.6320,0.5783,0.6857,0.5144,0.5144,TAO,0.4535,-0.3625,0.0040
5161,01993.wav,1992,888426959,2.658,0.6320,0.6008,0.6632,0.6261,0.6008,TAO,0.5325,-0.0055,0.0085
5162,06808.wav,6807,3039586023,5.139,0.6320,0.5791,0.6849,0.7045,0.5791,TAO,0.7467,0.0811,-0.0001
5163,04988.wav,4987,2212369678,2.561,0.6320,0.5769,0.6871,0.6958,0.5769,TAO,0.6850,-0.6595,-0.0323
5164,04085.wav,4084,1808466737,9.268,0.6320,0.5683,0.6957,0.7426,0.5683,TAO,0.6349,-1.1604,-0.0518
5165,02319.wav,2318,1023347015,3.575,0.6320,0.5836,0.6803,0.5420,0.5420,LENT,0.2868,-0.9490,-0.0234
5166,01254.wav,1253,558663238,10.771,0.6319,0.5702,0.6937,0.4806,0.4806,TAO,0.3943,-0.8010,-0.0172
5167,00862.wav,861,379836898,4.910,0.6319,0.5935,0.6703,0.5181,0.5181,TAO,0.4528,-0.7131,-0.0256
5168,08836.wav,8835,3975389140,3.925,0.6319,0.6053,0.6585,0.4448,0.4448,PAT,0.2920,0.8271,0.0491
5169,02477.wav,2476,1094302087,6.708,0.6319,0.5615,0.7023,0.4386,0.4386,TAO,0.3853,-0.5375,-0.0146
5170,04796.wav,4795,2132377137,2.521,0.6319,0.5769,0.6869,0.6679,0.5769,TAO,0.7071,-0.2389,-0.0126
5171,02139.wav,2138,950388749,2.995,0.6319,0.6446,0.6192,0.4332,0.4332,TAO,0.4219,1.0687,0.0661
5172,06375.wav,6374,2850041967,1.837,0.6319,0.5958,0.6679,0.3891,0.3891,TAO,0.3614,0.3304,0.0267
5173,08718.wav,8717,3923810582,3.896,0.6318,0.5649,0.6988,0.7366,0.5649,TAO,0.6947,-0.9957,-0.0475
5174,05737.wav,5736,2554190220,4.727,0.6318,0.5708,0.6927,0.5688,0.5688,TAO,0.4018,-0.9789,-0.0374
5175,02620.wav,2619,1148734757,6.419,0.6318,0.5748,0.6887,0.4955,0.4955,TAO,0.2918,-0.6240,-0.0066
5176,02907.wav,2906,1290849965,6.763,0.6317,0.6199,0.6435,0.3791,0.3791,PAT,0.3317,0.7052,0.0477
5177,08476.wav,8475,3809448009,4.397,0.6317,0.5959,0.6675,0.6465,0.5959,TAO,0.7224,-0.3431,-0.0107
5178,03205.wav,3204,1406672054,3.014,0.6317,0.5525,0.7109,0.4850,0.4850,TAO,0.3142,-0.5575,-0.0144
5179,05499.wav,5498,2447036619,5.188,0.6317,0.5917,0.6716,0.5410,0.5410,TAO,0.5422,0.0117,0.0105
5180,01709.wav,1708,761062536,4.834,0.6317,0.5847,0.6786,0.7144,0.5847,TAO,0.7234,0.0036,-0.0009
5181,00172.wav,171,73411979,5.448,0.6316,0.5796,0.6837,0.7031,0.5796,TAO,0.6660,-0.2195,-0.0116
5182,09191.wav,9190,4134503441,9.287,0.6316,0.6119,0.6513,0.5238,0.5238,TAO,0.5994,-0.8967,-0.0244
5183,03357.wav,3356,1477136842,8.967,0.6316,0.5788,0.6844,0.7292,0.5788,TAO,0.6084,-0.6010,-0.0254
5184,05094.wav,5093,2265605738,5.736,0.6316,0.5771,0.6860,0.7238,0.5771,TAO,0.7546,-0.3739,-0.0202
5185,03804.wav,3803,1682100785,6.337,0.6316,0.5649,0.6982,0.5035,0.5035,ANCIENT,0.3523,-0.0259,0.0109
5186,01462.wav,1461,647004455,6.584,0.6316,0.5724,0.6907,0.5806,0.5724,LENT,0.5637,-0.2136,-0.0089
5187,08048.wav,8047,3624195084,4.465,0.6315,0.5826,0.6805,0.6935,0.5826,TAO,0.7418,-0.1461,-0.0038
5188,01378.wav,1377,608462601,10.345,0.6315,0.5777,0.6853,0.6547,0.5777,TAO,0.7258,-0.5657,-0.0173
5189,05045.wav,5044,2240169198,4.022,0.6314,0.6355,0.6274,0.4179,0.4179,TAO,0.3098,0.4840,0.0446
5190,06279.wav,6278,2805287146,2.900,0.6314,0.5622,0.7006,0.7504,0.5622,TAO,0.6098,-0.6256,-0.0241
5191,07884.wav,7883,3552152360,4.301,0.6314,0.5800,0.6827,0.5589,0.5589,TAO,0.4086,-0.2637,-0.0038
5192,01270.wav,1269,565958591,7.644,0.6313,0.5992,0.6635,0.4507,0.4507,TAO,0.3887,0.2364,0.0336
5193,07221.wav,7220,3235349399,5.122,0.6312,0.5651,0.6972,0.4712,0.4712,TAO,0.3620,-0.9054,-0.0244
5194,05747.wav,5746,2558071137,5.210,0.6312,0.5989,0.6634,0.6289,0.5989,TAO,0.5008,-0.0867,0.0012
5195,06814.wav,6813,3041433001,10.955,0.6311,0.5904,0.6719,0.4552,0.4552,TAO,0.2526,-0.3631,0.0028
5196,04818.wav,4817,2141214441,2.966,0.6311,0.5750,0.6873,0.7260,0.5750,TAO,0.6800,0.2763,0.0065
5197,02299.wav,2298,1019282695,6.152,0.6311,0.5842,0.6780,0.5696,0.5696,TAO,0.5564,-0.0195,0.0028
5198,05006.wav,5005,2221771652,4.211,0.6311,0.6211,0.6411,0.4162,0.4162,TAO,0.3640,0.6003,0.0439
5199,04294.wav,4293,1902145168,6.481,0.6311,0.6062,0.6559,0.6414,0.6062,TAO,0.7015,0.0204,0.0081
5200,02849.wav,2848,1254983846,8.863,0.6310,0.5626,0.6994,0.6972,0.5626,TAO,0.7347,-0.6914,-0.0352
5201,01777.wav,1776,794160230,5.929,0.6310,0.6176,0.6444,0.6066,0.6066,TAO,0.6835,-0.3107,-0.0032
5202,04958.wav,4957,2197494089,7.595,0.6310,0.5712,0.6908,0.7200,0.5712,TAO,0.6344,-0.4432,-0.0245
5203,09048.wav,9047,4068654335,6.055,0.6310,0.5761,0.6859,0.4799,0.4799,TAO,0.3817,-1.1879,-0.0380
5204,06107.wav,6106,2725546503,7.710,0.6309,0.5804,0.6814,0.6877,0.5804,TAO,0.7774,-0.4270,-0.0138
5205,04152.wav,4151,1836528948,5.551,0.6309,0.6182,0.6436,0.5384,0.5384,TAO,0.3891,0.4574,0.0277
5206,04068.wav,4067,1801842929,6.684,0.6308,0.6034,0.6582,0.4301,0.4301,TAO,0.2515,-0.7638,-0.0111
5207,04553.wav,4552,2019844203,8.220,0.6308,0.5929,0.6688,0.5182,0.5182,TAO,0.4282,-1.1141,-0.0370
5208,03638.wav,3637,1605870216,6.148,0.6308,0.5824,0.6792,0.4329,0.4329,TAO,0.3773,-0.3471,0.0081
5209,02770.wav,2769,1224027754,4.914,0.6308,0.6197,0.6419,0.6904,0.6197,TAO,0.7047,-0.1888,-0.0035
5210,02091.wav,2090,931899938,9.323,0.6307,0.5492,0.7122,0.4603,0.4603,TAO,0.2470,-0.6263,-0.0144
5211,02339.wav,2338,1039124174,6.303,0.6307,0.5758,0.6856,0.4384,0.4384,TAO,0.3310,-0.9968,-0.0237
5212,09371.wav,9370,4209745259,8.390,0.6307,0.6292,0.6322,0.3936,0.3936,PAT,0.2823,0.6663,0.0488
5213,09493.wav,9492,4262385551,2.062,0.6307,0.5665,0.6948,0.6306,0.5665,TAO,0.5534,0.1460,0.0032
5214,08752.wav,8751,3937758340,5.374,0.6306,0.6023,0.6590,0.5396,0.5396,TAO,0.4749,-0.3119,-0.0102
5215,01183.wav,1182,526208492,8.085,0.6306,0.5990,0.6623,0.5512,0.5512,TAO,0.5655,-0.5262,-0.0115
5216,06766.wav,6765,3016231949,5.496,0.6306,0.5969,0.6644,0.6977,0.5969,LENT,0.7587,-0.4743,-0.0140
5217,04410.wav,4409,1955105810,6.811,0.6306,0.5864,0.6747,0.4956,0.4956,TAO,0.3521,-0.7402,-0.0158
5218,06538.wav,6537,2915577294,2.735,0.6306,0.6259,0.6352,0.4824,0.4824,TAO,0.4068,0.8810,0.0536
5219,02656.wav,2655,1171457166,4.263,0.6305,0.5758,0.6853,0.4269,0.4269,TAO,0.3417,1.1678,0.0598
5220,05367.wav,5366,2384255667,5.660,0.6305,0.5923,0.6687,0.5112,0.5112,LENT,0.3151,-0.4239,-0.0025
5221,04730.wav,4729,2099477925,6.733,0.6305,0.5931,0.6679,0.5557,0.5557,TAO,0.5945,-0.2677,-0.0060
5222,04034.wav,4033,1785045901,4.145,0.6305,0.5898,0.6711,0.6063,0.5898,TAO,0.6895,0.1236,0.0155
5223,00880.wav,879,384647764,1.791,0.6305,0.5462,0.7148,0.7512,0.5462,TAO,0.5823,-0.9096,-0.0427
5224,07085.wav,7084,3168832905,2.777,0.6305,0.5532,0.7077,0.6562,0.5532,TAO,0.6195,-0.7278,-0.0394
5225,05390.wav,5389,2397054116,5.994,0.6304,0.6136,0.6473,0.5769,0.5769,TAO,0.5838,-0.1187,0.0072
5226,08285.wav,8284,3718977842,6.709,0.6304,0.5571,0.7037,0.5250,0.5250,TAO,0.3824,-0.8362,-0.0292
5227,03068.wav,3067,1352858529,3.665,0.6304,0.5769,0.6839,0.7733,0.5769,TAO,0.5636,-0.0646,0.0003
5228,09442.wav,9441,4239802917,2.332,0.6304,0.5852,0.6756,0.6261,0.5852,TAO,0.6526,0.6058,0.0300
5229,01773.wav,1772,790115150,7.168,0.6303,0.5998,0.6609,0.4684,0.4684,LENT,0.3597,-0.0915,0.0102
5230,02516.wav,2515,1108276990,5.889,0.6303,0.5402,0.7205,0.4605,0.4605,TAO,0.3168,-0.6308,-0.0145
5231,05776.wav,5775,2571466033,3.811,0.6303,0.6159,0.6448,0.5285,0.5285,LENT,0.3359,-0.2999,-0.0020
5232,06718.wav,6717,2995569835,2.566,0.6303,0.5819,0.6787,0.5491,0.5491,LENT,0.4128,0.1269,0.0130
5233,03559.wav,3558,1577547573,4.048,0.6303,0.5704,0.6901,0.4764,0.4764,TAO,0.3593,0.4347,0.0350
5234,05695.wav,5694,2531878055,7.457,0.6303,0.6293,0.6313,0.4155,0.4155,TAO,0.2585,0.7562,0.0538
5235,03364.wav,3363,1478408655,4.161,0.6302,0.6031,0.6573,0.4051,0.4051,TAO,0.2248,0.0705,0.0187
5236,09159.wav,9158,4117735010,5.254,0.6302,0.5784,0.6819,0.7048,0.5784,TAO,0.6264,-0.1887,-0.0141
5237,04921.wav,4920,2186935401,7.180,0.6302,0.5614,0.6990,0.5049,0.5049,TAO,0.3944,-0.7691,-0.0224
5238,02307.wav,2306,1022314084,4.505,0.6301,0.5667,0.6936,0.4800,0.4800,TAO,0.3706,-0.7091,-0.0152
5239,02138.wav,2137,949712112,0.971,0.6301,0.5825,0.6777,0.6262,0.5825,TAO,0.5862,-0.3009,-0.0065
5240,06774.wav,6773,3019481680,4.490,0.6300,0.5545,0.7056,0.4831,0.4831,TAO,0.3135,-0.4706,-0.0102
5241,01215.wav,1214,538263436,2.701,0.6300,0.5809,0.6792,0.7518,0.5809,TAO,0.6445,-0.1503,-0.0093
5242,06388.wav,6387,2854333098,8.771,0.6300,0.5922,0.6677,0.6369,0.5922,TAO,0.5197,-0.3779,-0.0128
5243,00696.wav,695,300956587,5.655,0.6300,0.5700,0.6899,0.5063,0.5063,TAO,0.4987,-1.0117,-0.0335
5244,06632.wav,6631,2959884518,5.926,0.6299,0.5845,0.6754,0.4250,0.4250,ANCIENT,0.3274,0.4571,0.0365
5245,02420.wav,2419,1068512808,5.947,0.6299,0.5672,0.6926,0.7361,0.5672,TAO,0.6318,-0.7292,-0.0363
5246,01187.wav,1186,528146553,4.304,0.6298,0.5630,0.6966,0.5006,0.5006,LENT,0.3002,-0.5701,-0.0110
5247,03697.wav,3696,1630399723,4.632,0.6298,0.5663,0.6932,0.7007,0.5663,TAO,0.6469,-0.4609,-0.0214
5248,03476.wav,3475,1539439009,7.760,0.6298,0.5958,0.6637,0.6175,0.5958,TAO,0.7375,-0.0227,0.0055
5249,04585.wav,4584,2034725449,5.687,0.6297,0.6331,0.6264,0.3461,0.3461,TAO,0.3326,1.1331,0.0627
5250,03244.wav,3243,1423011858,5.948,0.6297,0.5732,0.6863,0.4115,0.4115,TAO,0.3063,0.5505,0.0407
5251,07823.wav,7822,3520217037,4.894,0.6297,0.6130,0.6464,0.4124,0.4124,LENT,0.3154,0.4324,0.0340
5252,08507.wav,8506,3824158156,2.371,0.6297,0.5710,0.6883,0.6999,0.5710,TAO,0.6040,-0.3639,-0.0175
5253,07519.wav,7518,3383877230,4.244,0.6297,0.5560,0.7033,0.6753,0.5560,TAO,0.4771,-1.3520,-0.0607
5254,03945.wav,3944,1744529329,2.286,0.6297,0.5653,0.6940,0.7061,0.5653,TAO,0.6013,-0.2535,-0.0146
5255,09216.wav,9215,4146419039,3.600,0.6297,0.5818,0.6775,0.7070,0.5818,TAO,0.6694,0.2342,0.0079
5256,06141.wav,6140,2741546961,5.906,0.6296,0.5682,0.6910,0.3998,0.3998,TAO,0.2952,0.9490,0.0597
5257,06001.wav,6000,2673322476,4.524,0.6295,0.5434,0.7157,0.7507,0.5434,TAO,0.6436,-0.8317,-0.0412
5258,03869.wav,3868,1711195816,2.700,0.6295,0.5675,0.6915,0.6584,0.5675,TAO,0.4561,-1.1081,-0.0410
5259,01312.wav,1311,583412650,8.225,0.6295,0.5683,0.6907,0.7084,0.5683,TAO,0.6702,-0.9423,-0.0463
5260,07394.wav,7393,3317908204,6.621,0.6295,0.5873,0.6716,0.4556,0.4556,TAO,0.3217,0.5916,0.0397
5261,05758.wav,5757,2561670755,4.583,0.6295,0.6092,0.6497,0.5149,0.5149,TAO,0.4119,-0.4034,-0.0027
5262,02904.wav,2903,1286549826,7.251,0.6294,0.5677,0.6912,0.4465,0.4465,TAO,0.2673,-0.5906,-0.0070
5263,05160.wav,5159,2296894571,4.935,0.6294,0.5760,0.6827,0.4676,0.4676,ANCIENT,0.3912,0.5025,0.0422
5264,03380.wav,3379,1487067623,2.483,0.6293,0.5526,0.7061,0.6625,0.5526,TAO,0.6558,0.0922,0.0019
5265,02485.wav,2484,1095574921,7.472,0.6293,0.5862,0.6724,0.6290,0.5862,TAO,0.5122,-0.5955,-0.0208
5266,08741.wav,8740,3933179754,5.507,0.6293,0.5899,0.6686,0.4107,0.4107,TAO,0.2648,0.7844,0.0510
5267,02926.wav,2925,1297258041,6.124,0.6293,0.6026,0.6560,0.6347,0.6026,TAO,0.4631,0.1583,0.0126
5268,04283.wav,4282,1896969185,7.949,0.6293,0.5672,0.6914,0.5152,0.5152,TAO,0.3892,-0.3176,0.0047
5269,04409.wav,4408,1954879990,6.572,0.6293,0.5933,0.6652,0.6228,0.5933,TAO,0.6766,-0.2667,-0.0049
5270,06034.wav,6033,2688892413,5.946,0.6293,0.5873,0.6713,0.6987,0.5873,TAO,0.7611,-0.4343,-0.0151
5271,01915.wav,1914,858613998,6.711,0.6292,0.5990,0.6594,0.5325,0.5325,TAO,0.4709,-0.2993,-0.0011
5272,03043.wav,3042,1345911500,8.699,0.6292,0.5544,0.7039,0.6874,0.5544,TAO,0.6834,-0.6867,-0.0302
5273,00942.wav,941,416601451,4.342,0.6291,0.5600,0.6983,0.7453,0.5600,TAO,0.6187,-0.6506,-0.0358
5274,06293.wav,6292,2811439105,5.871,0.6291,0.5881,0.6702,0.5408,0.5408,TAO,0.4063,-0.4752,-0.0074
5275,09164.wav,9163,4121852678,0.814,0.6291,0.5507,0.7075,0.5815,0.5507,LENT,0.6047,-0.3851,-0.0160
5276,00011.wav,10,3802897,2.173,0.6291,0.5517,0.7065,0.7601,0.5517,TAO,0.5823,-0.5909,-0.0343
5277,00466.wav,465,198392044,6.731,0.6291,0.5807,0.6774,0.6636,0.5807,TAO,0.7437,0.1992,0.0073
5278,07213.wav,7212,3230000919,3.624,0.6291,0.5661,0.6920,0.5024,0.5024,LENT,0.3776,0.2936,0.0189
5279,06759.wav,6758,3014774954,8.564,0.6290,0.5528,0.7052,0.7236,0.5528,TAO,0.6240,-1.2841,-0.0604
5280,07848.wav,7847,3537812956,7.156,0.6289,0.5686,0.6893,0.4153,0.4153,TAO,0.2898,-0.6304,-0.0121
5281,04846.wav,4845,2150785585,3.759,0.6289,0.5802,0.6777,0.6427,0.5802,TAO,0.6819,0.0196,0.0026
5282,07010.wav,7009,3135974093,4.777,0.6289,0.5572,0.7006,0.7425,0.5572,TAO,0.6487,-0.9743,-0.0467
5283,02949.wav,2948,1304543306,7.171,0.6288,0.5863,0.6714,0.5605,0.5605,TAO,0.3838,-0.7801,-0.0310
5284,02922.wav,2921,1296352040,7.693,0.6288,0.5659,0.6917,0.5347,0.5347,TAO,0.5180,-0.8158,-0.0296
5285,06583.wav,6582,2940924869,3.773,0.6288,0.5854,0.6722,0.6538,0.5854,TAO,0.6982,-0.2958,-0.0061
5286,01463.wav,1462,647019411,9.738,0.6288,0.5555,0.7020,0.5055,0.5055,TAO,0.3172,-1.1695,-0.0412
5287,07647.wav,7646,3439455667,2.208,0.6287,0.5820,0.6755,0.6928,0.5820,TAO,0.3954,-0.1057,-0.0022
5288,09517.wav,9516,4269062607,5.025,0.6287,0.5818,0.6756,0.5911,0.5818,TAO,0.4234,-0.2645,-0.0042
5289,01044.wav,1043,457285580,2.378,0.6287,0.5773,0.6801,0.6017,0.5773,TAO,0.5854,-0.0959,0.0057
5290,07414.wav,7413,3334397893,2.305,0.6287,0.5699,0.6875,0.6477,0.5699,LENT,0.4722,0.1479,0.0143
5291,00534.wav,533,228044074,5.551,0.6287,0.5924,0.6649,0.5458,0.5458,TAO,0.4155,-0.4892,-0.0108
5292,02811.wav,2810,1240770061,3.050,0.6285,0.5917,0.6654,0.6858,0.5917,TAO,0.5597,-0.9438,-0.0350
5293,00027.wav,26,11041008,6.308,0.6285,0.6153,0.6418,0.3779,0.3779,TAO,0.3056,0.9088,0.0532
5294,00286.wav,285,124770632,3.561,0.6285,0.5815,0.6756,0.4993,0.4993,TAO,0.3489,0.6599,0.0398
5295,03247.wav,3246,1426819556,6.528,0.6285,0.6149,0.6420,0.5320,0.5320,TAO,0.5890,-0.2863,-0.0005
5296,01662.wav,1661,737825861,3.240,0.6285,0.5811,0.6758,0.5631,0.5631,TAO,0.4721,-0.5059,-0.0076
5297,05270.wav,5269,2346474029,4.276,0.6284,0.6081,0.6487,0.4554,0.4554,TAO,0.4000,1.2713,0.0661
5298,07804.wav,7803,3516097996,8.791,0.6284,0.5542,0.7026,0.7663,0.5542,TAO,0.6309,-1.2212,-0.0576
5299,00540.wav,539,229098024,6.533,0.6284,0.5557,0.7010,0.7208,0.5557,TAO,0.6130,-0.5805,-0.0269
5300,01011.wav,1010,447958067,3.379,0.6283,0.5620,0.6947,0.7465,0.5620,TAO,0.5966,-0.9175,-0.0393
5301,04930.wav,4929,2190425577,3.041,0.6283,0.5960,0.6606,0.4844,0.4844,LENT,0.3161,0.1258,0.0238
5302,07717.wav,7716,3472040874,2.044,0.6283,0.6586,0.5979,0.5012,0.5012,TAO,0.4021,1.3486,0.0737
5303,09546.wav,9545,4287330217,4.708,0.6282,0.5592,0.6973,0.7077,0.5592,TAO,0.7351,-0.6438,-0.0282
5304,08778.wav,8777,3949599861,9.441,0.6282,0.5590,0.6974,0.4854,0.4854,TAO,0.4254,-0.8116,-0.0231
5305,06124.wav,6123,2734020651,3.424,0.6281,0.5655,0.6907,0.4485,0.4485,ANCIENT,0.3622,0.0210,0.0158
5306,04699.wav,4698,2086331152,8.770,0.6281,0.5947,0.6614,0.5627,0.5627,LENT,0.4218,0.0998,0.0130
5307,03507.wav,3506,1554626920,4.682,0.6280,0.6029,0.6532,0.7323,0.6029,TAO,0.6766,-0.4642,-0.0152
5308,01204.wav,1203,534201514,2.412,0.6280,0.5591,0.6970,0.7087,0.5591,TAO,0.6223,-1.2567,-0.0579
5309,03843.wav,3842,1703496397,8.901,0.6280,0.5494,0.7067,0.5836,0.5494,TAO,0.4211,-0.7783,-0.0274
5310,03983.wav,3982,1760926375,4.466,0.6280,0.5789,0.6772,0.4736,0.4736,LENT,0.2530,-0.6064,-0.0082
5311,01450.wav,1449,639644513,5.470,0.6280,0.5869,0.6692,0.7272,0.5869,TAO,0.6188,0.1091,0.0071
5312,08374.wav,8373,3755071081,6.079,0.6280,0.5649,0.6911,0.3897,0.3897,TAO,0.2645,0.1743,0.0193
5313,08882.wav,8881,3999220978,3.385,0.6280,0.6052,0.6507,0.4134,0.4134,TAO,0.4137,0.8916,0.0520
5314,05522.wav,5521,2456298928,3.419,0.6279,0.5701,0.6858,0.5282,0.5282,LENT,0.4737,-0.0303,0.0078
5315,08914.wav,8913,4012353668,6.358,0.6279,0.6251,0.6307,0.3668,0.3668,TAO,0.2900,0.8514,0.0597
5316,06626.wav,6625,2958495306,3.413,0.6279,0.5572,0.6985,0.7376,0.5572,TAO,0.5683,0.3509,0.0164
5317,04135.wav,4134,1832045610,6.183,0.6279,0.5976,0.6582,0.5475,0.5475,TAO,0.4613,-0.7214,-0.0232
5318,04959.wav,4958,2197679271,3.469,0.6278,0.5612,0.6945,0.7678,0.5612,TAO,0.6483,-0.5187,-0.0226
5319,07778.wav,7777,3500896002,6.403,0.6278,0.5823,0.6734,0.7019,0.5823,TAO,0.6318,-0.5955,-0.0267
5320,00225.wav,224,98906634,6.615,0.6278,0.5553,0.7004,0.7443,0.5553,TAO,0.6991,-0.8758,-0.0365
5321,00072.wav,71,28673934,7.314,0.6278,0.5614,0.6943,0.6419,0.5614,TAO,0.7324,0.3111,0.0128
5322,03283.wav,3282,1442434115,6.409,0.6278,0.5696,0.6859,0.5310,0.5310,TAO,0.3343,-0.5127,-0.0052
5323,07559.wav,7558,3398997900,4.426,0.6278,0.6263,0.6292,0.4854,0.4854,ANCIENT,0.3610,0.6256,0.0438
5324,05602.wav,5601,2491849648,5.968,0.6277,0.6071,0.6484,0.3829,0.3829,ANCIENT,0.2885,0.6796,0.0491
5325,04183.wav,4182,1855576909,4.894,0.6277,0.5660,0.6894,0.8094,0.5660,TAO,0.6515,-0.4888,-0.0224
5326,01410.wav,1409,621326512,3.235,0.6277,0.5930,0.6623,0.6966,0.5930,TAO,0.4981,-0.8660,-0.0370
5327,00607.wav,606,259225986,3.358,0.6274,0.5769,0.6780,0.7154,0.5769,TAO,0.6486,-0.5463,-0.0208
5328,04670.wav,4669,2070978057,3.835,0.6274,0.6374,0.6175,0.4017,0.4017,PAT,0.3273,0.8965,0.0520
5329,08383.wav,8382,3761086664,4.843,0.6274,0.5909,0.6639,0.4926,0.4926,TAO,0.4219,-0.4725,-0.0009
5330,06659.wav,6658,2969860563,4.367,0.6274,0.5940,0.6608,0.6549,0.5940,TAO,0.6553,-0.6377,-0.0193
5331,02087.wav,2086,927317268,4.973,0.6274,0.6112,0.6436,0.3895,0.3895,TAO,0.3007,0.5989,0.0489
5332,02752.wav,2751,1217191188,2.065,0.6274,0.5769,0.6779,0.6886,0.5769,TAO,0.6432,-1.0224,-0.0465
5333,06909.wav,6908,3087851630,2.763,0.6274,0.5767,0.6780,0.7553,0.5767,TAO,0.7529,-0.8985,-0.0327
5334,02199.wav,2198,976261866,0.714,0.6273,0.5686,0.6860,0.6305,0.5686,KLAU,0.7848,-0.2485,-0.0076
5335,04545.wav,4544,2017997225,4.731,0.6273,0.5748,0.6799,0.6641,0.5748,TAO,0.7347,-0.3526,-0.0111
5336,04138.wav,4137,1832280612,1.896,0.6273,0.5784,0.6762,0.5962,0.5784,TAO,0.5385,-0.4345,-0.0170
5337,06703.wav,6702,2989102053,4.732,0.6272,0.5507,0.7038,0.6882,0.5507,TAO,0.6203,-0.6657,-0.0427
5338,00967.wav,966,429649323,3.021,0.6272,0.5686,0.6857,0.6515,0.5686,TAO,0.7777,-0.2019,-0.0098
5339,08367.wav,8366,3753497708,9.134,0.6271,0.5799,0.6744,0.4779,0.4779,TAO,0.3881,-0.9147,-0.0186
5340,09171.wav,9170,4126661520,2.303,0.6270,0.5961,0.6580,0.5404,0.5404,LENT,0.4645,0.1121,0.0031
5341,08121.wav,8120,3654084164,7.957,0.6270,0.5818,0.6723,0.4556,0.4556,TAO,0.3511,-0.6532,-0.0142
5342,00192.wav,191,79475136,4.678,0.6270,0.5932,0.6608,0.5637,0.5637,TAO,0.4662,-0.3348,-0.0059
5343,03561.wav,3560,1579212169,9.092,0.6270,0.5995,0.6546,0.6889,0.5995,TAO,0.5681,0.0622,0.0075
5344,07626.wav,7625,3428613375,2.840,0.6269,0.6364,0.6175,0.4539,0.4539,KLAU,0.3935,0.1003,0.0224
5345,06035.wav,6034,2689535361,2.681,0.6269,0.5604,0.6935,0.6437,0.5604,TAO,0.6243,-0.2237,-0.0189
5346,06748.wav,6747,3009737581,7.034,0.6269,0.5897,0.6641,0.3577,0.3577,TAO,0.3157,0.5944,0.0420
5347,02222.wav,2221,988737605,3.171,0.6269,0.5897,0.6642,0.5980,0.5897,TAO,0.4541,-0.7261,-0.0177
5348,03641.wav,3640,1606738984,4.051,0.6269,0.6221,0.6317,0.5149,0.5149,TAO,0.3515,0.3169,0.0130
5349,00995.wav,994,436990959,0.514,0.6269,0.5963,0.6575,0.5269,0.5269,TAO,0.7221,0.0286,0.0038
5350,07545.wav,7544,3395474022,6.615,0.6269,0.5843,0.6695,0.4947,0.4947,LENT,0.3019,-0.6598,-0.0136
5351,09104.wav,9103,4097295405,6.814,0.6269,0.5755,0.6782,0.4061,0.4061,TAO,0.3221,-0.3664,-0.0005
5352,06845.wav,6844,3057614226,7.340,0.6268,0.5753,0.6783,0.6802,0.5753,TAO,0.5753,-0.9331,-0.0404
5353,01144.wav,1143,504874537,4.267,0.6268,0.5611,0.6925,0.4080,0.4080,TAO,0.2487,0.3741,0.0268
5354,06860.wav,6859,3063622662,4.109,0.6268,0.5557,0.6979,0.5814,0.5557,TAO,0.5141,-1.4133,-0.0564
5355,00460.wav,459,196629195,2.540,0.6268,0.5952,0.6584,0.6415,0.5952,TAO,0.5549,0.6316,0.0361
5356,07028.wav,7027,3139799531,2.392,0.6268,0.5729,0.6807,0.7288,0.5729,TAO,0.5792,0.3699,0.0143
5357,04757.wav,4756,2115295722,3.968,0.6268,0.5401,0.7134,0.5568,0.5401,TAO,0.4850,-1.4156,-0.0538
5358,07332.wav,7331,3291010254,2.335,0.6267,0.5541,0.6994,0.6887,0.5541,TAO,0.4965,0.3996,0.0200
5359,01275.wav,1274,567526049,4.475,0.6267,0.6043,0.6492,0.5331,0.5331,LENT,0.5007,-0.3822,0.0029
5360,02221.wav,2220,987924500,2.433,0.6267,0.5620,0.6915,0.6137,0.5620,TAO,0.6117,0.0014,0.0039
5361,03421.wav,3420,1508625419,9.891,0.6267,0.5766,0.6769,0.7487,0.5766,TAO,0.7663,-0.1479,-0.0038
5362,00363.wav,362,155231405,6.113,0.6267,0.5839,0.6696,0.5874,0.5839,TAO,0.4737,-0.3850,-0.0130
5363,05657.wav,5656,2517526231,2.251,0.6267,0.6783,0.5751,0.3941,0.3941,TAO,0.3022,0.8562,0.0481
5364,02915.wav,2914,1292820468,5.454,0.6267,0.5868,0.6666,0.4347,0.4347,TAO,0.3923,1.0346,0.0568
5365,04074.wav,4073,1805574508,7.003,0.6267,0.5592,0.6941,0.5247,0.5247,TAO,0.3783,-0.9290,-0.0378
5366,06779.wav,6778,3024557170,4.511,0.6266,0.5964,0.6568,0.4502,0.4502,TAO,0.3398,0.5691,0.0502
5367,02037.wav,2036,908248177,2.960,0.6266,0.5979,0.6552,0.6626,0.5979,TAO,0.7483,-0.6514,-0.0190
5368,03560.wav,3559,1578808103,4.023,0.6266,0.5539,0.6992,0.7219,0.5539,TAO,0.6992,-1.2924,-0.0579
5369,05471.wav,5470,2431891054,2.692,0.6266,0.5876,0.6655,0.6996,0.5876,TAO,0.6884,0.1055,-0.0004
5370,04940.wav,4939,2191656752,5.380,0.6265,0.5967,0.6562,0.6513,0.5967,TAO,0.4309,-1.0327,-0.0457
5371,07336.wav,7335,3292399466,6.170,0.6264,0.5744,0.6785,0.4535,0.4535,ANCIENT,0.3654,0.2543,0.0287
5372,04051.wav,4050,1794860620,2.988,0.6264,0.5827,0.6701,0.4768,0.4768,ANCIENT,0.3265,-0.3992,-0.0101
5373,06629.wav,6628,2959528237,3.627,0.6264,0.5601,0.6926,0.7077,0.5601,TAO,0.6635,-0.5789,-0.0275
5374,08850.wav,8849,3985402018,5.391,0.6263,0.5569,0.6958,0.7003,0.5569,TAO,0.7422,-0.2070,-0.0111
5375,09076.wav,9075,4084985640,6.223,0.6262,0.5925,0.6600,0.6663,0.5925,TAO,0.5869,-0.2780,-0.0090
5376,00756.wav,755,327039469,8.060,0.6262,0.5961,0.6563,0.3810,0.3810,TAO,0.2866,1.2066,0.0700
5377,02796.wav,2795,1234104594,8.022,0.6262,0.5953,0.6571,0.4417,0.4417,TAO,0.4630,0.6416,0.0477
5378,03154.wav,3153,1383772962,3.037,0.6261,0.5762,0.6760,0.5582,0.5582,TAO,0.3631,-1.1393,-0.0349
5379,09411.wav,9410,4225899339,5.583,0.6261,0.5860,0.6661,0.4043,0.4043,LENT,0.2786,-0.4441,-0.0034
5380,05712.wav,5711,2544814922,3.029,0.6260,0.5377,0.7144,0.6593,0.5377,TAO,0.4608,-1.1707,-0.0493
5381,05237.wav,5236,2326687271,4.305,0.6260,0.5517,0.7003,0.7325,0.5517,TAO,0.4936,-0.7885,-0.0325
5382,06297.wav,6296,2812375656,7.110,0.6260,0.6031,0.6489,0.6116,0.6031,TAO,0.7364,-0.6669,-0.0185
5383,05373.wav,5372,2387280120,1.721,0.6260,0.6111,0.6409,0.6017,0.6017,TAO,0.5317,0.6786,0.0349
5384,09255.wav,9254,4163414311,7.115,0.6260,0.6012,0.6508,0.4878,0.4878,TAO,0.4387,-0.7243,-0.0204
5385,02142.wav,2141,952698066,7.709,0.6260,0.5934,0.6585,0.6078,0.5934,TAO,0.6180,-0.3671,-0.0109
5386,01648.wav,1647,732096945,3.420,0.6260,0.5723,0.6797,0.6055,0.5723,TAO,0.5429,-0.8632,-0.0351
5387,09312.wav,9311,4186670226,5.988,0.6259,0.6323,0.6196,0.4073,0.4073,TAO,0.3186,0.0856,0.0272
5388,07278.wav,7277,3261789952,2.350,0.6259,0.5976,0.6542,0.5164,0.5164,TAO,0.2675,0.9730,0.0454
5389,05075.wav,5074,2255470093,5.574,0.6259,0.5683,0.6835,0.7744,0.5683,TAO,0.7132,-0.1505,-0.0104
5390,00040.wav,39,17815917,3.884,0.6259,0.5857,0.6661,0.6436,0.5857,TAO,0.6848,-0.3558,-0.0112
5391,07361.wav,7360,3305744483,8.055,0.6259,0.5854,0.6663,0.5230,0.5230,PAT,0.2946,-0.8269,-0.0334
5392,08103.wav,8102,3647615472,6.187,0.6259,0.5735,0.6782,0.5035,0.5035,TAO,0.4287,0.0161,0.0172
5393,00823.wav,822,361898781,6.336,0.6258,0.5690,0.6827,0.5114,0.5114,TAO,0.2988,-0.0521,0.0108
5394,07972.wav,7971,3593240013,6.524,0.6258,0.6005,0.6512,0.4147,0.4147,TAO,0.2428,0.1948,0.0252
5395,07678.wav,7677,3452492998,5.236,0.6258,0.6030,0.6486,0.5798,0.5798,TAO,0.5537,0.0632,0.0211
5396,03976.wav,3975,1759537163,7.928,0.6258,0.5530,0.6986,0.5235,0.5235,TAO,0.4749,-0.9475,-0.0226
5397,01054.wav,1053,461841843,2.851,0.6258,0.5716,0.6799,0.6802,0.5716,TAO,0.6343,-0.2972,-0.0087
5398,02456.wav,2455,1086473228,6.955,0.6258,0.5917,0.6598,0.6205,0.5917,TAO,0.5400,-0.5570,-0.0187
5399,07384.wav,7383,3316047143,4.237,0.6257,0.5586,0.6929,0.5650,0.5586,LENT,0.4247,0.1826,0.0110
5400,06834.wav,6833,3052862236,6.657,0.6257,0.5705,0.6809,0.4812,0.4812,TAO,0.3343,-0.3544,0.0034
5401,06750.wav,6749,3010089447,6.907,0.6257,0.5687,0.6826,0.6863,0.5687,LENT,0.7656,-0.7187,-0.0270
5402,08791.wav,8790,3955677101,3.842,0.6256,0.5630,0.6883,0.6859,0.5630,TAO,0.7501,0.1206,0.0027
5403,07250.wav,7249,3248901432,6.132,0.6256,0.5785,0.6728,0.6363,0.5785,TAO,0.5782,-1.1986,-0.0481
5404,05682.wav,5681,2528223716,3.100,0.6256,0.5553,0.6959,0.7676,0.5553,TAO,0.5643,-0.1541,-0.0106
5405,02381.wav,2380,1051627999,3.432,0.6256,0.5669,0.6843,0.7337,0.5669,TAO,0.6558,-0.9660,-0.0424
5406,05442.wav,5441,2423040618,7.833,0.6255,0.5878,0.6633,0.6237,0.5878,TAO,0.6401,-0.5475,-0.0142
5407,03473.wav,3472,1536627083,6.962,0.6255,0.5584,0.6927,0.4264,0.4264,TAO,0.3737,-0.2635,-0.0002
5408,00643.wav,642,275461932,6.753,0.6255,0.5999,0.6511,0.5476,0.5476,PAT,0.3906,0.7007,0.0358
5409,05376.wav,5375,2391975084,4.905,0.6255,0.5634,0.6876,0.5294,0.5294,TAO,0.3903,-0.8234,-0.0264
5410,06780.wav,6779,3025320933,6.262,0.6255,0.5813,0.6697,0.6452,0.5813,TAO,0.6979,-0.3972,-0.0111
5411,02503.wav,2502,1102405572,4.332,0.6254,0.6123,0.6385,0.4454,0.4454,TAO,0.4309,-0.1232,0.0064
5412,00187.wav,186,78256981,5.305,0.6254,0.5767,0.6742,0.5408,0.5408,TAO,0.3228,-0.9508,-0.0275
5413,02672.wav,2671,1179626871,6.225,0.6254,0.5618,0.6890,0.6135,0.5618,ANCIENT,0.6709,-0.4576,-0.0114
5414,05680.wav,5679,2527777991,9.203,0.6254,0.5740,0.6768,0.7136,0.5740,TAO,0.7296,-0.5486,-0.0188
5415,06019.wav,6018,2679118417,3.803,0.6253,0.5972,0.6535,0.4781,0.4781,LENT,0.3189,0.1583,0.0206
5416,05873.wav,5872,2622024722,2.699,0.6253,0.5901,0.6605,0.4578,0.4578,TAO,0.2844,0.4557,0.0328
5417,01025.wav,1024,450232651,6.642,0.6253,0.5885,0.6621,0.6574,0.5885,TAO,0.5924,-0.3575,-0.0138
5418,02290.wav,2289,1015758059,7.268,0.6253,0.5913,0.6593,0.4708,0.4708,LENT,0.2613,-0.3001,0.0045
5419,01067.wav,1066,470042370,5.211,0.6252,0.5822,0.6683,0.7234,0.5822,TAO,0.7197,-0.0178,0.0021
5420,08484.wav,8483,3811057126,2.800,0.6252,0.5452,0.7053,0.7797,0.5452,TAO,0.6405,-0.3745,-0.0171
5421,01236.wav,1235,551936114,8.577,0.6252,0.5896,0.6609,0.5175,0.5175,ANCIENT,0.5329,-0.5615,-0.0148
5422,03577.wav,3576,1582688262,8.893,0.6252,0.6186,0.6319,0.4391,0.4391,TAO,0.3504,0.6170,0.0518
5423,06938.wav,6937,3100106674,4.438,0.6252,0.5615,0.6889,0.6885,0.5615,TAO,0.7748,-0.2452,-0.0125
5424,03889.wav,3888,1720826931,3.060,0.6252,0.5966,0.6538,0.4235,0.4235,ANCIENT,0.3211,0.4793,0.0374
5425,03199.wav,3198,1403710821,8.129,0.6252,0.5752,0.6751,0.4979,0.4979,TAO,0.3628,-0.4462,-0.0092
5426,03764.wav,3763,1662799748,8.914,0.6251,0.5733,0.6770,0.7328,0.5733,TAO,0.6647,-0.6747,-0.0299
5427,03803.wav,3802,1681807182,8.273,0.6251,0.5956,0.6546,0.4174,0.4174,PAT,0.3094,0.2953,0.0361
5428,09358.wav,9357,4206814665,3.083,0.6251,0.6222,0.6280,0.5823,0.5823,TAO,0.3790,0.6510,0.0365
5429,04946.wav,4945,2194726663,5.943,0.6250,0.6039,0.6461,0.5811,0.5811,TAO,0.5187,-0.3129,-0.0083
5430,01389.wav,1388,610494761,7.744,0.6250,0.5982,0.6518,0.5615,0.5615,TAO,0.5249,-0.4536,-0.0118
5431,05565.wav,5564,2474968521,3.986,0.6250,0.6071,0.6428,0.6012,0.6012,TAO,0.6061,-0.0079,0.0112
5432,01229.wav,1228,546595897,9.260,0.6250,0.5637,0.6862,0.4158,0.4158,TAO,0.2936,-0.6391,-0.0077
5433,05746.wav,5745,2558041240,2.635,0.6249,0.5494,0.7005,0.7244,0.5494,TAO,0.5424,-1.5587,-0.0735
5434,09250.wav,9249,4160867885,6.148,0.6249,0.5612,0.6886,0.3967,0.3967,ANCIENT,0.2852,-0.0405,0.0071
5435,00892.wav,891,393135414,2.588,0.6249,0.6118,0.6379,0.5074,0.5074,TAO,0.4867,0.2439,0.0106
5436,00123.wav,122,50401124,4.242,0.6249,0.5865,0.6633,0.6798,0.5865,TAO,0.4338,-0.5569,-0.0214
5437,01840.wav,1839,819962571,6.008,0.6248,0.5466,0.7030,0.7680,0.5466,TAO,0.6707,-0.3252,-0.0179
5438,05504.wav,5503,2448310474,7.076,0.6248,0.6235,0.6261,0.5200,0.5200,TAO,0.4254,-0.5819,-0.0122
5439,01456.wav,1455,642778408,3.725,0.6248,0.5734,0.6761,0.6017,0.5734,TAO,0.4204,-0.3506,-0.0057
5440,05891.wav,5890,2629502709,3.213,0.6247,0.5967,0.6528,0.4710,0.4710,TAO,0.3110,0.1770,0.0238
5441,03025.wav,3024,1340299983,5.655,0.6247,0.5553,0.6942,0.4275,0.4275,ANCIENT,0.3070,0.4694,0.0344
5442,08105.wav,8104,3648314610,1.775,0.6247,0.5529,0.6965,0.6998,0.5529,TAO,0.5906,-0.5296,-0.0276
5443,02424.wav,2423,1069307878,6.924,0.6247,0.5791,0.6703,0.5876,0.5791,LENT,0.8152,-0.2561,-0.0004
5444,01396.wav,1395,614364174,4.068,0.6247,0.6049,0.6445,0.4909,0.4909,LENT,0.4485,0.3318,0.0227
5445,05677.wav,5676,2524712142,6.057,0.6245,0.5896,0.6595,0.4118,0.4118,TAO,0.3833,1.3294,0.0761
5446,03689.wav,3688,1628648104,5.242,0.6245,0.5933,0.6557,0.5471,0.5471,TAO,0.4979,-0.3233,-0.0021
5447,05493.wav,5492,2444025491,3.169,0.6245,0.5754,0.6735,0.6279,0.5754,TAO,0.5839,1.0236,0.0415
5448,04956.wav,4955,2196810503,11.437,0.6245,0.6078,0.6411,0.5352,0.5352,TAO,0.5399,-0.5654,-0.0094
5449,08637.wav,8636,3887061803,6.281,0.6244,0.6113,0.6375,0.5188,0.5188,ANCIENT,0.5607,-0.3478,0.0007
5450,05278.wav,5277,2349191554,7.332,0.6244,0.5803,0.6685,0.6587,0.5803,LENT,0.7536,-0.0577,0.0003
5451,07433.wav,7432,3341958926,7.603,0.6244,0.5710,0.6777,0.4440,0.4440,TAO,0.4465,0.2399,0.0344
5452,08581.wav,8580,3859007469,4.394,0.6243,0.5721,0.6765,0.5561,0.5561,TAO,0.6962,0.2607,0.0200
5453,08359.wav,8358,3750657416,6.389,0.6243,0.5769,0.6716,0.6155,0.5769,TAO,0.5844,-0.1254,-0.0056
5454,06647.wav,6646,2964401447,3.090,0.6243,0.5608,0.6877,0.7372,0.5608,TAO,0.5423,-0.7890,-0.0433
5455,05497.wav,5496,2446852458,5.437,0.6242,0.5821,0.6663,0.5418,0.5418,TAO,0.3778,-0.5086,-0.0084
5456,06106.wav,6105,2725372212,2.566,0.6242,0.5905,0.6579,0.4557,0.4557,TAO,0.4636,0.3267,0.0269
5457,03657.wav,3656,1611827057,3.646,0.6241,0.5544,0.6939,0.4844,0.4844,LENT,0.4351,0.8277,0.0448
5458,00224.wav,223,98893572,5.596,0.6240,0.5998,0.6482,0.3909,0.3909,TAO,0.3110,0.8663,0.0580
5459,06913.wav,6912,3088721419,5.937,0.6239,0.6053,0.6425,0.5834,0.5834,TAO,0.5036,0.2163,0.0240
5460,05215.wav,5214,2319967083,8.530,0.6239,0.5919,0.6560,0.6965,0.5919,TAO,0.6728,-0.1980,-0.0146
5461,00159.wav,158,68079982,4.720,0.6239,0.6262,0.6217,0.4056,0.4056,LENT,0.3065,0.8245,0.0555
5462,08397.wav,8396,3771423405,2.369,0.6239,0.6219,0.6259,0.6019,0.6019,TAO,0.4144,0.9869,0.0463
5463,06253.wav,6252,2797881330,3.945,0.6239,0.5567,0.6911,0.6929,0.5567,TAO,0.5630,-0.8939,-0.0332
5464,00317.wav,316,140714475,4.932,0.6238,0.5977,0.6500,0.3937,0.3937,TAO,0.2615,0.3588,0.0323
5465,08191.wav,8190,3679088362,2.407,0.6238,0.5968,0.6508,0.6312,0.5968,TAO,0.5502,0.6499,0.0369
5466,05570.wav,5569,2477784786,3.517,0.6238,0.5869,0.6607,0.6367,0.5869,TAO,0.6254,0.3223,0.0130
5467,06684.wav,6683,2983805800,7.477,0.6237,0.5939,0.6536,0.3758,0.3758,TAO,0.3209,0.5061,0.0471
5468,06830.wav,6829,3050656656,5.882,0.6237,0.5822,0.6651,0.6368,0.5822,TAO,0.7067,-0.4828,-0.0179
5469,08589.wav,8588,3861257971,4.125,0.6236,0.6085,0.6388,0.6691,0.6085,TAO,0.5997,-0.3781,-0.0133
5470,05533.wav,5532,2462551835,2.613,0.6236,0.5775,0.6697,0.6555,0.5775,TAO,0.3433,-0.9288,-0.0280
5471,02705.wav,2704,1194345517,6.392,0.6236,0.5742,0.6730,0.6331,0.5742,LENT,0.7109,-0.1860,-0.0038
5472,02524.wav,2523,1112146129,1.972,0.6236,0.5907,0.6565,0.6128,0.5907,TAO,0.5513,-0.2208,-0.0018
5473,07621.wav,7620,3427477128,4.555,0.6235,0.5871,0.6600,0.4917,0.4917,TAO,0.3851,-0.0878,0.0165
5474,00487.wav,486,206512718,6.296,0.6235,0.6072,0.6398,0.5207,0.5207,LENT,0.4102,0.4322,0.0321
5475,03168.wav,3167,1390153046,5.932,0.6235,0.5750,0.6719,0.3938,0.3938,TAO,0.2782,0.1131,0.0246
5476,09070.wav,9069,4081376341,56.693,0.6235,0.6148,0.6321,0.4725,0.4725,PAT,0.4872,-0.7076,-0.0114
5477,01352.wav,1351,601570293,2.389,0.6234,0.5766,0.6703,0.6865,0.5766,TAO,0.6609,-0.3360,-0.0111
5478,04755.wav,4754,2114684177,1.261,0.6234,0.5703,0.6766,0.5756,0.5703,TAO,0.4835,-0.4150,-0.0167
5479,05762.wav,5761,2565790554,8.316,0.6234,0.5773,0.6695,0.5203,0.5203,PAT,0.3390,-0.8251,-0.0328
5480,02821.wav,2820,1243315729,6.435,0.6234,0.5653,0.6815,0.4166,0.4166,ANCIENT,0.3130,0.1855,0.0258
5481,03628.wav,3627,1601601837,8.426,0.6234,0.5624,0.6845,0.7055,0.5624,TAO,0.7320,-0.3760,-0.0138
5482,03750.wav,3749,1655094414,8.182,0.6234,0.6020,0.6448,0.5792,0.5792,LENT,0.6854,-0.4527,-0.0120
5483,07424.wav,7423,3339817324,3.092,0.6234,0.5712,0.6756,0.6276,0.5712,TAO,0.5693,-0.9631,-0.0364
5484,03131.wav,3130,1375520039,8.230,0.6233,0.6020,0.6446,0.5203,0.5203,TAO,0.4448,0.0940,0.0126
5485,03905.wav,3904,1727938123,3.574,0.6232,0.6019,0.6445,0.4309,0.4309,LENT,0.2566,0.0206,0.0166
5486,02213.wav,2212,984281523,7.585,0.6230,0.5658,0.6803,0.4290,0.4290,TAO,0.3446,0.5305,0.0430
5487,08074.wav,8073,3630437508,2.973,0.6230,0.5561,0.6900,0.6560,0.5561,TAO,0.3911,-1.4604,-0.0515
5488,08102.wav,8101,3646734090,4.690,0.6230,0.5431,0.7029,0.6615,0.5431,TAO,0.5717,-0.7422,-0.0330
5489,04587.wav,4586,2035444137,8.194,0.6230,0.5584,0.6876,0.6987,0.5584,TAO,0.7538,-0.2617,-0.0139
5490,09339.wav,9338,4196641445,5.140,0.6230,0.5650,0.6811,0.5044,0.5044,TAO,0.3869,-0.7139,-0.0276
5491,02033.wav,2032,907181165,9.186,0.6230,0.5556,0.6904,0.5357,0.5357,TAO,0.3896,-0.9491,-0.0336
5492,05057.wav,5056,2245541833,2.362,0.6230,0.5596,0.6864,0.7740,0.5596,TAO,0.5282,-0.3698,-0.0120
5493,08274.wav,8273,3713975950,6.459,0.6230,0.5817,0.6642,0.4612,0.4612,TAO,0.2867,-0.0921,0.0147
5494,07180.wav,7179,3213354992,6.450,0.6230,0.5767,0.6692,0.4786,0.4786,LENT,0.2222,-0.4591,-0.0072
5495,08158.wav,8157,3669418382,7.363,0.6230,0.5846,0.6613,0.4811,0.4811,TAO,0.2609,-0.6789,-0.0169
5496,01111.wav,1110,491024680,4.025,0.6229,0.5926,0.6533,0.5047,0.5047,TAO,0.4114,-0.3672,-0.0068
5497,09387.wav,9386,4216155240,5.129,0.6229,0.5846,0.6612,0.4095,0.4095,TAO,0.1813,0.0153,0.0144
5498,09124.wav,9123,4107967138,4.943,0.6229,0.5734,0.6723,0.5228,0.5228,TAO,0.4581,-0.4774,-0.0218
5499,08765.wav,8764,3942936915,4.875,0.6229,0.5702,0.6755,0.6823,0.5702,LENT,0.7590,-0.3381,-0.0189
5500,06394.wav,6393,2855715374,2.311,0.6228,0.5917,0.6539,0.5726,0.5726,KLAU,0.4725,-1.0809,-0.0497
5501,05637.wav,5636,2506272937,2.760,0.6228,0.5546,0.6910,0.6563,0.5546,TAO,0.7612,-0.1814,-0.0080
5502,04226.wav,4225,1873137347,3.989,0.6227,0.5713,0.6741,0.4880,0.4880,ANCIENT,0.3870,-0.6658,-0.0089
5503,07970.wav,7969,3591966158,6.315,0.6227,0.5672,0.6782,0.4448,0.4448,LENT,0.3013,0.0309,0.0172
5504,07007.wav,7006,3131931534,5.591,0.6227,0.5583,0.6871,0.4575,0.4575,ANCIENT,0.3387,-0.3663,0.0020
5505,07795.wav,7794,3510356018,6.379,0.6227,0.5810,0.6643,0.6332,0.5810,TAO,0.6371,-0.2301,-0.0088
5506,05678.wav,5677,2524766863,4.181,0.6226,0.6134,0.6318,0.4664,0.4664,PAT,0.3449,0.9313,0.0543
5507,05327.wav,5326,2369254438,5.454,0.6225,0.5856,0.6594,0.5390,0.5390,TAO,0.4800,-0.6403,-0.0197
5508,07258.wav,7257,3252291044,3.633,0.6225,0.5934,0.6515,0.4765,0.4765,LENT,0.4087,0.0851,0.0100
5509,01390.wav,1389,611472971,2.729,0.6224,0.5916,0.6533,0.5356,0.5356,TAO,0.4360,0.4214,0.0326
5510,03720.wav,3719,1640816667,8.514,0.6224,0.5547,0.6901,0.4457,0.4457,TAO,0.2705,-0.5231,-0.0079
5511,01057.wav,1056,462275168,6.962,0.6224,0.5519,0.6929,0.5859,0.5519,TAO,0.5495,-0.9506,-0.0336
5512,09459.wav,9458,4247405956,6.767,0.6224,0.5698,0.6749,0.4791,0.4791,TAO,0.3833,-0.5823,-0.0027
5513,03298.wav,3297,1448972684,5.832,0.6224,0.5934,0.6513,0.3842,0.3842,TAO,0.2589,0.3350,0.0331
5514,08953.wav,8952,4028130827,7.267,0.6223,0.5947,0.6500,0.6288,0.5947,TAO,0.5741,-0.1363,-0.0023
5515,02379.wav,2378,1050703489,5.753,0.6223,0.6123,0.6322,0.5344,0.5344,TAO,0.4827,-0.0313,0.0083
5516,03452.wav,3451,1527228787,12.178,0.6222,0.5652,0.6793,0.6938,0.5652,TAO,0.8073,-0.1772,-0.0072
5517,02156.wav,2155,960285522,1.946,0.6221,0.6148,0.6295,0.5947,0.5947,TAO,0.3170,0.8156,0.0351
5518,07873.wav,7872,3549346791,6.404,0.6221,0.5713,0.6730,0.7527,0.5713,TAO,0.7495,-0.4503,-0.0172
5519,02359.wav,2358,1044920873,4.385,0.6221,0.5774,0.6669,0.6803,0.5774,TAO,0.5467,0.0941,0.0007
5520,00837.wav,836,368791089,6.375,0.6221,0.6022,0.6420,0.4392,0.4392,TAO,0.4782,0.1642,0.0251
5521,08444.wav,8443,3794365456,4.373,0.6221,0.5637,0.6805,0.7137,0.5637,TAO,0.6138,0.0078,0.0046
5522,06233.wav,6232,2783671629,3.475,0.6221,0.5544,0.6898,0.7768,0.5544,TAO,0.5182,-0.3094,-0.0170
5523,05285.wav,5284,2350812712,5.915,0.6220,0.5659,0.6782,0.5890,0.5659,TAO,0.4246,-0.6696,-0.0123
5524,02467.wav,2466,1090422191,2.249,0.6220,0.5807,0.6634,0.6310,0.5807,TAO,0.6420,0.6702,0.0349
5525,06825.wav,6824,3046360932,9.810,0.6220,0.5976,0.6465,0.5328,0.5328,TAO,0.3887,0.3242,0.0183
5526,07487.wav,7486,3369205958,3.356,0.6220,0.5689,0.6751,0.7136,0.5689,TAO,0.6778,-0.6049,-0.0318
5527,03934.wav,3933,1737682764,7.199,0.6220,0.5669,0.6771,0.5046,0.5046,TAO,0.3295,-0.2674,0.0088
5528,00839.wav,838,369248855,3.321,0.6220,0.5895,0.6545,0.4665,0.4665,PAT,0.3459,0.5206,0.0369
5529,05704.wav,5703,2540655985,8.230,0.6220,0.6010,0.6429,0.4310,0.4310,TAO,0.2623,0.0927,0.0262
5530,08043.wav,8042,3622792810,3.886,0.6220,0.5844,0.6596,0.7132,0.5844,TAO,0.5989,-0.1738,-0.0052
5531,06053.wav,6052,2699501738,7.093,0.6220,0.5706,0.6733,0.3541,0.3541,TAO,0.2672,0.5109,0.0359
5532,08652.wav,8651,3896681262,2.397,0.6219,0.5459,0.6980,0.6938,0.5459,TAO,0.6610,-0.3847,-0.0235
5533,03222.wav,3221,1413408561,2.594,0.6219,0.5665,0.6773,0.6490,0.5665,TAO,0.5464,-0.2952,-0.0099
5534,00411.wav,410,177225863,5.510,0.6219,0.5841,0.6597,0.5647,0.5647,TAO,0.3870,-0.3321,0.0017
5535,04399.wav,4398,1948792209,3.682,0.6219,0.5877,0.6561,0.7270,0.5877,TAO,0.7219,-0.6703,-0.0281
5536,07632.wav,7631,3433380948,8.002,0.6219,0.5668,0.6770,0.6476,0.5668,TAO,0.7034,-0.4610,-0.0182
5537,00917.wav,916,404072802,3.862,0.6219,0.6242,0.6195,0.4698,0.4698,TAO,0.4106,-0.2773,0.0020
5538,03736.wav,3735,1648321005,3.472,0.6218,0.5801,0.6636,0.5507,0.5507,ANCIENT,0.5068,0.1801,0.0240
5539,05995.wav,5994,2669887711,7.016,0.6218,0.5906,0.6530,0.4466,0.4466,PAT,0.2489,-0.1530,0.0071
5540,03312.wav,3311,1453270281,6.115,0.6218,0.5896,0.6539,0.7214,0.5896,TAO,0.5614,0.0360,-0.0007
5541,00848.wav,847,374566769,9.728,0.6218,0.5393,0.7042,0.5686,0.5393,TAO,0.4434,-1.1099,-0.0436
5542,06596.wav,6595,2945512696,5.390,0.6217,0.5808,0.6626,0.4293,0.4293,TAO,0.3790,0.6535,0.0481
5543,08213.wav,8212,3686552993,7.320,0.6217,0.5424,0.7011,0.6349,0.5424,TAO,0.5855,-0.9816,-0.0482
5544,08009.wav,8008,3604702950,7.364,0.6217,0.5849,0.6585,0.6261,0.5849,TAO,0.4830,0.2818,0.0170
5545,08441.wav,8440,3793831950,7.581,0.6216,0.6311,0.6120,0.3531,0.3531,ANCIENT,0.3333,1.0959,0.0691
5546,04276.wav,4275,1893910420,9.110,0.6216,0.5811,0.6621,0.4757,0.4757,ANCIENT,0.5435,-0.3894,-0.0002
5547,02480.wav,2479,1094932720,2.500,0.6215,0.5601,0.6829,0.6652,0.5601,TAO,0.4063,-0.2395,-0.0096
5548,01811.wav,1810,811490764,3.412,0.6215,0.5563,0.6867,0.6760,0.5563,TAO,0.5597,0.1477,-0.0018
5549,09174.wav,9173,4127083690,6.236,0.6215,0.5815,0.6615,0.5636,0.5636,TAO,0.4694,-0.0543,0.0036
5550,00184.wav,183,76074025,5.592,0.6215,0.5557,0.6873,0.6844,0.5557,TAO,0.7047,-0.5669,-0.0209
5551,03670.wav,3669,1615223311,5.888,0.6215,0.5954,0.6476,0.4641,0.4641,LENT,0.3161,-0.0745,0.0136
5552,07103.wav,7102,3180312019,4.907,0.6214,0.5298,0.7130,0.4706,0.4706,ANCIENT,0.4338,-0.1908,0.0024
5553,08921.wav,8920,4013304302,7.372,0.6214,0.5866,0.6563,0.5305,0.5305,ANCIENT,0.6307,-0.5345,-0.0128
5554,08667.wav,8666,3901888400,6.753,0.6214,0.5866,0.6563,0.4273,0.4273,LENT,0.3471,-0.4601,-0.0019
5555,04877.wav,4876,2166780421,6.398,0.6214,0.5354,0.7075,0.7870,0.5354,TAO,0.5388,-0.6518,-0.0371
5556,07066.wav,7065,3160435817,7.761,0.6212,0.5588,0.6837,0.6039,0.5588,TAO,0.4696,-0.9865,-0.0347
5557,03995.wav,3994,1768931917,6.895,0.6212,0.5712,0.6712,0.7149,0.5712,TAO,0.7736,-0.2802,-0.0134
5558,02654.wav,2653,1171218284,4.355,0.6212,0.5802,0.6622,0.4856,0.4856,TAO,0.2953,0.2927,0.0315
5559,01108.wav,1107,488173889,2.773,0.6212,0.5983,0.6441,0.5759,0.5759,TAO,0.6120,0.3283,0.0220
5560,07068.wav,7067,3161188207,3.165,0.6211,0.5872,0.6551,0.6992,0.5872,TAO,0.7307,0.3602,0.0173
5561,05186.wav,5185,2306992036,9.166,0.6210,0.5571,0.6849,0.4025,0.4025,TAO,0.2632,-0.5930,-0.0073
5562,07153.wav,7152,3200774143,3.570,0.6209,0.5276,0.7142,0.7538,0.5276,TAO,0.6383,-0.9384,-0.0397
5563,08063.wav,8062,3626575062,2.648,0.6209,0.5495,0.6924,0.6352,0.5495,LENT,0.5971,-0.0190,0.0145
5564,06919.wav,6918,3089610185,4.135,0.6209,0.5811,0.6606,0.7377,0.5811,TAO,0.6356,-0.7448,-0.0299
5565,00562.wav,561,243297806,2.166,0.6208,0.5450,0.6967,0.7191,0.5450,TAO,0.6826,-0.2059,-0.0122
5566,09060.wav,9059,4078265452,2.401,0.6208,0.5963,0.6454,0.5443,0.5443,LENT,0.4114,0.3924,0.0317
5567,06193.wav,6192,2766592497,5.354,0.6208,0.5774,0.6641,0.4388,0.4388,ANCIENT,0.3080,-0.1589,0.0119
5568,05172.wav,5171,2301712039,3.296,0.6207,0.5742,0.6673,0.7397,0.5742,TAO,0.6706,-0.3214,-0.0143
5569,02187.wav,2186,968407984,5.687,0.6207,0.5905,0.6509,0.4989,0.4989,TAO,0.2937,-0.7555,-0.0145
5570,03974.wav,3973,1756567431,7.468,0.6207,0.6112,0.6303,0.4932,0.4932,TAO,0.4797,-0.5678,-0.0097
5571,08670.wav,8669,3903067375,9.300,0.6207,0.6041,0.6373,0.4578,0.4578,ANCIENT,0.2820,-0.0263,0.0204
5572,00635.wav,634,271458511,3.739,0.6207,0.5998,0.6416,0.6655,0.5998,TAO,0.5440,0.0394,0.0047
5573,08990.wav,8989,4040997059,6.642,0.6207,0.5527,0.6886,0.4728,0.4728,TAO,0.2730,-0.5600,-0.0068
5574,07081.wav,7080,3167545988,7.223,0.6206,0.5760,0.6653,0.4924,0.4924,TAO,0.4868,-0.8594,-0.0247
5575,06495.wav,6494,2899608909,2.730,0.6206,0.5449,0.6964,0.6307,0.5449,TAO,0.6752,-0.1017,-0.0164
5576,04303.wav,4302,1906230957,2.579,0.6206,0.5644,0.6768,0.6995,0.5644,TAO,0.5642,-0.5052,-0.0248
5577,00281.wav,280,123715809,7.045,0.6206,0.5913,0.6499,0.5915,0.5913,TAO,0.5265,0.4161,0.0236
5578,04325.wav,4324,1914422223,5.513,0.6205,0.5812,0.6599,0.6561,0.5812,TAO,0.7888,-0.1597,-0.0035
5579,01750.wav,1749,785242698,7.097,0.6205,0.5601,0.6809,0.5439,0.5439,TAO,0.5419,0.6371,0.0275
5580,02283.wav,2282,1014259405,12.856,0.6205,0.5929,0.6480,0.6861,0.5929,TAO,0.7643,-0.1514,-0.0011
5581,02078.wav,2077,922742503,7.622,0.6205,0.5630,0.6779,0.4874,0.4874,TAO,0.3903,-0.7331,-0.0247
5582,05100.wav,5099,2269948836,7.203,0.6203,0.5858,0.6549,0.4691,0.4691,LENT,0.2576,-0.2167,0.0082
5583,00238.wav,237,101288139,8.128,0.6203,0.6095,0.6312,0.4740,0.4740,LENT,0.3169,-0.1314,0.0149
5584,07002.wav,7001,3130697838,7.593,0.6203,0.5482,0.6924,0.3848,0.3848,TAO,0.3012,0.3653,0.0307
5585,07798.wav,7797,3511576652,4.161,0.6203,0.5384,0.7022,0.6350,0.5384,TAO,0.6659,-0.1300,-0.0109
5586,01952.wav,1951,870574418,4.951,0.6203,0.5451,0.6955,0.7952,0.5451,TAO,0.5803,-0.3153,-0.0201
5587,09074.wav,9073,4084692037,9.621,0.6203,0.5766,0.6639,0.6896,0.5766,TAO,0.6957,-0.7088,-0.0261
5588,00925.wav,924,407835562,5.449,0.6202,0.5723,0.6680,0.4771,0.4771,LENT,0.2845,0.1539,0.0190
5589,05458.wav,5457,2425921548,2.645,0.6202,0.5723,0.6680,0.7119,0.5723,TAO,0.5599,0.5017,0.0274
5590,07945.wav,7944,3577769867,5.921,0.6201,0.5699,0.6703,0.5179,0.5179,LENT,0.6227,0.1393,0.0194
5591,06401.wav,6400,2859944615,5.953,0.6201,0.5888,0.6514,0.7066,0.5888,TAO,0.6374,-0.5668,-0.0166
5592,06671.wav,6670,2976849008,3.812,0.6201,0.5274,0.7127,0.7123,0.5274,TAO,0.6508,-0.6716,-0.0359
5593,04914.wav,4913,2183755695,5.511,0.6201,0.5479,0.6923,0.6798,0.5479,TAO,0.7064,-0.0397,-0.0101
5594,01132.wav,1131,502787656,8.047,0.6201,0.5685,0.6717,0.5726,0.5685,TAO,0.6702,-0.7176,-0.0275
5595,00361.wav,360,154488613,8.111,0.6201,0.5719,0.6682,0.4704,0.4704,TAO,0.4564,-0.3689,-0.0031
5596,04078.wav,4077,1806572874,4.469,0.6200,0.5732,0.6668,0.6791,0.5732,TAO,0.5047,-1.4438,-0.0598
5597,01523.wav,1522,666412002,3.204,0.6200,0.5854,0.6546,0.5183,0.5183,PAT,0.3675,0.8494,0.0401
5598,04694.wav,4693,2085688204,7.531,0.6200,0.5698,0.6702,0.3849,0.3849,ANCIENT,0.3456,0.1816,0.0276
5599,01380.wav,1379,609036745,3.267,0.6200,0.5582,0.6817,0.5750,0.5582,TAO,0.5982,-0.4219,-0.0172
5600,01034.wav,1033,455253420,3.508,0.6200,0.5549,0.6851,0.7179,0.5549,TAO,0.6644,-0.4402,-0.0199
5601,09167.wav,9166,4126257454,2.728,0.6200,0.5466,0.6933,0.6980,0.5466,TAO,0.4862,-0.0207,-0.0073
5602,07985.wav,7984,3596264203,3.100,0.6199,0.5778,0.6621,0.5203,0.5203,TAO,0.5351,0.2150,0.0040
5603,00828.wav,827,364378540,5.846,0.6199,0.5867,0.6531,0.4844,0.4844,LENT,0.2934,-0.2460,0.0049
5604,08226.wav,8225,3692025171,7.903,0.6199,0.5789,0.6609,0.3876,0.3876,TAO,0.2628,-0.1624,0.0093
5605,07011.wav,7010,3136713421,3.603,0.6199,0.5639,0.6758,0.6753,0.5639,TAO,0.6344,0.1379,0.0011
5606,02361.wav,2360,1045076909,3.444,0.6198,0.6148,0.6248,0.3989,0.3989,TAO,0.2691,0.0223,0.0248
5607,03874.wav,3873,1714191442,1.360,0.6198,0.5922,0.6474,0.5096,0.5096,TAO,0.3846,-0.3884,-0.0078
5608,04020.wav,4019,1783991951,6.727,0.6198,0.5736,0.6660,0.6146,0.5736,TAO,0.7505,-0.3782,-0.0079
5609,00267.wav,266,118107686,6.328,0.6197,0.5481,0.6913,0.4604,0.4604,TAO,0.3272,-0.8231,-0.0277
5610,01064.wav,1063,466220674,7.659,0.6197,0.6145,0.6249,0.4998,0.4998,TAO,0.5180,-0.0572,0.0069
5611,03339.wav,3338,1468916979,7.069,0.6197,0.5551,0.6842,0.4589,0.4589,TAO,0.3812,-1.1477,-0.0376
5612,05326.wav,5325,2369177198,5.365,0.6197,0.6121,0.6272,0.4649,0.4649,LENT,0.3026,-0.7182,-0.0147
5613,01113.wav,1112,492722578,6.528,0.6196,0.5423,0.6969,0.5526,0.5423,TAO,0.2885,-1.2625,-0.0437
5614,03275.wav,3274,1435873590,2.647,0.6196,0.5488,0.6904,0.7527,0.5488,TAO,0.6365,-0.7629,-0.0420
5615,00625.wav,624,269781611,5.855,0.6196,0.5869,0.6524,0.4096,0.4096,ANCIENT,0.2741,-0.0378,0.0164
5616,08460.wav,8459,3801085644,7.757,0.6196,0.5738,0.6654,0.5170,0.5170,TAO,0.4418,-1.0310,-0.0325
5617,09092.wav,9091,4088010093,3.583,0.6196,0.5956,0.6435,0.5061,0.5061,TAO,0.3504,-1.0650,-0.0356
5618,07927.wav,7926,3574396742,5.945,0.6196,0.5585,0.6806,0.5182,0.5182,TAO,0.3916,-1.0366,-0.0298
5619,00165.wav,164,71769802,8.475,0.6195,0.5995,0.6396,0.5690,0.5690,PAT,0.4630,0.1164,0.0141
5620,03151.wav,3150,1382076064,7.454,0.6195,0.5765,0.6626,0.4157,0.4157,PAT,0.2125,-0.0841,0.0145
5621,08409.wav,8408,3777370184,2.693,0.6195,0.6013,0.6378,0.5894,0.5894,TAO,0.4778,0.6845,0.0266
5622,08422.wav,8421,3780689261,2.561,0.6195,0.5840,0.6551,0.6225,0.5840,TAO,0.5352,0.2428,0.0246
5623,01085.wav,1084,478568356,3.999,0.6195,0.6002,0.6388,0.4061,0.4061,TAO,0.3533,-0.3213,0.0019
5624,00308.wav,307,134453074,6.330,0.6194,0.5735,0.6652,0.6338,0.5735,LENT,0.7261,-0.3202,-0.0092
5625,02819.wav,2818,1243042124,6.414,0.6193,0.5701,0.6685,0.3982,0.3982,TAO,0.2888,0.3220,0.0352
5626,05588.wav,5587,2486867284,3.415,0.6193,0.5590,0.6796,0.7352,0.5590,TAO,0.5451,-1.0526,-0.0498
5627,01200.wav,1199,530841041,1.777,0.6193,0.5889,0.6496,0.5824,0.5824,TAO,0.4669,0.7936,0.0384
5628,02678.wav,2677,1182222434,3.689,0.6192,0.5424,0.6961,0.7427,0.5424,TAO,0.6463,-0.5732,-0.0284
5629,03016.wav,3015,1330038982,7.206,0.6192,0.5864,0.6520,0.5222,0.5222,TAO,0.5447,-0.2104,-0.0037
5630,05403.wav,5402,2403873798,4.126,0.6192,0.6150,0.6234,0.4153,0.4153,TAO,0.3319,1.0005,0.0572
5631,03324.wav,3323,1460703495,5.825,0.6192,0.5967,0.6416,0.4610,0.4610,PAT,0.3048,0.4551,0.0342
5632,08878.wav,8877,3998114828,6.204,0.6192,0.5843,0.6541,0.5803,0.5803,TAO,0.6529,-0.1771,-0.0061
5633,08106.wav,8105,3648410990,3.281,0.6191,0.5737,0.6645,0.5405,0.5405,TAO,0.6394,-0.2298,-0.0040
5634,02797.wav,2796,1234214036,6.144,0.6191,0.6157,0.6224,0.4275,0.4275,TAO,0.3031,0.9690,0.0677
5635,02079.wav,2078,922893604,5.696,0.6190,0.5682,0.6699,0.6628,0.5682,LENT,0.7913,-0.3748,-0.0127
5636,00486.wav,485,206428015,4.935,0.6190,0.5438,0.6942,0.5081,0.5081,TAO,0.3253,-0.6022,-0.0159
5637,01631.wav,1630,725728623,4.492,0.6190,0.5401,0.6979,0.7447,0.5401,TAO,0.7236,-0.1241,-0.0090
5638,05249.wav,5248,2337245417,4.609,0.6190,0.5498,0.6882,0.7751,0.5498,TAO,0.6382,-0.4990,-0.0296
5639,08857.wav,8856,3987673060,6.649,0.6190,0.5675,0.6704,0.5746,0.5675,TAO,0.3813,-0.6002,-0.0149
5640,04304.wav,4303,1906285678,2.066,0.6190,0.5495,0.6884,0.6978,0.5495,TAO,0.3699,0.0042,0.0061
5641,04219.wav,4218,1867450090,4.720,0.6189,0.6023,0.6356,0.4047,0.4047,TAO,0.3528,0.8031,0.0574
5642,00377.wav,376,163305265,1.963,0.6189,0.5537,0.6841,0.6668,0.5537,TAO,0.6018,0.3732,0.0086
5643,00352.wav,351,149095980,5.661,0.6189,0.6147,0.6230,0.4235,0.4235,PAT,0.2293,0.0310,0.0168
5644,03160.wav,3159,1386948516,4.658,0.6188,0.5632,0.6745,0.7001,0.5632,TAO,0.7192,-0.4009,-0.0167
5645,02346.wav,2345,1039568878,5.428,0.6188,0.5971,0.6404,0.4309,0.4309,PAT,0.3159,0.8333,0.0528
5646,00270.wav,269,119348658,2.386,0.6188,0.5774,0.6601,0.4226,0.4226,TAO,0.3744,0.5117,0.0340
5647,02205.wav,2204,982256299,4.669,0.6188,0.6073,0.6303,0.3749,0.3749,TAO,0.4394,0.6630,0.0404
5648,04711.wav,4710,2091649066,8.009,0.6187,0.5945,0.6430,0.5358,0.5358,TAO,0.3992,-0.3411,-0.0035
5649,00810.wav,809,356998418,1.775,0.6187,0.6206,0.6169,0.4289,0.4289,TAO,0.5401,0.3985,0.0388
5650,01092.wav,1091,479837648,5.814,0.6187,0.5446,0.6928,0.6958,0.5446,TAO,0.6975,-0.5799,-0.0256
5651,09354.wav,9353,4205966951,2.139,0.6187,0.5740,0.6633,0.5236,0.5236,LENT,0.3821,-0.7286,-0.0068
5652,07412.wav,7411,3332877231,3.124,0.6186,0.5965,0.6408,0.5077,0.5077,LENT,0.2300,-0.4310,-0.0076
5653,08924.wav,8923,4013879467,6.305,0.6186,0.5231,0.7140,0.6852,0.5231,TAO,0.6028,-0.8308,-0.0337
5654,02645.wav,2644,1167782829,3.132,0.6186,0.5506,0.6865,0.7380,0.5506,TAO,0.6877,-0.2998,-0.0155
5655,02679.wav,2678,1182688157,3.639,0.6185,0.5942,0.6429,0.5252,0.5252,TAO,0.4896,0.1454,0.0093
5656,08192.wav,8191,3679147177,9.352,0.6185,0.6015,0.6356,0.6066,0.6015,TAO,0.7140,-0.2949,-0.0020
5657,02982.wav,2981,1320163880,4.781,0.6185,0.5580,0.6790,0.5801,0.5580,TAO,0.4448,-1.5898,-0.0596
5658,06777.wav,6776,3022002524,4.890,0.6185,0.5454,0.6916,0.6959,0.5454,TAO,0.6606,-0.6517,-0.0261
5659,03330.wav,3329,1463708507,5.109,0.6184,0.5804,0.6565,0.4159,0.4159,LENT,0.2559,-0.0900,0.0107
5660,00124.wav,123,51075923,2.737,0.6184,0.5705,0.6663,0.7061,0.5705,TAO,0.6343,-0.0971,-0.0119
5661,06664.wav,6663,2974997710,5.652,0.6184,0.6078,0.6290,0.3458,0.3458,TAO,0.2766,0.7694,0.0610
5662,06874.wav,6873,3067865397,2.904,0.6184,0.5620,0.6747,0.5856,0.5620,TAO,0.5150,-0.1204,-0.0040
5663,08027.wav,8026,3616017901,4.703,0.6183,0.5675,0.6692,0.4710,0.4710,LENT,0.3573,-0.5418,-0.0067
5664,01978.wav,1977,885053161,2.263,0.6183,0.6448,0.5918,0.4988,0.4988,TAO,0.3933,1.2499,0.0581
5665,05303.wav,5302,2361313616,3.106,0.6183,0.5883,0.6483,0.4388,0.4388,TAO,0.3677,0.5051,0.0385
5666,06064.wav,6063,2705004834,6.132,0.6183,0.5880,0.6486,0.4520,0.4520,LENT,0.4665,0.2710,0.0307
5667,05854.wav,5853,2609717478,3.747,0.6182,0.6092,0.6273,0.4909,0.4909,TAO,0.4601,-0.2158,0.0078
5668,01568.wav,1567,688854628,6.244,0.6182,0.5982,0.6382,0.5914,0.5914,TAO,0.4639,-0.1158,0.0157
5669,02664.wav,2663,1175597172,3.466,0.6182,0.5620,0.6743,0.4373,0.4373,ANCIENT,0.3310,0.0035,0.0166
5670,04576.wav,4575,2031042776,2.502,0.6182,0.6068,0.6295,0.6652,0.6068,TAO,0.6024,0.3911,0.0205
5671,00204.wav,203,91720723,8.309,0.6182,0.5669,0.6694,0.4508,0.4508,TAO,0.4538,-0.6698,-0.0151
5672,03084.wav,3083,1356185553,6.034,0.6181,0.6104,0.6257,0.3782,0.3782,TAO,0.3067,0.7363,0.0476
5673,02312.wav,2311,1022478247,6.495,0.6181,0.5573,0.6788,0.7113,0.5573,TAO,0.6828,-0.2153,-0.0124
5674,06527.wav,6526,2911720396,4.780,0.6180,0.5666,0.6695,0.7006,0.5666,TAO,0.6183,-0.3515,-0.0159
5675,00639.wav,638,271990996,3.073,0.6180,0.5647,0.6713,0.6721,0.5647,TAO,0.7141,0.1559,0.0003
5676,01716.wav,1715,762800072,2.158,0.6180,0.6164,0.6196,0.4766,0.4766,TAO,0.4130,-0.8418,-0.0272
5677,00829.wav,828,364679369,2.112,0.6180,0.5074,0.7285,0.6183,0.5074,TAO,0.4947,-0.7432,-0.0367
5678,06091.wav,6090,2718530818,5.512,0.6179,0.5811,0.6547,0.4301,0.4301,TAO,0.4215,-0.3379,-0.0037
5679,03252.wav,3251,1427925706,4.723,0.6178,0.5694,0.6663,0.7036,0.5694,TAO,0.6007,-0.5747,-0.0271
5680,05315.wav,5314,2366870412,4.381,0.6178,0.5272,0.7083,0.6642,0.5272,TAO,0.4695,-1.3387,-0.0542
5681,03052.wav,3051,1347717840,4.734,0.6177,0.5550,0.6804,0.5155,0.5155,LENT,0.4842,-1.1907,-0.0405
5682,09161.wav,9160,4118213795,7.434,0.6177,0.5492,0.6862,0.7086,0.5492,TAO,0.7445,-0.7320,-0.0297
5683,03816.wav,3815,1686850470,6.009,0.6177,0.5461,0.6893,0.7640,0.5461,TAO,0.7064,-0.4572,-0.0226
5684,03644.wav,3643,1606981408,5.013,0.6177,0.5739,0.6615,0.6834,0.5739,TAO,0.5593,-0.3787,-0.0113
5685,05518.wav,5517,2454722976,4.776,0.6177,0.5461,0.6892,0.7244,0.5461,TAO,0.7274,-0.6280,-0.0290
5686,06453.wav,6452,2883581590,2.911,0.6177,0.5451,0.6902,0.6221,0.5451,TAO,0.6248,-0.2716,-0.0132
5687,03058.wav,3057,1347998381,2.746,0.6176,0.5706,0.6646,0.6663,0.5706,TAO,0.4757,0.5814,0.0175
5688,02708.wav,2707,1195859754,8.638,0.6176,0.5652,0.6700,0.7147,0.5652,LENT,0.7724,-0.7710,-0.0288
5689,00287.wav,286,124989516,2.374,0.6176,0.5936,0.6415,0.6749,0.5936,TAO,0.5272,0.1540,0.0028
5690,02563.wav,2562,1124779394,7.061,0.6175,0.5760,0.6591,0.6293,0.5760,LENT,0.7568,-0.4579,-0.0094
5691,02939.wav,2938,1299725838,4.871,0.6175,0.5695,0.6655,0.7431,0.5695,TAO,0.6745,-0.7662,-0.0248
5692,06093.wav,6092,2719873329,8.020,0.6175,0.5543,0.6807,0.6807,0.5543,TAO,0.7495,-0.0303,-0.0013
5693,04017.wav,4016,1783056900,5.013,0.6175,0.5766,0.6584,0.5733,0.5733,TAO,0.6717,0.1874,0.0086
5694,02572.wav,2571,1127564965,4.974,0.6175,0.5486,0.6864,0.5652,0.5486,TAO,0.7594,-0.2118,-0.0040
5695,05472.wav,5471,2432642757,3.643,0.6175,0.5539,0.6811,0.7499,0.5539,TAO,0.6417,-0.3581,-0.0161
5696,02786.wav,2785,1229193267,5.045,0.6174,0.5523,0.6825,0.5355,0.5355,TAO,0.3476,-0.8218,-0.0285
5697,05319.wav,5318,2368143246,1.820,0.6174,0.5544,0.6804,0.7741,0.5544,TAO,0.5127,0.0755,0.0030
5698,09402.wav,9401,4221363712,3.765,0.6174,0.5478,0.6869,0.7473,0.5478,TAO,0.5775,-0.2445,-0.0092
5699,03732.wav,3731,1646701835,3.941,0.6173,0.5731,0.6615,0.4667,0.4667,TAO,0.2938,-0.4017,-0.0103
5700,06021.wav,6020,2680617829,4.363,0.6173,0.5509,0.6837,0.6977,0.5509,TAO,0.6872,-1.1243,-0.0515
5701,07202.wav,7201,3223716194,13.057,0.6172,0.5850,0.6495,0.6971,0.5850,TAO,0.7404,-0.0006,0.0015
5702,07177.wav,7176,3212194121,4.697,0.6172,0.5531,0.6813,0.6890,0.5531,TAO,0.8119,-0.2330,-0.0122
5703,00083.wav,82,36604467,1.613,0.6172,0.5733,0.6611,0.6494,0.5733,TAO,0.5439,0.3027,0.0203
5704,00846.wav,845,374347885,2.295,0.6172,0.5294,0.7050,0.7149,0.5294,TAO,0.6669,-0.3102,-0.0193
5705,00861.wav,860,379528138,7.638,0.6172,0.5630,0.6714,0.6832,0.5630,TAO,0.6574,-0.6703,-0.0251
5706,00931.wav,930,410674738,6.220,0.6172,0.5902,0.6441,0.4983,0.4983,TAO,0.4583,-0.7344,-0.0159
5707,08545.wav,8544,3843763274,4.901,0.6172,0.5895,0.6448,0.6854,0.5895,TAO,0.6696,-0.3189,-0.0122
5708,08693.wav,8692,3909586798,8.039,0.6171,0.5550,0.6793,0.4442,0.4442,TAO,0.3254,0.8717,0.0449
5709,02070.wav,2069,919088427,7.410,0.6171,0.5627,0.6715,0.6855,0.5627,TAO,0.7229,-0.4197,-0.0224
5710,06409.wav,6408,2862497219,4.593,0.6171,0.5440,0.6902,0.4799,0.4799,TAO,0.3260,-0.3727,-0.0008
5711,01331.wav,1330,588956537,2.361,0.6171,0.5483,0.6858,0.7272,0.5483,TAO,0.5877,-0.6315,-0.0398
5712,04813.wav,4812,2140708080,3.547,0.6170,0.5472,0.6869,0.6956,0.5472,TAO,0.7195,-0.5920,-0.0346
5713,07766.wav,7765,3494578859,1.904,0.6170,0.5622,0.6718,0.6615,0.5622,TAO,0.5642,0.3596,0.0086
5714,00364.wav,363,155597284,5.962,0.6170,0.5544,0.6795,0.7383,0.5544,TAO,0.7171,-0.1652,-0.0135
5715,01659.wav,1658,737066535,9.806,0.6169,0.5789,0.6550,0.6023,0.5789,LENT,0.7881,-0.1638,-0.0008
5716,08505.wav,8504,3823569929,8.550,0.6169,0.5573,0.6765,0.4735,0.4735,TAO,0.4279,-0.7770,-0.0138
5717,00193.wav,192,80693249,6.337,0.6168,0.5360,0.6976,0.5740,0.5360,TAO,0.3864,-1.5480,-0.0594
5718,06105.wav,6104,2725139916,4.135,0.6168,0.6286,0.6050,0.3396,0.3396,TAO,0.3205,0.5169,0.0439
5719,01917.wav,1916,859079721,8.659,0.6167,0.5900,0.6435,0.3793,0.3793,TAO,0.3247,-0.3677,0.0004
5720,08416.wav,8415,3778895983,5.011,0.6167,0.5550,0.6785,0.4713,0.4713,TAO,0.4135,-1.1032,-0.0355
5721,08280.wav,8279,3715603171,3.037,0.6167,0.5684,0.6649,0.7485,0.5684,TAO,0.5960,-0.0798,-0.0058
5722,05623.wav,5622,2499019243,3.071,0.6167,0.5744,0.6589,0.4072,0.4072,TAO,0.2760,0.2367,0.0239
5723,05361.wav,5360,2379148417,6.546,0.6166,0.5640,0.6693,0.4794,0.4794,TAO,0.2870,-0.4953,-0.0042
5724,02031.wav,2030,905157544,2.051,0.6166,0.6002,0.6330,0.6505,0.6002,TAO,0.3579,0.1410,0.0143
5725,08278.wav,8277,3714971637,2.600,0.6166,0.6108,0.6224,0.4591,0.4591,TAO,0.3316,1.2562,0.0646
5726,07192.wav,7191,3220315083,4.234,0.6164,0.5725,0.6604,0.6842,0.5725,TAO,0.5990,-0.6172,-0.0204
5727,01647.wav,1646,731987503,4.386,0.6164,0.5597,0.6731,0.7035,0.5597,TAO,0.5845,-0.8425,-0.0350
5728,06485.wav,6484,2895898515,5.020,0.6164,0.5856,0.6472,0.3489,0.3489,TAO,0.2464,0.5338,0.0436
5729,00668.wav,667,288398041,1.923,0.6164,0.5751,0.6577,0.6975,0.5751,TAO,0.4577,0.2580,0.0058
5730,03839.wav,3838,1699658787,8.600,0.6164,0.5710,0.6618,0.5419,0.5419,LENT,0.7986,-0.5244,-0.0072
5731,08888.wav,8887,4002971434,6.248,0.6164,0.5427,0.6901,0.6684,0.5427,TAO,0.5905,-0.6151,-0.0270
5732,05986.wav,5985,2666709227,2.817,0.6163,0.5965,0.6362,0.5371,0.5371,TAO,0.5015,0.2752,0.0236
5733,02684.wav,2683,1186057871,8.501,0.6163,0.6078,0.6248,0.3460,0.3460,TAO,0.3320,0.2202,0.0329
5734,03108.wav,3107,1366563632,4.070,0.6163,0.5558,0.6767,0.6035,0.5558,TAO,0.6925,-0.3338,-0.0160
5735,00059.wav,58,25014890,6.829,0.6162,0.5875,0.6449,0.5988,0.5875,LENT,0.7457,-0.5427,-0.0096
5736,07505.wav,7504,3374892457,3.878,0.6162,0.5778,0.6546,0.5421,0.5421,ANCIENT,0.5024,0.5832,0.0340
5737,01765.wav,1764,788548713,5.854,0.6162,0.5638,0.6686,0.6790,0.5638,TAO,0.6816,-0.6981,-0.0316
5738,05705.wav,5704,2541045968,5.675,0.6161,0.5706,0.6617,0.5888,0.5706,TAO,0.6042,-0.3687,-0.0136
5739,08816.wav,8815,3963686027,5.424,0.6161,0.6116,0.6206,0.4038,0.4038,TAO,0.3897,0.8786,0.0619
5740,02610.wav,2609,1144196809,3.396,0.6161,0.5833,0.6489,0.4910,0.4910,TAO,0.3493,0.7108,0.0433
5741,04656.wav,4655,2066803274,6.553,0.6161,0.5983,0.6339,0.5737,0.5737,TAO,0.4264,-0.3997,-0.0067
5742,08758.wav,8757,3941357958,3.248,0.6160,0.5672,0.6648,0.7268,0.5672,LENT,0.6487,-0.6536,-0.0278
5743,02792.wav,2791,1233575172,5.833,0.6160,0.5798,0.6522,0.4367,0.4367,TAO,0.3933,-0.7666,-0.0147
5744,08370.wav,8369,3754845261,5.751,0.6160,0.5525,0.6795,0.6004,0.5525,TAO,0.6003,-0.7968,-0.0301
5745,07056.wav,7055,3154693839,2.598,0.6160,0.5786,0.6533,0.5703,0.5703,TAO,0.5458,0.6745,0.0387
5746,04212.wav,4211,1866601320,6.250,0.6160,0.5906,0.6413,0.6470,0.5906,TAO,0.6234,-0.2957,-0.0106
5747,05581.wav,5580,2481743430,4.259,0.6159,0.6002,0.6316,0.6653,0.6002,TAO,0.5106,0.1319,0.0085
5748,04308.wav,4307,1907579531,7.224,0.6159,0.5505,0.6812,0.4053,0.4053,TAO,0.2766,-0.1233,0.0148
5749,07791.wav,7790,3505060999,4.154,0.6159,0.5584,0.6733,0.6212,0.5584,TAO,0.5686,-0.0909,0.0004
5750,08433.wav,8432,3784679620,4.848,0.6158,0.5491,0.6826,0.5709,0.5491,TAO,0.4686,-1.0705,-0.0276
5751,04516.wav,4515,2005404598,5.106,0.6158,0.5470,0.6847,0.4742,0.4742,TAO,0.2958,0.0112,0.0163
5752,06183.wav,6182,2762590376,3.071,0.6158,0.5330,0.6986,0.6907,0.5330,TAO,0.6532,-0.7059,-0.0381
5753,06757.wav,6756,3014241448,6.096,0.6158,0.5738,0.6577,0.6173,0.5738,LENT,0.7107,-0.2541,-0.0092
5754,01931.wav,1930,865519368,5.337,0.6157,0.5450,0.6865,0.5433,0.5433,TAO,0.3697,-0.1695,-0.0188
5755,02615.wav,2614,1145672749,3.750,0.6157,0.6044,0.6270,0.4286,0.4286,LENT,0.3293,-0.1619,0.0025
5756,08869.wav,8868,3994946090,3.067,0.6157,0.5551,0.6762,0.6862,0.5551,TAO,0.5472,-0.6168,-0.0370
5757,03751.wav,3750,1655135052,6.932,0.6156,0.5787,0.6525,0.4752,0.4752,LENT,0.3014,-0.2015,0.0111
5758,05837.wav,5836,2601094570,6.014,0.6156,0.5764,0.6548,0.6704,0.5764,TAO,0.6587,-0.5235,-0.0121
5759,00445.wav,444,191956599,2.488,0.6156,0.5526,0.6786,0.4705,0.4705,TAO,0.3763,0.2857,0.0279
5760,00745.wav,744,324788425,2.980,0.6155,0.5545,0.6765,0.7076,0.5545,TAO,0.5573,-0.4125,-0.0182
5761,01691.wav,1690,753354976,5.325,0.6155,0.5602,0.6708,0.4234,0.4234,PAT,0.2543,-0.5582,-0.0038
5762,02715.wav,2714,1199663431,4.833,0.6155,0.5630,0.6679,0.7079,0.5630,TAO,0.7606,-0.0742,-0.0031
5763,02281.wav,2280,1013657095,3.217,0.6154,0.5663,0.6645,0.4187,0.4187,ANCIENT,0.3853,0.6462,0.0426
5764,09338.wav,9337,4196414325,3.699,0.6154,0.5278,0.7030,0.4754,0.4754,LENT,0.3076,-0.8332,-0.0241
5765,07462.wav,7461,3357868046,10.629,0.6154,0.5678,0.6629,0.3920,0.3920,TAO,0.2502,0.1202,0.0208
5766,00135.wav,134,57454052,4.264,0.6154,0.5589,0.6718,0.4551,0.4551,TAO,0.3586,-0.3585,0.0081
5767,06013.wav,6012,2677018474,6.292,0.6153,0.5754,0.6552,0.4856,0.4856,ANCIENT,0.3900,-0.0195,0.0159
5768,03035.wav,3034,1342215765,8.611,0.6153,0.5564,0.6742,0.4011,0.4011,TAO,0.3167,0.5413,0.0348
5769,03893.wav,3892,1722800976,7.575,0.6153,0.5548,0.6757,0.6892,0.5548,TAO,0.7594,-0.1436,-0.0081
5770,09057.wav,9056,4075215186,7.709,0.6153,0.5898,0.6407,0.4379,0.4379,PAT,0.3689,-0.3073,0.0008
5771,02220.wav,2219,987922537,5.502,0.6152,0.5588,0.6715,0.5433,0.5433,TAO,0.4235,-1.0718,-0.0354
5772,00522.wav,521,226128292,3.718,0.6152,0.5396,0.6908,0.6161,0.5396,TAO,0.3905,-1.3855,-0.0563
5773,02789.wav,2788,1231084225,4.317,0.6151,0.5786,0.6516,0.7050,0.5786,TAO,0.7441,-0.4132,-0.0128
5774,06683.wav,6682,2983696358,2.582,0.6151,0.5990,0.6312,0.5864,0.5864,TAO,0.4400,0.9720,0.0472
5775,07116.wav,7115,3186039914,6.411,0.6151,0.5979,0.6323,0.3310,0.3310,TAO,0.2339,1.3051,0.0769
5776,06988.wav,6987,3122372150,2.464,0.6151,0.5551,0.6750,0.7043,0.5551,LENT,0.6284,-0.8848,-0.0439
5777,07552.wav,7551,3396911019,3.951,0.6150,0.5411,0.6889,0.7261,0.5411,TAO,0.6647,-0.5360,-0.0247
5778,05935.wav,5934,2651338637,7.137,0.6150,0.5748,0.6552,0.4561,0.4561,TAO,0.5209,-0.6330,-0.0115
5779,05102.wav,5101,2270659567,6.720,0.6150,0.5396,0.6904,0.6644,0.5396,TAO,0.7486,-0.7250,-0.0245
5780,06251.wav,6250,2795126986,2.088,0.6150,0.5483,0.6817,0.6610,0.5483,TAO,0.4591,0.0105,0.0044
5781,00579.wav,578,247994995,5.454,0.6149,0.5879,0.6419,0.3395,0.3395,TAO,0.2398,0.8421,0.0589
5782,06775.wav,6774,3019764542,6.473,0.6149,0.5379,0.6919,0.4526,0.4526,LENT,0.2679,-0.8401,-0.0207
5783,03435.wav,3434,1518811701,3.542,0.6148,0.5931,0.6366,0.4333,0.4333,TAO,0.3049,0.6468,0.0452
5784,06719.wav,6718,2996801472,7.016,0.6148,0.5879,0.6417,0.4939,0.4939,TAO,0.4083,-0.1459,0.0055
5785,04387.wav,4386,1942687664,4.314,0.6148,0.5685,0.6610,0.4985,0.4985,LENT,0.3612,-0.5041,-0.0064
5786,01809.wav,1808,811031977,4.524,0.6148,0.5699,0.6596,0.6387,0.5699,TAO,0.6857,-0.2959,-0.0126
5787,04259.wav,4258,1887696393,6.986,0.6147,0.5957,0.6338,0.5590,0.5590,TAO,0.5389,0.1782,0.0162
5788,05183.wav,5182,2305175366,5.260,0.6147,0.5605,0.6690,0.4229,0.4229,ANCIENT,0.3092,0.5198,0.0414
5789,03458.wav,3457,1531443986,2.557,0.6147,0.5539,0.6755,0.5613,0.5539,TAO,0.5388,-0.1325,-0.0009
5790,01702.wav,1701,756910535,7.174,0.6147,0.5562,0.6732,0.6801,0.5562,TAO,0.7634,-0.1549,-0.0036
5791,05687.wav,5686,2529216009,6.851,0.6147,0.5738,0.6556,0.6922,0.5738,TAO,0.7988,-0.3842,-0.0089
5792,02141.wav,2140,952308083,6.208,0.6147,0.5647,0.6646,0.4702,0.4702,TAO,0.3025,-0.2313,0.0017
5793,00129.wav,128,52371627,6.580,0.6147,0.5640,0.6653,0.5183,0.5183,TAO,0.3702,-0.8757,-0.0276
5794,05435.wav,5434,2418868619,8.135,0.6146,0.5688,0.6604,0.7052,0.5688,TAO,0.7380,-0.3453,-0.0126
5795,07957.wav,7956,3585413675,4.327,0.6146,0.5783,0.6509,0.6200,0.5783,TAO,0.5508,-0.1525,-0.0065
5796,03640.wav,3639,1606403722,6.065,0.6145,0.5802,0.6488,0.4103,0.4103,TAO,0.3267,-0.4432,0.0028
5797,03882.wav,3881,1716979453,2.896,0.6145,0.5519,0.6771,0.5633,0.5519,TAO,0.4659,-0.6518,-0.0160
5798,02861.wav,2860,1264485521,7.824,0.6145,0.5699,0.6591,0.7224,0.5699,TAO,0.7997,-0.4409,-0.0147
5799,08126.wav,8125,3655445520,2.172,0.6145,0.5762,0.6527,0.6871,0.5762,TAO,0.6348,-0.3393,-0.0157
5800,02413.wav,2412,1065022895,3.991,0.6144,0.6121,0.6167,0.3211,0.3211,TAO,0.2360,0.9171,0.0553
5801,07091.wav,7090,3170981443,4.101,0.6144,0.5726,0.6562,0.4927,0.4927,LENT,0.2697,0.0581,0.0101
5802,01533.wav,1532,674175120,6.255,0.6143,0.5710,0.6577,0.4020,0.4020,TAO,0.2529,0.1698,0.0246
5803,00249.wav,248,110159928,4.470,0.6143,0.6256,0.6030,0.3796,0.3796,ANCIENT,0.2993,0.8370,0.0601
5804,04852.wav,4851,2153009483,5.731,0.6143,0.5627,0.6659,0.5421,0.5421,LENT,0.5395,-0.7193,-0.0110
5805,03405.wav,3404,1500797581,8.817,0.6143,0.5873,0.6413,0.5457,0.5457,TAO,0.5886,-0.5213,-0.0082
5806,06879.wav,6878,3070986819,4.360,0.6143,0.5687,0.6599,0.6421,0.5687,TAO,0.7805,-0.1359,-0.0023
5807,02276.wav,2275,1010843948,2.639,0.6142,0.5277,0.7008,0.7592,0.5277,TAO,0.6813,-0.4455,-0.0289
5808,04021.wav,4020,1784121391,8.468,0.6142,0.5831,0.6453,0.6576,0.5831,TAO,0.8131,0.0861,0.0107
5809,08294.wav,8293,3722192271,1.712,0.6142,0.6119,0.6164,0.5735,0.5735,TAO,0.3531,0.7871,0.0383
5810,04939.wav,4938,2191591104,8.502,0.6141,0.5705,0.6578,0.4491,0.4491,LENT,0.3047,-0.3849,-0.0030
5811,05208.wav,5207,2318583786,6.791,0.6141,0.6005,0.6277,0.4482,0.4482,TAO,0.3418,-0.3844,-0.0003
5812,00964.wav,963,428895912,7.231,0.6141,0.5911,0.6371,0.6333,0.5911,TAO,0.7477,0.0652,0.0095
5813,04421.wav,4420,1957303154,3.192,0.6141,0.6426,0.5856,0.4715,0.4715,TAO,0.3480,1.1918,0.0679
5814,02364.wav,2363,1046015461,5.307,0.6141,0.5801,0.6481,0.5322,0.5322,TAO,0.3904,-0.4973,-0.0042
5815,01029.wav,1028,452762473,6.243,0.6140,0.5670,0.6611,0.7372,0.5670,TAO,0.7156,-0.3004,-0.0109
5816,05434.wav,5433,2418519274,3.284,0.6140,0.5688,0.6592,0.6936,0.5688,TAO,0.7134,-0.1319,-0.0136
5817,05530.wav,5529,2459914613,6.463,0.6139,0.5938,0.6341,0.4025,0.4025,TAO,0.2087,-0.0452,0.0181
5818,04246.wav,4245,1881313988,8.527,0.6139,0.5739,0.6539,0.4313,0.4313,PAT,0.2169,-0.1706,0.0128
5819,01230.wav,1229,547083923,3.937,0.6139,0.5959,0.6318,0.3340,0.3340,ANCIENT,0.3179,0.9647,0.0623
5820,06620.wav,6619,2954562189,6.154,0.6138,0.5460,0.6816,0.7865,0.5460,TAO,0.6667,-0.6448,-0.0334
5821,09511.wav,9510,4266011845,5.122,0.6138,0.5868,0.6408,0.5820,0.5820,TAO,0.5487,-0.1038,0.0011
5822,02801.wav,2800,1236262800,8.574,0.6138,0.5559,0.6717,0.7061,0.5559,LENT,0.7804,-0.3646,-0.0153
5823,03361.wav,3360,1478115052,7.453,0.6138,0.5748,0.6528,0.3814,0.3814,TAO,0.2870,0.5372,0.0422
5824,04370.wav,4369,1937077607,3.486,0.6137,0.5725,0.6549,0.5328,0.5328,TAO,0.4817,-0.9392,-0.0335
5825,06910.wav,6909,3087871628,5.666,0.6137,0.5938,0.6336,0.5712,0.5712,TAO,0.4489,-0.6147,-0.0134
5826,06589.wav,6588,2943238591,3.621,0.6137,0.5594,0.6680,0.4764,0.4764,TAO,0.3773,-0.0077,0.0124
5827,08701.wav,8700,3912423895,2.125,0.6135,0.5595,0.6676,0.6489,0.5595,TAO,0.4488,-1.3716,-0.0577
5828,04131.wav,4130,1829035147,3.701,0.6135,0.5784,0.6486,0.3987,0.3987,TAO,0.2700,0.2445,0.0297
5829,04287.wav,4286,1899232749,2.681,0.6135,0.5608,0.6662,0.6540,0.5608,LENT,0.7422,-0.6415,-0.0284
5830,08830.wav,8829,3969289203,3.042,0.6134,0.5505,0.6763,0.6220,0.5505,TAO,0.6777,-0.4215,-0.0228
5831,04763.wav,4762,2117460864,7.120,0.6133,0.5796,0.6471,0.6208,0.5796,TAO,0.6908,-0.2626,-0.0053
5832,01238.wav,1237,552052492,5.503,0.6133,0.5980,0.6287,0.3965,0.3965,TAO,0.4414,-0.0781,0.0121
5833,00574.wav,573,246318095,6.563,0.6133,0.5634,0.6632,0.3690,0.3690,TAO,0.2592,0.4202,0.0364
5834,01031.wav,1030,453337638,4.069,0.6133,0.5325,0.6941,0.7506,0.5325,TAO,0.6938,-0.3099,-0.0180
5835,00180.wav,179,75149515,2.835,0.6132,0.5667,0.6598,0.6707,0.5667,TAO,0.6106,-0.5206,-0.0127
5836,03520.wav,3519,1557651373,3.411,0.6132,0.5246,0.7019,0.6949,0.5246,TAO,0.5779,-1.2987,-0.0495
5837,07780.wav,7779,3501525888,4.628,0.6132,0.5878,0.6386,0.3882,0.3882,TAO,0.3440,1.1510,0.0728
5838,04198.wav,4197,1860546292,6.520,0.6132,0.5776,0.6487,0.6417,0.5776,TAO,0.6036,-0.2843,-0.0094
5839,09560.wav,9559,4291113996,5.164,0.6131,0.5594,0.6668,0.4627,0.4627,TAO,0.2734,0.2618,0.0245
5840,09510.wav,9509,4265954603,1.951,0.6131,0.5734,0.6527,0.6416,0.5734,TAO,0.5117,0.4650,0.0199
5841,05073.wav,5072,2254138986,2.785,0.6130,0.5601,0.6659,0.5440,0.5440,TAO,0.3379,-0.3796,-0.0112
5842,05888.wav,5887,2628211404,2.694,0.6130,0.5750,0.6510,0.6063,0.5750,TAO,0.5059,-0.2354,-0.0071
5843,06426.wav,6425,2872121398,4.929,0.6130,0.5980,0.6279,0.4109,0.4109,ANCIENT,0.3497,0.2938,0.0316
5844,01107.wav,1106,486914117,7.064,0.6129,0.5871,0.6388,0.5016,0.5016,TAO,0.3929,-0.2259,0.0080
5845,01490.wav,1489,657097551,6.425,0.6129,0.5405,0.6853,0.7134,0.5405,TAO,0.7007,-1.2525,-0.0569
5846,08946.wav,8945,4025655726,7.164,0.6129,0.5527,0.6730,0.4512,0.4512,PAT,0.2951,-0.7483,-0.0204
5847,04751.wav,4750,2112190735,4.669,0.6129,0.5759,0.6498,0.6985,0.5759,TAO,0.6946,-0.1470,-0.0036
5848,02009.wav,2008,894045412,2.631,0.6127,0.5429,0.6826,0.4897,0.4897,TAO,0.3087,-0.2591,0.0021
5849,06803.wav,6802,3038142090,7.107,0.6127,0.5336,0.6918,0.4641,0.4641,LENT,0.3271,-0.5735,-0.0110
5850,02354.wav,2353,1041101613,6.169,0.6127,0.5552,0.6703,0.4618,0.4618,LENT,0.2190,-0.2628,0.0024
5851,00865.wav,864,381252234,7.142,0.6126,0.5702,0.6550,0.6042,0.5702,LENT,0.7001,-0.7628,-0.0247
5852,07909.wav,7908,3568267302,4.798,0.6126,0.5598,0.6655,0.6989,0.5598,TAO,0.7624,-0.0878,-0.0056
5853,01958.wav,1957,875476767,4.073,0.6126,0.5313,0.6939,0.7329,0.5313,TAO,0.6712,-0.3830,-0.0193
5854,07389.wav,7388,3316475581,5.806,0.6126,0.5467,0.6785,0.4510,0.4510,PAT,0.2165,-0.6985,-0.0179
5855,04994.wav,4993,2214476299,3.623,0.6126,0.6058,0.6194,0.4962,0.4962,PAT,0.2928,0.1093,0.0158
5856,07546.wav,7545,3395823367,6.157,0.6126,0.5900,0.6351,0.6468,0.5900,TAO,0.7193,-0.1954,-0.0042
5857,03385.wav,3384,1492845197,7.745,0.6125,0.5896,0.6355,0.4231,0.4231,TAO,0.3337,0.8676,0.0590
5858,01909.wav,1908,855011876,1.804,0.6125,0.5450,0.6800,0.6928,0.5450,TAO,0.5575,-0.8243,-0.0359
5859,04531.wav,4530,2011557578,7.059,0.6125,0.5750,0.6499,0.5157,0.5157,TAO,0.3916,-0.6329,-0.0136
5860,03873.wav,3872,1713153257,8.041,0.6125,0.5899,0.6350,0.3898,0.3898,TAO,0.2953,1.0449,0.0680
5861,07210.wav,7209,3228358742,8.401,0.6124,0.5648,0.6600,0.3605,0.3605,PAT,0.3369,0.6469,0.0472
5862,01708.wav,1707,760843652,6.587,0.6124,0.5911,0.6336,0.5362,0.5362,TAO,0.5417,-0.0240,0.0102
5863,04454.wav,4453,1969949481,7.546,0.6123,0.5471,0.6776,0.7306,0.5471,TAO,0.7253,-0.9758,-0.0439
5864,04022.wav,4021,1784163050,9.547,0.6123,0.5829,0.6417,0.5965,0.5829,TAO,0.4324,-0.4629,-0.0149
5865,04749.wav,4748,2111435824,4.847,0.6122,0.5973,0.6272,0.3624,0.3624,TAO,0.2626,0.3836,0.0329
5866,01826.wav,1825,814111151,9.036,0.6122,0.5729,0.6516,0.4161,0.4161,LENT,0.2605,-0.0041,0.0163
5867,08726.wav,8725,3925590798,3.038,0.6122,0.5763,0.6480,0.7112,0.5763,TAO,0.5983,-0.4266,-0.0160
5868,01471.wav,1470,650660425,5.385,0.6122,0.5627,0.6616,0.6103,0.5627,TAO,0.7034,-0.3513,-0.0157
5869,00029.wav,28,12663187,5.198,0.6122,0.5858,0.6385,0.3411,0.3411,ANCIENT,0.2848,0.6990,0.0549
5870,05835.wav,5834,2597974000,7.845,0.6121,0.5891,0.6351,0.3920,0.3920,TAO,0.3041,0.8055,0.0598
5871,07201.wav,7200,3223337973,8.458,0.6121,0.5612,0.6630,0.4738,0.4738,TAO,0.3013,-0.5407,-0.0097
5872,02195.wav,2194,973377574,7.801,0.6120,0.5959,0.6282,0.4749,0.4749,TAO,0.3089,-0.1868,0.0119
5873,06216.wav,6215,2780129253,6.696,0.6120,0.6020,0.6221,0.6146,0.6020,TAO,0.6028,-0.1928,-0.0013
5874,09561.wav,9560,4291168717,4.510,0.6120,0.6216,0.6024,0.3730,0.3730,TAO,0.3414,1.0713,0.0651
5875,03967.wav,3966,1753556303,4.726,0.6120,0.5720,0.6519,0.4182,0.4182,ANCIENT,0.2813,0.0403,0.0213
5876,08918.wav,8917,4012648292,4.950,0.6119,0.5952,0.6286,0.5057,0.5057,TAO,0.2956,0.0164,0.0051
5877,04931.wav,4930,2190493360,4.805,0.6119,0.5608,0.6630,0.4273,0.4273,TAO,0.4173,-0.9193,-0.0225
5878,00279.wav,278,123545583,5.488,0.6119,0.5476,0.6762,0.4375,0.4375,TAO,0.3232,-1.0033,-0.0251
5879,04775.wav,4774,2122426912,3.103,0.6119,0.5738,0.6499,0.6233,0.5738,TAO,0.6859,-1.0040,-0.0342
5880,06325.wav,6324,2829352965,1.893,0.6119,0.5486,0.6752,0.7209,0.5486,TAO,0.6442,-0.1548,-0.0038
5881,04786.wav,4785,2127139764,6.902,0.6119,0.5539,0.6698,0.6427,0.5539,TAO,0.8332,-0.3095,-0.0150
5882,05106.wav,5105,2271234732,5.219,0.6119,0.5381,0.6856,0.7497,0.5381,TAO,0.7337,-0.4389,-0.0202
5883,02906.wav,2905,1290740523,3.224,0.6118,0.5718,0.6519,0.4761,0.4761,TAO,0.3009,0.5556,0.0413
5884,01247.wav,1246,554488718,2.582,0.6118,0.5857,0.6379,0.5721,0.5721,TAO,0.4264,0.8749,0.0436
5885,01150.wav,1149,506790319,1.835,0.6118,0.5894,0.6342,0.6425,0.5894,TAO,0.6962,0.3054,0.0139
5886,02995.wav,2994,1323146674,6.926,0.6118,0.5747,0.6488,0.5582,0.5582,TAO,0.6475,-0.4387,-0.0102
5887,00464.wav,463,197861391,4.839,0.6118,0.5762,0.6473,0.4401,0.4401,TAO,0.4643,-0.0550,0.0138
5888,09465.wav,9464,4249614799,3.747,0.6117,0.5545,0.6690,0.7307,0.5545,TAO,0.6851,0.1033,0.0031
5889,06500.wav,6499,2902392883,6.433,0.6117,0.5696,0.6539,0.5755,0.5696,TAO,0.7099,-0.3461,-0.0063
5890,06920.wav,6919,3089719627,3.524,0.6117,0.5566,0.6668,0.7367,0.5566,TAO,0.7207,-0.0759,-0.0026
5891,03320.wav,3319,1459347521,8.991,0.6117,0.5315,0.6919,0.7728,0.5315,TAO,0.6783,-0.3732,-0.0221
5892,01957.wav,1956,874846881,7.716,0.6116,0.5509,0.6723,0.6565,0.5509,TAO,0.7884,0.0311,0.0052
5893,01131.wav,1130,502267212,7.086,0.6116,0.5717,0.6514,0.5615,0.5615,TAO,0.6147,-0.2095,0.0043
5894,05321.wav,5320,2368492591,3.941,0.6115,0.6040,0.6189,0.5566,0.5566,TAO,0.5657,-0.4716,-0.0066
5895,04269.wav,4268,1891227207,2.919,0.6115,0.5984,0.6245,0.4181,0.4181,ANCIENT,0.3369,1.0321,0.0581
5896,04437.wav,4436,1963270952,7.203,0.6114,0.5805,0.6424,0.4663,0.4663,LENT,0.2432,-0.2313,0.0083
5897,01734.wav,1733,778618890,7.157,0.6114,0.5553,0.6675,0.4041,0.4041,PAT,0.2831,0.1141,0.0255
5898,01243.wav,1242,553510508,4.935,0.6114,0.5893,0.6334,0.5750,0.5750,TAO,0.4261,-0.2777,-0.0026
5899,05244.wav,5243,2334145577,5.712,0.6114,0.5569,0.6658,0.4790,0.4790,TAO,0.2911,0.2375,0.0281
5900,02533.wav,2532,1117611824,1.083,0.6113,0.5656,0.6571,0.4483,0.4483,TAO,0.3686,0.0005,0.0044
5901,00430.wav,429,184856478,2.034,0.6113,0.5471,0.6755,0.6967,0.5471,TAO,0.6879,-0.6866,-0.0318
5902,08087.wav,8086,3638519332,6.249,0.6113,0.5306,0.6919,0.4439,0.4439,TAO,0.2882,-0.2937,0.0007
5903,06773.wav,6772,3019466724,6.505,0.6112,0.5505,0.6720,0.4410,0.4410,TAO,0.2458,-0.7097,-0.0115
5904,03601.wav,3600,1591672014,4.647,0.6112,0.5820,0.6403,0.6758,0.5820,TAO,0.7010,-0.3366,-0.0142
5905,02589.wav,2588,1137123882,8.352,0.6111,0.5580,0.6643,0.6917,0.5580,TAO,0.6903,-0.4477,-0.0146
5906,05982.wav,5981,2663527198,2.886,0.6111,0.5306,0.6917,0.5834,0.5306,TAO,0.3413,-0.6503,-0.0164
5907,00109.wav,108,46672066,7.409,0.6111,0.5730,0.6492,0.5892,0.5730,LENT,0.7604,-0.1961,-0.0034
5908,07281.wav,7280,3264173961,6.785,0.6111,0.5777,0.6445,0.5324,0.5324,TAO,0.4306,-0.5880,-0.0115
5909,05476.wav,5475,2432945943,2.477,0.6111,0.5443,0.6779,0.6673,0.5443,TAO,0.6777,-0.0303,-0.0077
5910,08976.wav,8975,4036658376,8.081,0.6111,0.5603,0.6619,0.6560,0.5603,TAO,0.8249,-0.1370,-0.0070
5911,06430.wav,6429,2876590542,3.773,0.6111,0.5488,0.6733,0.6817,0.5488,TAO,0.6873,-0.3818,-0.0164
5912,07981.wav,7980,3593948054,2.901,0.6110,0.5359,0.6862,0.6103,0.5359,TAO,0.6276,-0.9460,-0.0399
5913,08980.wav,8979,4037287241,4.165,0.6110,0.5831,0.6390,0.4634,0.4634,TAO,0.2691,-0.1443,0.0094
5914,02408.wav,2407,1064044685,4.737,0.6108,0.5430,0.6787,0.7457,0.5430,TAO,0.6645,-0.6916,-0.0294
5915,05193.wav,5192,2312082482,4.693,0.6108,0.5768,0.6449,0.5102,0.5102,LENT,0.3191,-0.0728,0.0133
5916,07031.wav,7030,3140202576,2.290,0.6108,0.5431,0.6784,0.7055,0.5431,TAO,0.4585,0.1269,-0.0022
5917,00155.wav,154,67483464,2.590,0.6106,0.5753,0.6459,0.5623,0.5623,TAO,0.6110,-0.3998,-0.0126
5918,08003.wav,8002,3600548428,5.174,0.6106,0.5553,0.6659,0.6940,0.5553,TAO,0.6299,-1.2036,-0.0467
5919,08755.wav,8754,3938627108,5.599,0.6105,0.5314,0.6897,0.7403,0.5314,TAO,0.7511,-0.6981,-0.0325
5920,08107.wav,8106,3648472647,3.961,0.6105,0.5972,0.6238,0.4328,0.4328,TAO,0.4005,1.1928,0.0606
5921,02794.wav,2793,1233995152,2.979,0.6105,0.5753,0.6457,0.5362,0.5362,TAO,0.6246,0.3852,0.0294
5922,05683.wav,5682,2528531402,6.854,0.6105,0.5904,0.6306,0.5939,0.5904,TAO,0.3972,-0.2554,-0.0028
5923,07151.wav,7150,3200295358,5.080,0.6104,0.5366,0.6843,0.6624,0.5366,TAO,0.7529,-0.6847,-0.0304
5924,08977.wav,8976,4036884196,6.476,0.6104,0.5891,0.6317,0.4314,0.4314,TAO,0.3178,-0.4087,-0.0013
5925,01271.wav,1270,566278039,3.863,0.6104,0.5611,0.6597,0.3851,0.3851,LENT,0.3693,-0.4025,0.0007
5926,00183.wav,182,75724680,6.859,0.6103,0.5572,0.6634,0.4639,0.4639,TAO,0.2779,-0.6735,-0.0204
5927,00826.wav,825,362704608,2.199,0.6103,0.5448,0.6759,0.5700,0.5448,TAO,0.4038,-0.3400,-0.0042
5928,08808.wav,8807,3961138738,5.602,0.6103,0.6169,0.6037,0.5113,0.5113,TAO,0.5067,-0.0487,0.0051
5929,05862.wav,5861,2616728337,3.035,0.6103,0.5527,0.6678,0.6399,0.5527,TAO,0.7458,-0.2005,-0.0141
5930,02201.wav,2200,977765485,2.087,0.6102,0.5586,0.6618,0.6310,0.5586,LENT,0.5561,0.2028,0.0166
5931,00799.wav,798,352548207,2.967,0.6102,0.5573,0.6631,0.5785,0.5573,TAO,0.6255,0.3995,0.0158
5932,04528.wav,4527,2010982413,6.507,0.6101,0.5655,0.6547,0.4780,0.4780,TAO,0.3037,-0.7455,-0.0171
5933,06725.wav,6724,3000615890,8.029,0.6101,0.6027,0.6175,0.3378,0.3378,ANCIENT,0.2744,0.2331,0.0324
5934,07062.wav,7061,3158884205,8.054,0.6101,0.5446,0.6757,0.4522,0.4522,TAO,0.2695,-0.8016,-0.0193
5935,06539.wav,6538,2916047038,7.880,0.6101,0.6015,0.6187,0.4797,0.4797,TAO,0.4220,0.3205,0.0301
5936,03411.wav,3410,1502405677,8.427,0.6101,0.5816,0.6386,0.4800,0.4800,LENT,0.3000,-0.2781,-0.0009
5937,03784.wav,3783,1673269417,5.930,0.6101,0.5853,0.6349,0.4354,0.4354,ANCIENT,0.3103,0.4567,0.0384
5938,03846.wav,3845,1703942122,6.100,0.6101,0.6069,0.6132,0.3505,0.3505,TAO,0.2541,0.8159,0.0594
5939,02433.wav,2432,1071982986,4.755,0.6100,0.5298,0.6902,0.7725,0.5298,TAO,0.6078,-0.8721,-0.0378
5940,09091.wav,9090,4087531308,4.107,0.6099,0.5885,0.6314,0.3520,0.3520,PAT,0.2600,0.4883,0.0400
5941,09106.wav,9105,4099424656,1.521,0.6099,0.5671,0.6527,0.7086,0.5671,TAO,0.6735,0.1913,0.0121
5942,08426.wav,8425,3783714472,4.435,0.6099,0.5734,0.6463,0.4760,0.4760,TAO,0.3774,-0.4405,0.0011
5943,05336.wav,5335,2373981604,4.322,0.6099,0.5221,0.6976,0.7043,0.5221,TAO,0.5319,-0.8137,-0.0379
5944,02687.wav,2686,1187346288,5.863,0.6098,0.5624,0.6573,0.4204,0.4204,TAO,0.2829,-0.1055,0.0128
5945,05000.wav,4999,2220033095,3.522,0.6098,0.5444,0.6752,0.5870,0.5444,TAO,0.4746,-0.6469,-0.0223
5946,05753.wav,5752,2560103297,4.099,0.6098,0.5535,0.6661,0.4512,0.4512,LENT,0.3729,-0.7101,-0.0097
5947,01883.wav,1882,841064580,9.993,0.6097,0.5894,0.6300,0.5464,0.5464,TAO,0.4063,-0.0215,0.0110
5948,08420.wav,8419,3779764751,3.239,0.6097,0.5528,0.6666,0.5379,0.5379,TAO,0.3633,-1.5363,-0.0538
5949,08651.wav,8650,3896616225,5.186,0.6097,0.5512,0.6681,0.4674,0.4674,TAO,0.3712,-1.0548,-0.0299
5950,03686.wav,3685,1625714216,4.665,0.6097,0.5568,0.6625,0.4322,0.4322,TAO,0.2604,-1.0371,-0.0284
5951,03763.wav,3762,1662204585,4.072,0.6096,0.5744,0.6448,0.4975,0.4975,LENT,0.3315,-0.3605,-0.0001
5952,03348.wav,3347,1474309612,3.271,0.6096,0.5451,0.6742,0.6989,0.5451,TAO,0.6516,-0.5177,-0.0288
5953,05339.wav,5338,2374460389,5.911,0.6096,0.5384,0.6808,0.5146,0.5146,LENT,0.3603,-0.8991,-0.0225
5954,06588.wav,6587,2943067492,2.358,0.6096,0.5575,0.6617,0.7114,0.5575,TAO,0.5224,-0.7837,-0.0238
5955,06628.wav,6627,2959070471,5.508,0.6096,0.5517,0.6675,0.6946,0.5517,TAO,0.6228,-0.5879,-0.0227
5956,08801.wav,8800,3958352209,8.126,0.6095,0.5790,0.6401,0.5331,0.5331,TAO,0.4542,-0.2048,0.0033
5957,00494.wav,493,212461075,8.061,0.6095,0.5549,0.6640,0.6482,0.5549,TAO,0.7464,-0.3130,-0.0131
5958,08673.wav,8672,3905433034,4.128,0.6095,0.5161,0.7028,0.7318,0.5161,TAO,0.6613,-0.7965,-0.0408
5959,06144.wav,6143,2743985708,4.362,0.6094,0.5445,0.6744,0.5260,0.5260,TAO,0.5945,-0.8949,-0.0376
5960,07323.wav,7322,3285178832,6.577,0.6094,0.5660,0.6527,0.3930,0.3930,PAT,0.2857,0.1905,0.0290
5961,08856.wav,8855,3987098916,4.050,0.6093,0.5676,0.6510,0.5488,0.5488,LENT,0.5635,-0.3819,-0.0021
5962,05915.wav,5914,2644050220,1.864,0.6092,0.6222,0.5962,0.4773,0.4773,TAO,0.2981,1.1547,0.0538
5963,04805.wav,4804,2134216233,9.274,0.6092,0.5656,0.6529,0.6792,0.5656,TAO,0.7915,-0.2470,-0.0076
5964,06270.wav,6269,2803089802,7.071,0.6092,0.5624,0.6560,0.6490,0.5624,TAO,0.6278,-0.7094,-0.0266
5965,07491.wav,7490,3372217349,5.476,0.6092,0.5705,0.6479,0.6010,0.5705,TAO,0.5535,-0.5514,-0.0233
5966,06675.wav,6674,2978316787,3.051,0.6091,0.5571,0.6610,0.5473,0.5473,LENT,0.4140,0.4265,0.0226
5967,02810.wav,2809,1240531179,6.257,0.6090,0.5816,0.6363,0.5810,0.5810,TAO,0.5044,-0.3291,-0.0098
5968,08434.wav,8433,3785897733,5.902,0.6089,0.5589,0.6590,0.5059,0.5059,ANCIENT,0.5906,-0.1766,-0.0019
5969,07040.wav,7039,3145117445,3.994,0.6089,0.5528,0.6650,0.5114,0.5114,TAO,0.4743,-0.4271,0.0010
5970,05563.wav,5562,2473565226,6.630,0.6089,0.5730,0.6448,0.4685,0.4685,TAO,0.3775,0.7851,0.0501
5971,07982.wav,7981,3594838766,3.601,0.6089,0.5666,0.6512,0.4589,0.4589,LENT,0.3049,-1.0174,-0.0266
5972,01074.wav,1073,472688382,6.653,0.6089,0.5652,0.6525,0.4438,0.4438,ANCIENT,0.3191,0.2976,0.0314
5973,09140.wav,9139,4111358536,5.572,0.6088,0.5456,0.6719,0.6815,0.5456,TAO,0.7554,-0.4748,-0.0177
5974,06031.wav,6030,2684697093,5.885,0.6088,0.5941,0.6235,0.3300,0.3300,PAT,0.3224,0.7388,0.0537
5975,07125.wav,7124,3189249549,3.905,0.6088,0.5789,0.6386,0.4845,0.4845,LENT,0.3027,0.5503,0.0319
5976,08046.wav,8045,3623073351,4.482,0.6086,0.5704,0.6468,0.4445,0.4445,TAO,0.3096,0.3664,0.0301
5977,06058.wav,6057,2701198636,3.598,0.6086,0.5796,0.6375,0.4882,0.4882,ANCIENT,0.3804,0.3906,0.0286
5978,01172.wav,1171,517279851,3.603,0.6086,0.5468,0.6703,0.4680,0.4680,TAO,0.4275,-0.6121,-0.0212
5979,08071.wav,8070,3629361897,5.791,0.6085,0.5376,0.6794,0.6648,0.5376,TAO,0.6847,-0.4633,-0.0286
5980,07721.wav,7720,3473974580,4.912,0.6085,0.5543,0.6628,0.4673,0.4673,LENT,0.3428,0.3616,0.0245
5981,09341.wav,9340,4197717056,3.645,0.6084,0.5605,0.6563,0.5026,0.5026,LENT,0.4553,-1.1666,-0.0335
5982,01755.wav,1754,786810156,7.567,0.6083,0.5398,0.6768,0.6824,0.5398,TAO,0.7790,-0.3397,-0.0115
5983,02816.wav,2815,1241509389,1.911,0.6083,0.5902,0.6264,0.5716,0.5716,TAO,0.4250,0.6712,0.0318
5984,02094.wav,2093,934503179,2.283,0.6082,0.5502,0.6663,0.7300,0.5502,TAO,0.7057,-0.1360,-0.0071
5985,02815.wav,2814,1241454668,3.272,0.6082,0.5750,0.6414,0.3904,0.3904,TAO,0.2112,0.2710,0.0223
5986,03648.wav,3647,1607970159,8.010,0.6082,0.5449,0.6714,0.6899,0.5449,TAO,0.7528,-0.3192,-0.0177
5987,08934.wav,8933,4016836895,6.872,0.6081,0.5388,0.6774,0.4573,0.4573,TAO,0.1927,-0.5856,-0.0080
5988,01719.wav,1718,763768210,3.440,0.6081,0.5327,0.6836,0.7437,0.5327,TAO,0.6567,0.1052,-0.0006
5989,05844.wav,5843,2603010352,5.998,0.6081,0.5666,0.6496,0.5886,0.5666,TAO,0.5940,0.0004,0.0042
5990,03172.wav,3171,1395012173,2.880,0.6081,0.5480,0.6682,0.7303,0.5480,TAO,0.6075,-0.5138,-0.0243
5991,03305.wav,3304,1451052939,5.748,0.6081,0.5392,0.6769,0.5379,0.5379,TAO,0.3435,-0.7926,-0.0161
5992,07665.wav,7664,3446011692,4.049,0.6080,0.5519,0.6641,0.6270,0.5519,TAO,0.6575,-0.0626,-0.0063
5993,01926.wav,1925,861647908,7.783,0.6080,0.5416,0.6744,0.7391,0.5416,TAO,0.7543,-0.1217,-0.0079
5994,03227.wav,3226,1418364353,6.454,0.6080,0.5889,0.6270,0.5424,0.5424,TAO,0.4998,-0.4495,-0.0078
5995,05209.wav,5208,2318762032,6.166,0.6080,0.5256,0.6904,0.7363,0.5256,TAO,0.5266,-1.1216,-0.0523
5996,02927.wav,2926,1297508496,3.341,0.6080,0.5639,0.6521,0.6699,0.5639,TAO,0.7178,0.0098,0.0039
5997,06571.wav,6570,2935128170,4.855,0.6080,0.5914,0.6245,0.4620,0.4620,LENT,0.3014,-0.6783,-0.0146
5998,08982.wav,8981,4037623524,5.157,0.6079,0.5896,0.6261,0.3238,0.3238,TAO,0.3218,1.2940,0.0773
5999,00525.wav,524,226955401,5.575,0.6079,0.5662,0.6495,0.6616,0.5662,TAO,0.7564,-0.3912,-0.0133
6000,07396.wav,7395,3318147086,1.732,0.6079,0.5509,0.6649,0.5958,0.5509,TAO,0.4334,0.2721,0.0161
6001,07878.wav,7877,3550577966,3.217,0.6078,0.5793,0.6364,0.6422,0.5793,TAO,0.7896,-0.0427,0.0033
6002,06357.wav,6356,2841771982,2.246,0.6078,0.5954,0.6203,0.4574,0.4574,TAO,0.4192,0.2998,0.0190
6003,07504.wav,7503,3374855660,5.720,0.6078,0.6075,0.6081,0.4631,0.4631,TAO,0.4045,0.7784,0.0545
6004,00091.wav,90,41518315,2.894,0.6078,0.5652,0.6504,0.6547,0.5652,TAO,0.4989,-0.3825,-0.0218
6005,08925.wav,8924,4013921126,6.635,0.6078,0.5433,0.6722,0.3977,0.3977,PAT,0.1980,0.0694,0.0149
6006,00039.wav,38,17761196,2.351,0.6078,0.5811,0.6344,0.5543,0.5543,TAO,0.3607,-0.7517,-0.0259
6007,02717.wav,2716,1200141195,6.205,0.6078,0.5821,0.6335,0.5375,0.5375,TAO,0.5395,-0.1537,0.0048
6008,07427.wav,7426,3340227305,3.014,0.6077,0.6060,0.6095,0.4885,0.4885,TAO,0.4738,1.1107,0.0513
6009,00328.wav,327,143452629,2.820,0.6077,0.5414,0.6741,0.5975,0.5414,TAO,0.5198,-0.3631,-0.0133
6010,09136.wav,9135,4111082605,5.061,0.6077,0.5658,0.6496,0.4786,0.4786,TAO,0.3970,-0.7282,-0.0186
6011,00959.wav,958,425700623,5.049,0.6077,0.5790,0.6364,0.3895,0.3895,PAT,0.3793,0.9657,0.0612
6012,00693.wav,692,299922635,8.060,0.6075,0.5869,0.6281,0.5484,0.5484,TAO,0.3533,-0.8260,-0.0192
6013,03861.wav,3860,1706614794,7.638,0.6075,0.5547,0.6603,0.3998,0.3998,PAT,0.2359,-0.4050,0.0017
6014,02181.wav,2180,967484495,8.006,0.6074,0.5394,0.6755,0.7226,0.5394,TAO,0.7155,-0.7957,-0.0325
6015,04674.wav,4673,2071863278,6.189,0.6074,0.5376,0.6772,0.6739,0.5376,LENT,0.7877,-0.5395,-0.0200
6016,00569.wav,568,245558769,3.979,0.6074,0.5529,0.6619,0.7103,0.5529,TAO,0.5578,-0.2140,-0.0157
6017,07438.wav,7437,3344764232,2.090,0.6073,0.5480,0.6667,0.6702,0.5480,TAO,0.6491,-0.0137,-0.0061
6018,07797.wav,7796,3511181098,2.724,0.6073,0.6237,0.5909,0.5155,0.5155,LENT,0.3650,0.1430,0.0259
6019,03571.wav,3570,1581230246,6.994,0.6072,0.5341,0.6804,0.3723,0.3723,TAO,0.3277,0.6219,0.0455
6020,04563.wav,4562,2026421651,73.830,0.6072,0.5541,0.6603,0.4004,0.4004,TAO,0.3982,-0.5778,-0.0119
6021,05169.wav,5168,2300774467,8.271,0.6072,0.5606,0.6538,0.4499,0.4499,TAO,0.3907,-0.7759,-0.0226
6022,03512.wav,3511,1555975494,5.839,0.6071,0.5761,0.6382,0.6305,0.5761,TAO,0.7919,-0.2593,-0.0035
6023,06854.wav,6853,3062657514,2.364,0.6071,0.5325,0.6817,0.6444,0.5325,TAO,0.5483,-0.3392,-0.0234
6024,07606.wav,7605,3422590856,2.294,0.6071,0.5953,0.6188,0.5195,0.5195,TAO,0.3427,-0.1140,0.0083
6025,08133.wav,8132,3656301506,2.468,0.6071,0.5763,0.6378,0.7109,0.5763,TAO,0.5905,-0.5523,-0.0218
6026,03789.wav,3788,1676138314,2.023,0.6070,0.5667,0.6474,0.5502,0.5502,LENT,0.2591,-0.3856,-0.0076
6027,04577.wav,4576,2031511020,10.353,0.6069,0.5660,0.6478,0.4692,0.4692,PAT,0.4127,-0.6674,-0.0157
6028,04734.wav,4733,2101538504,2.144,0.6069,0.5638,0.6499,0.5156,0.5156,TAO,0.4358,0.4979,0.0335
6029,05545.wav,5544,2468021492,2.097,0.6069,0.5901,0.6236,0.5862,0.5862,TAO,0.4403,-0.0479,0.0097
6030,05701.wav,5700,2539888639,6.761,0.6068,0.5715,0.6421,0.4866,0.4866,TAO,0.3612,0.2381,0.0179
6031,03424.wav,3423,1508974764,4.326,0.6068,0.5271,0.6864,0.7225,0.5271,TAO,0.6218,-1.3025,-0.0591
6032,02921.wav,2920,1296167879,4.712,0.6067,0.5205,0.6929,0.7486,0.5205,TAO,0.6525,-1.0228,-0.0460
6033,03326.wav,3325,1461902167,2.675,0.6067,0.5657,0.6476,0.6693,0.5657,TAO,0.4408,0.5910,0.0215
6034,08210.wav,8209,3686197093,7.013,0.6066,0.5564,0.6569,0.6145,0.5564,TAO,0.7234,-0.9890,-0.0431
6035,05220.wav,5219,2320965291,2.769,0.6066,0.5996,0.6135,0.5167,0.5167,TAO,0.3326,0.3785,0.0313
6036,05345.wav,5344,2375396940,9.928,0.6065,0.5650,0.6480,0.6160,0.5650,TAO,0.8315,-0.1691,0.0002
6037,06131.wav,6130,2735331040,7.551,0.6065,0.5400,0.6730,0.4083,0.4083,TAO,0.2730,-1.1214,-0.0249
6038,03772.wav,3771,1666157027,6.531,0.6065,0.5436,0.6694,0.3786,0.3786,TAO,0.2793,-0.4639,-0.0012
6039,07378.wav,7377,3314308586,5.713,0.6064,0.5365,0.6764,0.4829,0.4829,TAO,0.4998,-0.7991,-0.0245
6040,08447.wav,8446,3795303028,4.920,0.6064,0.5310,0.6819,0.7612,0.5310,TAO,0.6036,-0.9724,-0.0418
6041,06708.wav,6707,2990671318,2.486,0.6064,0.5373,0.6755,0.6619,0.5373,TAO,0.6617,-0.5763,-0.0234
6042,02841.wav,2840,1250816275,3.785,0.6064,0.5715,0.6412,0.5177,0.5177,ANCIENT,0.3864,0.0331,0.0184
6043,02649.wav,2648,1169701132,7.238,0.6063,0.5761,0.6365,0.6532,0.5761,LENT,0.6508,-0.2038,-0.0105
6044,03546.wav,3545,1573696011,5.315,0.6062,0.5663,0.6462,0.3835,0.3835,TAO,0.2643,0.4392,0.0335
6045,01710.wav,1709,761356139,5.140,0.6062,0.5610,0.6515,0.6376,0.5610,LENT,0.7407,-0.5978,-0.0238
6046,04760.wav,4759,2116362734,8.454,0.6062,0.5549,0.6575,0.6540,0.5549,LENT,0.7938,-0.1819,-0.0007
6047,08863.wav,8862,3989979846,4.569,0.6062,0.5530,0.6593,0.3869,0.3869,TAO,0.2449,0.1412,0.0269
6048,06599.wav,6598,2947827045,8.918,0.6061,0.5668,0.6455,0.3798,0.3798,LENT,0.2332,-0.7452,-0.0098
6049,05609.wav,5608,2496637738,5.224,0.6061,0.5681,0.6441,0.5767,0.5681,TAO,0.4671,-0.2196,-0.0090
6050,00164.wav,163,70844688,2.196,0.6061,0.5458,0.6664,0.6739,0.5458,TAO,0.5116,-0.3860,-0.0260
6051,01674.wav,1673,740610411,8.132,0.6060,0.5600,0.6520,0.4336,0.4336,ANCIENT,0.3121,0.1746,0.0281
6052,08999.wav,8998,4046032111,8.903,0.6060,0.5673,0.6447,0.5330,0.5330,TAO,0.5333,-0.2764,-0.0011
6053,05427.wav,5426,2417318081,2.684,0.6060,0.5657,0.6462,0.5778,0.5657,LENT,0.6010,0.0631,0.0050
6054,00051.wav,50,20604009,5.138,0.6059,0.5463,0.6656,0.7034,0.5463,TAO,0.7506,-0.4807,-0.0154
6055,08083.wav,8082,3635797723,4.283,0.6058,0.5628,0.6488,0.3845,0.3845,TAO,0.2696,0.7562,0.0475
6056,01497.wav,1496,658119941,6.159,0.6058,0.5637,0.6479,0.7038,0.5637,TAO,0.5741,-0.4943,-0.0193
6057,05140.wav,5139,2289489776,2.422,0.6058,0.5331,0.6784,0.7348,0.5331,TAO,0.6493,-0.0008,0.0002
6058,02623.wav,2622,1149822409,8.491,0.6058,0.5686,0.6429,0.6419,0.5686,TAO,0.6136,-0.2885,-0.0079
6059,08423.wav,8422,3781798690,7.803,0.6058,0.5323,0.6792,0.4647,0.4647,TAO,0.2546,-1.0009,-0.0213
6060,06952.wav,6951,3108859022,9.380,0.6057,0.5334,0.6780,0.8127,0.5334,TAO,0.6000,-0.8103,-0.0421
6061,03369.wav,3368,1482275056,2.767,0.6056,0.5713,0.6398,0.4756,0.4756,ANCIENT,0.3514,0.6017,0.0427
6062,05617.wav,5616,2497335407,3.865,0.6056,0.5293,0.6819,0.6805,0.5293,TAO,0.7665,-0.8035,-0.0359
6063,04580.wav,4579,2032672009,2.010,0.6056,0.5561,0.6551,0.6554,0.5561,TAO,0.5184,-0.1813,-0.0019
6064,07457.wav,7456,3355529763,9.353,0.6056,0.5654,0.6457,0.6432,0.5654,TAO,0.7044,-0.1399,0.0023
6065,08327.wav,8326,3731020359,2.612,0.6055,0.6084,0.6026,0.4497,0.4497,LENT,0.3954,0.6230,0.0395
6066,02027.wav,2026,903138606,4.164,0.6055,0.5767,0.6343,0.6123,0.5767,TAO,0.5698,-0.7345,-0.0200
6067,01263.wav,1262,563535690,1.869,0.6054,0.5164,0.6945,0.7651,0.5164,TAO,0.5380,0.2809,0.0051
6068,06352.wav,6351,2837980774,7.743,0.6054,0.5693,0.6416,0.5629,0.5629,TAO,0.4145,-0.3608,-0.0074
6069,09390.wav,9389,4216559306,3.259,0.6054,0.5951,0.6157,0.4224,0.4224,TAO,0.3531,0.0221,0.0106
6070,06402.wav,6401,2860128776,7.851,0.6054,0.5635,0.6473,0.7216,0.5635,TAO,0.6812,-0.1051,-0.0019
6071,02443.wav,2442,1076492768,2.310,0.6053,0.5669,0.6438,0.7195,0.5669,TAO,0.5558,-0.2185,-0.0059
6072,02826.wav,2825,1245882153,4.999,0.6053,0.5457,0.6649,0.7196,0.5457,TAO,0.7107,-1.1968,-0.0506
6073,05214.wav,5213,2319913862,3.939,0.6053,0.5524,0.6581,0.6992,0.5524,LENT,0.7616,-1.0359,-0.0414
6074,00171.wav,170,73374342,3.012,0.6052,0.5381,0.6724,0.5879,0.5381,TAO,0.5268,-0.2309,-0.0195
6075,01227.wav,1226,546029973,2.200,0.6052,0.5484,0.6620,0.6992,0.5484,TAO,0.4711,-1.0520,-0.0442
6076,08366.wav,8365,3753374183,1.732,0.6052,0.6311,0.5793,0.4725,0.4725,TAO,0.3088,0.6067,0.0378
6077,08265.wav,8264,3709861193,5.832,0.6051,0.5572,0.6530,0.3817,0.3817,TAO,0.2602,-0.3777,-0.0005
6078,07997.wav,7996,3599439757,5.573,0.6051,0.6001,0.6101,0.4632,0.4632,TAO,0.4857,-0.2177,0.0096
6079,08529.wav,8528,3831877573,4.834,0.6051,0.5321,0.6781,0.7600,0.5321,TAO,0.6286,-0.8950,-0.0422
6080,03524.wav,3523,1559923436,8.529,0.6051,0.5442,0.6660,0.7251,0.5442,TAO,0.6909,-0.6853,-0.0291
6081,01808.wav,1807,810738374,6.289,0.6051,0.5850,0.6251,0.4553,0.4553,TAO,0.4029,-0.3546,-0.0034
6082,02366.wav,2365,1046406465,2.811,0.6050,0.5498,0.6603,0.5833,0.5498,LENT,0.3408,-0.3543,0.0028
6083,03876.wav,3875,1714868079,3.515,0.6050,0.5612,0.6489,0.4710,0.4710,TAO,0.2589,0.1926,0.0195
6084,08275.wav,8274,3714105390,8.069,0.6050,0.5896,0.6203,0.4481,0.4481,PAT,0.2995,0.5306,0.0414
6085,02644.wav,2643,1164739499,6.801,0.6049,0.5559,0.6540,0.4336,0.4336,PAT,0.2257,-0.7673,-0.0173
6086,03497.wav,3496,1550007696,3.023,0.6049,0.5668,0.6430,0.7331,0.5668,TAO,0.5553,-0.6676,-0.0234
6087,03300.wav,3299,1449780105,9.521,0.6049,0.5846,0.6252,0.6322,0.5846,TAO,0.7256,-0.6079,-0.0135
6088,04635.wav,4634,2059733741,7.960,0.6049,0.5690,0.6407,0.5431,0.5431,TAO,0.4923,-0.1946,-0.0015
6089,07951.wav,7950,3581302112,8.357,0.6048,0.5891,0.6205,0.4494,0.4494,TAO,0.4339,-0.0688,0.0106
6090,01998.wav,1997,892457956,6.755,0.6048,0.6143,0.5952,0.3790,0.3790,TAO,0.3076,0.8309,0.0566
6091,08382.wav,8381,3760683619,7.704,0.6048,0.5698,0.6397,0.4568,0.4568,TAO,0.3581,-0.4956,-0.0035
6092,09380.wav,9379,4215067588,6.311,0.6047,0.5525,0.6569,0.5271,0.5271,TAO,0.4223,-0.6983,-0.0176
6093,02943.wav,2942,1300061100,3.308,0.6047,0.5867,0.6227,0.6452,0.5867,TAO,0.5132,0.6770,0.0226
6094,06060.wav,6059,2701712144,7.320,0.6047,0.5723,0.6370,0.4235,0.4235,LENT,0.2869,-0.7329,-0.0124
6095,02962.wav,2961,1308793451,5.165,0.6047,0.5547,0.6546,0.5442,0.5442,TAO,0.4798,-0.5306,-0.0109
6096,04593.wav,4592,2036238186,4.437,0.6046,0.5671,0.6422,0.3992,0.3992,TAO,0.2801,1.1927,0.0602
6097,02782.wav,2781,1226633552,2.346,0.6046,0.5621,0.6471,0.6293,0.5621,TAO,0.5700,0.4072,0.0314
6098,05185.wav,5184,2306002348,1.655,0.6045,0.5509,0.6582,0.6434,0.5509,TAO,0.5817,-0.7764,-0.0387
6099,06420.wav,6419,2867383491,6.155,0.6045,0.5335,0.6755,0.4289,0.4289,TAO,0.2610,-0.1579,0.0042
6100,06484.wav,6483,2894315143,6.275,0.6044,0.6036,0.6053,0.4650,0.4650,TAO,0.3834,-0.0004,0.0267
6101,07880.wav,7879,3551214788,1.992,0.6044,0.5408,0.6680,0.5526,0.5408,LENT,0.5132,-0.0430,0.0070
6102,08387.wav,8386,3763076623,3.336,0.6044,0.5382,0.6706,0.7533,0.5382,TAO,0.6565,-0.4479,-0.0163
6103,06037.wav,6036,2690123588,3.299,0.6044,0.5526,0.6561,0.6600,0.5526,TAO,0.7749,-0.5138,-0.0218
6104,08713.wav,8712,3918479606,8.073,0.6044,0.5915,0.6172,0.5101,0.5101,ANCIENT,0.4222,0.4924,0.0392
6105,01502.wav,1501,659464973,4.021,0.6043,0.5843,0.6244,0.4535,0.4535,TAO,0.3690,0.7948,0.0503
6106,04293.wav,4292,1901210188,7.220,0.6043,0.5813,0.6272,0.4396,0.4396,PAT,0.2922,-0.3079,0.0047
6107,02263.wav,2262,1007612358,1.908,0.6042,0.5423,0.6662,0.6647,0.5423,TAO,0.5724,-0.1084,-0.0086
6108,01420.wav,1419,627934737,7.829,0.6042,0.5789,0.6295,0.3740,0.3740,TAO,0.3067,0.8397,0.0572
6109,03875.wav,3874,1714196168,3.925,0.6042,0.5416,0.6669,0.6729,0.5416,TAO,0.6298,-0.0108,-0.0018
6110,08691.wav,8690,3909238474,1.723,0.6042,0.5828,0.6256,0.6085,0.5828,TAO,0.4764,0.4845,0.0228
6111,09495.wav,9494,4263052654,9.450,0.6041,0.5636,0.6446,0.6575,0.5636,LENT,0.8580,-0.3721,-0.0066
6112,01345.wav,1344,596070739,6.436,0.6041,0.5494,0.6588,0.4507,0.4507,TAO,0.3350,-0.0171,0.0137
6113,05255.wav,5254,2342073426,6.377,0.6040,0.5402,0.6678,0.7030,0.5402,TAO,0.7741,-0.4799,-0.0250
6114,05751.wav,5750,2558885184,7.451,0.6040,0.5500,0.6580,0.6160,0.5500,TAO,0.8250,-0.3242,-0.0077
6115,01944.wav,1943,868475017,5.120,0.6038,0.5306,0.6770,0.7791,0.5306,TAO,0.6745,-0.6369,-0.0303
6116,02913.wav,2912,1292417423,3.883,0.6038,0.5589,0.6488,0.4928,0.4928,LENT,0.2963,0.1278,0.0177
6117,00023.wav,22,10294744,3.882,0.6038,0.5681,0.6394,0.6656,0.5681,TAO,0.7417,-0.1806,-0.0040
6118,06672.wav,6671,2976991753,9.118,0.6037,0.5345,0.6729,0.7029,0.5345,TAO,0.7798,-0.4346,-0.0135
6119,06005.wav,6004,2674821130,4.197,0.6037,0.5595,0.6479,0.7029,0.5595,TAO,0.5351,-0.0331,0.0060
6120,05531.wav,5530,2461023284,5.131,0.6036,0.5753,0.6320,0.6224,0.5753,TAO,0.7413,-0.6225,-0.0183
6121,03752.wav,3751,1655320234,6.146,0.6036,0.5435,0.6638,0.6805,0.5435,TAO,0.6688,-0.5089,-0.0223
6122,04592.wav,4591,2036196527,4.985,0.6036,0.5426,0.6646,0.7166,0.5426,TAO,0.7650,-0.3259,-0.0164
6123,01075.wav,1074,473455243,2.713,0.6036,0.5274,0.6797,0.6671,0.5274,TAO,0.6731,-0.0201,0.0002
6124,02614.wav,2613,1144895499,6.123,0.6036,0.5468,0.6603,0.6256,0.5468,TAO,0.6588,-0.6808,-0.0290
6125,07128.wav,7127,3192438923,3.724,0.6036,0.5588,0.6483,0.4422,0.4422,LENT,0.3037,-0.2047,0.0104
6126,07649.wav,7648,3439640849,3.628,0.6036,0.5523,0.6548,0.5175,0.5175,TAO,0.3874,-1.1591,-0.0373
6127,07768.wav,7767,3495516616,4.570,0.6036,0.5405,0.6666,0.7359,0.5405,TAO,0.5164,-1.0940,-0.0499
6128,07642.wav,7641,3438609418,6.363,0.6036,0.5798,0.6273,0.4199,0.4199,TAO,0.3409,0.2554,0.0281
6129,02384.wav,2383,1052551488,4.400,0.6035,0.5392,0.6679,0.7659,0.5392,TAO,0.6001,-1.2925,-0.0535
6130,07641.wav,7640,3438573157,1.855,0.6035,0.5647,0.6424,0.6856,0.5647,TAO,0.5169,0.0491,0.0095
6131,05748.wav,5747,2558442310,6.137,0.6035,0.5748,0.6323,0.4203,0.4203,TAO,0.2978,0.2678,0.0335
6132,02613.wav,2612,1144600875,2.856,0.6034,0.5636,0.6433,0.5698,0.5636,LENT,0.3860,-0.3607,-0.0045
6133,05586.wav,5585,2484835124,5.340,0.6034,0.5518,0.6551,0.6211,0.5518,LENT,0.7751,-0.5445,-0.0220
6134,04824.wav,4823,2142097292,3.748,0.6034,0.5813,0.6255,0.6586,0.5813,TAO,0.6287,-0.3958,-0.0175
6135,01880.wav,1879,837813549,5.933,0.6034,0.5615,0.6453,0.6201,0.5615,LENT,0.4234,-0.1530,-0.0035
6136,03845.wav,3844,1703887401,6.004,0.6034,0.5894,0.6174,0.3719,0.3719,TAO,0.2755,0.7904,0.0606
6137,09332.wav,9331,4192563305,5.383,0.6034,0.5706,0.6361,0.5151,0.5151,LENT,0.2922,-0.4120,-0.0058
6138,02004.wav,2003,893743852,4.307,0.6033,0.5598,0.6468,0.6756,0.5598,TAO,0.7400,-0.5451,-0.0257
6139,04637.wav,4636,2060063088,4.020,0.6033,0.5247,0.6818,0.7643,0.5247,TAO,0.6787,-0.8221,-0.0386
6140,00006.wav,5,2114498,4.383,0.6032,0.5676,0.6388,0.4675,0.4675,LENT,0.2641,-0.5094,-0.0079
6141,03992.wav,3991,1766941958,9.156,0.6032,0.5636,0.6428,0.4500,0.4500,TAO,0.3704,-0.2732,0.0094
6142,04059.wav,4058,1800220750,6.983,0.6032,0.5619,0.6444,0.6676,0.5619,TAO,0.5805,-0.3861,-0.0060
6143,00370.wav,369,158449075,6.117,0.6032,0.5575,0.6488,0.5931,0.5575,LENT,0.7207,-0.5864,-0.0189
6144,06586.wav,6585,2942088261,4.304,0.6032,0.5456,0.6607,0.4838,0.4838,TAO,0.2833,-0.7388,-0.0201
6145,01769.wav,1768,789288041,2.667,0.6031,0.5436,0.6627,0.5915,0.5436,LENT,0.3553,-0.1138,0.0057
6146,02245.wav,2244,997503015,9.991,0.6031,0.5785,0.6276,0.4684,0.4684,TAO,0.3617,-0.4555,0.0054
6147,05729.wav,5728,2551603914,7.885,0.6030,0.5573,0.6488,0.4556,0.4556,TAO,0.3337,-0.3719,0.0037
6148,06955.wav,6954,3109324745,7.762,0.6030,0.5616,0.6444,0.4095,0.4095,PAT,0.3269,-0.0901,0.0101
6149,05789.wav,5788,2577085507,6.971,0.6030,0.5615,0.6444,0.6875,0.5615,TAO,0.7097,-0.2426,-0.0114
6150,08334.wav,8333,3734155012,4.315,0.6030,0.5287,0.6772,0.5046,0.5046,TAO,0.3533,-0.3509,0.0011
6151,04901.wav,4900,2176706160,6.560,0.6029,0.5504,0.6555,0.4376,0.4376,TAO,0.3314,-0.7405,-0.0144
6152,03566.wav,3565,1580190379,7.359,0.6027,0.5895,0.6160,0.4783,0.4783,TAO,0.4090,-0.3731,-0.0021
6153,06524.wav,6523,2910543942,2.143,0.6027,0.5396,0.6659,0.6182,0.5396,LENT,0.5002,-0.4594,-0.0112
6154,03785.wav,3784,1673437324,1.821,0.6027,0.5426,0.6628,0.5856,0.5426,TAO,0.6135,-0.2833,-0.0086
6155,01426.wav,1425,631295210,4.183,0.6027,0.5361,0.6693,0.7469,0.5361,TAO,0.6282,-1.0611,-0.0483
6156,06899.wav,6898,3082924720,3.453,0.6027,0.5619,0.6435,0.4550,0.4550,LENT,0.2627,-0.1353,0.0116
6157,00079.wav,78,35550517,2.882,0.6027,0.6000,0.6053,0.5496,0.5496,TAO,0.3758,-0.2508,-0.0004
6158,04141.wav,4140,1833263723,9.347,0.6026,0.5660,0.6393,0.4378,0.4378,TAO,0.2725,-0.1385,0.0113
6159,08558.wav,8557,3849947435,3.876,0.6026,0.5585,0.6468,0.5979,0.5585,TAO,0.5215,-0.7128,-0.0247
6160,04806.wav,4805,2136248393,5.593,0.6026,0.5549,0.6502,0.4448,0.4448,PAT,0.2949,-0.7800,-0.0203
6161,04449.wav,4448,1968773027,2.593,0.6025,0.5725,0.6326,0.6226,0.5725,TAO,0.7765,-0.6578,-0.0182
6162,08388.wav,8387,3763664850,7.899,0.6025,0.5601,0.6449,0.4126,0.4126,LENT,0.2661,-0.4676,-0.0033
6163,07864.wav,7863,3544083598,2.080,0.6024,0.6274,0.5775,0.5418,0.5418,TAO,0.3738,0.8546,0.0420
6164,03585.wav,3584,1584549323,2.776,0.6024,0.5363,0.6685,0.5607,0.5363,LENT,0.4396,-0.1696,-0.0002
6165,09200.wav,9199,4137467540,3.672,0.6023,0.5715,0.6331,0.4982,0.4982,LENT,0.5516,-0.3426,-0.0046
6166,05914.wav,5913,2643320129,2.703,0.6023,0.5514,0.6532,0.7565,0.5514,TAO,0.6056,-0.6732,-0.0302
6167,04108.wav,4107,1816940839,2.502,0.6023,0.5703,0.6343,0.5517,0.5517,TAO,0.4334,1.5285,0.0748
6168,01947.wav,1946,869724297,2.544,0.6022,0.5606,0.6439,0.5989,0.5606,RYZA,0.6507,-0.4184,-0.0141
6169,00106.wav,105,44435847,6.717,0.6022,0.5476,0.6568,0.7230,0.5476,TAO,0.7525,-0.2050,-0.0106
6170,06751.wav,6750,3010144168,6.118,0.6022,0.5488,0.6555,0.6866,0.5488,TAO,0.7753,-0.2887,-0.0100
6171,03242.wav,3241,1422405102,6.788,0.6022,0.5452,0.6591,0.4970,0.4970,TAO,0.4380,-0.2904,-0.0050
6172,01399.wav,1398,615867396,7.473,0.6021,0.5419,0.6623,0.7122,0.5419,TAO,0.7547,-0.7576,-0.0272
6173,08621.wav,8620,3880034759,8.327,0.6021,0.5774,0.6267,0.4812,0.4812,PAT,0.3267,0.2525,0.0187
6174,08424.wav,8423,3781962853,7.158,0.6021,0.5307,0.6734,0.4138,0.4138,PAT,0.2184,-0.5483,-0.0057
6175,09545.wav,9544,4286658672,5.339,0.6020,0.5313,0.6728,0.6899,0.5313,TAO,0.6726,-1.0233,-0.0517
6176,04053.wav,4052,1796472815,8.819,0.6020,0.5460,0.6581,0.4041,0.4041,TAO,0.2759,-0.8353,-0.0193
6177,04823.wav,4822,2141858410,2.251,0.6019,0.5498,0.6540,0.6716,0.5498,TAO,0.6113,0.1497,0.0072
6178,08068.wav,8067,3628348333,1.912,0.6019,0.5986,0.6052,0.4799,0.4799,TAO,0.3160,-0.4667,-0.0092
6179,00136.wav,135,57634820,6.069,0.6019,0.5912,0.6125,0.4477,0.4477,TAO,0.4348,-0.1322,0.0134
6180,09514.wav,9513,4268151684,2.611,0.6019,0.5299,0.6739,0.6995,0.5299,TAO,0.6813,0.0922,-0.0021
6181,09505.wav,9504,4265379438,5.816,0.6019,0.5401,0.6636,0.7361,0.5401,TAO,0.7055,-0.6030,-0.0263
6182,06721.wav,6720,2997873737,1.840,0.6018,0.5459,0.6577,0.7254,0.5459,TAO,0.5023,-1.1639,-0.0488
6183,08336.wav,8335,3734674435,2.439,0.6018,0.5454,0.6582,0.6832,0.5454,TAO,0.6529,-0.0143,-0.0084
6184,07966.wav,7965,3591720340,3.976,0.6018,0.5570,0.6465,0.5188,0.5188,TAO,0.5456,-0.5637,-0.0090
6185,06685.wav,6684,2983818862,1.817,0.6017,0.5266,0.6768,0.7346,0.5266,TAO,0.6408,-0.6666,-0.0265
6186,03674.wav,3673,1617711737,6.168,0.6016,0.5931,0.6102,0.3769,0.3769,PAT,0.2022,0.7294,0.0487
6187,08926.wav,8925,4013975847,4.132,0.6016,0.5698,0.6333,0.4833,0.4833,TAO,0.2959,0.5532,0.0424
6188,00115.wav,114,48368964,4.620,0.6015,0.5456,0.6575,0.5635,0.5456,LENT,0.7290,-0.3848,-0.0110
6189,01437.wav,1436,633731436,2.600,0.6015,0.5388,0.6643,0.5159,0.5159,LENT,0.4030,-0.6859,-0.0108
6190,09319.wav,9318,4190352899,8.116,0.6015,0.6089,0.5941,0.3389,0.3389,ANCIENT,0.2716,1.4557,0.0832
6191,04176.wav,4175,1852249007,2.399,0.6015,0.5469,0.6561,0.6981,0.5469,TAO,0.6475,-0.5991,-0.0296
6192,04773.wav,4772,2121975272,8.182,0.6015,0.5410,0.6619,0.4338,0.4338,TAO,0.2817,-0.5928,-0.0126
6193,03310.wav,3309,1452551593,3.256,0.6014,0.6294,0.5734,0.5294,0.5294,TAO,0.3611,0.6078,0.0330
6194,03717.wav,3716,1637578698,5.180,0.6014,0.5338,0.6689,0.7052,0.5338,TAO,0.7520,-0.7632,-0.0358
6195,04750.wav,4749,2112136014,5.274,0.6013,0.5646,0.6379,0.6691,0.5646,TAO,0.7902,-0.5493,-0.0192
6196,00759.wav,758,327281893,8.008,0.6012,0.5620,0.6404,0.4716,0.4716,TAO,0.5079,-0.7686,-0.0204
6197,07511.wav,7510,3378239868,3.279,0.6012,0.5319,0.6705,0.7014,0.5319,TAO,0.7362,-0.3149,-0.0177
6198,07203.wav,7202,3224140258,8.717,0.6012,0.5335,0.6688,0.7309,0.5335,TAO,0.7314,-0.3662,-0.0209
6199,05610.wav,5609,2496821899,6.142,0.6011,0.5505,0.6517,0.5005,0.5005,TAO,0.3627,-0.7036,-0.0167
6200,00213.wav,212,96415687,6.167,0.6011,0.5584,0.6438,0.6483,0.5584,TAO,0.7368,-0.4440,-0.0146
6201,00092.wav,91,41702476,4.699,0.6011,0.5274,0.6747,0.7031,0.5274,TAO,0.6273,-0.6319,-0.0273
6202,08440.wav,8439,3792508479,8.263,0.6011,0.5675,0.6346,0.6036,0.5675,TAO,0.7027,-0.2370,-0.0018
6203,08392.wav,8391,3767937313,4.969,0.6011,0.5611,0.6411,0.6679,0.5611,TAO,0.6806,0.2389,0.0129
6204,06223.wav,6222,2781193744,7.899,0.6010,0.5674,0.6347,0.5704,0.5674,TAO,0.7074,-0.0990,0.0079
6205,05130.wav,5129,2283622179,8.618,0.6010,0.5434,0.6586,0.4309,0.4309,PAT,0.2679,-0.5727,-0.0071
6206,07212.wav,7211,3229176331,3.727,0.6010,0.5699,0.6321,0.6716,0.5699,TAO,0.6157,-0.9033,-0.0412
6207,03115.wav,3114,1370722569,7.163,0.6010,0.5595,0.6424,0.5438,0.5438,TAO,0.3797,-0.8455,-0.0255
6208,04705.wav,4704,2090560393,5.006,0.6009,0.5434,0.6585,0.6275,0.5434,TAO,0.7103,-0.6622,-0.0185
6209,08531.wav,8530,3832281639,8.278,0.6009,0.5906,0.6113,0.5396,0.5396,PAT,0.3507,0.2738,0.0209
6210,04915.wav,4914,2183882614,10.106,0.6009,0.5737,0.6281,0.4091,0.4091,TAO,0.2753,-0.3034,0.0054
6211,03925.wav,3924,1735527079,9.239,0.6009,0.5560,0.6458,0.4500,0.4500,ANCIENT,0.3114,0.0076,0.0180
6212,07206.wav,7205,3225871879,2.485,0.6009,0.5457,0.6561,0.6863,0.5457,TAO,0.6923,-0.6537,-0.0278
6213,06636.wav,6635,2961279856,6.872,0.6009,0.6120,0.5897,0.3345,0.3345,TAO,0.2883,0.5650,0.0445
6214,06805.wav,6804,3039065579,2.913,0.6009,0.5540,0.6478,0.6051,0.5540,TAO,0.4539,0.0104,-0.0029
6215,01496.wav,1495,658022061,5.118,0.6007,0.5443,0.6572,0.6509,0.5443,LENT,0.7286,-0.8488,-0.0272
6216,00529.wav,528,227750471,5.913,0.6006,0.5289,0.6723,0.6714,0.5289,LENT,0.5135,-0.7649,-0.0241
6217,02061.wav,2060,917575690,6.340,0.6006,0.5443,0.6568,0.6723,0.5443,TAO,0.7418,-0.2855,-0.0105
6218,07673.wav,7672,3451220164,7.148,0.6005,0.5350,0.6661,0.5130,0.5130,TAO,0.4596,-1.0903,-0.0334
6219,01835.wav,1834,818230950,14.111,0.6005,0.5460,0.6550,0.6503,0.5460,TAO,0.8096,-0.4994,-0.0152
6220,04007.wav,4006,1777736465,5.918,0.6005,0.5304,0.6706,0.4086,0.4086,ANCIENT,0.3909,0.9607,0.0518
6221,07064.wav,7063,3159436588,3.986,0.6005,0.5606,0.6404,0.5595,0.5595,TAO,0.4289,-0.3285,-0.0033
6222,03409.wav,3408,1502001611,6.068,0.6005,0.5485,0.6525,0.4011,0.4011,TAO,0.1814,0.1695,0.0195
6223,02311.wav,2310,1022436588,3.689,0.6005,0.5352,0.6657,0.7512,0.5352,TAO,0.6776,-1.1449,-0.0493
6224,01095.wav,1094,480412813,4.150,0.6004,0.5380,0.6629,0.7004,0.5380,TAO,0.6955,-0.4899,-0.0238
6225,01083.wav,1082,477267400,6.000,0.6004,0.5677,0.6332,0.6228,0.5677,LENT,0.7389,-0.7969,-0.0222
6226,06170.wav,6169,2755953506,2.867,0.6004,0.5902,0.6106,0.5000,0.5000,TAO,0.3010,0.2873,0.0285
6227,09190.wav,9189,4134264559,6.973,0.6004,0.5389,0.6619,0.6758,0.5389,TAO,0.7976,-0.2701,-0.0075
6228,09336.wav,9335,4194733010,7.959,0.6004,0.5725,0.6282,0.5058,0.5058,PAT,0.4353,-0.7822,-0.0172
6229,07229.wav,7228,3237350993,5.587,0.6003,0.6147,0.5860,0.3490,0.3490,PAT,0.2723,0.9795,0.0677
6230,07802.wav,7801,3514095562,1.964,0.6003,0.5902,0.6104,0.5514,0.5514,TAO,0.3739,0.2005,0.0173
6231,00769.wav,768,333736463,5.238,0.6003,0.5817,0.6188,0.4450,0.4450,PAT,0.2978,-0.4012,0.0010
6232,03887.wav,3886,1720588049,5.764,0.6003,0.5658,0.6348,0.4170,0.4170,LENT,0.2035,-0.0571,0.0160
6233,04251.wav,4250,1882584301,5.028,0.6002,0.5672,0.6333,0.4788,0.4788,LENT,0.2732,0.1059,0.0112
6234,00918.wav,917,404825192,4.848,0.6001,0.5575,0.6427,0.6854,0.5575,TAO,0.6394,-0.0975,-0.0014
6235,08241.wav,8240,3700132050,6.444,0.6001,0.5553,0.6449,0.3738,0.3738,TAO,0.3318,0.1574,0.0289
6236,02168.wav,2167,964460042,4.587,0.6001,0.5257,0.6744,0.7641,0.5257,TAO,0.6718,-0.3760,-0.0170
6237,05997.wav,5996,2670313869,7.140,0.6000,0.5556,0.6443,0.6589,0.5556,TAO,0.7906,-0.3406,-0.0104
6238,09253.wav,9252,4161161488,2.334,0.6000,0.5331,0.6669,0.7719,0.5331,TAO,0.5420,0.0936,0.0080
6239,08775.wav,8774,3949250516,5.288,0.6000,0.5870,0.6129,0.5363,0.5363,TAO,0.4801,-0.5203,-0.0103
6240,03234.wav,3233,1420245728,1.855,0.5999,0.5354,0.6645,0.7822,0.5354,TAO,0.5369,-0.2693,-0.0079
6241,07335.wav,7334,3292182250,5.208,0.5999,0.5620,0.6379,0.5069,0.5069,TAO,0.4285,-0.3235,-0.0099
6242,07377.wav,7376,3314157485,3.652,0.5999,0.5244,0.6755,0.7209,0.5244,TAO,0.6978,-0.9022,-0.0419
6243,07897.wav,7896,3561472395,4.604,0.5998,0.5512,0.6484,0.6648,0.5512,TAO,0.7726,-0.5804,-0.0204
6244,09194.wav,9193,4135242769,3.923,0.5998,0.4982,0.7014,0.7687,0.4982,TAO,0.5361,-0.4543,-0.0257
6245,06743.wav,6742,3008390028,2.354,0.5997,0.5666,0.6329,0.6165,0.5666,LENT,0.4354,-0.4670,-0.0156
6246,03027.wav,3026,1340409425,6.894,0.5997,0.6252,0.5742,0.3563,0.3563,TAO,0.3248,1.5270,0.0795
6247,04236.wav,4235,1877825375,4.596,0.5997,0.5356,0.6638,0.5132,0.5132,TAO,0.2848,-0.6418,-0.0153
6248,07067.wav,7066,3161010982,6.438,0.5997,0.5639,0.6354,0.6654,0.5639,TAO,0.7315,-0.3864,-0.0140
6249,02936.wav,2935,1298617167,9.062,0.5996,0.5615,0.6376,0.4174,0.4174,TAO,0.3200,-0.5945,-0.0016
6250,08346.wav,8345,3743256705,4.795,0.5996,0.5517,0.6474,0.4864,0.4864,TAO,0.3189,-0.7521,-0.0164
6251,08042.wav,8041,3622512269,5.971,0.5995,0.5227,0.6764,0.6783,0.5227,TAO,0.5705,-0.5494,-0.0323
6252,05401.wav,5400,2402056008,7.075,0.5995,0.5513,0.6477,0.4484,0.4484,TAO,0.2429,-0.8017,-0.0139
6253,08807.wav,8806,3960985037,2.884,0.5994,0.5718,0.6270,0.5147,0.5147,KLAU,0.4935,-0.3325,0.0022
6254,03391.wav,3390,1494131093,2.677,0.5994,0.5508,0.6480,0.6500,0.5508,TAO,0.5274,-0.4358,-0.0127
6255,01326.wav,1325,586423020,3.696,0.5994,0.5703,0.6285,0.4863,0.4863,TAO,0.3415,-0.3599,-0.0022
6256,07500.wav,7499,3373968968,7.280,0.5994,0.5527,0.6460,0.6943,0.5527,TAO,0.7483,-0.3178,-0.0114
6257,08493.wav,8492,3817827951,8.363,0.5994,0.5666,0.6321,0.3942,0.3942,TAO,0.3208,0.7303,0.0503
6258,05121.wav,5120,2276107942,6.797,0.5993,0.5530,0.6456,0.4226,0.4226,PAT,0.2396,-0.0756,0.0143
6259,09297.wav,9296,4182605906,4.012,0.5993,0.5366,0.6620,0.7150,0.5366,TAO,0.6633,-0.7952,-0.0363
6260,01161.wav,1160,511553066,7.817,0.5993,0.5444,0.6541,0.6283,0.5444,LENT,0.8504,-0.4014,-0.0083
6261,07895.wav,7894,3559221893,4.771,0.5992,0.6072,0.5912,0.6189,0.5912,TAO,0.5974,0.2086,0.0123
6262,02835.wav,2834,1249871754,5.716,0.5992,0.5551,0.6432,0.5111,0.5111,TAO,0.3631,-0.3636,-0.0078
6263,05101.wav,5100,2270407623,6.649,0.5991,0.5551,0.6432,0.7237,0.5551,TAO,0.6844,-0.3196,-0.0145
6264,06350.wav,6349,2837112006,2.586,0.5991,0.5732,0.6250,0.6100,0.5732,TAO,0.7688,-0.5092,-0.0115
6265,06994.wav,6993,3124817332,2.372,0.5990,0.5304,0.6676,0.5916,0.5304,TAO,0.4712,-0.5792,-0.0253
6266,07454.wav,7453,3353638805,6.036,0.5990,0.5549,0.6430,0.4020,0.4020,TAO,0.2340,-0.9356,-0.0253
6267,07577.wav,7576,3412509059,6.740,0.5989,0.5655,0.6324,0.6808,0.5655,TAO,0.6004,-0.1685,-0.0072
6268,03607.wav,3606,1593444783,2.325,0.5989,0.5537,0.6441,0.5083,0.5083,TAO,0.3452,-0.4629,-0.0206
6269,06302.wav,6301,2814013192,2.510,0.5989,0.5677,0.6301,0.4370,0.4370,ANCIENT,0.3062,0.5803,0.0403
6270,04049.wav,4048,1792982639,5.844,0.5989,0.5498,0.6480,0.6825,0.5498,TAO,0.7479,-0.3649,-0.0147
6271,04153.wav,4152,1838512400,7.903,0.5988,0.5455,0.6521,0.3755,0.3755,TAO,0.3626,0.7720,0.0505
6272,08522.wav,8521,3828790705,4.889,0.5987,0.5654,0.6320,0.3740,0.3740,TAO,0.2525,-0.3513,0.0116
6273,01391.wav,1390,611582413,6.713,0.5987,0.5417,0.6557,0.4004,0.4004,ANCIENT,0.2862,0.2988,0.0259
6274,00835.wav,834,367442515,2.823,0.5987,0.5509,0.6465,0.6656,0.5509,TAO,0.6033,-0.0228,-0.0021
6275,01722.wav,1721,767355186,2.599,0.5987,0.5359,0.6615,0.4262,0.4262,LENT,0.3196,0.2206,0.0208
6276,06534.wav,6533,2913233133,7.663,0.5987,0.5352,0.6621,0.6550,0.5352,TAO,0.6847,-0.3929,-0.0205
6277,05028.wav,5027,2230748994,1.803,0.5986,0.5704,0.6268,0.4783,0.4783,TAO,0.4686,-0.6206,-0.0148
6278,00134.wav,133,57046593,4.068,0.5986,0.5381,0.6590,0.5869,0.5381,TAO,0.5464,-0.7988,-0.0306
6279,02158.wav,2157,960417483,2.116,0.5986,0.5316,0.6655,0.7021,0.5316,TAO,0.5822,-0.5103,-0.0273
6280,06744.wav,6743,3008404111,8.456,0.5985,0.5774,0.6196,0.5743,0.5743,TAO,0.7501,-0.4563,-0.0100
6281,01228.wav,1227,546511279,8.374,0.5985,0.5468,0.6502,0.3884,0.3884,TAO,0.2236,-0.3743,0.0031
6282,04767.wav,4766,2117971851,2.685,0.5985,0.5478,0.6492,0.5389,0.5389,TAO,0.4208,-0.3880,-0.0066
6283,01724.wav,1723,768501412,8.598,0.5985,0.5409,0.6560,0.4281,0.4281,TAO,0.2466,-0.5590,-0.0056
6284,05451.wav,5450,2424368173,5.937,0.5984,0.5887,0.6081,0.4011,0.4011,PAT,0.2455,-0.1102,0.0119
6285,06898.wav,6897,3082762057,2.181,0.5984,0.5531,0.6438,0.6673,0.5531,TAO,0.6921,0.0278,-0.0043
6286,08038.wav,8037,3619858922,6.202,0.5984,0.5439,0.6529,0.3947,0.3947,TAO,0.2425,-0.4083,-0.0019
6287,04524.wav,4523,2010558349,2.646,0.5984,0.5000,0.6967,0.7115,0.5000,TAO,0.6415,-0.4332,-0.0248
6288,06992.wav,6991,3123293161,2.421,0.5984,0.5323,0.6645,0.7087,0.5323,TAO,0.6236,-0.3015,-0.0198
6289,04508.wav,4507,1998497482,4.373,0.5984,0.5209,0.6758,0.4511,0.4511,ANCIENT,0.5980,0.4168,0.0263
6290,04535.wav,4534,2012665228,6.736,0.5984,0.5668,0.6299,0.3746,0.3746,TAO,0.3021,0.1799,0.0298
6291,07485.wav,7484,3367542383,3.917,0.5984,0.5462,0.6505,0.4618,0.4618,TAO,0.3489,0.4217,0.0342
6292,08514.wav,8513,3826710760,4.096,0.5983,0.5838,0.6128,0.4624,0.4624,ANCIENT,0.3388,0.2852,0.0306
6293,00650.wav,649,277722433,2.596,0.5983,0.5443,0.6523,0.6894,0.5443,TAO,0.5870,-0.7659,-0.0366
6294,02737.wav,2736,1209533428,8.234,0.5983,0.5451,0.6514,0.6691,0.5451,TAO,0.6669,-0.8580,-0.0312
6295,08510.wav,8509,3825835056,3.687,0.5983,0.5556,0.6409,0.6988,0.5556,TAO,0.6978,0.1688,0.0021
6296,01317.wav,1316,584042536,5.494,0.5982,0.5357,0.6608,0.7000,0.5357,TAO,0.7046,-0.0557,-0.0009
6297,04779.wav,4778,2124998442,7.651,0.5982,0.5785,0.6180,0.4258,0.4258,LENT,0.2456,0.1309,0.0239
6298,06702.wav,6701,2988582630,6.006,0.5982,0.5266,0.6698,0.4069,0.4069,TAO,0.2386,-0.6250,-0.0094
6299,05716.wav,5715,2546847082,4.466,0.5982,0.5718,0.6246,0.3548,0.3548,TAO,0.2796,0.6453,0.0447
6300,06489.wav,6488,2897465973,6.251,0.5982,0.5634,0.6330,0.3805,0.3805,PAT,0.3554,0.5160,0.0380
6301,01481.wav,1480,652280083,2.295,0.5982,0.5524,0.6440,0.6976,0.5524,TAO,0.5514,-0.2658,-0.0004
6302,08236.wav,8235,3697977386,5.382,0.5981,0.5898,0.6065,0.3569,0.3569,TAO,0.2670,0.3871,0.0370
6303,08930.wav,8929,4014803977,4.020,0.5981,0.5322,0.6640,0.6682,0.5322,TAO,0.6425,-0.9979,-0.0432
6304,08979.wav,8978,4037232520,7.065,0.5981,0.5808,0.6153,0.4463,0.4463,TAO,0.4015,-0.3111,0.0006
6305,09367.wav,9366,4208566284,2.909,0.5980,0.5560,0.6400,0.4262,0.4262,TAO,0.2863,0.2090,0.0232
6306,02242.wav,2241,994502259,2.423,0.5980,0.5328,0.6632,0.6654,0.5328,TAO,0.7455,-0.0754,-0.0043
6307,03328.wav,3327,1462842260,6.516,0.5980,0.5562,0.6398,0.4087,0.4087,LENT,0.3016,-0.0897,0.0129
6308,01807.wav,1806,810386507,2.156,0.5979,0.5425,0.6534,0.4473,0.4473,ANCIENT,0.3703,-0.6577,-0.0115
6309,05806.wav,5805,2582785826,9.401,0.5979,0.5292,0.6666,0.4574,0.4574,TAO,0.2608,-0.6898,-0.0072
6310,00985.wav,984,431736204,5.383,0.5978,0.5507,0.6450,0.4913,0.4913,LENT,0.3326,-0.5962,-0.0096
6311,05772.wav,5771,2571008267,4.913,0.5978,0.5488,0.6468,0.5840,0.5488,LENT,0.4475,-1.1282,-0.0292
6312,02640.wav,2639,1162171312,2.024,0.5977,0.5642,0.6312,0.6530,0.5642,TAO,0.6729,0.1157,0.0043
6313,04853.wav,4852,2153401866,1.679,0.5977,0.5461,0.6492,0.7124,0.5461,TAO,0.5226,-0.2057,-0.0155
6314,03899.wav,3898,1726774731,4.293,0.5976,0.5545,0.6406,0.5873,0.5545,LENT,0.3903,-0.3073,-0.0029
6315,03796.wav,3795,1678391725,8.902,0.5976,0.5251,0.6700,0.6390,0.5251,LENT,0.8228,-0.6569,-0.0219
6316,09165.wav,9164,4122776520,3.985,0.5975,0.5672,0.6278,0.4180,0.4180,ANCIENT,0.4455,-0.2342,-0.0031
6317,07265.wav,7264,3256185023,5.315,0.5975,0.5350,0.6600,0.5303,0.5303,TAO,0.3700,-0.6028,-0.0256
6318,07765.wav,7764,3494339977,3.925,0.5975,0.5778,0.6172,0.4335,0.4335,ANCIENT,0.3194,0.6244,0.0521
6319,08386.wav,8385,3763021902,4.873,0.5975,0.5443,0.6506,0.7136,0.5443,TAO,0.7524,-0.3341,-0.0102
6320,08404.wav,8403,3776459757,5.864,0.5975,0.5308,0.6641,0.5998,0.5308,LENT,0.7835,-0.3155,-0.0040
6321,03654.wav,3653,1610558244,6.113,0.5974,0.5678,0.6271,0.5406,0.5406,PAT,0.4324,-0.0834,0.0028
6322,05341.wav,5340,2374744365,5.940,0.5974,0.5523,0.6426,0.7261,0.5523,TAO,0.7472,-0.3166,-0.0103
6323,03088.wav,3087,1357958824,3.463,0.5974,0.6133,0.5815,0.4718,0.4718,TAO,0.3696,0.7158,0.0437
6324,05347.wav,5346,2375799855,51.706,0.5974,0.5650,0.6298,0.5345,0.5345,TAO,0.5774,-0.5956,-0.0102
6325,05445.wav,5444,2423779946,1.920,0.5974,0.5477,0.6471,0.7031,0.5477,TAO,0.6506,-0.1458,0.0019
6326,01914.wav,1913,858462897,3.424,0.5974,0.5490,0.6458,0.5553,0.5490,TAO,0.4164,-0.3582,-0.0174
6327,01097.wav,1096,481007976,1.890,0.5974,0.5810,0.6137,0.4514,0.4514,LENT,0.3479,0.6503,0.0375
6328,08588.wav,8587,3860746026,5.868,0.5974,0.5483,0.6464,0.6484,0.5483,TAO,0.6561,-0.8404,-0.0319
6329,08557.wav,8556,3849721615,9.186,0.5973,0.5486,0.6461,0.4705,0.4705,ANCIENT,0.4534,-0.4956,-0.0052
6330,06730.wav,6729,3001097196,7.749,0.5972,0.5853,0.6092,0.4699,0.4699,TAO,0.3585,-0.4516,-0.0045
6331,03759.wav,3758,1660179361,4.739,0.5972,0.5320,0.6625,0.6351,0.5320,TAO,0.5739,-0.1455,0.0049
6332,01327.wav,1326,586552808,3.593,0.5972,0.5334,0.6610,0.5969,0.5334,LENT,0.7428,-0.1178,0.0016
6333,02968.wav,2967,1313682574,3.171,0.5972,0.5364,0.6580,0.6428,0.5364,KLAU,0.8021,-0.4720,-0.0152
6334,02482.wav,2481,1095000777,6.560,0.5971,0.5615,0.6328,0.6495,0.5615,TAO,0.7304,-0.1990,-0.0073
6335,03562.wav,3561,1579786313,8.270,0.5971,0.5919,0.6023,0.4529,0.4529,TAO,0.4017,-0.6887,-0.0047
6336,00854.wav,853,375929893,2.718,0.5971,0.5587,0.6355,0.5482,0.5482,TAO,0.5565,0.0164,0.0086
6337,08868.wav,8867,3994503711,4.761,0.5970,0.5612,0.6329,0.6653,0.5612,TAO,0.7575,-0.6283,-0.0151
6338,03645.wav,3644,1607143050,5.079,0.5970,0.5571,0.6369,0.4630,0.4630,TAO,0.3197,-0.1161,0.0006
6339,05945.wav,5944,2651930731,1.439,0.5969,0.5580,0.6359,0.7070,0.5580,TAO,0.6031,0.2242,0.0158
6340,00163.wav,162,70728929,2.943,0.5969,0.5514,0.6424,0.3783,0.3783,ANCIENT,0.3937,-0.1503,0.0137
6341,01265.wav,1264,563896534,5.446,0.5968,0.5388,0.6548,0.7775,0.5388,TAO,0.6378,-0.8912,-0.0453
6342,07252.wav,7251,3250204163,6.885,0.5968,0.5839,0.6098,0.4443,0.4443,TAO,0.3450,-0.0220,0.0200
6343,04379.wav,4378,1939219209,4.173,0.5968,0.5800,0.6137,0.3608,0.3608,ANCIENT,0.2533,-0.0015,0.0197
6344,04683.wav,4682,2077064275,3.995,0.5968,0.5649,0.6288,0.4055,0.4055,LENT,0.3044,0.2418,0.0294
6345,00421.wav,420,179983268,3.442,0.5968,0.5640,0.6296,0.6288,0.5640,TAO,0.5369,0.2600,0.0104
6346,05243.wav,5242,2332893951,3.703,0.5967,0.5573,0.6361,0.5891,0.5573,TAO,0.7320,-0.1990,0.0011
6347,04886.wav,4885,2171540647,4.994,0.5967,0.5609,0.6325,0.6639,0.5609,TAO,0.7682,-0.2439,-0.0055
6348,01216.wav,1215,538559787,2.831,0.5967,0.5796,0.6137,0.6140,0.5796,TAO,0.5684,0.0571,0.0124
6349,05020.wav,5019,2226191988,1.974,0.5967,0.5350,0.6583,0.7279,0.5350,TAO,0.5700,-0.6840,-0.0241
6350,00886.wav,885,389233902,3.399,0.5966,0.5613,0.6319,0.5949,0.5613,TAO,0.5024,0.1791,0.0024
6351,01285.wav,1284,575767952,4.536,0.5965,0.5627,0.6303,0.6093,0.5627,TAO,0.5810,-0.3699,-0.0075
6352,08777.wav,8776,3949479878,4.367,0.5965,0.5048,0.6883,0.8321,0.5048,TAO,0.5686,-0.8063,-0.0368
6353,01267.wav,1266,565195244,2.680,0.5964,0.5577,0.6351,0.5642,0.5577,LENT,0.4516,-0.1718,0.0083
6354,02095.wav,2094,934557900,5.190,0.5964,0.5276,0.6651,0.4356,0.4356,LENT,0.2833,0.2142,0.0214
6355,05838.wav,5837,2601258733,3.186,0.5964,0.5539,0.6388,0.7175,0.5539,TAO,0.6871,-0.4159,-0.0137
6356,06806.wav,6805,3039221615,2.914,0.5964,0.5575,0.6352,0.3976,0.3976,ANCIENT,0.3343,0.0409,0.0172
6357,00500.wav,499,213286155,2.178,0.5963,0.5357,0.6570,0.5163,0.5163,KLAU,0.6202,-0.0031,0.0032
6358,08517.wav,8516,3826929644,1.921,0.5963,0.5719,0.6207,0.5811,0.5719,TAO,0.4780,-0.4788,-0.0227
6359,02180.wav,2179,967416712,6.186,0.5963,0.5255,0.6672,0.3970,0.3970,PAT,0.2886,0.4604,0.0349
6360,05575.wav,5574,2479307204,2.509,0.5963,0.5347,0.6578,0.6934,0.5347,TAO,0.6190,-0.8840,-0.0368
6361,09549.wav,9548,4287849640,5.031,0.5963,0.5502,0.6423,0.5933,0.5502,LENT,0.4380,0.4873,0.0344
6362,03382.wav,3381,1491097662,2.578,0.5961,0.5415,0.6508,0.6746,0.5415,TAO,0.6359,0.1479,0.0127
6363,05832.wav,5831,2596625426,2.912,0.5961,0.5448,0.6474,0.6283,0.5448,TAO,0.5599,-0.4515,-0.0202
6364,08312.wav,8311,3728454693,2.683,0.5961,0.5365,0.6558,0.7047,0.5365,TAO,0.6951,0.4420,0.0149
6365,07167.wav,7166,3210035915,4.017,0.5961,0.5099,0.6823,0.5427,0.5099,LENT,0.4918,-0.0633,0.0132
6366,00890.wav,889,392896532,2.232,0.5961,0.5808,0.6114,0.5647,0.5647,TAO,0.5515,0.0959,0.0231
6367,04080.wav,4079,1807222500,5.771,0.5961,0.5810,0.6111,0.4221,0.4221,LENT,0.2849,-0.6611,-0.0087
6368,08994.wav,8993,4043433285,7.224,0.5961,0.5761,0.6160,0.4858,0.4858,TAO,0.3747,-0.5112,-0.0067
6369,09013.wav,9012,4053366469,2.819,0.5960,0.5568,0.6352,0.5093,0.5093,LENT,0.4799,-0.5230,-0.0053
6370,01985.wav,1984,886394799,4.928,0.5960,0.5298,0.6622,0.4598,0.4598,TAO,0.4250,-1.3031,-0.0406
6371,04000.wav,3999,1773204380,1.878,0.5960,0.5304,0.6615,0.6886,0.5304,TAO,0.6780,-0.3399,-0.0186
6372,01900.wav,1899,848959922,5.127,0.5959,0.5229,0.6689,0.4793,0.4793,TAO,0.2991,-0.7351,-0.0195
6373,05728.wav,5727,2550159885,5.595,0.5958,0.5670,0.6246,0.4424,0.4424,TAO,0.2654,-0.1057,0.0172
6374,08001.wav,8000,3600253804,9.454,0.5958,0.5436,0.6480,0.7139,0.5436,TAO,0.6871,-0.7060,-0.0279
6375,05023.wav,5022,2227992415,5.351,0.5958,0.5645,0.6270,0.6770,0.5645,TAO,0.7557,0.2962,0.0182
6376,06621.wav,6620,2954911534,3.929,0.5957,0.5525,0.6390,0.7346,0.5525,TAO,0.6974,-0.3823,-0.0155
6377,02370.wav,2369,1046850180,2.451,0.5957,0.5665,0.6248,0.5894,0.5665,KLAU,0.5977,-0.8029,-0.0356
6378,02625.wav,2624,1151321063,3.403,0.5957,0.5548,0.6366,0.4404,0.4404,TAO,0.4414,-0.7975,-0.0214
6379,04933.wav,4932,2190602802,5.552,0.5957,0.5398,0.6515,0.6941,0.5398,TAO,0.7012,-0.3452,-0.0145
6380,06027.wav,6026,2682984271,5.358,0.5956,0.5607,0.6306,0.3890,0.3890,ANCIENT,0.3540,0.2741,0.0305
6381,04727.wav,4726,2098848039,5.989,0.5955,0.5661,0.6249,0.6672,0.5661,TAO,0.6528,-0.3746,-0.0100
6382,00331.wav,330,145496362,6.829,0.5954,0.5747,0.6162,0.4448,0.4448,TAO,0.4351,-0.5015,-0.0001
6383,06326.wav,6325,2829399525,4.198,0.5954,0.5523,0.6385,0.6675,0.5523,TAO,0.7302,-0.0684,-0.0040
6384,03832.wav,3831,1696885651,4.194,0.5953,0.6049,0.5858,0.3833,0.3833,TAO,0.3113,0.7685,0.0523
6385,05749.wav,5748,2558506963,6.261,0.5953,0.5411,0.6495,0.4183,0.4183,PAT,0.2987,-0.9795,-0.0259
6386,01026.wav,1025,451183247,2.119,0.5953,0.5635,0.6271,0.7013,0.5635,TAO,0.5712,0.1511,0.0056
6387,02944.wav,2943,1300115821,1.787,0.5953,0.5208,0.6697,0.6751,0.5208,TAO,0.4804,-0.0656,0.0047
6388,00583.wav,582,250460849,2.336,0.5952,0.5302,0.6602,0.6381,0.5302,TAO,0.4506,-0.1316,0.0020
6389,01668.wav,1667,738989253,6.310,0.5952,0.5427,0.6477,0.6388,0.5427,TAO,0.6436,-0.4112,-0.0162
6390,07834.wav,7833,3526698343,4.627,0.5952,0.5326,0.6577,0.6868,0.5326,LENT,0.6584,-1.0162,-0.0438
6391,03978.wav,3977,1760351210,2.834,0.5951,0.5440,0.6462,0.7049,0.5440,TAO,0.6397,-0.0538,-0.0006
6392,00748.wav,747,325769156,3.997,0.5951,0.5372,0.6531,0.7283,0.5372,TAO,0.7745,-0.5337,-0.0219
6393,07910.wav,7909,3568315087,7.655,0.5951,0.5281,0.6621,0.5042,0.5042,LENT,0.6582,0.0213,0.0044
6394,01804.wav,1803,808945096,4.853,0.5951,0.5555,0.6347,0.6542,0.5555,TAO,0.7024,-0.3418,-0.0065
6395,05639.wav,5638,2507335308,5.538,0.5951,0.6170,0.5731,0.2999,0.2999,TAO,0.3160,1.5522,0.0817
6396,05885.wav,5884,2627862059,5.481,0.5951,0.5396,0.6505,0.3836,0.3836,TAO,0.2575,0.4476,0.0426
6397,00819.wav,818,359843560,4.137,0.5949,0.5722,0.6177,0.3823,0.3823,PAT,0.1930,0.3554,0.0316
6398,00425.wav,424,181172242,4.603,0.5949,0.5661,0.6238,0.3893,0.3893,TAO,0.2208,0.1219,0.0219
6399,02850.wav,2849,1255025505,3.338,0.5949,0.5631,0.6267,0.6094,0.5631,TAO,0.7277,0.0013,0.0017
6400,03969.wav,3968,1754311214,5.960,0.5949,0.5354,0.6543,0.6380,0.5354,TAO,0.7465,-0.2746,-0.0064
6401,02854.wav,2853,1257050729,2.128,0.5948,0.5446,0.6451,0.7631,0.5446,TAO,0.6996,-0.4674,-0.0209
6402,06882.wav,6881,3071855587,5.851,0.5948,0.5539,0.6357,0.4464,0.4464,TAO,0.3132,-1.1987,-0.0329
6403,07593.wav,7592,3418697635,5.212,0.5948,0.5103,0.6793,0.7410,0.5103,TAO,0.6973,-0.6837,-0.0313
6404,08325.wav,8324,3729671785,5.907,0.5948,0.5829,0.6067,0.4582,0.4582,ANCIENT,0.2949,0.2906,0.0330
6405,00764.wav,763,331692774,7.062,0.5948,0.5607,0.6289,0.6330,0.5607,TAO,0.7716,-0.2655,-0.0073
6406,07759.wav,7758,3493067143,2.033,0.5947,0.6080,0.5815,0.4946,0.4946,TAO,0.3558,-0.1047,0.0048
6407,05170.wav,5169,2301253252,6.611,0.5947,0.5785,0.6110,0.3952,0.3952,TAO,0.2798,-0.4105,0.0054
6408,00498.wav,497,213090961,2.519,0.5947,0.5819,0.6075,0.5491,0.5491,TAO,0.3281,0.4615,0.0178
6409,06476.wav,6475,2892228262,2.776,0.5947,0.5692,0.6202,0.6706,0.5692,TAO,0.6470,-0.3530,-0.0099
6410,00273.wav,272,121575080,6.521,0.5947,0.5329,0.6565,0.4854,0.4854,LENT,0.3852,-0.9951,-0.0182
6411,03045.wav,3044,1346151403,5.418,0.5946,0.5538,0.6355,0.7085,0.5538,TAO,0.6799,-0.4342,-0.0127
6412,03356.wav,3355,1476983725,5.192,0.5945,0.5679,0.6211,0.4698,0.4698,TAO,0.3609,-0.4585,-0.0040
6413,06946.wav,6945,3106467138,7.152,0.5945,0.5891,0.6000,0.3748,0.3748,PAT,0.2899,0.9998,0.0667
6414,04713.wav,4712,2092073130,11.680,0.5945,0.5593,0.6297,0.6608,0.5593,TAO,0.7633,-0.5185,-0.0151
6415,01385.wav,1384,609776073,8.661,0.5945,0.5721,0.6168,0.3675,0.3675,TAO,0.2734,0.4781,0.0491
6416,02528.wav,2527,1113476205,3.276,0.5944,0.5382,0.6506,0.7226,0.5382,TAO,0.7295,-0.1232,-0.0063
6417,07364.wav,7363,3308189687,6.922,0.5944,0.5267,0.6620,0.5791,0.5267,LENT,0.6377,-0.2592,-0.0058
6418,01137.wav,1136,503601703,3.180,0.5943,0.5870,0.6017,0.5024,0.5024,TAO,0.3856,-0.9291,-0.0233
6419,09102.wav,9101,4095683210,2.152,0.5943,0.5621,0.6266,0.5141,0.5141,TAO,0.3978,0.4179,0.0260
6420,05404.wav,5403,2404013186,4.558,0.5943,0.5578,0.6309,0.5771,0.5578,TAO,0.6557,-0.1249,-0.0000
6421,06348.wav,6347,2836201579,4.923,0.5943,0.5435,0.6452,0.4896,0.4896,TAO,0.3175,-1.0139,-0.0209
6422,05418.wav,5417,2411091960,2.942,0.5943,0.5706,0.6181,0.5070,0.5070,PAT,0.3546,0.5568,0.0312
6423,00767.wav,766,332617284,8.924,0.5943,0.5279,0.6606,0.5550,0.5279,LENT,0.4003,-0.7581,-0.0159
6424,04014.wav,4013,1781500040,4.444,0.5943,0.5639,0.6246,0.5212,0.5212,TAO,0.3566,0.0157,0.0168
6425,08250.wav,8249,3704239347,3.917,0.5942,0.5728,0.6155,0.4080,0.4080,TAO,0.2925,-0.2486,0.0119
6426,07184.wav,7183,3218398280,3.022,0.5941,0.5615,0.6268,0.6777,0.5615,TAO,0.6223,-0.0477,0.0023
6427,04096.wav,4095,1815077483,5.630,0.5941,0.5580,0.6302,0.5087,0.5087,PAT,0.3685,-0.7523,-0.0277
6428,02395.wav,2394,1057618100,6.626,0.5940,0.5666,0.6214,0.3821,0.3821,TAO,0.3089,0.8397,0.0592
6429,00033.wav,32,15838478,5.572,0.5940,0.5611,0.6268,0.5100,0.5100,TAO,0.4429,-0.0406,0.0130
6430,06025.wav,6024,2682424169,4.463,0.5939,0.5185,0.6693,0.7738,0.5185,TAO,0.5995,-1.0013,-0.0467
6431,09509.wav,9508,4265824142,7.580,0.5939,0.5378,0.6499,0.3864,0.3864,PAT,0.2707,-0.5346,-0.0044
6432,07837.wav,7836,3530008921,4.810,0.5938,0.5328,0.6549,0.6686,0.5328,TAO,0.7532,-0.7987,-0.0384
6433,03629.wav,3628,1602858825,3.551,0.5938,0.5236,0.6640,0.7011,0.5236,TAO,0.6939,-0.1737,-0.0135
6434,09211.wav,9210,4142538122,7.988,0.5938,0.5245,0.6631,0.4451,0.4451,TAO,0.4237,-1.0046,-0.0251
6435,07319.wav,7318,3284312585,8.163,0.5938,0.5550,0.6325,0.3869,0.3869,TAO,0.2324,-0.4218,0.0001
6436,07087.wav,7086,3169633890,5.154,0.5937,0.5925,0.5950,0.4576,0.4576,LENT,0.3161,-0.4201,-0.0031
6437,09087.wav,9086,4086607819,4.598,0.5937,0.5439,0.6435,0.6663,0.5439,TAO,0.7666,-0.4947,-0.0210
6438,04395.wav,4394,1948385622,3.541,0.5937,0.5771,0.6103,0.5312,0.5312,LENT,0.3811,-0.0646,0.0162
6439,03567.wav,3566,1580265098,3.852,0.5937,0.5722,0.6151,0.6670,0.5722,TAO,0.7244,0.0585,0.0090
6440,09440.wav,9439,4238652587,4.915,0.5936,0.4962,0.6910,0.4868,0.4868,TAO,0.2808,-0.7660,-0.0188
6441,02757.wav,2756,1218049415,5.359,0.5936,0.5441,0.6430,0.6954,0.5441,TAO,0.7643,-0.8983,-0.0313
6442,08569.wav,8568,3852493103,1.769,0.5936,0.5764,0.6107,0.4981,0.4981,TAO,0.4292,0.8152,0.0446
6443,05129.wav,5128,2280345461,2.227,0.5935,0.5407,0.6464,0.7174,0.5407,TAO,0.5690,0.0328,-0.0075
6444,04160.wav,4159,1840908421,6.822,0.5935,0.5688,0.6181,0.5458,0.5458,TAO,0.3550,-0.6981,-0.0175
6445,07138.wav,7137,3194980091,1.919,0.5934,0.5200,0.6669,0.7376,0.5200,TAO,0.4742,-0.3188,-0.0228
6446,00075.wav,74,34927567,2.189,0.5934,0.5512,0.6357,0.5277,0.5277,PAT,0.2867,0.3628,0.0202
6447,08118.wav,8117,3651100463,3.001,0.5934,0.6238,0.5630,0.3640,0.3640,TAO,0.3199,0.5883,0.0524
6448,00910.wav,909,400673191,4.096,0.5934,0.5524,0.6344,0.7131,0.5524,TAO,0.6603,-0.5091,-0.0168
6449,06215.wav,6214,2780031373,5.443,0.5934,0.5898,0.5969,0.4371,0.4371,TAO,0.3286,0.4598,0.0343
6450,08543.wav,8542,3842345608,1.789,0.5933,0.5308,0.6558,0.7174,0.5308,TAO,0.6535,-0.2945,-0.0175
6451,04926.wav,4925,2189022282,5.547,0.5932,0.5200,0.6664,0.3748,0.3748,TAO,0.2435,1.0960,0.0600
6452,01045.wav,1044,457395022,2.706,0.5932,0.5547,0.6318,0.5259,0.5259,TAO,0.6902,-0.0939,0.0081
6453,06997.wav,6996,3129005024,2.578,0.5931,0.5355,0.6507,0.6794,0.5355,TAO,0.6229,0.0899,0.0102
6454,07808.wav,7807,3516673161,7.474,0.5931,0.5248,0.6613,0.6914,0.5248,TAO,0.5546,-1.2539,-0.0499
6455,05330.wav,5329,2370340590,6.144,0.5930,0.5469,0.6391,0.3943,0.3943,TAO,0.1682,0.1899,0.0228
6456,08266.wav,8265,3709876149,5.421,0.5930,0.5730,0.6130,0.4612,0.4612,ANCIENT,0.4194,0.1113,0.0133
6457,03665.wav,3664,1613765707,2.251,0.5928,0.5410,0.6447,0.6607,0.5410,TAO,0.7083,-0.1813,-0.0027
6458,09196.wav,9195,4135427951,5.239,0.5928,0.5467,0.6389,0.4668,0.4668,TAO,0.4282,0.0739,0.0196
6459,02442.wav,2441,1075932907,4.464,0.5927,0.5614,0.6241,0.4495,0.4495,TAO,0.5668,-0.1735,0.0047
6460,02990.wav,2989,1322250761,5.705,0.5927,0.5837,0.6017,0.3670,0.3670,TAO,0.2801,1.0078,0.0636
6461,01114.wav,1113,494025309,3.944,0.5927,0.5587,0.6267,0.5058,0.5058,TAO,0.3635,-0.6271,-0.0041
6462,03828.wav,3827,1696646769,2.800,0.5927,0.5357,0.6496,0.4997,0.4997,LENT,0.3543,0.0876,0.0143
6463,00750.wav,749,326594765,6.485,0.5927,0.5287,0.6566,0.4664,0.4664,TAO,0.3889,-1.2965,-0.0430
6464,07499.wav,7498,3373783786,4.568,0.5927,0.5898,0.5955,0.4838,0.4838,LENT,0.3459,-0.2655,0.0007
6465,08219.wav,8218,3690271031,5.069,0.5925,0.5334,0.6517,0.7158,0.5334,TAO,0.6494,-0.7464,-0.0329
6466,06188.wav,6187,2763665987,6.335,0.5925,0.5268,0.6582,0.4985,0.4985,TAO,0.4128,-0.7259,-0.0161
6467,05648.wav,5647,2513283665,9.512,0.5925,0.5407,0.6443,0.6882,0.5407,TAO,0.7785,-0.1082,-0.0066
6468,03551.wav,3550,1574927186,4.054,0.5925,0.5470,0.6380,0.6553,0.5470,TAO,0.5848,-0.1808,-0.0066
6469,07870.wav,7869,3545944659,5.489,0.5925,0.5642,0.6207,0.3809,0.3809,TAO,0.4256,0.9362,0.0507
6470,08598.wav,8597,3867717619,1.964,0.5925,0.5400,0.6449,0.4566,0.4566,TAO,0.4892,0.3261,0.0240
6471,01951.wav,1950,870396208,3.385,0.5924,0.5631,0.6218,0.4987,0.4987,ANCIENT,0.4122,0.5543,0.0371
6472,05519.wav,5518,2455311203,2.819,0.5924,0.5713,0.6136,0.5535,0.5535,TAO,0.4036,-0.5556,-0.0110
6473,03399.wav,3398,1499297906,4.844,0.5924,0.5314,0.6534,0.6352,0.5314,TAO,0.6658,-0.2866,-0.0216
6474,00729.wav,728,318232400,6.148,0.5924,0.5716,0.6131,0.4588,0.4588,LENT,0.2541,0.1208,0.0153
6475,04139.wav,4138,1832396371,3.323,0.5923,0.5268,0.6579,0.6772,0.5268,TAO,0.6504,-0.5303,-0.0291
6476,06535.wav,6534,2914744307,8.316,0.5923,0.5431,0.6415,0.4314,0.4314,PAT,0.2529,-0.8806,-0.0244
6477,03224.wav,3223,1414149047,6.711,0.5923,0.5376,0.6470,0.3931,0.3931,PAT,0.2861,-0.2844,0.0075
6478,07311.wav,7310,3275766601,6.011,0.5922,0.5098,0.6747,0.4513,0.4513,TAO,0.4223,-1.3339,-0.0435
6479,08769.wav,8768,3946824174,2.096,0.5922,0.5384,0.6460,0.6964,0.5384,TAO,0.6152,0.1425,0.0020
6480,01315.wav,1314,583767910,3.987,0.5921,0.5297,0.6545,0.7495,0.5297,TAO,0.6417,-0.3863,-0.0185
6481,01356.wav,1355,602207115,5.886,0.5920,0.5879,0.5962,0.3507,0.3507,PAT,0.2762,0.6677,0.0546
6482,05212.wav,5211,2319563017,3.831,0.5920,0.5354,0.6485,0.5279,0.5279,LENT,0.4236,-0.1271,0.0021
6483,06287.wav,6286,2807558188,6.318,0.5920,0.5568,0.6272,0.3284,0.3284,ANCIENT,0.2743,0.4850,0.0394
6484,04117.wav,4116,1824036674,3.824,0.5919,0.5484,0.6355,0.6853,0.5484,TAO,0.7907,-0.4180,-0.0105
6485,06082.wav,6081,2713606081,4.223,0.5919,0.5196,0.6641,0.7411,0.5196,TAO,0.6645,-0.7007,-0.0346
6486,09340.wav,9339,4197367711,3.892,0.5919,0.5363,0.6475,0.6943,0.5363,TAO,0.5449,-1.0379,-0.0376
6487,04814.wav,4813,2140933900,5.092,0.5919,0.5663,0.6174,0.4780,0.4780,TAO,0.3271,-0.6459,-0.0110
6488,06315.wav,6314,2822224173,1.971,0.5918,0.5674,0.6163,0.6844,0.5674,TAO,0.4915,-0.2425,-0.0016
6489,00422.wav,421,180001739,2.189,0.5917,0.5333,0.6502,0.6811,0.5333,TAO,0.5768,0.2243,0.0159
6490,00789.wav,788,348839147,3.656,0.5916,0.5312,0.6521,0.7171,0.5312,TAO,0.6728,-0.3331,-0.0129
6491,02631.wav,2630,1153799859,2.128,0.5916,0.5379,0.6453,0.4669,0.4669,TAO,0.3505,-0.6859,-0.0236
6492,01348.wav,1347,597459951,6.438,0.5916,0.5088,0.6745,0.4386,0.4386,TAO,0.2885,-0.9209,-0.0269
6493,07999.wav,7998,3599777540,6.194,0.5916,0.5471,0.6361,0.6681,0.5471,TAO,0.7383,-0.5215,-0.0177
6494,02732.wav,2731,1204761440,3.098,0.5916,0.5423,0.6409,0.6737,0.5423,TAO,0.6209,0.5079,0.0179
6495,09205.wav,9204,4139951816,5.158,0.5915,0.5192,0.6639,0.3780,0.3780,TAO,0.3245,-0.5308,-0.0052
6496,03791.wav,3790,1676401224,3.844,0.5915,0.5316,0.6514,0.6652,0.5316,TAO,0.7831,-0.3211,-0.0133
6497,00342.wav,341,147877867,5.732,0.5914,0.5306,0.6523,0.6999,0.5306,TAO,0.7246,-0.2008,-0.0074
6498,03956.wav,3955,1749629415,1.799,0.5914,0.5318,0.6511,0.6822,0.5318,TAO,0.6691,-0.1652,-0.0103
6499,03461.wav,3460,1531902564,5.700,0.5914,0.5535,0.6293,0.4974,0.4974,TAO,0.4154,-0.9963,-0.0284
6500,04388.wav,4387,1943862348,5.873,0.5914,0.5152,0.6676,0.4793,0.4793,TAO,0.3943,-1.2652,-0.0415
6501,03856.wav,3855,1705693741,5.707,0.5913,0.5673,0.6153,0.2937,0.2937,TAO,0.2297,0.4433,0.0412
6502,00215.wav,214,96654569,4.700,0.5913,0.5961,0.5865,0.4665,0.4665,TAO,0.4237,-0.3085,0.0022
6503,04222.wav,4221,1870311138,7.750,0.5913,0.5540,0.6285,0.3885,0.3885,PAT,0.2103,-0.7499,-0.0085
6504,05571.wav,5570,2478267337,5.326,0.5912,0.5283,0.6541,0.4135,0.4135,TAO,0.2946,-0.6208,-0.0113
6505,03388.wav,3387,1493401102,2.481,0.5911,0.5440,0.6382,0.5778,0.5440,TAO,0.4930,-0.2253,-0.0054
6506,03509.wav,3508,1555050984,2.033,0.5911,0.5448,0.6374,0.6818,0.5448,TAO,0.7080,-0.6321,-0.0295
6507,09498.wav,9497,4263853639,2.619,0.5911,0.5603,0.6218,0.6598,0.5603,TAO,0.6070,0.3459,0.0170
6508,02784.wav,2783,1226866483,2.166,0.5910,0.5254,0.6566,0.7401,0.5254,TAO,0.6102,-1.0788,-0.0500
6509,02098.wav,2097,934796782,5.719,0.5910,0.5746,0.6075,0.4188,0.4188,ANCIENT,0.3265,0.4357,0.0417
6510,05516.wav,5515,2451617989,4.259,0.5910,0.5603,0.6217,0.6770,0.5603,TAO,0.6059,-0.7582,-0.0243
6511,08554.wav,8553,3845795434,7.432,0.5910,0.5313,0.6507,0.4384,0.4384,LENT,0.2427,-0.9481,-0.0245
6512,03592.wav,3591,1587419183,2.362,0.5910,0.5286,0.6534,0.7456,0.5286,TAO,0.6028,-0.0936,-0.0113
6513,05175.wav,5174,2302416644,4.365,0.5910,0.5563,0.6257,0.5979,0.5563,TAO,0.4825,-0.2772,-0.0067
6514,06399.wav,6398,2858281798,6.211,0.5909,0.5210,0.6609,0.4192,0.4192,TAO,0.2500,-0.5950,-0.0029
6515,05253.wav,5252,2339892600,1.938,0.5909,0.5248,0.6570,0.5002,0.5002,TAO,0.3480,-1.2047,-0.0431
6516,06832.wav,6831,3051888515,6.775,0.5909,0.5527,0.6291,0.3594,0.3594,TAO,0.2479,0.1568,0.0322
6517,04996.wav,4995,2214880365,6.593,0.5908,0.5872,0.5945,0.5106,0.5106,LENT,0.3313,-0.7696,-0.0168
6518,03970.wav,3969,1755253201,5.625,0.5908,0.5584,0.6233,0.3681,0.3681,TAO,0.2614,0.7778,0.0526
6519,02062.wav,2061,917846213,2.837,0.5908,0.5360,0.6457,0.6501,0.5360,TAO,0.7439,-0.0494,-0.0037
6520,07041.wav,7040,3145192164,3.032,0.5908,0.5533,0.6284,0.6879,0.5533,TAO,0.5837,-0.0776,0.0015
6521,05973.wav,5972,2659406378,6.634,0.5908,0.5675,0.6141,0.4575,0.4575,PAT,0.3040,-0.0328,0.0127
6522,01902.wav,1901,849913308,3.014,0.5908,0.5141,0.6675,0.7047,0.5141,TAO,0.7302,-0.7162,-0.0304
6523,04472.wav,4471,1979232272,2.240,0.5908,0.5336,0.6479,0.7519,0.5336,TAO,0.6933,-0.0738,0.0036
6524,04288.wav,4287,1899820976,8.065,0.5908,0.5606,0.6209,0.4343,0.4343,LENT,0.2763,-0.0074,0.0162
6525,02712.wav,2711,1198964741,6.747,0.5907,0.5406,0.6409,0.4478,0.4478,TAO,0.4611,-1.0418,-0.0266
6526,02808.wav,2807,1239271407,1.947,0.5907,0.5400,0.6413,0.6767,0.5400,TAO,0.6666,0.0453,-0.0060
6527,03635.wav,3634,1605185609,8.619,0.5907,0.5213,0.6600,0.5464,0.5213,TAO,0.4302,-1.3001,-0.0390
6528,06734.wav,6733,3002422230,2.067,0.5906,0.5835,0.5978,0.6309,0.5835,TAO,0.4965,0.2957,0.0139
6529,09302.wav,9301,4184515562,2.797,0.5906,0.5218,0.6594,0.7074,0.5218,TAO,0.5932,-0.0415,-0.0098
6530,00103.wav,102,44009262,7.733,0.5906,0.5704,0.6108,0.3537,0.3537,TAO,0.2367,0.6506,0.0519
6531,09028.wav,9027,4060695015,6.679,0.5906,0.5596,0.6216,0.4646,0.4646,ANCIENT,0.3060,-0.5695,-0.0016
6532,04858.wav,4857,2157840370,9.104,0.5906,0.5362,0.6451,0.3870,0.3870,ANCIENT,0.2925,-0.2493,0.0056
6533,06405.wav,6404,2861333827,6.677,0.5906,0.5800,0.6012,0.4407,0.4407,LENT,0.2276,-0.1075,0.0065
6534,01146.wav,1145,504983979,4.061,0.5906,0.5573,0.6239,0.3979,0.3979,TAO,0.1996,-0.3960,0.0027
6535,02192.wav,2191,972301963,8.878,0.5906,0.5546,0.6266,0.4278,0.4278,TAO,0.3436,-0.6736,-0.0207
6536,00223.wav,222,98742471,3.853,0.5906,0.5365,0.6447,0.7339,0.5365,TAO,0.6053,-0.3313,-0.0161
6537,05356.wav,5355,2377655941,7.292,0.5906,0.5635,0.6177,0.3841,0.3841,TAO,0.4112,0.1309,0.0268
6538,01487.wav,1486,656509324,4.283,0.5905,0.5316,0.6495,0.6465,0.5316,LENT,0.7547,-0.9759,-0.0340
6539,06312.wav,6311,2819309709,2.312,0.5904,0.6235,0.5574,0.4889,0.4889,TAO,0.4862,0.1056,0.0168
6540,02172.wav,2171,965274089,5.803,0.5904,0.5381,0.6427,0.6154,0.5381,TAO,0.4717,-0.8127,-0.0291
6541,07891.wav,7890,3556412303,3.008,0.5904,0.5297,0.6511,0.4987,0.4987,TAO,0.2921,0.1682,0.0141
6542,00119.wav,118,49429192,1.989,0.5904,0.5457,0.6350,0.5116,0.5116,TAO,0.4163,-0.7431,-0.0192
6543,06567.wav,6566,2934246340,2.709,0.5903,0.5970,0.5836,0.4263,0.4263,PAT,0.3872,1.2649,0.0658
6544,00471.wav,470,202316452,8.465,0.5902,0.5290,0.6515,0.4547,0.4547,TAO,0.3025,-0.8047,-0.0148
6545,09152.wav,9151,4116125893,7.165,0.5902,0.5493,0.6311,0.5882,0.5493,LENT,0.7070,-0.3149,-0.0057
6546,09355.wav,9354,4206143120,8.804,0.5902,0.5777,0.6026,0.5517,0.5517,TAO,0.7290,-0.4854,-0.0053
6547,04341.wav,4340,1920390021,8.258,0.5902,0.5231,0.6572,0.6265,0.5231,TAO,0.7191,-0.1670,-0.0127
6548,02193.wav,2192,972468968,2.689,0.5902,0.5026,0.6777,0.5721,0.5026,TAO,0.3688,0.1601,0.0160
6549,02241.wav,2240,994437924,5.975,0.5902,0.5218,0.6585,0.4320,0.4320,TAO,0.2003,-0.5630,-0.0074
6550,07758.wav,7757,3492841323,8.912,0.5901,0.5469,0.6334,0.4442,0.4442,TAO,0.3431,-0.4521,0.0027
6551,02935.wav,2934,1298507725,2.834,0.5901,0.5676,0.6126,0.4393,0.4393,LENT,0.3798,-0.1695,0.0136
6552,09331.wav,9330,4192268681,5.264,0.5901,0.5662,0.6139,0.4690,0.4690,ANCIENT,0.3667,0.0543,0.0175
6553,08184.wav,8183,3676470249,2.657,0.5899,0.5353,0.6445,0.6596,0.5353,TAO,0.7254,-0.0285,-0.0064
6554,02250.wav,2249,999015752,3.056,0.5899,0.5159,0.6638,0.5938,0.5159,TAO,0.4443,0.1826,0.0239
6555,05549.wav,5548,2471533066,5.133,0.5898,0.5234,0.6562,0.7283,0.5234,TAO,0.6599,-1.1184,-0.0433
6556,01635.wav,1634,728374339,2.224,0.5898,0.5265,0.6531,0.5959,0.5265,TAO,0.6154,0.5230,0.0176
6557,00515.wav,514,222137933,3.898,0.5898,0.5376,0.6420,0.4891,0.4891,LENT,0.4143,-0.2881,0.0032
6558,00246.wav,245,108768213,3.832,0.5898,0.5565,0.6230,0.4406,0.4406,ANCIENT,0.3618,-0.2537,0.0059
6559,01566.wav,1565,688670467,3.390,0.5897,0.5895,0.5899,0.4905,0.4905,TAO,0.3422,0.1899,0.0191
6560,02916.wav,2915,1293009705,2.598,0.5897,0.5167,0.6627,0.5324,0.5167,ANCIENT,0.7063,-0.2647,0.0004
6561,00952.wav,951,423720808,1.485,0.5897,0.5419,0.6375,0.7668,0.5419,TAO,0.5248,-0.0937,0.0011
6562,03613.wav,3612,1598868466,4.965,0.5897,0.5337,0.6456,0.5512,0.5337,TAO,0.5117,-1.1346,-0.0352
6563,05318.wav,5317,2367794922,8.875,0.5897,0.5638,0.6155,0.5065,0.5065,TAO,0.3220,-0.5906,-0.0179
6564,08834.wav,8833,3974064106,8.819,0.5896,0.5331,0.6461,0.7094,0.5331,TAO,0.7761,-0.2595,-0.0085
6565,09209.wav,9208,4142306176,7.496,0.5896,0.5412,0.6380,0.4149,0.4149,LENT,0.2133,-0.2522,0.0041
6566,06236.wav,6235,2785649826,2.999,0.5895,0.5419,0.6372,0.6742,0.5419,TAO,0.5665,0.1939,0.0098
6567,01749.wav,1748,782568713,1.661,0.5895,0.5182,0.6609,0.7533,0.5182,TAO,0.6114,-0.1777,-0.0112
6568,03783.wav,3782,1673241516,8.973,0.5895,0.5353,0.6437,0.7459,0.5353,TAO,0.7302,-0.2848,-0.0147
6569,01173.wav,1172,518793778,3.482,0.5894,0.5230,0.6558,0.6129,0.5230,TAO,0.7362,-0.3116,-0.0138
6570,09347.wav,9346,4200750487,5.679,0.5894,0.5362,0.6426,0.5126,0.5126,TAO,0.3263,-0.3954,-0.0067
6571,00929.wav,928,410149580,3.296,0.5894,0.5605,0.6182,0.3467,0.3467,TAO,0.2734,1.1909,0.0654
6572,00599.wav,598,253743922,3.185,0.5891,0.5469,0.6313,0.4322,0.4322,LENT,0.3280,-0.1290,0.0110
6573,04312.wav,4311,1907873134,6.591,0.5890,0.5433,0.6348,0.3334,0.3334,TAO,0.2227,0.3271,0.0323
6574,02745.wav,2744,1214023635,3.631,0.5889,0.5655,0.6124,0.5591,0.5591,LENT,0.2191,-0.9450,-0.0255
6575,05391.wav,5390,2397347719,6.751,0.5889,0.5351,0.6427,0.6123,0.5351,TAO,0.8435,-0.2433,-0.0003
6576,07043.wav,7042,3146814343,3.629,0.5888,0.5148,0.6628,0.7121,0.5148,TAO,0.6685,-0.5924,-0.0265
6577,08283.wav,8282,3716945682,11.841,0.5888,0.5344,0.6432,0.6818,0.5344,TAO,0.8092,-0.1662,-0.0067
6578,05503.wav,5502,2448125292,3.599,0.5888,0.5463,0.6313,0.4728,0.4728,TAO,0.3034,-0.3161,0.0011
6579,02436.wav,2435,1073064808,2.834,0.5887,0.5547,0.6228,0.4624,0.4624,TAO,0.4785,0.8254,0.0556
6580,06012.wav,6011,2676963753,6.002,0.5887,0.5457,0.6318,0.4088,0.4088,PAT,0.2691,-0.4939,-0.0056
6581,05771.wav,5770,2570952525,4.783,0.5887,0.5432,0.6343,0.4436,0.4436,TAO,0.3303,0.6409,0.0431
6582,08012.wav,8011,3605516997,9.458,0.5887,0.5319,0.6455,0.5997,0.5319,TAO,0.7116,-0.5057,-0.0119
6583,07938.wav,7937,3575724297,2.746,0.5887,0.5223,0.6551,0.7173,0.5223,TAO,0.6853,-0.3825,-0.0208
6584,01078.wav,1077,473747346,1.988,0.5887,0.5523,0.6251,0.6371,0.5523,TAO,0.4753,0.6844,0.0286
6585,04168.wav,4167,1850368437,6.066,0.5887,0.5356,0.6417,0.7231,0.5356,TAO,0.6919,-0.3502,-0.0172
6586,05128.wav,5127,2279566954,5.837,0.5887,0.5683,0.6090,0.3331,0.3331,TAO,0.2627,0.4131,0.0430
6587,07263.wav,7262,3254802747,3.871,0.5887,0.5444,0.6330,0.4465,0.4465,TAO,0.1783,-0.6182,-0.0081
6588,02161.wav,2160,960930991,7.257,0.5886,0.5245,0.6527,0.6778,0.5245,TAO,0.7695,-0.4578,-0.0127
6589,03049.wav,3048,1346903793,6.443,0.5886,0.5365,0.6407,0.4520,0.4520,ANCIENT,0.4635,-0.5699,-0.0055
6590,05876.wav,5875,2624833544,2.346,0.5886,0.5324,0.6447,0.4510,0.4510,PAT,0.4014,0.1606,0.0229
6591,08672.wav,8671,3905008970,7.375,0.5885,0.5457,0.6313,0.4563,0.4563,TAO,0.4464,-0.7013,-0.0111
6592,07576.wav,7575,3409099580,5.269,0.5884,0.5185,0.6582,0.4852,0.4852,LENT,0.3041,-0.2099,0.0127
6593,02602.wav,2601,1143047500,8.953,0.5883,0.5449,0.6318,0.6203,0.5449,TAO,0.8312,-0.3254,-0.0074
6594,04943.wav,4942,2192341359,8.061,0.5883,0.5346,0.6420,0.3853,0.3853,TAO,0.2091,-0.1050,0.0152
6595,06513.wav,6512,2904606319,2.069,0.5883,0.5427,0.6339,0.6759,0.5427,TAO,0.6654,-0.1937,-0.0082
6596,07600.wav,7599,3421610752,5.786,0.5882,0.5527,0.6237,0.6249,0.5527,TAO,0.5702,-0.1589,-0.0081
6597,08035.wav,8034,3618340270,9.180,0.5881,0.5487,0.6276,0.3732,0.3732,ANCIENT,0.2761,0.0630,0.0193
6598,01213.wav,1212,537158184,4.507,0.5881,0.5473,0.6288,0.7185,0.5473,TAO,0.5749,-0.1501,-0.0044
6599,03687.wav,3686,1627040584,2.064,0.5880,0.5306,0.6454,0.5756,0.5306,TAO,0.7086,0.6995,0.0249
6600,09058.wav,9057,4077214023,2.094,0.5879,0.5340,0.6418,0.7274,0.5340,TAO,0.6772,-0.1477,-0.0096
6601,06049.wav,6048,2697441485,1.735,0.5879,0.5279,0.6478,0.6186,0.5279,TAO,0.4993,-0.7170,-0.0177
6602,05732.wav,5731,2552753223,6.157,0.5878,0.5314,0.6442,0.4192,0.4192,TAO,0.2666,-0.5286,0.0038
6603,06903.wav,6902,3084805779,5.569,0.5878,0.5676,0.6081,0.4143,0.4143,TAO,0.2486,0.1843,0.0272
6604,02247.wav,2246,998611686,3.067,0.5878,0.5289,0.6468,0.7184,0.5289,TAO,0.7422,-0.3099,-0.0145
6605,02730.wav,2729,1202619080,2.956,0.5878,0.5366,0.6390,0.5752,0.5366,TAO,0.4670,0.8212,0.0526
6606,03962.wav,3961,1752174027,8.853,0.5878,0.5709,0.6047,0.4041,0.4041,TAO,0.2658,-0.0465,0.0129
6607,03999.wav,3998,1772091688,3.685,0.5876,0.5461,0.6291,0.5314,0.5314,TAO,0.4512,-0.2932,-0.0054
6608,01581.wav,1580,691988523,1.877,0.5876,0.5524,0.6228,0.7091,0.5524,TAO,0.5906,-0.2488,-0.0060
6609,07815.wav,7814,3518872005,9.562,0.5876,0.5404,0.6348,0.7097,0.5404,TAO,0.7640,-0.6639,-0.0232
6610,06419.wav,6418,2867100629,9.786,0.5876,0.5341,0.6410,0.4398,0.4398,PAT,0.2885,-0.9061,-0.0206
6611,08885.wav,8884,4000481377,7.100,0.5875,0.5111,0.6640,0.5882,0.5111,LENT,0.7587,-0.1922,-0.0036
6612,02778.wav,2777,1225636871,4.511,0.5875,0.5427,0.6323,0.6708,0.5427,TAO,0.5507,-0.3040,-0.0130
6613,05979.wav,5978,2661855124,10.957,0.5874,0.5615,0.6134,0.3815,0.3815,PAT,0.2514,-0.2194,0.0103
6614,00663.wav,662,283919656,6.562,0.5874,0.5531,0.6216,0.6755,0.5531,TAO,0.7164,-0.7468,-0.0266
6615,04210.wav,4209,1865787273,1.948,0.5874,0.5108,0.6639,0.6220,0.5108,TAO,0.6544,-0.3336,-0.0206
6616,02448.wav,2447,1080214348,6.023,0.5874,0.5379,0.6368,0.6033,0.5379,TAO,0.7579,-0.5131,-0.0181
6617,09483.wav,9482,4258071023,4.564,0.5873,0.5405,0.6341,0.4079,0.4079,TAO,0.2926,0.5641,0.0365
6618,00641.wav,640,274637615,1.251,0.5873,0.5361,0.6385,0.5306,0.5306,LENT,0.7400,-0.6369,-0.0183
6619,00219.wav,218,97928424,9.244,0.5873,0.5419,0.6326,0.6960,0.5419,TAO,0.7671,-0.3706,-0.0151
6620,07232.wav,7231,3237603627,5.595,0.5873,0.5662,0.6083,0.6182,0.5662,TAO,0.5904,-0.1358,0.0035
6621,04256.wav,4255,1885552111,5.990,0.5872,0.5602,0.6142,0.3477,0.3477,TAO,0.3419,0.4168,0.0377
6622,08155.wav,8154,3667089077,6.476,0.5872,0.5860,0.5884,0.3308,0.3308,TAO,0.3483,0.7657,0.0541
6623,07828.wav,7827,3523869767,2.265,0.5872,0.5248,0.6495,0.6547,0.5248,TAO,0.7848,-0.8409,-0.0348
6624,03807.wav,3806,1685002471,8.343,0.5871,0.5510,0.6233,0.5983,0.5510,TAO,0.5191,-1.1164,-0.0360
6625,09481.wav,9480,4256852910,6.783,0.5871,0.5479,0.6263,0.5609,0.5479,LENT,0.3635,-0.7295,-0.0150
6626,00484.wav,483,205492006,4.606,0.5871,0.5368,0.6374,0.4044,0.4044,TAO,0.2321,0.2071,0.0222
6627,08640.wav,8639,3888377096,3.882,0.5871,0.5411,0.6331,0.5408,0.5408,TAO,0.3112,-0.0325,0.0076
6628,08018.wav,8017,3607856843,3.738,0.5870,0.5305,0.6435,0.7286,0.5305,TAO,0.6977,-0.6635,-0.0286
6629,01594.wav,1593,700120674,6.881,0.5870,0.5650,0.6090,0.4101,0.4101,LENT,0.2271,-0.4900,-0.0007
6630,06259.wav,6258,2798511216,3.755,0.5870,0.5118,0.6622,0.4823,0.4823,ANCIENT,0.3723,0.7999,0.0489
6631,02396.wav,2395,1057758026,2.023,0.5870,0.5172,0.6568,0.6630,0.5172,TAO,0.6606,0.3183,0.0146
6632,08314.wav,8313,3728706637,7.995,0.5869,0.5287,0.6451,0.7087,0.5287,TAO,0.7790,-0.5258,-0.0189
6633,02115.wav,2114,941791596,2.792,0.5869,0.5330,0.6407,0.6616,0.5330,TAO,0.5338,-0.4156,-0.0144
6634,07358.wav,7357,3303556380,2.056,0.5868,0.5661,0.6075,0.5017,0.5017,PAT,0.3284,1.1652,0.0523
6635,02918.wav,2917,1294319880,1.962,0.5868,0.5279,0.6457,0.6889,0.5279,TAO,0.5678,-0.8034,-0.0345
6636,06801.wav,6800,3037149797,5.671,0.5868,0.5468,0.6268,0.7171,0.5468,TAO,0.7028,-0.3100,-0.0100
6637,03406.wav,3405,1501262283,4.070,0.5868,0.5289,0.6447,0.6118,0.5289,LENT,0.7585,-0.4959,-0.0201
6638,03093.wav,3092,1362082726,2.716,0.5867,0.5232,0.6503,0.6659,0.5232,PAT,0.4768,-1.1605,-0.0557
6639,08969.wav,8968,4034222150,8.011,0.5867,0.5501,0.6233,0.5244,0.5244,TAO,0.5160,0.1200,0.0180
6640,00575.wav,574,247353695,7.028,0.5867,0.5445,0.6289,0.3648,0.3648,ANCIENT,0.4567,-0.6238,-0.0030
6641,04808.wav,4807,2139825229,2.888,0.5867,0.5346,0.6388,0.6967,0.5346,TAO,0.6487,-0.1548,0.0040
6642,02510.wav,2509,1105555381,3.738,0.5867,0.5619,0.6114,0.3704,0.3704,ANCIENT,0.3586,0.6813,0.0484
6643,04030.wav,4029,1784751277,3.254,0.5867,0.5048,0.6685,0.6945,0.5048,TAO,0.7114,-0.5237,-0.0251
6644,00979.wav,978,431428518,2.816,0.5866,0.5850,0.5883,0.4034,0.4034,TAO,0.3256,0.5613,0.0462
6645,01296.wav,1295,577693191,8.275,0.5866,0.5607,0.6125,0.4183,0.4183,PAT,0.2207,-0.2749,0.0089
6646,07003.wav,7002,3130862001,4.593,0.5865,0.5152,0.6579,0.3997,0.3997,TAO,0.2257,0.1355,0.0188
6647,09207.wav,9206,4141039468,4.801,0.5865,0.5549,0.6182,0.5891,0.5549,TAO,0.4725,0.1998,0.0078
6648,06238.wav,6237,2786025293,1.666,0.5865,0.5608,0.6122,0.6170,0.5608,TAO,0.5953,0.4593,0.0292
6649,03076.wav,3075,1354075497,2.110,0.5865,0.5138,0.6592,0.7297,0.5138,TAO,0.5743,-0.5505,-0.0253
6650,01343.wav,1342,595427791,7.151,0.5865,0.5360,0.6369,0.6367,0.5360,TAO,0.8239,-0.1627,-0.0057
6651,02758.wav,2757,1218156336,4.977,0.5865,0.5264,0.6465,0.5278,0.5264,LENT,0.3118,-0.4336,-0.0123
6652,09421.wav,9420,4232378124,5.274,0.5864,0.5885,0.5843,0.3466,0.3466,TAO,0.2498,0.8630,0.0594
6653,05301.wav,5300,2360795693,7.194,0.5863,0.5621,0.6106,0.3726,0.3726,PAT,0.2214,0.2286,0.0262
6654,07567.wav,7566,3404575715,2.801,0.5863,0.5278,0.6449,0.7429,0.5278,TAO,0.6833,-0.7544,-0.0273
6655,01578.wav,1577,691236133,6.661,0.5863,0.5437,0.6290,0.5518,0.5437,LENT,0.6606,-0.3993,-0.0166
6656,04893.wav,4892,2173608551,5.008,0.5863,0.5302,0.6424,0.7559,0.5302,TAO,0.6113,-1.0281,-0.0414
6657,07313.wav,7312,3277380807,0.697,0.5863,0.4894,0.6832,0.6481,0.4894,TAO,0.5028,-0.8556,-0.0324
6658,09362.wav,9361,4207293450,4.490,0.5863,0.5487,0.6239,0.6445,0.5487,TAO,0.5167,0.0580,0.0148
6659,06933.wav,6932,3095906309,7.647,0.5863,0.5337,0.6388,0.4539,0.4539,TAO,0.3552,-0.7019,-0.0264
6660,03264.wav,3263,1431153574,2.329,0.5862,0.5172,0.6553,0.7233,0.5172,TAO,0.6585,-0.5511,-0.0186
6661,00408.wav,407,175027761,4.360,0.5862,0.5580,0.6144,0.4681,0.4681,LENT,0.2526,-0.8431,-0.0204
6662,03917.wav,3916,1733104936,3.979,0.5862,0.5223,0.6500,0.7165,0.5223,TAO,0.7241,-0.8264,-0.0354
6663,04185.wav,4184,1855761070,5.919,0.5861,0.5362,0.6360,0.4475,0.4475,TAO,0.3318,-0.5599,-0.0067
6664,02724.wav,2723,1201120426,7.874,0.5861,0.5306,0.6415,0.4416,0.4416,TAO,0.3793,-0.4575,0.0035
6665,00592.wav,591,252908843,4.393,0.5860,0.5397,0.6324,0.7096,0.5397,TAO,0.7120,-0.1751,-0.0063
6666,00261.wav,260,117345839,5.381,0.5860,0.5595,0.6125,0.3895,0.3895,ANCIENT,0.2536,0.1974,0.0263
6667,04880.wav,4879,2168159081,5.873,0.5859,0.5523,0.6196,0.4608,0.4608,TAO,0.3005,-0.2755,0.0117
6668,06086.wav,6085,2716903597,5.967,0.5859,0.5560,0.6158,0.4340,0.4340,ANCIENT,0.2724,-0.3005,0.0094
6669,06423.wav,6422,2870645266,1.091,0.5859,0.5173,0.6545,0.4293,0.4293,LENT,0.3464,-0.5461,-0.0027
6670,00822.wav,821,361032534,7.675,0.5858,0.5731,0.5986,0.4000,0.4000,TAO,0.2731,-0.0003,0.0250
6671,09059.wav,9058,4077690287,7.697,0.5858,0.5594,0.6122,0.4568,0.4568,TAO,0.3617,-0.5456,-0.0090
6672,07682.wav,7681,3453081225,4.649,0.5858,0.5391,0.6324,0.5930,0.5391,TAO,0.7330,-0.0027,0.0039
6673,08161.wav,8160,3671047495,4.326,0.5857,0.5319,0.6395,0.7043,0.5319,TAO,0.5894,-0.6096,-0.0249
6674,06101.wav,6100,2724771594,2.006,0.5857,0.6608,0.5106,0.3421,0.3421,TAO,0.3192,1.6008,0.0820
6675,03895.wav,3894,1725104014,2.448,0.5857,0.5070,0.6644,0.6806,0.5070,TAO,0.6178,-0.2503,-0.0058
6676,08533.wav,8532,3832657106,2.420,0.5857,0.5638,0.6075,0.5614,0.5614,TAO,0.4740,0.2030,0.0261
6677,03487.wav,3486,1545255706,6.235,0.5856,0.5337,0.6375,0.4134,0.4134,TAO,0.2356,-0.9352,-0.0188
6678,06617.wav,6616,2953324078,4.142,0.5855,0.5622,0.6088,0.5199,0.5199,TAO,0.3607,-0.5172,-0.0177
6679,09480.wav,9479,4256667728,2.102,0.5855,0.5709,0.6001,0.5561,0.5561,TAO,0.5653,0.8347,0.0513
6680,08848.wav,8847,3983320078,4.664,0.5855,0.5130,0.6580,0.4432,0.4432,LENT,0.2531,0.1733,0.0206
6681,08116.wav,8115,3650333708,4.003,0.5855,0.5374,0.6335,0.4830,0.4830,LENT,0.2037,-0.2712,0.0015
6682,06112.wav,6111,2730471913,4.574,0.5855,0.5468,0.6242,0.6861,0.5468,TAO,0.7269,-0.5458,-0.0180
6683,00833.wav,832,367168910,4.930,0.5854,0.5377,0.6331,0.3490,0.3490,TAO,0.2464,0.4918,0.0432
6684,00924.wav,923,407390858,6.301,0.5854,0.5286,0.6422,0.3983,0.3983,TAO,0.3453,-1.0457,-0.0253
6685,04704.wav,4703,2090547331,7.905,0.5854,0.5201,0.6507,0.7073,0.5201,TAO,0.7015,-0.6877,-0.0297
6686,02548.wav,2547,1120310250,5.613,0.5854,0.5503,0.6205,0.3637,0.3637,ANCIENT,0.2922,0.0106,0.0238
6687,08427.wav,8426,3783809831,4.863,0.5853,0.5410,0.6296,0.7312,0.5410,TAO,0.7193,-0.4663,-0.0180
6688,06040.wav,6039,2693427019,3.710,0.5853,0.5410,0.6296,0.6728,0.5410,TAO,0.6853,-0.0945,-0.0093
6689,03020.wav,3019,1334138783,6.016,0.5852,0.5013,0.6690,0.4224,0.4224,TAO,0.2809,-1.1536,-0.0320
6690,06782.wav,6781,3027194161,5.789,0.5851,0.5546,0.6157,0.3916,0.3916,LENT,0.3067,-0.0132,0.0188
6691,00473.wav,472,203349383,7.706,0.5851,0.5467,0.6235,0.6960,0.5467,TAO,0.6631,-0.3394,-0.0139
6692,00420.wav,419,179928547,2.012,0.5851,0.5715,0.5987,0.6109,0.5715,TAO,0.5079,0.6132,0.0379
6693,08348.wav,8347,3746024109,3.266,0.5851,0.5308,0.6394,0.7668,0.5308,TAO,0.6669,-0.7174,-0.0350
6694,01843.wav,1842,822007251,4.680,0.5850,0.5323,0.6376,0.4452,0.4452,LENT,0.3410,-0.1157,0.0123
6695,01470.wav,1469,650486805,7.120,0.5849,0.5597,0.6101,0.4384,0.4384,TAO,0.4191,-0.1744,0.0180
6696,07297.wav,7296,3268991692,7.931,0.5849,0.5582,0.6116,0.5086,0.5086,LENT,0.3470,-0.2568,0.0025
6697,05059.wav,5058,2246130060,3.974,0.5848,0.5284,0.6412,0.6815,0.5284,TAO,0.5722,0.0643,0.0055
6698,03549.wav,3548,1574636104,8.078,0.5848,0.5510,0.6185,0.3851,0.3851,PAT,0.2285,0.2762,0.0268
6699,09436.wav,9435,4238078443,6.805,0.5847,0.5365,0.6330,0.7100,0.5365,TAO,0.7293,-0.2103,-0.0097
6700,02191.wav,2190,971939556,4.441,0.5847,0.4985,0.6709,0.5931,0.4985,TAO,0.3894,-1.2861,-0.0424
6701,00087.wav,86,37366314,1.903,0.5846,0.5484,0.6208,0.6894,0.5484,TAO,0.4373,-0.7442,-0.0327
6702,05814.wav,5813,2586016101,3.919,0.5845,0.5336,0.6355,0.6719,0.5336,TAO,0.7768,-0.1857,-0.0106
6703,03928.wav,3927,1735876424,7.026,0.5845,0.5758,0.5932,0.4771,0.4771,LENT,0.2583,-0.3822,-0.0043
6704,00689.wav,688,298520361,4.780,0.5845,0.5403,0.6287,0.7071,0.5403,TAO,0.7713,-0.3629,-0.0093
6705,07962.wav,7961,3590586830,2.177,0.5845,0.5177,0.6513,0.6972,0.5177,TAO,0.5940,-0.3547,-0.0191
6706,04636.wav,4635,2059769196,2.204,0.5845,0.5300,0.6390,0.6589,0.5300,TAO,0.6163,-0.8461,-0.0384
6707,04792.wav,4791,2131103447,2.010,0.5845,0.5350,0.6339,0.6084,0.5350,TAO,0.3866,-1.1516,-0.0392
6708,04476.wav,4475,1980562348,8.223,0.5844,0.5397,0.6292,0.4292,0.4292,PAT,0.2125,-0.1723,0.0077
6709,02755.wav,2754,1217753291,3.130,0.5844,0.4850,0.6838,0.6706,0.4850,TAO,0.4173,-0.9139,-0.0385
6710,02931.wav,2930,1298158380,2.848,0.5844,0.5481,0.6206,0.5016,0.5016,TAO,0.4044,-0.7182,-0.0085
6711,02773.wav,2772,1224938181,7.076,0.5844,0.5540,0.6147,0.3904,0.3904,ANCIENT,0.2800,0.4040,0.0389
6712,02692.wav,2691,1188267256,3.335,0.5843,0.6054,0.5633,0.3874,0.3874,ANCIENT,0.3057,0.8740,0.0588
6713,01894.wav,1893,844465954,2.093,0.5843,0.5386,0.6301,0.7058,0.5386,TAO,0.5964,0.0548,-0.0008
6714,05978.wav,5977,2661412710,2.983,0.5843,0.5304,0.6382,0.4821,0.4821,ANCIENT,0.3338,0.4296,0.0325
6715,06447.wav,6446,2879362030,3.849,0.5843,0.5409,0.6276,0.4737,0.4737,LENT,0.2307,-0.3003,0.0002
6716,01397.wav,1396,614413193,1.345,0.5842,0.4946,0.6738,0.5397,0.4946,TAO,0.4585,0.0882,0.0115
6717,07034.wav,7033,3142879463,7.019,0.5841,0.5183,0.6500,0.3852,0.3852,TAO,0.2445,-0.5470,-0.0039
6718,07483.wav,7482,3366545675,3.724,0.5841,0.5283,0.6399,0.6434,0.5283,LENT,0.7415,-0.7597,-0.0280
6719,03465.wav,3464,1533012424,3.048,0.5841,0.5137,0.6545,0.6963,0.5137,TAO,0.7604,-0.4358,-0.0215
6720,02021.wav,2020,900985384,7.846,0.5841,0.5804,0.5877,0.4355,0.4355,TAO,0.3832,-0.5892,0.0008
6721,03714.wav,3713,1635272933,5.353,0.5841,0.5242,0.6440,0.4546,0.4546,LENT,0.3065,-0.5330,-0.0068
6722,06511.wav,6510,2904241067,2.334,0.5840,0.4951,0.6729,0.7362,0.4951,TAO,0.6545,-0.9993,-0.0413
6723,09228.wav,9227,4152758485,4.918,0.5839,0.5314,0.6365,0.5002,0.5002,TAO,0.3689,-0.9287,-0.0285
6724,09183.wav,9182,4129393870,3.965,0.5839,0.5611,0.6068,0.5597,0.5597,LENT,0.6182,-0.3078,-0.0148
6725,05861.wav,5860,2616563559,3.736,0.5839,0.5514,0.6165,0.5056,0.5056,TAO,0.4056,-0.7692,-0.0225
6726,04023.wav,4022,1784347211,9.430,0.5839,0.5365,0.6313,0.6560,0.5365,TAO,0.7737,-0.2605,-0.0081
6727,07980.wav,7979,3593832295,1.719,0.5839,0.5453,0.6224,0.5210,0.5210,KLAU,0.6495,-0.9119,-0.0249
6728,01519.wav,1518,665316393,6.790,0.5838,0.5513,0.6163,0.3824,0.3824,ANCIENT,0.2995,-0.2051,0.0124
6729,07142.wav,7141,3195911346,1.719,0.5837,0.4952,0.6722,0.4920,0.4920,TAO,0.4565,-1.1526,-0.0432
6730,09083.wav,9082,4085799687,3.329,0.5837,0.5324,0.6349,0.6795,0.5324,TAO,0.7153,0.6491,0.0308
6731,03453.wav,3452,1527858673,4.062,0.5836,0.5334,0.6338,0.6636,0.5334,RYZA,0.6750,0.6101,0.0261
6732,08941.wav,8940,4022169092,7.861,0.5836,0.5599,0.6073,0.3470,0.3470,TAO,0.3249,-0.0923,0.0143
6733,06822.wav,6821,3043905225,2.516,0.5836,0.5615,0.6056,0.4336,0.4336,TAO,0.2665,-0.5655,-0.0060
6734,07857.wav,7856,3543051723,4.370,0.5836,0.5210,0.6462,0.4141,0.4141,LENT,0.3163,-0.7150,-0.0095
6735,08944.wav,8943,4023623566,8.887,0.5836,0.5229,0.6442,0.7083,0.5229,TAO,0.7837,-0.2470,-0.0102
6736,07101.wav,7100,3179889445,6.694,0.5835,0.5613,0.6058,0.4419,0.4419,TAO,0.3176,-0.2151,0.0038
6737,07896.wav,7895,3559263638,3.581,0.5835,0.5665,0.6005,0.3863,0.3863,PAT,0.2694,0.0573,0.0165
6738,04616.wav,4615,2044134828,2.971,0.5835,0.5184,0.6485,0.6815,0.5184,TAO,0.5743,0.1284,0.0088
6739,05855.wav,5854,2610360426,4.387,0.5834,0.5484,0.6185,0.5843,0.5484,TAO,0.6696,-0.4855,-0.0121
6740,06343.wav,6342,2831998378,1.884,0.5834,0.5399,0.6269,0.6629,0.5399,TAO,0.7310,-0.2092,-0.0087
6741,02954.wav,2953,1305857799,4.250,0.5834,0.5533,0.6135,0.4072,0.4072,TAO,0.2491,-0.4207,0.0061
6742,09202.wav,9201,4138959523,5.170,0.5833,0.5752,0.5915,0.5389,0.5389,PAT,0.3801,-0.0696,0.0086
6743,03569.wav,3568,1581018509,9.104,0.5832,0.5738,0.5926,0.4475,0.4475,TAO,0.3703,-0.3343,0.0019
6744,00867.wav,866,381923779,6.575,0.5832,0.5516,0.6147,0.2914,0.2914,TAO,0.2039,0.9199,0.0609
6745,03793.wav,3792,1677848435,6.432,0.5832,0.5590,0.6074,0.5587,0.5587,TAO,0.5437,-0.3868,-0.0109
6746,04511.wav,4510,2000359005,8.724,0.5831,0.5492,0.6170,0.6623,0.5492,TAO,0.7535,-0.3591,-0.0063
6747,02148.wav,2147,955186286,5.816,0.5831,0.5265,0.6397,0.5081,0.5081,TAO,0.3344,-0.7751,-0.0165
6748,02979.wav,2978,1317004172,7.195,0.5831,0.5279,0.6383,0.6934,0.5279,TAO,0.7641,-0.2764,-0.0128
6749,05860.wav,5859,2615471218,7.288,0.5831,0.5173,0.6489,0.4395,0.4395,TAO,0.3589,-0.9378,-0.0281
6750,04899.wav,4898,2175316948,6.459,0.5831,0.5505,0.6156,0.3777,0.3777,PAT,0.2604,0.1588,0.0299
6751,04801.wav,4800,2133680206,6.467,0.5831,0.5351,0.6310,0.3990,0.3990,PAT,0.3135,0.0774,0.0237
6752,01784.wav,1783,797788267,2.221,0.5829,0.5308,0.6351,0.4867,0.4867,TAO,0.4900,0.5292,0.0302
6753,06493.wav,6492,2898715441,3.279,0.5829,0.5155,0.6504,0.5507,0.5155,TAO,0.5237,-0.1106,-0.0035
6754,03077.wav,3076,1354370245,4.511,0.5829,0.5354,0.6304,0.6722,0.5354,TAO,0.5438,-0.3043,-0.0135
6755,08619.wav,8618,3876967889,7.377,0.5828,0.5570,0.6086,0.4621,0.4621,LENT,0.2797,-0.3104,0.0038
6756,05760.wav,5759,2564063759,3.822,0.5828,0.5258,0.6399,0.6057,0.5258,TAO,0.7342,0.0204,0.0003
6757,02756.wav,2755,1217766353,4.049,0.5828,0.5355,0.6300,0.4640,0.4640,ANCIENT,0.4598,-0.5772,-0.0002
6758,00698.wav,697,301086027,7.360,0.5827,0.5355,0.6299,0.3647,0.3647,TAO,0.3538,-0.4056,0.0020
6759,04912.wav,4911,2183478548,2.621,0.5827,0.5262,0.6391,0.5869,0.5262,LENT,0.4144,0.0062,0.0061
6760,08224.wav,8223,3691436944,4.433,0.5827,0.5541,0.6112,0.6473,0.5541,LENT,0.7286,-0.8256,-0.0301
6761,00280.wav,279,123683864,3.131,0.5826,0.5469,0.6184,0.6135,0.5469,TAO,0.7279,-0.4875,-0.0216
6762,04408.wav,4407,1953929356,2.520,0.5826,0.5427,0.6224,0.4587,0.4587,TAO,0.2771,-0.0389,0.0177
6763,03929.wav,3928,1736409930,4.579,0.5825,0.5499,0.6152,0.6450,0.5499,TAO,0.5474,-0.6125,-0.0178
6764,00210.wav,209,93823137,5.997,0.5825,0.5400,0.6250,0.4696,0.4696,TAO,0.2420,-0.6806,-0.0166
6765,05343.wav,5342,2374978939,2.817,0.5824,0.5234,0.6414,0.6993,0.5234,TAO,0.6793,-0.1925,-0.0070
6766,04504.wav,4503,1996313925,6.854,0.5824,0.5507,0.6140,0.4391,0.4391,LENT,0.2160,-0.4819,-0.0032
6767,04664.wav,4663,2068719056,6.319,0.5824,0.5595,0.6052,0.6716,0.5595,TAO,0.6859,-0.0581,-0.0002
6768,06605.wav,6604,2950371823,3.818,0.5823,0.5342,0.6305,0.6827,0.5342,TAO,0.7853,-0.3031,-0.0101
6769,07155.wav,7154,3203571213,6.910,0.5823,0.5731,0.5915,0.3540,0.3540,TAO,0.2148,-0.0595,0.0203
6770,06137.wav,6136,2737993086,4.250,0.5823,0.5495,0.6151,0.4135,0.4135,LENT,0.2505,-0.3315,0.0092
6771,06083.wav,6082,2714454851,3.267,0.5823,0.4913,0.6733,0.7231,0.4913,TAO,0.3899,-0.8664,-0.0404
6772,02955.wav,2954,1306235563,3.959,0.5823,0.5179,0.6466,0.4422,0.4422,ANCIENT,0.4556,-0.5389,-0.0034
6773,02564.wav,2563,1124902919,6.697,0.5823,0.5055,0.6590,0.4222,0.4222,TAO,0.3345,-1.0986,-0.0296
6774,07410.wav,7409,3330596190,3.543,0.5823,0.5230,0.6415,0.5914,0.5230,TAO,0.4944,-0.4517,-0.0211
6775,04274.wav,4273,1893341678,3.035,0.5822,0.5652,0.5992,0.3644,0.3644,TAO,0.3474,-0.1219,0.0127
6776,08185.wav,8184,3676487915,4.076,0.5821,0.5192,0.6451,0.6858,0.5192,TAO,0.7723,-0.3249,-0.0143
6777,08783.wav,8782,3951577300,5.463,0.5821,0.5535,0.6108,0.3561,0.3561,TAO,0.2331,0.0840,0.0267
6778,07045.wav,7044,3147828806,1.007,0.5821,0.5051,0.6591,0.5825,0.5051,TAO,0.5046,-0.8247,-0.0347
6779,01570.wav,1569,689429793,7.033,0.5820,0.5312,0.6329,0.6519,0.5312,TAO,0.7710,-0.0771,-0.0005
6780,05638.wav,5637,2506369317,1.843,0.5820,0.5063,0.6577,0.7142,0.5063,TAO,0.5724,-0.1116,-0.0058
6781,03771.wav,3770,1666110326,3.297,0.5820,0.5511,0.6129,0.6935,0.5511,TAO,0.7106,-0.2986,-0.0100
6782,00627.wav,626,270020493,4.311,0.5820,0.5322,0.6318,0.4756,0.4756,LENT,0.2960,0.0085,0.0131
6783,06896.wav,6895,3082369553,3.953,0.5820,0.5305,0.6334,0.6113,0.5305,TAO,0.4228,-0.3406,-0.0102
6784,00747.wav,746,325192491,3.000,0.5819,0.5334,0.6304,0.6825,0.5334,TAO,0.4886,-1.1764,-0.0413
6785,09359.wav,9358,4206827727,5.209,0.5819,0.5526,0.6111,0.4765,0.4765,TAO,0.3312,0.2092,0.0199
6786,06930.wav,6929,3093320003,6.273,0.5819,0.5112,0.6525,0.4694,0.4694,TAO,0.3394,-0.4809,-0.0069
6787,06662.wav,6661,2972216850,3.234,0.5818,0.5123,0.6514,0.7382,0.5123,TAO,0.6043,-0.6884,-0.0338
6788,04384.wav,4383,1940896109,3.091,0.5818,0.5330,0.6305,0.6601,0.5330,RYZA,0.6342,-0.2977,-0.0091
6789,00941.wav,940,416317368,9.287,0.5818,0.5176,0.6460,0.6532,0.5176,TAO,0.7937,-0.3286,-0.0151
6790,06556.wav,6555,2928812048,2.957,0.5817,0.5346,0.6289,0.7637,0.5346,TAO,0.6519,-0.5263,-0.0213
6791,04772.wav,4771,2121811109,6.153,0.5817,0.5118,0.6517,0.4347,0.4347,TAO,0.2345,-0.6331,-0.0089
6792,06990.wav,6989,3122829841,4.926,0.5817,0.5364,0.6270,0.4157,0.4157,ANCIENT,0.3536,0.3055,0.0260
6793,01141.wav,1140,504354093,6.455,0.5817,0.5169,0.6465,0.6518,0.5169,TAO,0.7412,-0.1307,-0.0074
6794,02950.wav,2949,1304694407,5.333,0.5817,0.5532,0.6102,0.6074,0.5532,TAO,0.7427,-0.3987,-0.0093
6795,05182.wav,5181,2303984102,3.040,0.5817,0.4929,0.6704,0.6370,0.4929,TAO,0.5347,-0.5409,-0.0249
6796,01478.wav,1477,651821296,6.979,0.5817,0.5413,0.6220,0.3643,0.3643,TAO,0.2591,0.6261,0.0499
6797,00127.wav,126,51728679,2.193,0.5816,0.5103,0.6529,0.7095,0.5103,TAO,0.6070,-0.4941,-0.0213
6798,05294.wav,5293,2354734826,5.755,0.5815,0.5375,0.6256,0.4411,0.4411,TAO,0.2420,0.2564,0.0222
6799,01409.wav,1408,620584663,5.757,0.5815,0.5520,0.6110,0.4617,0.4617,PAT,0.2060,-0.1063,0.0051
6800,00357.wav,356,151662404,6.913,0.5815,0.5052,0.6577,0.4027,0.4027,TAO,0.2134,-0.2968,0.0021
6801,04338.wav,4337,1918504941,5.890,0.5814,0.5743,0.5886,0.3171,0.3171,ANCIENT,0.2991,0.7438,0.0562
6802,03637.wav,3636,1605349772,4.039,0.5814,0.5597,0.6031,0.5276,0.5276,TAO,0.5152,0.4055,0.0247
6803,03210.wav,3209,1409053559,7.745,0.5812,0.5409,0.6214,0.4299,0.4299,ANCIENT,0.3133,-0.8079,-0.0231
6804,04433.wav,4432,1961812936,4.852,0.5812,0.5502,0.6122,0.4878,0.4878,LENT,0.3571,-0.2222,-0.0000
6805,04948.wav,4947,2195366570,6.288,0.5810,0.5204,0.6417,0.4401,0.4401,LENT,0.2611,-0.8411,-0.0160
6806,03506.wav,3505,1554531561,6.073,0.5810,0.5118,0.6502,0.4152,0.4152,TAO,0.2832,-0.7628,-0.0172
6807,06467.wav,6466,2887245610,2.678,0.5810,0.5566,0.6054,0.4948,0.4948,TAO,0.4180,-0.8351,-0.0255
6808,06921.wav,6920,3090123693,3.314,0.5810,0.5144,0.6475,0.6842,0.5144,TAO,0.6002,-0.3524,-0.0097
6809,08190.wav,8189,3678977099,6.476,0.5809,0.5040,0.6578,0.3974,0.3974,TAO,0.2685,-0.7018,-0.0100
6810,00457.wav,456,196348654,2.026,0.5809,0.5374,0.6245,0.6525,0.5374,TAO,0.6417,-0.8141,-0.0249
6811,02129.wav,2128,946746196,5.245,0.5808,0.5148,0.6469,0.4524,0.4524,PAT,0.2528,-0.9996,-0.0340
6812,00162.wav,161,69941043,3.724,0.5808,0.5674,0.5943,0.4443,0.4443,TAO,0.2702,0.6485,0.0473
6813,02243.wav,2242,996621185,3.076,0.5808,0.5662,0.5954,0.5162,0.5162,TAO,0.3791,0.2413,0.0202
6814,07920.wav,7919,3572658185,2.023,0.5807,0.5363,0.6251,0.6643,0.5363,TAO,0.7104,-0.3479,-0.0113
6815,06944.wav,6943,3105387344,2.506,0.5806,0.5291,0.6322,0.5366,0.5291,TAO,0.3451,-0.0338,0.0081
6816,05786.wav,5785,2576284522,5.713,0.5806,0.5361,0.6252,0.6003,0.5361,TAO,0.4545,0.6241,0.0286
6817,00145.wav,144,65644777,2.254,0.5806,0.5211,0.6401,0.7149,0.5211,TAO,0.6801,-0.5986,-0.0214
6818,01747.wav,1746,782122128,5.361,0.5806,0.5825,0.5786,0.3606,0.3606,PAT,0.2553,0.8642,0.0615
6819,06835.wav,6834,3053331974,4.409,0.5805,0.5511,0.6100,0.4783,0.4783,TAO,0.4671,-0.2530,0.0037
6820,08586.wav,8585,3860645005,2.682,0.5805,0.5368,0.6243,0.4612,0.4612,TAO,0.3732,0.6234,0.0383
6821,01306.wav,1305,579072946,2.184,0.5805,0.5098,0.6512,0.7420,0.5098,TAO,0.6364,-0.5542,-0.0262
6822,00428.wav,427,183242446,6.109,0.5805,0.5197,0.6412,0.4274,0.4274,TAO,0.2873,-0.1494,0.0122
6823,07885.wav,7884,3553479915,3.886,0.5805,0.5630,0.5979,0.4815,0.4815,RYZA,0.4428,-0.1329,0.0045
6824,06887.wav,6886,3076110673,7.935,0.5805,0.5306,0.6303,0.6935,0.5306,TAO,0.7831,-0.1910,-0.0060
6825,02035.wav,2034,907605229,7.677,0.5803,0.5691,0.5916,0.4419,0.4419,TAO,0.2996,-0.0912,0.0191
6826,07686.wav,7685,3453560010,4.191,0.5803,0.5100,0.6507,0.7221,0.5100,TAO,0.6899,-0.8261,-0.0383
6827,04075.wav,4074,1805975790,4.477,0.5803,0.5136,0.6471,0.5919,0.5136,LENT,0.7388,-0.9612,-0.0377
6828,03835.wav,3834,1697880465,6.878,0.5803,0.5698,0.5908,0.3818,0.3818,TAO,0.2444,0.7107,0.0530
6829,03518.wav,3517,1557583590,3.440,0.5802,0.5459,0.6146,0.5796,0.5459,LENT,0.3511,-0.7433,-0.0212
6830,07186.wav,7185,3218966509,5.942,0.5802,0.5036,0.6568,0.6345,0.5036,TAO,0.6474,-0.8148,-0.0348
6831,01222.wav,1221,543584769,3.389,0.5802,0.5119,0.6485,0.5995,0.5119,TAO,0.6756,-0.0713,-0.0012
6832,01139.wav,1138,503765866,5.882,0.5801,0.5512,0.6091,0.5153,0.5153,LENT,0.3215,-0.4065,-0.0032
6833,01136.wav,1135,503457541,1.215,0.5801,0.5470,0.6133,0.5654,0.5470,TAO,0.3733,-0.5323,-0.0042
6834,06833.wav,6832,3052209391,2.539,0.5801,0.5222,0.6380,0.6337,0.5222,TAO,0.6584,-0.1581,-0.0185
6835,01796.wav,1795,805824526,3.622,0.5801,0.5811,0.5791,0.3974,0.3974,LENT,0.2156,0.6461,0.0495
6836,07133.wav,7132,3193882856,4.988,0.5801,0.5687,0.5914,0.4756,0.4756,TAO,0.4237,-0.0787,0.0033
6837,08178.wav,8177,3674220267,4.644,0.5801,0.5820,0.5782,0.3969,0.3969,TAO,0.3547,0.6088,0.0478
6838,07648.wav,7647,3439510388,2.503,0.5798,0.5675,0.5921,0.4372,0.4372,TAO,0.4804,0.8327,0.0581
6839,02517.wav,2516,1109093583,1.661,0.5798,0.5126,0.6470,0.4181,0.4181,TAO,0.2854,-0.0657,0.0114
6840,07105.wav,7104,3181490994,7.107,0.5798,0.5242,0.6353,0.3965,0.3965,PAT,0.1981,-0.5400,-0.0052
6841,00649.wav,648,277558036,2.420,0.5797,0.5252,0.6343,0.6236,0.5252,TAO,0.7419,-0.4183,-0.0148
6842,04143.wav,4142,1833906671,8.612,0.5797,0.5330,0.6263,0.6624,0.5330,TAO,0.7909,0.0505,0.0033
6843,01596.wav,1595,700808112,7.441,0.5796,0.5360,0.6233,0.4016,0.4016,PAT,0.2391,0.0498,0.0164
6844,00866.wav,865,381882120,6.993,0.5796,0.5309,0.6283,0.4420,0.4420,TAO,0.3867,-0.5724,-0.0133
6845,06713.wav,6712,2992907493,5.792,0.5796,0.6166,0.5427,0.2931,0.2931,TAO,0.2702,0.4592,0.0513
6846,01464.wav,1463,647049308,2.805,0.5796,0.5172,0.6420,0.7597,0.5172,TAO,0.6578,-0.0133,-0.0008
6847,02322.wav,2321,1028986314,5.424,0.5796,0.5442,0.6150,0.6209,0.5442,TAO,0.7240,-0.2773,-0.0072
6848,06250.wav,6249,2791932973,3.759,0.5796,0.5780,0.5812,0.3531,0.3531,KLAU,0.3682,0.7259,0.0537
6849,03552.wav,3551,1575263469,6.328,0.5796,0.5900,0.5691,0.2941,0.2941,PAT,0.2388,0.9808,0.0618
6850,04374.wav,4373,1937426952,6.549,0.5795,0.5356,0.6234,0.4194,0.4194,TAO,0.2267,-0.3638,0.0040
6851,06443.wav,6442,2879013706,3.071,0.5795,0.5749,0.5842,0.4856,0.4856,TAO,0.3039,0.2321,0.0171
6852,03404.wav,3403,1500529894,1.333,0.5795,0.5294,0.6297,0.4933,0.4933,TAO,0.4241,-0.4409,-0.0209
6853,01325.wav,1324,586094894,4.141,0.5795,0.5879,0.5711,0.4107,0.4107,TAO,0.2831,-0.1540,0.0100
6854,06999.wav,6998,3130011337,4.527,0.5795,0.5540,0.6051,0.5277,0.5277,TAO,0.4895,-0.1157,0.0036
6855,02750.wav,2749,1216131859,5.771,0.5795,0.5242,0.6347,0.4500,0.4500,TAO,0.2943,-0.7782,-0.0211
6856,09056.wav,9055,4073229727,3.857,0.5794,0.5238,0.6350,0.7176,0.5238,TAO,0.7213,0.1416,0.0036
6857,03630.wav,3629,1603543432,7.383,0.5793,0.5590,0.5996,0.3981,0.3981,PAT,0.2158,-0.5596,-0.0022
6858,08996.wav,8995,4044877218,6.487,0.5793,0.5150,0.6437,0.3776,0.3776,LENT,0.3204,-0.6841,-0.0141
6859,09482.wav,9481,4257961581,3.623,0.5793,0.5111,0.6474,0.5608,0.5111,LENT,0.4298,0.0318,0.0105
6860,04052.wav,4051,1796356437,3.514,0.5793,0.5402,0.6183,0.6853,0.5402,TAO,0.7477,-0.7333,-0.0242
6861,03011.wav,3010,1328342084,3.119,0.5791,0.5422,0.6161,0.6144,0.5422,LENT,0.6691,-0.4086,-0.0047
6862,00284.wav,283,124708975,7.292,0.5791,0.5345,0.6236,0.4061,0.4061,TAO,0.3575,-1.2538,-0.0329
6863,00591.wav,590,252265895,7.949,0.5790,0.5272,0.6308,0.4460,0.4460,LENT,0.2662,-0.6958,-0.0154
6864,04633.wav,4632,2054745174,2.813,0.5790,0.5469,0.6110,0.3943,0.3943,TAO,0.2629,0.7022,0.0467
6865,00311.wav,310,138426829,10.627,0.5789,0.5689,0.5890,0.4443,0.4443,LENT,0.2872,-0.3861,-0.0023
6866,07699.wav,7698,3461590607,2.323,0.5789,0.5384,0.6195,0.4990,0.4990,TAO,0.3077,0.6437,0.0473
6867,06598.wav,6597,2946452789,5.928,0.5789,0.5440,0.6138,0.3819,0.3819,TAO,0.2316,0.0004,0.0250
6868,06827.wav,6826,3048263652,3.095,0.5789,0.5398,0.6180,0.4475,0.4475,TAO,0.3935,-0.4627,-0.0046
6869,08772.wav,8771,3948128783,3.340,0.5788,0.5297,0.6280,0.3493,0.3493,TAO,0.3172,0.7642,0.0554
6870,04411.wav,4410,1955280332,7.185,0.5788,0.5469,0.6108,0.4381,0.4381,LENT,0.2530,-0.4590,-0.0054
6871,05759.wav,5758,2563657172,7.641,0.5788,0.5262,0.6314,0.4512,0.4512,LENT,0.2163,-0.1183,0.0081
6872,07415.wav,7414,3334444689,7.445,0.5788,0.5772,0.5804,0.3428,0.3428,TAO,0.2658,0.9834,0.0631
6873,07042.wav,7041,3145931492,5.117,0.5788,0.5504,0.6072,0.4603,0.4603,LENT,0.2662,-0.0195,0.0084
6874,09392.wav,9391,4217558535,1.822,0.5787,0.5289,0.6285,0.6880,0.5289,TAO,0.5689,-0.1776,-0.0062
6875,09277.wav,9276,4172153597,3.610,0.5786,0.5207,0.6364,0.6294,0.5207,TAO,0.5281,0.6644,0.0373
6876,07565.wav,7564,3403811821,2.376,0.5785,0.5263,0.6307,0.6324,0.5263,LENT,0.6119,0.1115,0.0117
6877,08548.wav,8547,3844513143,3.855,0.5785,0.5234,0.6336,0.7476,0.5234,TAO,0.6449,-0.2986,-0.0111
6878,02818.wav,2817,1242967405,2.964,0.5785,0.6118,0.5451,0.3858,0.3858,TAO,0.2863,0.9283,0.0616
6879,09460.wav,9459,4247607055,1.443,0.5784,0.5452,0.6117,0.6968,0.5452,TAO,0.6362,-0.2304,-0.0007
6880,03036.wav,3035,1342509368,4.729,0.5783,0.5528,0.6039,0.3494,0.3494,TAO,0.2586,0.3956,0.0395
6881,03540.wav,3539,1572846210,2.323,0.5783,0.5077,0.6488,0.6610,0.5077,TAO,0.5232,-0.3114,-0.0146
6882,00661.wav,660,282482659,4.166,0.5782,0.5164,0.6400,0.7372,0.5164,TAO,0.6117,-1.0634,-0.0482
6883,05863.wav,5862,2618370383,7.652,0.5782,0.5334,0.6230,0.3639,0.3639,TAO,0.3394,-0.5444,-0.0074
6884,04668.wav,4667,2069294221,3.434,0.5782,0.5330,0.6233,0.4403,0.4403,TAO,0.3348,-0.4873,-0.0079
6885,04036.wav,4035,1785435884,1.926,0.5781,0.5434,0.6129,0.5965,0.5434,LENT,0.5114,-0.2439,-0.0106
6886,09489.wav,9488,4258862305,2.386,0.5781,0.5591,0.5972,0.5374,0.5374,TAO,0.5765,0.5424,0.0255
6887,05871.wav,5870,2620511985,7.170,0.5781,0.5426,0.6136,0.3448,0.3448,TAO,0.2931,0.7818,0.0500
6888,07975.wav,7974,3593588337,4.057,0.5781,0.5293,0.6268,0.4161,0.4161,LENT,0.2412,0.2501,0.0241
6889,09394.wav,9393,4217722698,3.020,0.5780,0.5208,0.6352,0.5106,0.5106,TAO,0.2686,0.3042,0.0162
6890,00753.wav,752,326765864,5.671,0.5780,0.5597,0.5963,0.3601,0.3601,TAO,0.3803,0.8217,0.0478
6891,01417.wav,1416,626609703,8.209,0.5780,0.5237,0.6322,0.6773,0.5237,TAO,0.7916,-0.2429,-0.0110
6892,03371.wav,3370,1482891882,4.656,0.5780,0.5502,0.6058,0.3998,0.3998,PAT,0.2649,-0.6465,-0.0093
6893,00615.wav,614,263241169,2.131,0.5778,0.5270,0.6286,0.6462,0.5270,LENT,0.7125,-0.2207,-0.0127
6894,06699.wav,6698,2987309038,6.453,0.5778,0.5213,0.6343,0.3765,0.3765,TAO,0.2865,0.0235,0.0216
6895,09055.wav,9054,4073183026,6.487,0.5778,0.5223,0.6332,0.6523,0.5223,TAO,0.7556,-0.5980,-0.0198
6896,07839.wav,7838,3532536701,4.991,0.5777,0.5058,0.6497,0.4752,0.4752,TAO,0.4647,-0.7784,-0.0171
6897,04804.wav,4803,2133864367,7.176,0.5777,0.5667,0.5887,0.3330,0.3330,TAO,0.3173,0.6095,0.0552
6898,07188.wav,7187,3219082887,3.846,0.5777,0.5516,0.6038,0.3604,0.3604,ANCIENT,0.2783,0.6446,0.0477
6899,05480.wav,5479,2437578101,2.027,0.5776,0.5092,0.6461,0.7327,0.5092,TAO,0.6033,-0.9409,-0.0444
6900,01597.wav,1596,701674359,5.178,0.5776,0.5391,0.6161,0.4103,0.4103,PAT,0.2502,0.2300,0.0356
6901,04442.wav,4441,1964837389,1.436,0.5776,0.5548,0.6004,0.6950,0.5548,TAO,0.6312,0.1758,0.0125
6902,06812.wav,6811,3040735332,4.531,0.5776,0.5148,0.6404,0.4951,0.4951,LENT,0.3936,0.2984,0.0313
6903,03148.wav,3147,1381172684,3.106,0.5776,0.5173,0.6379,0.6110,0.5173,TAO,0.6835,-0.5062,-0.0233
6904,02404.wav,2403,1062470291,2.473,0.5776,0.5544,0.6007,0.6644,0.5544,TAO,0.7029,-0.5053,-0.0129
6905,04739.wav,4738,2105279950,3.070,0.5775,0.5139,0.6412,0.6188,0.5139,TAO,0.6482,-0.6367,-0.0195
6906,07688.wav,7687,3454135175,2.217,0.5775,0.5181,0.6369,0.6984,0.5181,TAO,0.7318,-0.2895,-0.0153
6907,00227.wav,226,99070797,6.204,0.5774,0.5074,0.6474,0.4434,0.4434,TAO,0.3518,-1.1769,-0.0368
6908,06324.wav,6323,2829035241,7.314,0.5774,0.5193,0.6355,0.4333,0.4333,LENT,0.2893,-0.7442,-0.0109
6909,05934.wav,5933,2651044745,4.099,0.5774,0.5274,0.6274,0.6772,0.5274,TAO,0.6060,-0.8511,-0.0376
6910,06311.wav,6310,2819267964,2.229,0.5774,0.5309,0.6238,0.6365,0.5309,RYZA,0.7577,-0.0158,-0.0006
6911,00887.wav,886,389930884,7.771,0.5773,0.5721,0.5825,0.4688,0.4688,PAT,0.3255,-0.1661,0.0010
6912,07930.wav,7929,3574855529,4.627,0.5772,0.5201,0.6342,0.7415,0.5201,TAO,0.6822,0.0467,-0.0011
6913,04784.wav,4783,2126231052,2.129,0.5772,0.5151,0.6393,0.4368,0.4368,TAO,0.2576,-0.1771,0.0009
6914,05157.wav,5156,2295634799,3.149,0.5772,0.5544,0.5999,0.4908,0.4908,LENT,0.3683,-0.8622,-0.0107
6915,03026.wav,3025,1340354704,4.839,0.5772,0.5981,0.5562,0.3284,0.3284,ANCIENT,0.3342,0.4933,0.0488
6916,06363.wav,6362,2844184839,7.837,0.5771,0.5434,0.6109,0.5668,0.5434,TAO,0.6054,-0.1364,0.0000
6917,01776.wav,1775,793407840,7.912,0.5771,0.5676,0.5866,0.3865,0.3865,TAO,0.3554,0.0829,0.0279
6918,08264.wav,8263,3709012785,2.934,0.5768,0.5063,0.6474,0.5033,0.5033,TAO,0.2677,-0.0093,0.0057
6919,00690.wav,689,298582765,2.064,0.5768,0.5230,0.6306,0.7039,0.5230,TAO,0.6829,-0.0932,-0.0070
6920,06873.wav,6872,3067787246,2.730,0.5768,0.5113,0.6422,0.4886,0.4886,TAO,0.4694,-0.0798,-0.0009
6921,08773.wav,8772,3948843801,0.669,0.5768,0.5226,0.6310,0.5912,0.5226,TAO,0.5915,-0.1903,0.0005
6922,03195.wav,3194,1402643809,2.419,0.5768,0.5318,0.6217,0.6865,0.5318,TAO,0.5596,0.2998,0.0174
6923,05593.wav,5592,2489926022,2.355,0.5767,0.5191,0.6344,0.6798,0.5191,TAO,0.5065,-0.6845,-0.0256
6924,07209.wav,7208,3226501765,7.468,0.5767,0.5056,0.6479,0.4673,0.4673,TAO,0.3783,-1.0044,-0.0331
6925,01956.wav,1955,874682718,5.137,0.5767,0.5572,0.5962,0.6062,0.5572,TAO,0.6642,0.0035,0.0071
6926,03061.wav,3060,1348457168,3.442,0.5767,0.5202,0.6332,0.5158,0.5158,LENT,0.2938,-0.7880,-0.0182
6927,01905.wav,1904,853871249,2.284,0.5767,0.5269,0.6265,0.7497,0.5269,TAO,0.6306,-0.1716,-0.0111
6928,07879.wav,7878,3550694344,5.750,0.5767,0.5376,0.6158,0.4207,0.4207,TAO,0.2842,-0.2835,0.0012
6929,08337.wav,8336,3734885902,1.489,0.5766,0.5357,0.6176,0.4331,0.4331,TAO,0.4746,-0.8051,-0.0092
6930,09475.wav,9474,4255928400,3.478,0.5765,0.5317,0.6214,0.7085,0.5317,TAO,0.5334,0.0501,0.0022
6931,06904.wav,6903,3085547628,7.269,0.5765,0.5292,0.6239,0.3838,0.3838,PAT,0.2803,-0.7681,-0.0216
6932,04655.wav,4654,2066728555,1.959,0.5765,0.5167,0.6364,0.7351,0.5167,TAO,0.7313,-0.2234,-0.0069
6933,06794.wav,6793,3033604142,4.716,0.5765,0.5226,0.6304,0.4194,0.4194,TAO,0.2371,-0.2542,0.0034
6934,01671.wav,1670,739858021,2.863,0.5765,0.5646,0.5884,0.4229,0.4229,LENT,0.2406,0.4864,0.0357
6935,08810.wav,8809,3962220064,3.048,0.5764,0.5071,0.6458,0.6966,0.5071,TAO,0.7576,-0.4723,-0.0223
6936,07301.wav,7300,3270545825,7.844,0.5764,0.5477,0.6051,0.4940,0.4940,PAT,0.3291,-0.0700,0.0056
6937,04631.wav,4630,2054243570,3.011,0.5764,0.5539,0.5989,0.6269,0.5539,TAO,0.4093,-0.4181,-0.0129
6938,00412.wav,411,177390026,8.013,0.5763,0.5047,0.6479,0.4078,0.4078,TAO,0.2678,-0.8782,-0.0147
6939,03048.wav,3047,1346425008,7.954,0.5763,0.5297,0.6229,0.4415,0.4415,TAO,0.3684,-0.2627,0.0112
6940,00141.wav,140,60685673,2.350,0.5762,0.5184,0.6340,0.5817,0.5184,LENT,0.6645,0.0537,-0.0023
6941,09027.wav,9026,4060351612,1.836,0.5762,0.4888,0.6636,0.5965,0.4888,TAO,0.3392,-0.3176,-0.0058
6942,02898.wav,2897,1280130177,2.415,0.5761,0.5057,0.6465,0.6594,0.5057,TAO,0.7059,-0.0631,-0.0054
6943,08962.wav,8961,4030437613,2.269,0.5761,0.5532,0.5990,0.6048,0.5532,TAO,0.5906,0.4692,0.0213
6944,00539.wav,538,228803400,2.069,0.5761,0.5042,0.6479,0.7073,0.5042,TAO,0.6667,0.1394,0.0023
6945,03274.wav,3273,1434995239,4.596,0.5760,0.5207,0.6313,0.5742,0.5207,LENT,0.7110,-0.3889,-0.0092
6946,07792.wav,7791,3505584030,6.637,0.5760,0.5471,0.6049,0.4863,0.4863,TAO,0.3283,-0.3607,-0.0042
6947,06319.wav,6318,2823324806,3.259,0.5760,0.5232,0.6287,0.6774,0.5232,TAO,0.6333,-0.0755,-0.0035
6948,05436.wav,5435,2419023396,5.470,0.5759,0.5246,0.6272,0.4012,0.4012,TAO,0.3327,-0.3329,-0.0014
6949,02578.wav,2577,1130913400,3.450,0.5759,0.5330,0.6187,0.5003,0.5003,KLAU,0.7446,-0.5666,-0.0183
6950,08874.wav,8873,3997359917,5.389,0.5757,0.5092,0.6423,0.4042,0.4042,TAO,0.2768,-0.0534,0.0165
6951,01627.wav,1626,723682380,2.870,0.5757,0.5173,0.6341,0.7454,0.5173,TAO,0.6551,-0.4713,-0.0235
6952,03790.wav,3789,1676250123,2.353,0.5756,0.5149,0.6364,0.7132,0.5149,TAO,0.6616,-0.8107,-0.0337
6953,06526.wav,6525,2910893287,2.446,0.5756,0.5099,0.6412,0.6883,0.5099,TAO,0.4300,-0.0645,0.0001
6954,04337.wav,4336,1917671954,7.857,0.5755,0.5360,0.6150,0.4993,0.4993,TAO,0.3211,-0.6718,-0.0174
6955,05125.wav,5124,2278694248,4.986,0.5755,0.5159,0.6351,0.4546,0.4546,TAO,0.3495,-0.8083,-0.0194
6956,03740.wav,3739,1649057812,4.697,0.5755,0.5257,0.6252,0.3618,0.3618,TAO,0.3357,0.9325,0.0546
6957,04992.wav,4991,2214237417,4.882,0.5754,0.5431,0.6077,0.3626,0.3626,PAT,0.2466,0.2684,0.0329
6958,01062.wav,1061,464458124,1.867,0.5754,0.5103,0.6406,0.6971,0.5103,TAO,0.7154,-0.2744,-0.0159
6959,08119.wav,8118,3652873734,2.603,0.5753,0.5283,0.6223,0.6750,0.5283,TAO,0.3833,-1.0895,-0.0369
6960,06228.wav,6227,2782103191,3.156,0.5753,0.5115,0.6390,0.4434,0.4434,LENT,0.3342,-0.2087,-0.0010
6961,00512.wav,511,221326407,2.335,0.5753,0.5014,0.6491,0.4796,0.4796,LENT,0.3603,0.0777,0.0116
6962,00054.wav,53,23544833,7.676,0.5752,0.5191,0.6314,0.3901,0.3901,TAO,0.4144,-0.8176,-0.0203
6963,05166.wav,5165,2298775630,7.250,0.5752,0.5869,0.5636,0.2912,0.2912,TAO,0.2608,1.2828,0.0797
6964,01872.wav,1871,836834318,5.098,0.5752,0.5290,0.6214,0.6694,0.5290,TAO,0.7102,-0.0692,-0.0051
6965,02546.wav,2545,1120255529,2.607,0.5751,0.5693,0.5808,0.3354,0.3354,TAO,0.2574,0.6093,0.0431
6966,00738.wav,737,321963979,5.871,0.5750,0.5247,0.6253,0.4084,0.4084,TAO,0.2619,-0.7123,-0.0223
6967,00858.wav,857,378447686,4.037,0.5749,0.5395,0.6103,0.5347,0.5347,TAO,0.3698,0.1446,0.0110
6968,08680.wav,8679,3907322692,6.231,0.5749,0.5480,0.6018,0.4171,0.4171,TAO,0.3002,0.6249,0.0430
6969,07824.wav,7823,3520491663,3.586,0.5749,0.5254,0.6244,0.5142,0.5142,LENT,0.2999,-0.3756,-0.0018
6970,04097.wav,4096,1815303303,5.478,0.5748,0.5452,0.6044,0.6069,0.5452,TAO,0.7296,-0.5578,-0.0080
6971,00026.wav,25,10704783,1.998,0.5748,0.5166,0.6330,0.6945,0.5166,TAO,0.6036,-0.1683,-0.0091
6972,09023.wav,9022,4055947851,2.926,0.5748,0.5163,0.6332,0.6873,0.5163,TAO,0.6876,-0.3172,-0.0148
6973,05663.wav,5662,2520407919,7.653,0.5747,0.5230,0.6265,0.6090,0.5230,LENT,0.8612,-0.1588,-0.0020
6974,03499.wav,3498,1550050855,3.783,0.5747,0.5103,0.6392,0.6540,0.5103,TAO,0.5853,-0.1292,-0.0046
6975,07434.wav,7433,3342074118,2.465,0.5747,0.5309,0.6186,0.4099,0.4099,ANCIENT,0.5633,-0.3465,0.0053
6976,09246.wav,9245,4159423952,8.503,0.5745,0.5461,0.6030,0.4626,0.4626,TAO,0.3478,0.2564,0.0309
6977,08350.wav,8349,3746318733,6.578,0.5744,0.5393,0.6095,0.4220,0.4220,TAO,0.3351,-0.1055,0.0122
6978,05133.wav,5132,2284977619,1.866,0.5744,0.5077,0.6411,0.7237,0.5077,TAO,0.5926,-0.6954,-0.0327
6979,05833.wav,5832,2596680147,5.145,0.5744,0.5715,0.5773,0.3242,0.3242,ANCIENT,0.2542,0.1787,0.0349
6980,02015.wav,2014,896838067,6.996,0.5744,0.5349,0.6139,0.4489,0.4489,TAO,0.5565,-0.5638,-0.0048
6981,07475.wav,7474,3364682093,1.833,0.5744,0.5426,0.6062,0.5208,0.5208,TAO,0.5709,0.6718,0.0322
6982,00807.wav,806,355615077,3.400,0.5744,0.5147,0.6340,0.7037,0.5147,TAO,0.7461,-0.5411,-0.0273
6983,00359.wav,358,153325221,6.733,0.5743,0.5260,0.6227,0.4672,0.4672,ANCIENT,0.4755,-0.7693,-0.0199
6984,08647.wav,8646,3891798498,4.862,0.5743,0.5195,0.6292,0.5943,0.5195,TAO,0.5697,-0.3878,-0.0095
6985,05980.wav,5979,2663244336,8.287,0.5743,0.5217,0.6268,0.4244,0.4244,ANCIENT,0.2551,-0.7283,-0.0201
6986,07365.wav,7364,3308415507,8.007,0.5742,0.5466,0.6018,0.6402,0.5466,TAO,0.5157,-0.4716,-0.0145
6987,07692.wav,7691,3456986966,6.787,0.5741,0.5398,0.6084,0.3887,0.3887,TAO,0.1721,-0.1729,0.0095
6988,03972.wav,3971,1755546804,8.164,0.5741,0.5616,0.5865,0.3064,0.3064,TAO,0.2423,0.5135,0.0478
6989,01043.wav,1042,457255705,2.010,0.5740,0.5413,0.6067,0.6954,0.5413,TAO,0.6269,0.5470,0.0275
6990,06404.wav,6403,2861217449,6.873,0.5740,0.5702,0.5778,0.3973,0.3973,TAO,0.3464,-0.2598,0.0172
6991,07913.wav,7912,3568910250,5.271,0.5740,0.5573,0.5907,0.3521,0.3521,TAO,0.2584,-0.0813,0.0184
6992,07727.wav,7726,3476419762,3.504,0.5739,0.5501,0.5978,0.4191,0.4191,LENT,0.2457,0.4026,0.0344
6993,07697.wav,7696,3461200208,2.189,0.5738,0.5127,0.6350,0.6766,0.5127,TAO,0.6354,-0.4271,-0.0202
6994,02049.wav,2048,912829547,5.266,0.5738,0.5196,0.6281,0.7036,0.5196,TAO,0.6919,-0.7713,-0.0302
6995,05752.wav,5751,2559339950,2.813,0.5738,0.5306,0.6170,0.5816,0.5306,LENT,0.5054,-0.2401,0.0033
6996,08602.wav,8601,3871912205,7.974,0.5737,0.5396,0.6078,0.4301,0.4301,TAO,0.3650,-0.6377,-0.0092
6997,02489.wav,2488,1096314249,2.382,0.5737,0.4990,0.6485,0.5383,0.4990,TAO,0.3485,0.0359,0.0052
6998,03054.wav,3053,1347814220,6.880,0.5736,0.5319,0.6154,0.4039,0.4039,ANCIENT,0.3218,0.6909,0.0410
6999,05431.wav,5430,2418168429,2.065,0.5736,0.5108,0.6364,0.7331,0.5108,TAO,0.5647,-0.4491,-0.0118
7000,09272.wav,9271,4168291151,4.112,0.5736,0.5932,0.5539,0.3720,0.3720,PAT,0.3522,1.2194,0.0662
7001,06032.wav,6031,2687448480,5.746,0.5735,0.4851,0.6620,0.3975,0.3975,PAT,0.2560,-0.7382,-0.0201
7002,06305.wav,6304,2816151957,6.911,0.5735,0.5556,0.5915,0.3620,0.3620,PAT,0.1871,0.0557,0.0266
7003,06132.wav,6131,2735793922,2.466,0.5735,0.5493,0.5978,0.5840,0.5493,TAO,0.3723,-0.6185,-0.0164
7004,06932.wav,6931,3095557985,5.453,0.5734,0.5366,0.6102,0.3979,0.3979,TAO,0.3430,-0.3510,0.0035
7005,06320.wav,6319,2823499510,8.281,0.5734,0.5968,0.5501,0.4271,0.4271,PAT,0.2997,-0.6326,-0.0077
7006,09064.wav,9063,4079444427,8.321,0.5734,0.5299,0.6169,0.3797,0.3797,PAT,0.2490,0.1946,0.0269
7007,02947.wav,2946,1301727576,1.819,0.5733,0.5215,0.6252,0.6568,0.5215,TAO,0.5758,-0.4998,-0.0172
7008,03219.wav,3218,1413153360,7.089,0.5733,0.5374,0.6092,0.4245,0.4245,LENT,0.3074,-0.4645,0.0006
7009,01266.wav,1265,563926431,4.857,0.5733,0.5462,0.6004,0.5315,0.5315,PAT,0.4196,0.0611,0.0103
7010,06941.wav,6940,3104371930,0.975,0.5732,0.5050,0.6414,0.4767,0.4767,TAO,0.4362,-1.0445,-0.0376
7011,04446.wav,4445,1967294371,5.816,0.5732,0.5608,0.5856,0.3894,0.3894,PAT,0.2590,-0.0205,0.0134
7012,04005.wav,4004,1777510645,2.841,0.5731,0.4996,0.6465,0.7707,0.4996,TAO,0.6293,-0.5442,-0.0235
7013,04285.wav,4284,1897653792,2.159,0.5730,0.5206,0.6255,0.6368,0.5206,TAO,0.6779,-0.5468,-0.0231
7014,05210.wav,5209,2319152015,6.910,0.5730,0.4983,0.6476,0.4392,0.4392,TAO,0.3604,-0.9608,-0.0324
7015,06441.wav,6440,2878958985,2.104,0.5729,0.5199,0.6259,0.6709,0.5199,TAO,0.6671,0.4314,0.0126
7016,08725.wav,8724,3925147594,8.183,0.5729,0.5535,0.5923,0.4315,0.4315,ANCIENT,0.2945,-0.2468,0.0113
7017,02392.wav,2391,1056861295,7.330,0.5728,0.5802,0.5655,0.3423,0.3423,PAT,0.2386,0.5187,0.0438
7018,04717.wav,4716,2094508335,10.697,0.5728,0.5211,0.6245,0.6983,0.5211,TAO,0.7499,-0.2725,-0.0128
7019,05988.wav,5987,2667344137,6.849,0.5728,0.5345,0.6110,0.3693,0.3693,PAT,0.2638,-0.1783,0.0106
7020,00936.wav,935,413283937,3.164,0.5726,0.5361,0.6092,0.6227,0.5361,TAO,0.4562,-0.7154,-0.0203
7021,01770.wav,1769,789472202,3.624,0.5726,0.5236,0.6216,0.4828,0.4828,LENT,0.3421,0.3409,0.0184
7022,03089.wav,3088,1358104887,7.218,0.5725,0.5296,0.6154,0.3630,0.3630,TAO,0.2143,0.0694,0.0189
7023,03280.wav,3279,1438203311,9.096,0.5724,0.5205,0.6243,0.6903,0.5205,TAO,0.7887,-0.2993,-0.0101
7024,03911.wav,3910,1729615023,7.566,0.5723,0.5251,0.6195,0.3465,0.3465,TAO,0.3118,-0.1112,0.0122
7025,04562.wav,4561,2025573119,4.104,0.5723,0.5331,0.6115,0.5458,0.5331,LENT,0.3512,-0.3003,0.0008
7026,06358.wav,6357,2842093637,2.971,0.5722,0.5099,0.6346,0.4999,0.4999,LENT,0.3385,-0.6472,-0.0135
7027,08800.wav,8799,3957949164,5.207,0.5722,0.5557,0.5888,0.4186,0.4186,TAO,0.2540,-0.1873,0.0081
7028,08208.wav,8207,3684520833,8.520,0.5721,0.4980,0.6463,0.3718,0.3718,TAO,0.2892,-0.5667,-0.0055
7029,08070.wav,8069,3629134777,7.673,0.5721,0.5366,0.6076,0.3722,0.3722,PAT,0.2616,-0.6529,-0.0095
7030,02582.wav,2581,1135866631,3.910,0.5721,0.5302,0.6139,0.5573,0.5302,TAO,0.4239,-0.3160,-0.0160
7031,00181.wav,180,75191174,4.777,0.5721,0.5838,0.5604,0.3383,0.3383,PAT,0.2058,0.5731,0.0480
7032,01381.wav,1380,609256650,5.443,0.5721,0.5447,0.5994,0.4070,0.4070,TAO,0.3460,-1.0045,-0.0197
7033,02309.wav,2308,1022324779,1.880,0.5721,0.5164,0.6277,0.5999,0.5164,TAO,0.4473,-0.1257,0.0002
7034,00716.wav,715,311473074,8.916,0.5720,0.5357,0.6083,0.3807,0.3807,PAT,0.1642,-0.1360,0.0152
7035,03951.wav,3950,1746796977,5.296,0.5719,0.5323,0.6115,0.6392,0.5323,TAO,0.7850,-0.6649,-0.0227
7036,02455.wav,2454,1083998127,4.750,0.5718,0.5038,0.6399,0.4387,0.4387,TAO,0.3082,-0.9341,-0.0353
7037,08259.wav,8258,3705970408,4.177,0.5718,0.5364,0.6072,0.5851,0.5364,ANCIENT,0.4560,-0.0442,0.0152
7038,03097.wav,3096,1363593900,5.695,0.5718,0.5367,0.6068,0.4989,0.4989,LENT,0.3093,0.2996,0.0259
7039,06610.wav,6609,2951952343,7.423,0.5716,0.5341,0.6091,0.5452,0.5341,LENT,0.6451,-0.8739,-0.0304
7040,06246.wav,6245,2789051200,2.534,0.5716,0.5655,0.5776,0.4417,0.4417,TAO,0.3634,1.2058,0.0695
7041,02151.wav,2150,957807637,6.033,0.5715,0.5377,0.6052,0.5980,0.5377,TAO,0.7605,-0.3581,-0.0053
7042,05890.wav,5889,2629449515,2.215,0.5714,0.5594,0.5833,0.4789,0.4789,TAO,0.3480,0.8206,0.0420
7043,02260.wav,2259,1006471184,4.237,0.5713,0.5378,0.6048,0.3326,0.3326,PAT,0.2409,0.9034,0.0532
7044,00632.wav,631,271015307,3.655,0.5712,0.5408,0.6016,0.4353,0.4353,LENT,0.2577,0.0388,0.0207
7045,06753.wav,6752,3012367958,3.962,0.5711,0.5600,0.5823,0.4768,0.4768,ANCIENT,0.2853,0.0357,0.0213
7046,04758.wav,4757,2115719786,6.364,0.5711,0.5627,0.5795,0.4092,0.4092,TAO,0.3125,0.1430,0.0259
7047,08609.wav,8608,3874867946,4.782,0.5711,0.5525,0.5897,0.3922,0.3922,LENT,0.1930,-0.1359,0.0152
7048,04400.wav,4399,1950246683,2.782,0.5710,0.5159,0.6262,0.6148,0.5159,TAO,0.7029,-0.1112,-0.0034
7049,03433.wav,3432,1518538096,2.319,0.5710,0.5499,0.5921,0.6567,0.5499,TAO,0.5640,0.4912,0.0335
7050,08199.wav,8198,3680421032,4.815,0.5709,0.5433,0.5986,0.6275,0.5433,TAO,0.7785,-0.0910,0.0045
7051,09235.wav,9234,4156583660,4.454,0.5709,0.5146,0.6272,0.6813,0.5146,TAO,0.8201,-0.3356,-0.0097
7052,02886.wav,2885,1274630389,3.093,0.5708,0.5446,0.5970,0.7174,0.5446,TAO,0.7056,-0.1835,-0.0055
7053,07803.wav,7802,3515522831,5.488,0.5708,0.5149,0.6267,0.6653,0.5149,TAO,0.7406,-0.0687,-0.0054
7054,04990.wav,4989,2213498089,3.243,0.5707,0.5347,0.6068,0.6567,0.5347,TAO,0.7565,-1.0080,-0.0415
7055,08400.wav,8399,3773339187,1.638,0.5706,0.5404,0.6008,0.6451,0.5404,RYZA,0.5391,-0.1246,0.0032
7056,07340.wav,7339,3292771330,8.171,0.5706,0.5285,0.6126,0.6844,0.5285,TAO,0.7500,-0.0993,-0.0074
7057,02605.wav,2604,1143512202,9.151,0.5706,0.5196,0.6215,0.7043,0.5196,TAO,0.7562,-0.4463,-0.0187
7058,01109.wav,1108,488716373,5.310,0.5706,0.5104,0.6308,0.4551,0.4551,LENT,0.2509,-0.2831,-0.0004
7059,08534.wav,8533,3833944456,5.481,0.5705,0.5675,0.5735,0.3693,0.3693,TAO,0.3446,-0.1623,0.0120
7060,04009.wav,4008,1779010320,8.525,0.5705,0.5207,0.6203,0.3608,0.3608,PAT,0.2877,0.5392,0.0347
7061,00315.wav,314,140091405,4.268,0.5704,0.5511,0.5897,0.5102,0.5102,TAO,0.3860,-0.7892,-0.0208
7062,00973.wav,972,431037514,6.126,0.5704,0.5350,0.6058,0.6859,0.5350,TAO,0.6048,-0.0830,-0.0007
7063,06532.wav,6531,2912405003,2.139,0.5703,0.5793,0.5613,0.5362,0.5362,LENT,0.4866,-0.7208,-0.0279
7064,08858.wav,8857,3987743671,1.942,0.5703,0.5004,0.6402,0.7302,0.5004,TAO,0.6627,-0.0860,-0.0008
7065,01973.wav,1972,883609228,6.822,0.5703,0.5461,0.5944,0.3796,0.3796,TAO,0.2519,-0.4861,0.0059
7066,03270.wav,3269,1434002946,2.445,0.5703,0.5304,0.6101,0.4766,0.4766,TAO,0.4623,-0.7230,-0.0169
7067,03574.wav,3573,1581415428,8.204,0.5703,0.5337,0.6069,0.4127,0.4127,TAO,0.3022,-0.5027,-0.0001
7068,04753.wav,4752,2113968167,2.693,0.5702,0.5672,0.5733,0.4877,0.4877,TAO,0.3442,0.3741,0.0322
7069,01622.wav,1621,718941952,6.740,0.5702,0.5295,0.6109,0.3933,0.3933,TAO,0.2152,-0.5649,-0.0007
7070,02262.wav,2261,1007592917,3.389,0.5702,0.5120,0.6283,0.5618,0.5120,TAO,0.5724,-0.1347,-0.0060
7071,07540.wav,7539,3392172139,3.971,0.5702,0.5426,0.5977,0.4550,0.4550,LENT,0.2347,-0.8321,-0.0199
7072,08763.wav,8762,3942530328,5.141,0.5701,0.5048,0.6355,0.3632,0.3632,ANCIENT,0.2584,-0.2187,0.0111
7073,04733.wav,4732,2100346693,3.579,0.5701,0.5030,0.6373,0.6619,0.5030,TAO,0.7259,-0.1275,-0.0065
7074,06117.wav,6116,2731860104,8.647,0.5699,0.5293,0.6106,0.6872,0.5293,TAO,0.7565,-0.1061,-0.0036
7075,09172.wav,9171,4126716241,7.444,0.5699,0.5509,0.5889,0.4392,0.4392,PAT,0.2388,-0.6091,-0.0095
7076,08865.wav,8864,3992300677,2.482,0.5698,0.5132,0.6265,0.6676,0.5132,TAO,0.6675,-0.6261,-0.0237
7077,03503.wav,3502,1551506350,8.427,0.5698,0.5410,0.5986,0.3664,0.3664,ANCIENT,0.2287,0.2162,0.0334
7078,06741.wav,6740,3007985962,2.012,0.5697,0.5004,0.6390,0.6374,0.5004,TAO,0.5826,-0.0559,-0.0122
7079,04453.wav,4452,1969641795,6.264,0.5696,0.5417,0.5974,0.4094,0.4094,PAT,0.3318,-0.2958,0.0063
7080,07463.wav,7462,3357974967,7.915,0.5696,0.5052,0.6340,0.6912,0.5052,TAO,0.7144,-0.7702,-0.0331
7081,06020.wav,6019,2679270276,8.357,0.5696,0.5517,0.5875,0.4703,0.4703,PAT,0.3479,0.1420,0.0189
7082,05362.wav,5361,2379683144,5.404,0.5694,0.5275,0.6113,0.4005,0.4005,ANCIENT,0.4078,-0.2224,0.0086
7083,02624.wav,2623,1150972739,3.775,0.5694,0.5601,0.5786,0.3887,0.3887,TAO,0.3945,-0.1574,0.0150
7084,05187.wav,5186,2307006992,4.898,0.5694,0.4894,0.6493,0.4567,0.4567,PAT,0.2772,-0.7225,-0.0186
7085,01386.wav,1385,609856187,1.891,0.5692,0.5230,0.6154,0.5942,0.5230,TAO,0.7033,0.4318,0.0270
7086,03653.wav,3652,1608490603,6.462,0.5692,0.5495,0.5888,0.3541,0.3541,TAO,0.2213,0.3310,0.0350
7087,00868.wav,867,382075978,2.136,0.5691,0.5316,0.6065,0.6103,0.5316,TAO,0.7217,0.0026,0.0038
7088,00312.wav,311,139774382,3.780,0.5691,0.5297,0.6085,0.4655,0.4655,LENT,0.3120,0.0868,0.0191
7089,08657.wav,8656,3900040401,2.755,0.5691,0.5509,0.5872,0.5796,0.5509,TAO,0.7044,-0.2016,0.0055
7090,06519.wav,6518,2905352074,6.361,0.5690,0.5229,0.6152,0.7055,0.5229,TAO,0.7304,-0.5235,-0.0191
7091,01746.wav,1745,781992688,4.420,0.5690,0.5178,0.6201,0.4193,0.4193,LENT,0.2530,-0.0886,0.0113
7092,06272.wav,6271,2803199244,6.059,0.5690,0.5288,0.6091,0.6941,0.5288,TAO,0.7970,-0.3780,-0.0120
7093,08950.wav,8949,4026816715,1.469,0.5689,0.4972,0.6407,0.7250,0.4972,TAO,0.6471,0.4517,0.0170
7094,04090.wav,4089,1809910670,3.716,0.5689,0.5715,0.5663,0.3669,0.3669,TAO,0.2394,0.1865,0.0263
7095,01795.wav,1794,804689581,6.578,0.5689,0.5325,0.6053,0.4876,0.4876,PAT,0.4042,-0.2946,0.0007
7096,01357.wav,1356,602241838,3.291,0.5689,0.5002,0.6376,0.4646,0.4646,LENT,0.3170,-0.1501,0.0002
7097,06861.wav,6860,3064505513,3.665,0.5687,0.4924,0.6450,0.7581,0.4924,TAO,0.5534,-0.6442,-0.0311
7098,02006.wav,2005,893901063,1.507,0.5687,0.5125,0.6249,0.5161,0.5125,ANCIENT,0.8214,-0.2539,-0.0037
7099,00233.wav,232,100050099,37.735,0.5687,0.5151,0.6223,0.3782,0.3782,TAO,0.2631,-0.5850,-0.0054
7100,05359.wav,5358,2378245037,2.910,0.5686,0.5278,0.6095,0.6151,0.5278,TAO,0.6321,-0.1378,-0.0031
7101,00031.wav,30,13253935,5.485,0.5686,0.5174,0.6198,0.7028,0.5174,TAO,0.7486,-0.2911,-0.0149
7102,00792.wav,791,350468262,2.499,0.5686,0.5492,0.5880,0.6002,0.5492,TAO,0.5010,0.5865,0.0237
7103,02601.wav,2600,1142979717,4.463,0.5686,0.5277,0.6094,0.6483,0.5277,TAO,0.5460,-0.4386,-0.0148
7104,00334.wav,333,146214029,8.711,0.5685,0.5334,0.6035,0.6965,0.5334,TAO,0.7837,-0.2907,-0.0116
7105,02030.wav,2029,904137835,7.212,0.5685,0.5173,0.6196,0.4241,0.4241,PAT,0.2223,-0.7325,-0.0136
7106,04231.wav,4230,1875517289,2.640,0.5684,0.4940,0.6427,0.6590,0.4940,TAO,0.3499,-1.3330,-0.0514
7107,08723.wav,8722,3925018154,8.928,0.5683,0.5525,0.5841,0.3400,0.3400,PAT,0.2001,0.4122,0.0389
7108,03366.wav,3365,1478942161,2.422,0.5683,0.5154,0.6212,0.4871,0.4871,LENT,0.3825,-1.0109,-0.0202
7109,07862.wav,7861,3543899437,3.691,0.5682,0.5679,0.5686,0.3688,0.3688,TAO,0.2963,1.2111,0.0766
7110,06517.wav,6516,2904925489,3.252,0.5682,0.5287,0.6077,0.4089,0.4089,TAO,0.2283,0.0396,0.0237
7111,01681.wav,1680,745538342,7.703,0.5682,0.5614,0.5750,0.4633,0.4633,PAT,0.2852,-0.5717,-0.0090
7112,03938.wav,3937,1740019665,2.686,0.5681,0.5334,0.6029,0.6747,0.5334,TAO,0.6472,0.0154,0.0002
7113,01038.wav,1037,455786926,10.063,0.5681,0.5706,0.5655,0.3926,0.3926,TAO,0.3684,0.2713,0.0338
7114,05111.wav,5110,2271809897,4.437,0.5681,0.5484,0.5877,0.4549,0.4549,TAO,0.3331,0.2813,0.0281
7115,06711.wav,6710,2991647721,5.691,0.5680,0.5192,0.6168,0.4270,0.4270,LENT,0.2950,-0.7004,-0.0110
7116,05042.wav,5041,2239930316,1.890,0.5680,0.5167,0.6193,0.6342,0.5167,TAO,0.4564,0.0789,0.0052
7117,06545.wav,6544,2921407253,6.666,0.5680,0.5345,0.6015,0.4129,0.4129,ANCIENT,0.3138,0.0686,0.0233
7118,05669.wav,5668,2522851081,1.505,0.5679,0.5340,0.6018,0.6585,0.5340,TAO,0.6053,0.4079,0.0206
7119,04737.wav,4736,2103677269,8.825,0.5679,0.5296,0.6061,0.4044,0.4044,TAO,0.2570,-0.1210,0.0171
7120,08147.wav,8146,3664416490,9.173,0.5679,0.5399,0.5958,0.4100,0.4100,TAO,0.2745,-0.2096,0.0098
7121,05633.wav,5632,2504411876,4.238,0.5678,0.5584,0.5773,0.4781,0.4781,TAO,0.3914,-0.1946,0.0119
7122,06432.wav,6431,2877139154,2.554,0.5678,0.4928,0.6428,0.4218,0.4218,TAO,0.2802,-0.6852,-0.0154
7123,00878.wav,877,383784840,4.885,0.5677,0.5351,0.6003,0.3767,0.3767,TAO,0.2475,0.3043,0.0298
7124,09318.wav,9317,4190155445,3.247,0.5677,0.5233,0.6120,0.4109,0.4109,TAO,0.3285,-0.4932,-0.0043
7125,07391.wav,7390,3317039436,4.002,0.5676,0.5285,0.6067,0.6794,0.5285,TAO,0.7571,0.0238,0.0008
7126,03289.wav,3288,1445496143,8.142,0.5676,0.5430,0.5921,0.4395,0.4395,PAT,0.2898,-0.5316,-0.0052
7127,01669.wav,1668,739282185,3.007,0.5675,0.5197,0.6153,0.7255,0.5197,TAO,0.7162,-0.4550,-0.0145
7128,01457.wav,1456,644159121,2.753,0.5675,0.5301,0.6049,0.6484,0.5301,TAO,0.6885,-0.0986,-0.0043
7129,08176.wav,8175,3674183054,4.774,0.5675,0.5328,0.6023,0.4275,0.4275,TAO,0.3570,-0.6979,-0.0195
7130,02627.wav,2626,1151786786,5.260,0.5675,0.5528,0.5822,0.4386,0.4386,LENT,0.2405,-0.5185,-0.0057
7131,02437.wav,2436,1073146378,3.769,0.5674,0.5120,0.6228,0.6388,0.5120,TAO,0.4739,-0.4512,-0.0155
7132,09008.wav,9007,4051887946,2.012,0.5673,0.5259,0.6088,0.5590,0.5259,KLAU,0.5218,-0.2642,-0.0052
7133,08465.wav,8464,3804575820,5.476,0.5673,0.5826,0.5520,0.3603,0.3603,TAO,0.3682,0.5630,0.0505
7134,04836.wav,4835,2147251043,3.372,0.5673,0.5232,0.6114,0.6524,0.5232,RYZA,0.8130,-0.3723,-0.0138
7135,02695.wav,2694,1189968683,0.608,0.5672,0.5442,0.5903,0.4662,0.4662,TAO,0.4143,-0.2358,-0.0003
7136,01858.wav,1857,831108944,6.656,0.5672,0.5161,0.6183,0.4086,0.4086,TAO,0.2899,0.4681,0.0321
7137,04731.wav,4730,2099675148,3.316,0.5672,0.4953,0.6391,0.7481,0.4953,TAO,0.6880,-1.1268,-0.0470
7138,05077.wav,5076,2256984364,2.254,0.5671,0.5133,0.6209,0.3911,0.3911,TAO,0.4070,-0.2053,0.0139
7139,07932.wav,7931,3575026628,2.685,0.5670,0.5576,0.5764,0.4753,0.4753,ANCIENT,0.5161,0.4922,0.0350
7140,07635.wav,7634,3435332778,6.264,0.5670,0.5664,0.5676,0.4033,0.4033,TAO,0.3735,-0.1858,0.0173
7141,06194.wav,6193,2767386546,1.735,0.5670,0.4988,0.6351,0.6982,0.4988,TAO,0.6510,-0.2786,-0.0158
7142,05191.wav,5190,2311343154,6.638,0.5669,0.5389,0.5950,0.6134,0.5389,TAO,0.5646,-0.4464,-0.0151
7143,01571.wav,1570,689998022,4.273,0.5668,0.5249,0.6087,0.5421,0.5249,TAO,0.4533,-0.8941,-0.0141
7144,07288.wav,7287,3267075910,1.969,0.5668,0.5309,0.6026,0.6719,0.5309,KLAU,0.7022,0.3308,0.0208
7145,06828.wav,6827,3050140627,2.304,0.5667,0.5373,0.5960,0.6768,0.5373,TAO,0.5550,0.4846,0.0264
7146,07722.wav,7721,3474922562,4.438,0.5667,0.5326,0.6008,0.6456,0.5326,TAO,0.6732,-0.5465,-0.0192
7147,04042.wav,4041,1788952940,2.567,0.5667,0.5134,0.6199,0.6398,0.5134,LENT,0.4630,-0.1853,-0.0012
7148,03655.wav,3654,1611372291,2.473,0.5667,0.5300,0.6033,0.6989,0.5300,TAO,0.7514,-0.4359,-0.0118
7149,09081.wav,9080,4085560805,4.075,0.5666,0.5343,0.5989,0.5549,0.5343,LENT,0.4394,0.0069,0.0116
7150,08965.wav,8964,4030679016,2.337,0.5666,0.4911,0.6421,0.7157,0.4911,TAO,0.6410,-0.5121,-0.0256
7151,08347.wav,8346,3745210062,2.458,0.5665,0.5262,0.6067,0.6536,0.5262,TAO,0.6423,-0.2519,-0.0074
7152,07355.wav,7354,3302996550,1.980,0.5664,0.5193,0.6135,0.5713,0.5193,TAO,0.4585,0.4562,0.0219
7153,03897.wav,3896,1725738317,1.800,0.5664,0.5093,0.6235,0.6124,0.5093,TAO,0.5309,-0.5578,-0.0164
7154,07224.wav,7223,3235674093,2.371,0.5663,0.5136,0.6190,0.6345,0.5136,LENT,0.4581,0.0809,0.0045
7155,08740.wav,8739,3933070312,1.535,0.5663,0.5171,0.6154,0.6903,0.5171,TAO,0.5445,0.4462,0.0169
7156,02109.wav,2108,940354599,5.898,0.5662,0.5115,0.6210,0.4165,0.4165,TAO,0.2117,-0.7209,-0.0088
7157,08132.wav,8131,3656003488,2.624,0.5662,0.5372,0.5951,0.6288,0.5372,TAO,0.6342,-0.0287,0.0032
7158,02352.wav,2351,1040625349,4.229,0.5661,0.5107,0.6214,0.5811,0.5107,LENT,0.7190,-0.4766,-0.0267
7159,03724.wav,3723,1642114325,5.368,0.5660,0.5065,0.6255,0.6402,0.5065,LENT,0.8128,-0.7547,-0.0317
7160,03485.wav,3484,1544972844,5.608,0.5660,0.5247,0.6073,0.4141,0.4141,PAT,0.1934,-0.7796,-0.0140
7161,00174.wav,173,73986123,7.395,0.5659,0.5646,0.5673,0.3559,0.3559,TAO,0.2777,0.0473,0.0257
7162,02127.wav,2126,944481069,2.465,0.5659,0.5342,0.5976,0.6190,0.5342,TAO,0.4522,-0.0398,0.0137
7163,03014.wav,3013,1329674574,3.083,0.5659,0.4931,0.6386,0.4914,0.4914,TAO,0.3545,0.0825,0.0170
7164,02502.wav,2501,1102056227,8.042,0.5658,0.5274,0.6042,0.3920,0.3920,TAO,0.3400,-0.8702,-0.0124
7165,08446.wav,8445,3795109678,1.911,0.5657,0.4836,0.6478,0.4208,0.4208,TAO,0.2669,-0.0767,0.0073
7166,04033.wav,4032,1785031818,2.123,0.5657,0.5623,0.5691,0.5979,0.5623,TAO,0.2821,0.7282,0.0332
7167,09566.wav,9565,4292494630,3.622,0.5657,0.5203,0.6110,0.4662,0.4662,TAO,0.4269,-1.2176,-0.0410
7168,07524.wav,7523,3388592267,2.292,0.5656,0.5074,0.6237,0.6640,0.5074,TAO,0.7540,-0.4838,-0.0220
7169,09513.wav,9512,4267618178,6.388,0.5655,0.5474,0.5836,0.5707,0.5474,PAT,0.4196,-0.6358,-0.0178
7170,03245.wav,3244,1426468711,2.987,0.5654,0.5140,0.6169,0.6861,0.5140,TAO,0.7286,-0.2025,-0.0104
7171,03692.wav,3691,1629749839,5.481,0.5654,0.5257,0.6052,0.5437,0.5257,TAO,0.8155,-0.4429,-0.0069
7172,07620.wav,7619,3426820097,7.001,0.5654,0.5140,0.6168,0.4536,0.4536,ANCIENT,0.2786,-0.8585,-0.0201
7173,04714.wav,4713,2092463113,6.512,0.5654,0.5132,0.6175,0.6862,0.5132,TAO,0.7002,-0.2649,-0.0135
7174,04221.wav,4220,1868639064,4.427,0.5653,0.5486,0.5820,0.3910,0.3910,LENT,0.2626,-0.2475,0.0087
7175,05553.wav,5552,2472292392,3.961,0.5653,0.5331,0.5974,0.4233,0.4233,LENT,0.2171,0.1340,0.0182
7176,06811.wav,6810,3040680611,2.377,0.5652,0.5464,0.5840,0.5959,0.5464,TAO,0.4154,-0.1079,0.0097
7177,06452.wav,6451,2882962406,8.349,0.5651,0.5405,0.5898,0.6152,0.5405,TAO,0.5449,-0.0855,0.0025
7178,01787.wav,1786,800982280,2.680,0.5649,0.5005,0.6293,0.6998,0.5005,TAO,0.6817,0.0327,-0.0003
7179,06694.wav,6693,2985721582,2.701,0.5649,0.5272,0.6025,0.3764,0.3764,ANCIENT,0.2632,0.0994,0.0219
7180,05710.wav,5709,2542045197,8.126,0.5649,0.5233,0.6064,0.3814,0.3814,ANCIENT,0.3124,-0.5157,-0.0035
7181,01582.wav,1581,692563688,5.843,0.5649,0.5295,0.6002,0.4585,0.4585,LENT,0.2602,-0.4924,-0.0013
7182,08626.wav,8625,3882012198,5.240,0.5648,0.5253,0.6042,0.3898,0.3898,TAO,0.2154,-0.6054,-0.0039
7183,02012.wav,2011,895547794,5.061,0.5648,0.5114,0.6181,0.6784,0.5114,TAO,0.6199,-0.2559,-0.0094
7184,00431.wav,430,186074591,4.723,0.5648,0.5348,0.5947,0.6676,0.5348,TAO,0.6770,-0.1509,-0.0018
7185,03765.wav,3764,1662863437,7.984,0.5647,0.5538,0.5756,0.3285,0.3285,ANCIENT,0.2795,0.5392,0.0491
7186,02840.wav,2839,1250501640,2.154,0.5647,0.5175,0.6119,0.6295,0.5175,KLAU,0.8108,0.0453,0.0020
7187,00014.wav,13,4795190,9.960,0.5646,0.5340,0.5953,0.4135,0.4135,TAO,0.1915,-0.2139,0.0113
7188,00545.wav,544,229561199,3.185,0.5646,0.5496,0.5797,0.3198,0.3198,TAO,0.3038,1.1288,0.0683
7189,04196.wav,4195,1860284177,4.754,0.5645,0.5205,0.6086,0.4506,0.4506,LENT,0.2380,0.2036,0.0288
7190,09125.wav,9124,4108298055,6.596,0.5645,0.5457,0.5833,0.6469,0.5457,TAO,0.7548,-0.1121,0.0032
7191,01339.wav,1338,592794884,1.803,0.5645,0.4953,0.6337,0.6750,0.4953,TAO,0.7051,-0.3502,-0.0160
7192,01554.wav,1553,683461995,2.251,0.5645,0.5424,0.5865,0.5564,0.5424,TAO,0.4053,0.2502,0.0176
7193,01468.wav,1467,649549233,2.435,0.5644,0.5190,0.6098,0.6763,0.5190,TAO,0.5241,-0.0678,-0.0003
7194,01832.wav,1831,817778010,5.158,0.5643,0.5027,0.6259,0.4517,0.4517,TAO,0.2055,-0.8143,-0.0244
7195,08939.wav,8938,4021577323,2.981,0.5643,0.4929,0.6357,0.7578,0.4929,TAO,0.6637,-0.5872,-0.0320
7196,02848.wav,2847,1254756726,7.318,0.5642,0.5024,0.6260,0.4494,0.4494,LENT,0.2905,-0.5316,-0.0138
7197,05098.wav,5097,2269133768,2.543,0.5642,0.5033,0.6250,0.6614,0.5033,TAO,0.4663,-0.1129,-0.0005
7198,07996.wav,7995,3599426695,2.202,0.5641,0.5171,0.6111,0.6075,0.5171,LENT,0.4817,-0.5639,-0.0084
7199,05437.wav,5436,2419032782,3.250,0.5641,0.5139,0.6143,0.7468,0.5139,TAO,0.7197,-0.5386,-0.0191
7200,02859.wav,2858,1261419672,4.171,0.5640,0.5122,0.6158,0.3801,0.3801,LENT,0.1927,0.3841,0.0237
7201,07906.wav,7905,3567915436,6.389,0.5640,0.5575,0.5705,0.3923,0.3923,ANCIENT,0.2754,-0.1374,0.0088
7202,08571.wav,8570,3854135280,1.952,0.5640,0.5269,0.6011,0.7354,0.5269,TAO,0.6154,0.3942,0.0188
7203,04450.wav,4449,1969011909,7.714,0.5639,0.5300,0.5979,0.4355,0.4355,TAO,0.2764,-0.5344,-0.0033
7204,07320.wav,7319,3284474227,3.191,0.5638,0.5393,0.5884,0.5324,0.5324,TAO,0.5589,-0.3282,-0.0079
7205,04483.wav,4482,1986287722,5.713,0.5638,0.5153,0.6123,0.6038,0.5153,TAO,0.5745,-0.0651,-0.0030
7206,05970.wav,5969,2659167496,7.912,0.5637,0.5516,0.5759,0.3846,0.3846,TAO,0.3378,0.0543,0.0272
7207,04759.wav,4758,2116109769,4.559,0.5637,0.5395,0.5879,0.4921,0.4921,ANCIENT,0.3241,0.0234,0.0147
7208,01970.wav,1969,882994448,2.862,0.5637,0.5211,0.6062,0.4260,0.4260,ANCIENT,0.3620,-0.0884,0.0103
7209,08700.wav,8699,3912337268,2.446,0.5636,0.5129,0.6144,0.6549,0.5129,TAO,0.5439,0.0597,0.0032
7210,06380.wav,6379,2853408588,3.872,0.5636,0.5385,0.5887,0.4197,0.4197,TAO,0.4752,-1.2178,-0.0288
7211,03662.wav,3661,1613136972,3.006,0.5635,0.4942,0.6328,0.6142,0.4942,TAO,0.5740,-0.1795,-0.0164
7212,08650.wav,8649,3893377455,4.533,0.5635,0.5085,0.6185,0.7215,0.5085,TAO,0.6582,0.0199,-0.0001
7213,04129.wav,4128,1828181297,7.430,0.5634,0.5542,0.5725,0.3027,0.3027,TAO,0.2385,0.5412,0.0444
7214,03358.wav,3357,1477191563,4.794,0.5633,0.5206,0.6061,0.6147,0.5206,TAO,0.7298,-0.5858,-0.0226
7215,08467.wav,8466,3805474216,1.479,0.5632,0.5036,0.6228,0.6697,0.5036,TAO,0.6088,0.4577,0.0178
7216,01002.wav,1001,439672942,4.372,0.5632,0.5037,0.6227,0.6539,0.5037,TAO,0.8137,-0.2210,-0.0107
7217,04191.wav,4190,1858984529,6.226,0.5632,0.5502,0.5762,0.3675,0.3675,TAO,0.3165,-0.3536,0.0012
7218,08094.wav,8093,3642452024,3.363,0.5631,0.5399,0.5863,0.4137,0.4137,TAO,0.2580,0.2007,0.0249
7219,01333.wav,1332,589887792,1.977,0.5631,0.5006,0.6255,0.4665,0.4665,ANCIENT,0.5175,-0.9379,-0.0365
7220,07633.wav,7632,3434103021,2.083,0.5630,0.4907,0.6354,0.6244,0.4907,TAO,0.3317,-0.4578,-0.0122
7221,09293.wav,9292,4180929006,2.905,0.5630,0.4835,0.6425,0.7256,0.4835,TAO,0.6671,-0.9816,-0.0441
7222,04743.wav,4742,2108814416,2.710,0.5630,0.5166,0.6093,0.6684,0.5166,TAO,0.4635,-0.6595,-0.0190
7223,03673.wav,3672,1616550866,5.907,0.5629,0.4998,0.6261,0.6768,0.4998,TAO,0.7616,-0.5206,-0.0214
7224,06749.wav,6748,3009847023,2.600,0.5629,0.5369,0.5889,0.4455,0.4455,TAO,0.3260,0.4506,0.0376
7225,02217.wav,2216,987237930,3.227,0.5629,0.5679,0.5579,0.4677,0.4677,LENT,0.5954,-0.4792,-0.0152
7226,01736.wav,1735,779850065,4.346,0.5628,0.5199,0.6058,0.4316,0.4316,TAO,0.3507,-0.7720,-0.0205
7227,02014.wav,2013,896302040,1.966,0.5628,0.4814,0.6442,0.7436,0.4814,TAO,0.6811,-0.7027,-0.0331
7228,02892.wav,2891,1276119820,5.470,0.5626,0.5250,0.6003,0.3392,0.3392,TAO,0.2317,0.6817,0.0484
7229,01850.wav,1849,828417232,4.493,0.5626,0.4970,0.6282,0.4193,0.4193,ANCIENT,0.5253,0.3726,0.0213
7230,02583.wav,2582,1136032688,2.593,0.5626,0.5176,0.6075,0.6082,0.5176,TAO,0.6564,-0.2255,-0.0115
7231,09247.wav,9246,4160185799,6.843,0.5625,0.5300,0.5949,0.4227,0.4227,ANCIENT,0.2719,-0.4766,0.0006
7232,05579.wav,5578,2480361154,4.554,0.5625,0.5135,0.6114,0.7230,0.5135,TAO,0.6690,-0.3334,-0.0135
7233,09301.wav,9300,4183235792,6.453,0.5624,0.5302,0.5947,0.3950,0.3950,TAO,0.3300,-0.6298,-0.0027
7234,08968.wav,8967,4030916398,3.824,0.5624,0.5291,0.5957,0.4997,0.4997,LENT,0.3042,-0.7172,-0.0157
7235,00808.wav,807,356668006,2.638,0.5623,0.5077,0.6169,0.6768,0.5077,TAO,0.4777,-0.3630,-0.0078
7236,02560.wav,2559,1122356493,2.267,0.5623,0.5060,0.6185,0.6017,0.5060,TAO,0.5491,0.1254,0.0129
7237,07274.wav,7273,3261346994,2.189,0.5622,0.5609,0.5636,0.5230,0.5230,TAO,0.3278,0.3824,0.0216
7238,00802.wav,801,352960556,5.187,0.5621,0.5368,0.5875,0.4564,0.4564,TAO,0.4088,-0.4031,-0.0018
7239,00830.wav,829,366193296,2.046,0.5620,0.5227,0.6014,0.6391,0.5227,TAO,0.5068,0.0629,-0.0036
7240,02170.wav,2169,964699945,5.167,0.5620,0.5473,0.5766,0.5991,0.5473,RYZA,0.7058,-0.0444,-0.0007
7241,07025.wav,7024,3139333808,2.635,0.5618,0.5091,0.6146,0.6906,0.5091,TAO,0.6711,-0.2184,-0.0082
7242,04125.wav,4124,1826947601,1.856,0.5617,0.5577,0.5658,0.6038,0.5577,LENT,0.4287,0.2005,0.0156
7243,05194.wav,5193,2312267664,2.213,0.5616,0.5015,0.6218,0.7562,0.5015,TAO,0.6521,-0.3761,-0.0150
7244,06329.wav,6328,2829928616,3.385,0.5615,0.5328,0.5903,0.5993,0.5328,LENT,0.4908,-0.0097,0.0034
7245,04572.wav,4571,2029478860,6.875,0.5615,0.5048,0.6182,0.6937,0.5048,TAO,0.7847,-0.3227,-0.0145
7246,07608.wav,7607,3422700298,5.263,0.5615,0.5303,0.5926,0.3649,0.3649,ANCIENT,0.1951,-0.1938,0.0105
7247,08900.wav,8899,4006571052,3.728,0.5614,0.5679,0.5549,0.3273,0.3273,LENT,0.2668,0.0596,0.0260
7248,08716.wav,8715,3921545455,10.468,0.5614,0.5175,0.6053,0.6500,0.5175,TAO,0.8674,-0.3190,-0.0086
7249,04732.wav,4731,2100182530,4.511,0.5614,0.5006,0.6222,0.6080,0.5006,TAO,0.5247,-0.0911,0.0072
7250,01443.wav,1442,635358003,3.659,0.5614,0.5421,0.5807,0.3401,0.3401,PAT,0.2458,0.8684,0.0572
7251,04920.wav,4919,2185807853,3.955,0.5613,0.5137,0.6089,0.4786,0.4786,ANCIENT,0.4302,-0.0290,0.0042
7252,06165.wav,6164,2753639784,6.071,0.5612,0.5483,0.5741,0.5675,0.5483,TAO,0.6986,-0.0341,0.0088
7253,04651.wav,4650,2062576554,4.785,0.5612,0.5014,0.6210,0.7096,0.5014,TAO,0.7496,-0.0467,-0.0040
7254,09378.wav,9377,4214472425,3.334,0.5612,0.4833,0.6390,0.5061,0.4833,TAO,0.3819,-0.6506,-0.0076
7255,00149.wav,148,66034760,2.605,0.5611,0.5959,0.5263,0.4351,0.4351,PAT,0.2103,0.8541,0.0427
7256,03852.wav,3851,1704423428,2.243,0.5611,0.5136,0.6086,0.6479,0.5136,TAO,0.7697,0.1929,0.0028
7257,00831.wav,830,366466826,10.110,0.5611,0.5088,0.6134,0.4513,0.4513,LENT,0.2556,-0.5384,-0.0047
7258,00341.wav,340,147364359,3.003,0.5610,0.4979,0.6242,0.5522,0.4979,LENT,0.4518,-0.3764,-0.0050
7259,07030.wav,7029,3140147855,3.630,0.5609,0.5152,0.6066,0.3869,0.3869,ANCIENT,0.2415,0.1558,0.0201
7260,08943.wav,8942,4023271700,4.160,0.5608,0.5185,0.6031,0.3359,0.3359,TAO,0.1571,-0.0761,0.0095
7261,07599.wav,7598,3421263301,3.593,0.5607,0.5101,0.6114,0.5120,0.5101,LENT,0.3777,-0.6026,-0.0067
7262,05233.wav,5232,2325837480,3.217,0.5606,0.5171,0.6042,0.5705,0.5171,LENT,0.8058,-0.4225,-0.0073
7263,02237.wav,2236,991948740,9.229,0.5606,0.5034,0.6178,0.6476,0.5034,TAO,0.8081,-0.2938,-0.0125
7264,06497.wav,6496,2901749935,2.186,0.5606,0.5433,0.5778,0.4732,0.4732,TAO,0.4101,0.5377,0.0470
7265,01191.wav,1190,528870538,2.328,0.5605,0.4958,0.6253,0.7186,0.4958,TAO,0.6513,0.0897,0.0014
7266,04726.wav,4725,2098837514,2.100,0.5605,0.5365,0.5845,0.4226,0.4226,ANCIENT,0.3343,-0.6073,-0.0132
7267,00877.wav,876,383620677,4.576,0.5605,0.5427,0.5783,0.3633,0.3633,TAO,0.2036,0.0916,0.0235
7268,04849.wav,4848,2152187194,6.848,0.5605,0.5059,0.6150,0.3828,0.3828,ANCIENT,0.3211,-0.1529,0.0091
7269,07952.wav,7951,3582096161,6.403,0.5605,0.5345,0.5864,0.4560,0.4560,TAO,0.5117,-1.1626,-0.0344
7270,02938.wav,2937,1299431214,7.053,0.5604,0.4909,0.6300,0.5768,0.4909,LENT,0.8004,-1.0246,-0.0389
7271,01360.wav,1359,602480720,1.475,0.5603,0.5214,0.5993,0.6804,0.5214,TAO,0.6107,0.0402,0.0084
7272,00085.wav,84,36843349,4.547,0.5603,0.5029,0.6177,0.4182,0.4182,ANCIENT,0.2613,0.0316,0.0127
7273,09144.wav,9143,4112699533,2.450,0.5602,0.5259,0.5946,0.6606,0.5259,TAO,0.6907,0.1300,0.0048
7274,01797.wav,1796,806043410,5.274,0.5602,0.5214,0.5990,0.3306,0.3306,TAO,0.2178,0.8725,0.0556
7275,08425.wav,8424,3783112162,3.675,0.5601,0.5301,0.5901,0.4541,0.4541,TAO,0.4610,-0.6944,-0.0062
7276,06029.wav,6028,2684436331,2.254,0.5601,0.5055,0.6146,0.7244,0.5055,TAO,0.5671,-0.5024,-0.0172
7277,03107.wav,3106,1366157045,5.531,0.5600,0.5160,0.6040,0.4012,0.4012,LENT,0.2510,0.0773,0.0252
7278,08464.wav,8463,3803576591,2.957,0.5600,0.5029,0.6171,0.5477,0.5029,TAO,0.3145,-0.9846,-0.0378
7279,08177.wav,8176,3674200269,1.573,0.5600,0.5106,0.6093,0.6893,0.5106,TAO,0.5325,0.4148,0.0152
7280,03039.wav,3038,1345268552,3.305,0.5600,0.5123,0.6077,0.5605,0.5123,TAO,0.5876,-0.5712,-0.0252
7281,06669.wav,6668,2976639887,5.432,0.5599,0.5576,0.5623,0.3244,0.3244,ANCIENT,0.2927,0.5759,0.0523
7282,08137.wav,8136,3658033127,2.900,0.5599,0.5092,0.6106,0.4637,0.4637,LENT,0.3303,-0.3878,-0.0029
7283,05510.wav,5509,2450043595,3.003,0.5599,0.5153,0.6045,0.5913,0.5153,KLAU,0.6020,-0.1240,0.0005
7284,01295.wav,1294,577563751,7.179,0.5599,0.5296,0.5901,0.3604,0.3604,PAT,0.2300,0.2287,0.0253
7285,00584.wav,583,250781324,8.710,0.5598,0.5035,0.6162,0.4168,0.4168,PAT,0.2157,-1.0166,-0.0207
7286,01406.wav,1405,617564294,3.742,0.5597,0.5141,0.6053,0.6722,0.5141,TAO,0.7192,0.2825,0.0146
7287,03306.wav,3305,1451866986,4.324,0.5597,0.5039,0.6154,0.7374,0.5039,TAO,0.5986,-0.5713,-0.0220
7288,01079.wav,1078,473876786,5.324,0.5596,0.5057,0.6136,0.4153,0.4153,TAO,0.1679,-0.1249,0.0050
7289,01332.wav,1331,589596167,2.002,0.5596,0.5139,0.6054,0.6514,0.5139,TAO,0.5345,-0.2909,-0.0073
7290,01953.wav,1952,871873128,2.562,0.5596,0.5238,0.5953,0.6379,0.5238,RYZA,0.5825,0.3680,0.0300
7291,02852.wav,2851,1256418606,2.448,0.5594,0.5227,0.5962,0.6677,0.5227,TAO,0.6325,-0.6858,-0.0263
7292,05898.wav,5897,2633789219,1.920,0.5594,0.5238,0.5950,0.7084,0.5238,TAO,0.6633,-0.3115,-0.0105
7293,01936.wav,1935,867564590,2.705,0.5594,0.4975,0.6212,0.7427,0.4975,TAO,0.6847,-0.4517,-0.0245
7294,07267.wav,7266,3259431212,1.981,0.5593,0.5925,0.5261,0.5128,0.5128,TAO,0.3254,1.2810,0.0638
7295,07589.wav,7588,3415886251,5.641,0.5593,0.5088,0.6098,0.6805,0.5088,TAO,0.8139,-0.1775,-0.0076
7296,04748.wav,4747,2110436595,2.601,0.5592,0.5078,0.6106,0.6302,0.5078,LENT,0.3140,-0.6961,-0.0192
7297,02416.wav,2415,1065723085,2.349,0.5592,0.5088,0.6096,0.6323,0.5088,TAO,0.6926,-0.1558,-0.0085
7298,02851.wav,2850,1256059457,6.696,0.5591,0.4809,0.6373,0.4224,0.4224,TAO,0.2838,-0.8881,-0.0202
7299,06271.wav,6270,2803144523,1.808,0.5591,0.5153,0.6028,0.5926,0.5153,TAO,0.6460,-0.0200,0.0002
7300,05103.wav,5102,2270885387,10.365,0.5590,0.5227,0.5953,0.6726,0.5227,TAO,0.7611,-0.1562,-0.0048
7301,07510.wav,7509,3378014048,2.570,0.5589,0.4981,0.6198,0.6887,0.4981,TAO,0.6410,-0.8794,-0.0381
7302,00947.wav,946,421751660,3.229,0.5589,0.5348,0.5830,0.5552,0.5348,TAO,0.4289,-0.3659,-0.0113
7303,05202.wav,5201,2313779380,4.194,0.5588,0.5320,0.5857,0.3848,0.3848,TAO,0.3054,0.9118,0.0604
7304,05466.wav,5465,2429508862,1.531,0.5588,0.5290,0.5886,0.6244,0.5290,TAO,0.6311,0.1442,0.0078
7305,03609.wav,3608,1597007405,2.342,0.5588,0.5062,0.6113,0.6369,0.5062,TAO,0.6918,-0.4767,-0.0212
7306,03943.wav,3942,1743479463,6.524,0.5587,0.4985,0.6190,0.6287,0.4985,TAO,0.5137,-0.9469,-0.0309
7307,06157.wav,6156,2749115919,4.698,0.5586,0.5095,0.6077,0.4112,0.4112,PAT,0.2287,0.2436,0.0277
7308,05551.wav,5550,2471998789,4.161,0.5586,0.5501,0.5671,0.3777,0.3777,LENT,0.2783,-0.0265,0.0092
7309,08906.wav,8905,4009440311,3.688,0.5586,0.5294,0.5877,0.4367,0.4367,ANCIENT,0.3019,0.1758,0.0254
7310,01974.wav,1973,883650887,3.446,0.5585,0.5403,0.5768,0.5133,0.5133,LENT,0.3302,-0.9846,-0.0305
7311,00781.wav,780,343728267,1.791,0.5585,0.5001,0.6170,0.7302,0.5001,TAO,0.5682,-0.4539,-0.0208
7312,01171.wav,1170,517269607,2.502,0.5585,0.5197,0.5974,0.5134,0.5134,LENT,0.4561,-0.4006,-0.0171
7313,01949.wav,1948,870158853,4.097,0.5585,0.5113,0.6058,0.5535,0.5113,TAO,0.4511,0.0976,0.0181
7314,07882.wav,7881,3551433672,4.470,0.5585,0.5781,0.5390,0.3118,0.3118,PAT,0.2376,1.2766,0.0790
7315,02512.wav,2511,1106604916,5.454,0.5585,0.5199,0.5972,0.3779,0.3779,PAT,0.2272,0.2177,0.0277
7316,07711.wav,7710,3469305415,1.140,0.5585,0.5008,0.6162,0.3993,0.3993,TAO,0.2889,0.0157,0.0101
7317,08200.wav,8199,3680646852,2.927,0.5585,0.4930,0.6239,0.7361,0.4930,TAO,0.5716,-0.5515,-0.0258
7318,03198.wav,3197,1403411782,1.817,0.5584,0.5231,0.5938,0.7102,0.5231,LENT,0.5339,-0.0759,0.0046
7319,05144.wav,5143,2292513966,3.574,0.5583,0.4974,0.6193,0.6528,0.4974,TAO,0.7386,-0.0228,-0.0074
7320,02345.wav,2344,1039514157,3.541,0.5582,0.5858,0.5306,0.3278,0.3278,PAT,0.2244,1.0398,0.0739
7321,02226.wav,2225,989954697,1.471,0.5582,0.5214,0.5949,0.7270,0.5214,TAO,0.6915,0.3758,0.0233
7322,00651.wav,650,278362860,2.186,0.5582,0.5002,0.6161,0.6624,0.5002,KLAU,0.7916,-0.4136,-0.0167
7323,02971.wav,2970,1314900687,3.255,0.5582,0.5475,0.5688,0.4076,0.4076,PAT,0.3571,0.9575,0.0604
7324,01526.wav,1525,667710418,7.635,0.5581,0.5248,0.5914,0.4419,0.4419,ANCIENT,0.2786,-0.1276,0.0136
7325,08019.wav,8018,3609007173,6.719,0.5581,0.5074,0.6088,0.6837,0.5074,TAO,0.7969,-0.1837,-0.0099
7326,04856.wav,4855,2156458094,7.792,0.5581,0.5221,0.5941,0.4228,0.4228,LENT,0.2044,-0.8446,-0.0143
7327,07551.wav,7550,3396617416,4.196,0.5580,0.5206,0.5955,0.4994,0.4994,TAO,0.4412,0.0471,0.0185
7328,08010.wav,8009,3605138776,4.363,0.5579,0.4975,0.6183,0.4421,0.4421,PAT,0.2537,-1.3884,-0.0457
7329,02919.wav,2918,1295655118,2.205,0.5579,0.4896,0.6262,0.6285,0.4896,LENT,0.6955,-0.4097,-0.0184
7330,02648.wav,2647,1169541384,2.053,0.5579,0.5327,0.5831,0.5211,0.5211,TAO,0.3742,0.9793,0.0525
7331,07687.wav,7686,3453882210,1.560,0.5578,0.4902,0.6254,0.6693,0.4902,TAO,0.4820,0.1985,0.0067
7332,01653.wav,1652,733653862,2.492,0.5578,0.4950,0.6206,0.6965,0.4950,TAO,0.6658,-0.4976,-0.0254
7333,06761.wav,6760,3015165958,1.967,0.5577,0.4887,0.6267,0.6888,0.4887,TAO,0.5712,-0.3169,-0.0087
7334,01214.wav,1213,537248246,1.689,0.5577,0.5054,0.6099,0.6960,0.5054,TAO,0.6258,-0.2898,-0.0086
7335,06368.wav,6367,2846852563,2.716,0.5576,0.5356,0.5795,0.4481,0.4481,TAO,0.4280,-0.3239,-0.0039
7336,08279.wav,8278,3715117137,1.531,0.5575,0.5183,0.5968,0.3474,0.3474,ANCIENT,0.2911,-0.1878,0.0171
7337,03955.wav,3954,1749111999,5.569,0.5574,0.4970,0.6179,0.3821,0.3821,LENT,0.2120,-1.0799,-0.0255
7338,04722.wav,4721,2097335302,4.168,0.5574,0.5151,0.5998,0.6996,0.5151,TAO,0.6584,-0.2500,-0.0111
7339,05884.wav,5883,2627821421,3.146,0.5574,0.5744,0.5404,0.3901,0.3901,TAO,0.2643,0.1864,0.0246
7340,08260.wav,8259,3706025129,3.301,0.5573,0.5329,0.5816,0.5008,0.5008,ANCIENT,0.3645,-0.3397,-0.0029
7341,00175.wav,174,74157222,6.574,0.5572,0.5123,0.6021,0.4078,0.4078,LENT,0.2342,-0.5379,-0.0027
7342,04211.wav,4210,1866013093,4.863,0.5572,0.5835,0.5309,0.4382,0.4382,RYZA,0.3801,0.7230,0.0449
7343,03196.wav,3195,1402821034,3.479,0.5571,0.5431,0.5711,0.4431,0.4431,TAO,0.4424,-0.4437,0.0070
7344,07039.wav,7038,3144583341,4.165,0.5571,0.5260,0.5881,0.5150,0.5150,LENT,0.4324,-0.3476,0.0077
7345,00154.wav,153,67320656,7.280,0.5569,0.5267,0.5872,0.4335,0.4335,TAO,0.2776,-0.3378,0.0028
7346,07038.wav,7037,3143974051,4.901,0.5569,0.4883,0.6255,0.7056,0.4883,TAO,0.7120,-0.8967,-0.0366
7347,00078.wav,77,35334154,6.077,0.5569,0.5075,0.6063,0.6975,0.5075,TAO,0.7671,-0.4679,-0.0184
7348,00140.wav,139,60545747,6.094,0.5568,0.5809,0.5326,0.2943,0.2943,TAO,0.2371,0.8965,0.0638
7349,08056.wav,8055,3624893774,5.960,0.5567,0.5214,0.5920,0.3507,0.3507,PAT,0.2118,-0.5089,0.0026
7350,06392.wav,6391,2855602823,5.355,0.5567,0.5457,0.5677,0.4679,0.4679,TAO,0.3114,-0.7890,-0.0178
7351,03735.wav,3734,1648021211,1.242,0.5567,0.5115,0.6019,0.4604,0.4604,TAO,0.3969,-0.9751,-0.0251
7352,07847.wav,7846,3537728338,4.296,0.5567,0.5685,0.5449,0.3622,0.3622,PAT,0.2569,0.4476,0.0420
7353,08470.wav,8469,3808032673,2.433,0.5565,0.4851,0.6279,0.7330,0.4851,TAO,0.6010,-0.5386,-0.0193
7354,03854.wav,3853,1704879694,2.611,0.5565,0.5058,0.6072,0.6153,0.5058,TAO,0.8293,-0.3236,-0.0050
7355,04981.wav,4980,2207737520,2.543,0.5564,0.4872,0.6257,0.7143,0.4872,TAO,0.6678,-0.3908,-0.0233
7356,04316.wav,4315,1908922669,7.228,0.5564,0.5335,0.5793,0.3990,0.3990,LENT,0.2256,-0.5997,-0.0035
7357,04032.wav,4031,1785030838,2.904,0.5564,0.4943,0.6186,0.4509,0.4509,TAO,0.3125,0.6880,0.0345
7358,01185.wav,1184,528004291,4.929,0.5564,0.5344,0.5783,0.4125,0.4125,ANCIENT,0.2987,0.1284,0.0230
7359,08357.wav,8356,3749078190,1.918,0.5564,0.5129,0.5999,0.6840,0.5129,TAO,0.5647,-0.4037,-0.0184
7360,05003.wav,5002,2221325927,6.706,0.5563,0.5094,0.6032,0.4201,0.4201,TAO,0.2954,-0.1812,0.0073
7361,06070.wav,6069,2709247400,2.840,0.5562,0.5230,0.5893,0.6587,0.5230,TAO,0.8056,-0.0405,0.0035
7362,03032.wav,3031,1340800620,2.471,0.5562,0.5148,0.5976,0.7310,0.5148,TAO,0.6238,-0.3590,-0.0163
7363,01479.wav,1478,651930738,1.655,0.5562,0.5007,0.6116,0.7319,0.5007,TAO,0.6607,-0.4998,-0.0212
7364,00681.wav,680,295529231,7.089,0.5560,0.5749,0.5371,0.3309,0.3309,TAO,0.2825,0.7397,0.0626
7365,02147.wav,2146,955000026,7.331,0.5560,0.5389,0.5730,0.3979,0.3979,TAO,0.2871,-0.1470,0.0148
7366,06537.wav,6536,2915491591,1.812,0.5559,0.5000,0.6117,0.7208,0.5000,TAO,0.6075,-0.4532,-0.0118
7367,05484.wav,5483,2440484136,4.101,0.5559,0.5275,0.5842,0.5824,0.5275,TAO,0.4880,0.2013,0.0097
7368,07185.wav,7184,3218747625,1.766,0.5558,0.5031,0.6085,0.6635,0.5031,TAO,0.6990,-0.0525,-0.0037
7369,04317.wav,4316,1910864264,3.131,0.5558,0.5028,0.6087,0.6916,0.5028,TAO,0.7323,-0.5680,-0.0183
7370,08112.wav,8111,3648944496,3.290,0.5557,0.5035,0.6079,0.6616,0.5035,TAO,0.6857,0.0424,0.0033
7371,01072.wav,1071,472490095,2.638,0.5557,0.5317,0.5796,0.6020,0.5317,RYZA,0.5999,0.0032,0.0116
7372,08837.wav,8836,3975573301,6.391,0.5556,0.5342,0.5771,0.3833,0.3833,PAT,0.1940,0.6058,0.0434
7373,03860.wav,3859,1706393931,3.409,0.5555,0.5038,0.6073,0.6860,0.5038,TAO,0.7702,-0.4496,-0.0192
7374,08439.wav,8438,3792390538,3.393,0.5554,0.5296,0.5812,0.5968,0.5296,TAO,0.5214,0.0850,0.0098
7375,07464.wav,7463,3358604853,2.948,0.5554,0.5240,0.5868,0.5315,0.5240,LENT,0.3746,0.1195,0.0089
7376,04088.wav,4087,1808962479,1.807,0.5553,0.5064,0.6043,0.6995,0.5064,TAO,0.6426,0.2914,0.0121
7377,02853.wav,2852,1256818783,3.865,0.5553,0.4961,0.6144,0.6678,0.4961,TAO,0.6368,-0.4193,-0.0176
7378,01473.wav,1472,651248652,5.395,0.5553,0.5135,0.5970,0.4169,0.4169,ANCIENT,0.2915,-0.1964,0.0087
7379,06550.wav,6549,2925157709,2.980,0.5552,0.5057,0.6048,0.6840,0.5057,TAO,0.7052,-0.2827,-0.0055
7380,03632.wav,3631,1604186380,5.480,0.5551,0.5123,0.5979,0.7250,0.5123,TAO,0.7111,-0.3420,-0.0099
7381,06291.wav,6290,2810973649,2.910,0.5551,0.5362,0.5740,0.5794,0.5362,TAO,0.5557,0.6233,0.0273
7382,06234.wav,6233,2783876462,1.890,0.5551,0.5000,0.6102,0.5365,0.5000,LENT,0.4719,0.7236,0.0316
7383,05213.wav,5212,2319617738,6.055,0.5550,0.5523,0.5578,0.3907,0.3907,LENT,0.2493,-0.4648,0.0016
7384,03067.wav,3066,1352576967,3.028,0.5549,0.5085,0.6014,0.7037,0.5085,TAO,0.7537,-0.4778,-0.0149
7385,08024.wav,8023,3614867571,5.201,0.5549,0.5172,0.5925,0.5896,0.5172,LENT,0.8894,-0.4107,-0.0083
7386,08022.wav,8021,3613635912,1.662,0.5547,0.5100,0.5994,0.6816,0.5100,TAO,0.6333,-1.0427,-0.0432
7387,00992.wav,991,434081221,3.005,0.5547,0.5031,0.6063,0.6016,0.5031,TAO,0.7462,-0.3660,-0.0194
7388,02225.wav,2224,989914059,7.087,0.5547,0.5061,0.6033,0.4116,0.4116,TAO,0.2658,-0.7730,-0.0133
7389,00560.wav,559,239833395,8.771,0.5547,0.5302,0.5792,0.3549,0.3549,PAT,0.1816,0.0222,0.0259
7390,02446.wav,2445,1078060226,5.865,0.5546,0.5046,0.6047,0.4571,0.4571,TAO,0.3335,-1.1793,-0.0292
7391,05943.wav,5942,2651913802,3.483,0.5546,0.5287,0.5804,0.4373,0.4373,LENT,0.3010,-0.3902,-0.0059
7392,04264.wav,4263,1890004679,2.061,0.5544,0.5127,0.5962,0.6881,0.5127,LENT,0.5653,0.0974,0.0126
7393,00499.wav,498,213255124,6.927,0.5544,0.5666,0.5422,0.3081,0.3081,TAO,0.2739,0.7650,0.0614
7394,04586.wav,4585,2034965352,7.718,0.5541,0.5261,0.5821,0.4243,0.4243,TAO,0.2135,-0.8128,-0.0132
7395,08622.wav,8621,3880653943,2.670,0.5540,0.4933,0.6147,0.6488,0.4933,TAO,0.8060,0.1650,0.0104
7396,02056.wav,2055,915359369,3.577,0.5540,0.5369,0.5711,0.4520,0.4520,TAO,0.3718,-0.2106,0.0032
7397,05513.wav,5512,2450852978,2.283,0.5539,0.5048,0.6030,0.6578,0.5048,TAO,0.6953,-0.3582,-0.0127
7398,08512.wav,8511,3826425318,2.984,0.5539,0.5031,0.6047,0.5619,0.5031,LENT,0.8975,-0.2691,-0.0004
7399,00913.wav,912,402588973,4.565,0.5539,0.5022,0.6056,0.6273,0.5022,TAO,0.7836,-0.2828,-0.0123
7400,07739.wav,7738,3483939637,6.846,0.5539,0.4917,0.6160,0.3963,0.3963,PAT,0.2641,-1.1535,-0.0307
7401,06864.wav,6863,3064749958,5.451,0.5539,0.5325,0.5753,0.4025,0.4025,LENT,0.2077,-0.7321,-0.0131
7402,08007.wav,8006,3601526638,6.828,0.5539,0.4746,0.6331,0.6415,0.4746,TAO,0.4552,-0.1501,-0.0037
7403,00329.wav,328,144343341,3.127,0.5538,0.5142,0.5935,0.5090,0.5090,LENT,0.3650,-0.9278,-0.0269
7404,02200.wav,2199,977563856,5.795,0.5538,0.4938,0.6139,0.3739,0.3739,PAT,0.2855,-0.7846,-0.0176
7405,01474.wav,1473,651355573,6.120,0.5538,0.5128,0.5948,0.4867,0.4867,TAO,0.4269,-1.2273,-0.0372
7406,02896.wav,2895,1278553092,3.689,0.5537,0.5066,0.6009,0.6133,0.5066,LENT,0.8183,-0.8287,-0.0332
7407,09375.wav,9374,4213211502,1.846,0.5537,0.4868,0.6206,0.7138,0.4868,TAO,0.5868,-0.1403,-0.0134
7408,06716.wav,6715,2995257456,2.934,0.5537,0.5353,0.5720,0.5143,0.5143,LENT,0.4468,-0.8057,-0.0276
7409,04241.wav,4240,1880202796,2.523,0.5536,0.4982,0.6090,0.6812,0.4982,TAO,0.7449,0.0295,0.0001
7410,04252.wav,4251,1883466131,2.072,0.5535,0.4976,0.6095,0.6850,0.4976,TAO,0.7458,-0.3742,-0.0133
7411,07630.wav,7629,3430890001,3.511,0.5535,0.5100,0.5970,0.6459,0.5100,TAO,0.7274,-0.6027,-0.0214
7412,05415.wav,5414,2410462074,3.872,0.5534,0.5124,0.5945,0.6327,0.5124,TAO,0.6729,-0.0794,-0.0045
7413,05287.wav,5286,2351439475,1.556,0.5534,0.4857,0.6211,0.4464,0.4464,TAO,0.3738,-0.5916,-0.0193
7414,00852.wav,851,375752680,9.613,0.5534,0.5304,0.5764,0.4209,0.4209,PAT,0.2164,-0.1255,0.0189
7415,09259.wav,9258,4165685353,5.722,0.5532,0.5092,0.5973,0.6370,0.5092,TAO,0.7882,-0.5110,-0.0167
7416,04245.wav,4244,1881071564,4.071,0.5531,0.5212,0.5851,0.4436,0.4436,TAO,0.2729,-0.2795,-0.0013
7417,03466.wav,3465,1533238244,1.490,0.5531,0.5378,0.5684,0.5898,0.5378,TAO,0.4476,-0.5001,-0.0197
7418,08471.wav,8470,3808046002,2.265,0.5531,0.5115,0.5947,0.6328,0.5115,LENT,0.6380,-0.0088,-0.0003
7419,00070.wav,69,27401257,2.003,0.5531,0.5115,0.5947,0.4145,0.4145,LENT,0.3418,0.1664,0.0201
7420,01365.wav,1364,603783729,2.216,0.5531,0.5025,0.6037,0.7246,0.5025,TAO,0.6911,0.2463,0.0113
7421,05025.wav,5024,2228854247,5.449,0.5531,0.4919,0.6142,0.6915,0.4919,TAO,0.7365,-0.8292,-0.0319
7422,02553.wav,2552,1121768266,1.659,0.5530,0.5122,0.5938,0.6871,0.5122,TAO,0.6054,0.5846,0.0254
7423,02167.wav,2166,964168960,3.385,0.5530,0.5215,0.5845,0.5878,0.5215,LENT,0.4918,-0.0964,-0.0008
7424,09309.wav,9308,4185213231,5.229,0.5528,0.5051,0.6006,0.4828,0.4828,LENT,0.2910,-1.0953,-0.0319
7425,01846.wav,1845,823396463,5.414,0.5528,0.5147,0.5909,0.3523,0.3523,LENT,0.2082,-0.7312,-0.0137
7426,06469.wav,6468,2888686029,2.720,0.5527,0.5041,0.6014,0.4258,0.4258,TAO,0.3134,-0.9074,-0.0178
7427,02597.wav,2596,1138653075,6.513,0.5526,0.4894,0.6159,0.3374,0.3374,TAO,0.2589,0.1649,0.0252
7428,05082.wav,5081,2262133039,2.024,0.5526,0.4756,0.6296,0.7310,0.4756,TAO,0.6144,-0.6003,-0.0256
7429,00024.wav,23,10413643,3.371,0.5526,0.5123,0.5928,0.3903,0.3903,PAT,0.2592,-0.0137,0.0192
7430,04043.wav,4042,1789569766,7.034,0.5525,0.5064,0.5987,0.3470,0.3470,LENT,0.2835,-0.8535,-0.0129
7431,04902.wav,4901,2179577065,5.460,0.5525,0.5260,0.5789,0.4718,0.4718,LENT,0.2952,-0.7047,-0.0118
7432,02326.wav,2325,1033049455,7.643,0.5524,0.5274,0.5775,0.3845,0.3845,PAT,0.1920,-0.0884,0.0149
7433,03682.wav,3681,1623682056,11.966,0.5524,0.5001,0.6048,0.6861,0.5001,TAO,0.7817,-0.1132,-0.0073
7434,00570.wav,569,245908114,2.275,0.5524,0.4979,0.6069,0.7557,0.4979,TAO,0.5977,-0.1840,-0.0081
7435,01689.wav,1688,753104495,3.199,0.5524,0.5150,0.5898,0.6347,0.5150,KLAU,0.5975,0.1715,0.0114
7436,02451.wav,2450,1081559380,6.260,0.5524,0.5387,0.5661,0.3296,0.3296,TAO,0.1632,0.3996,0.0447
7437,08445.wav,8444,3794846762,9.673,0.5524,0.5224,0.5823,0.3345,0.3345,PAT,0.2371,0.3174,0.0376
7438,00493.wav,492,210323557,6.950,0.5523,0.5042,0.6004,0.3523,0.3523,TAO,0.2346,-0.3928,0.0033
7439,08411.wav,8410,3778266097,3.612,0.5523,0.4988,0.6057,0.6763,0.4988,TAO,0.6963,-0.7015,-0.0211
7440,02749.wav,2748,1216069455,7.465,0.5522,0.4954,0.6090,0.3759,0.3759,ANCIENT,0.4365,-0.8220,-0.0105
7441,07440.wav,7439,3344970054,1.737,0.5522,0.4793,0.6251,0.7619,0.4793,TAO,0.5709,-0.8685,-0.0356
7442,08686.wav,8685,3907981223,2.184,0.5521,0.5211,0.5832,0.7365,0.5211,TAO,0.5630,-0.2474,-0.0077
7443,08111.wav,8110,3648889775,2.202,0.5521,0.5715,0.5326,0.4391,0.4391,TAO,0.3711,0.0752,0.0276
7444,02421.wav,2420,1068842155,8.943,0.5520,0.5371,0.5670,0.4332,0.4332,PAT,0.3505,-0.4149,-0.0022
7445,04156.wav,4155,1839773395,4.341,0.5520,0.5316,0.5724,0.4232,0.4232,PAT,0.3348,-0.1016,0.0129
7446,09361.wav,9360,4207053547,1.733,0.5520,0.5230,0.5810,0.5619,0.5230,TAO,0.4966,0.4031,0.0076
7447,06087.wav,6086,2717139958,6.946,0.5520,0.4995,0.6044,0.7312,0.4995,TAO,0.6519,-0.2661,-0.0123
7448,00143.wav,142,61233106,2.872,0.5519,0.5359,0.5680,0.5378,0.5359,KLAU,0.5289,0.1114,0.0123
7449,01544.wav,1543,677790321,2.530,0.5519,0.4802,0.6235,0.6944,0.4802,TAO,0.7103,-0.2897,-0.0158
7450,09192.wav,9191,4135065544,3.621,0.5519,0.5187,0.5850,0.5564,0.5187,TAO,0.4832,0.3053,0.0102
7451,08141.wav,8140,3662277961,1.537,0.5518,0.4953,0.6083,0.4830,0.4830,ANCIENT,0.4800,-0.9063,-0.0277
7452,07429.wav,7428,3340391468,4.762,0.5518,0.4988,0.6048,0.4567,0.4567,LENT,0.2970,0.3835,0.0254
7453,08697.wav,8696,3911901278,1.664,0.5517,0.5026,0.6007,0.7567,0.5026,TAO,0.6247,-0.2307,-0.0076
7454,03529.wav,3528,1561434610,6.820,0.5516,0.4717,0.6316,0.4150,0.4150,TAO,0.2281,-1.1188,-0.0332
7455,09386.wav,9385,4215929420,3.177,0.5515,0.4712,0.6319,0.7248,0.4712,TAO,0.7531,-0.5345,-0.0244
7456,09537.wav,9536,4281601301,3.603,0.5515,0.5131,0.5900,0.6414,0.5131,KLAU,0.7655,-0.7782,-0.0304
7457,09494.wav,9493,4262594888,3.494,0.5515,0.5210,0.5820,0.5690,0.5210,TAO,0.5584,-0.7922,-0.0242
7458,05734.wav,5733,2553731433,8.430,0.5514,0.5094,0.5935,0.7203,0.5094,TAO,0.6988,-0.0757,0.0012
7459,04498.wav,4497,1993598965,2.105,0.5514,0.4879,0.6149,0.5274,0.4879,TAO,0.4234,-0.5555,-0.0042
7460,05647.wav,5646,2512111295,6.536,0.5513,0.4594,0.6433,0.4533,0.4533,TAO,0.3663,-1.4202,-0.0459
7461,08887.wav,8886,4002061007,3.061,0.5513,0.5067,0.5959,0.6517,0.5067,TAO,0.7071,-0.0212,-0.0017
7462,00580.wav,579,248292140,6.444,0.5513,0.4865,0.6161,0.5946,0.4865,LENT,0.8990,-0.3849,-0.0130
7463,05240.wav,5239,2327337155,1.883,0.5513,0.5283,0.5743,0.6420,0.5283,TAO,0.7190,-0.2405,-0.0070
7464,03419.wav,3418,1507798310,6.950,0.5513,0.4915,0.6111,0.4399,0.4399,LENT,0.2582,-0.8640,-0.0160
7465,06975.wav,6974,3115912972,1.715,0.5513,0.5104,0.5922,0.6145,0.5104,TAO,0.5587,0.2856,0.0216
7466,09547.wav,9546,4287569099,5.897,0.5513,0.4803,0.6222,0.7259,0.4803,TAO,0.7059,-0.8797,-0.0350
7467,04163.wav,4162,1846032275,5.335,0.5512,0.4636,0.6388,0.4071,0.4071,TAO,0.2037,-1.0518,-0.0358
7468,03267.wav,3266,1433332422,7.286,0.5512,0.5059,0.5965,0.4178,0.4178,PAT,0.1738,-1.1060,-0.0252
7469,08991.wav,8990,4041630315,5.924,0.5511,0.5045,0.5977,0.4317,0.4317,TAO,0.3242,-0.1644,0.0171
7470,02081.wav,2080,923763393,4.054,0.5511,0.5168,0.5855,0.3853,0.3853,LENT,0.2874,-0.5255,-0.0010
7471,08705.wav,8704,3914015304,5.203,0.5511,0.4981,0.6041,0.3644,0.3644,LENT,0.1955,-0.1308,0.0177
7472,05961.wav,5960,2657190057,2.831,0.5511,0.4972,0.6050,0.6483,0.4972,TAO,0.7786,-0.3487,-0.0105
7473,09047.wav,9046,4068197897,4.831,0.5511,0.5053,0.5968,0.5409,0.5053,TAO,0.5133,-0.2690,-0.0063
7474,08687.wav,8686,3908022882,1.966,0.5511,0.4907,0.6115,0.6674,0.4907,TAO,0.6769,-0.1114,-0.0065
7475,06604.wav,6603,2950317102,1.942,0.5510,0.4983,0.6037,0.7008,0.4983,TAO,0.6164,-0.2503,-0.0060
7476,08615.wav,8614,3876235860,1.644,0.5510,0.5113,0.5907,0.4347,0.4347,PAT,0.3445,-0.7643,-0.0178
7477,05755.wav,5754,2560816870,1.747,0.5508,0.4930,0.6086,0.6666,0.4930,LENT,0.4886,-0.6114,-0.0165
7478,02018.wav,2017,899896832,6.692,0.5508,0.4744,0.6272,0.4261,0.4261,LENT,0.2886,-1.1080,-0.0301
7479,00081.wav,80,36502950,1.838,0.5507,0.4886,0.6128,0.7446,0.4886,TAO,0.5390,-0.4767,-0.0157
7480,04609.wav,4608,2041069737,6.875,0.5506,0.4869,0.6144,0.3798,0.3798,PAT,0.2085,-0.7788,-0.0137
7481,01040.wav,1039,457066696,1.692,0.5506,0.5463,0.5549,0.4877,0.4877,TAO,0.4167,0.9713,0.0431
7482,03066.wav,3065,1350675268,2.633,0.5506,0.5265,0.5747,0.4549,0.4549,TAO,0.2910,-0.2945,0.0112
7483,05091.wav,5090,2264712873,1.967,0.5505,0.5055,0.5956,0.4419,0.4419,TAO,0.2778,0.2568,0.0150
7484,05348.wav,5347,2375915857,2.159,0.5505,0.4947,0.6064,0.6394,0.4947,TAO,0.6178,-0.0949,-0.0002
7485,01852.wav,1851,829354804,7.708,0.5505,0.5329,0.5680,0.4674,0.4674,TAO,0.3861,-0.2031,0.0048
7486,09043.wav,9042,4066615239,7.424,0.5504,0.5087,0.5921,0.3945,0.3945,TAO,0.2623,-0.9000,-0.0094
7487,07182.wav,7181,3213648595,3.905,0.5504,0.5106,0.5903,0.4783,0.4783,TAO,0.3069,0.2759,0.0204
7488,01287.wav,1286,575773857,2.312,0.5504,0.5115,0.5893,0.5635,0.5115,RYZA,0.5690,0.2098,0.0191
7489,03092.wav,3091,1361751722,1.079,0.5503,0.5218,0.5788,0.4945,0.4945,TAO,0.5364,0.6059,0.0364
7490,07307.wav,7306,3274093243,1.895,0.5503,0.5283,0.5723,0.6103,0.5283,KLAU,0.5792,0.4322,0.0249
7491,08053.wav,8052,3624715528,2.151,0.5502,0.5337,0.5667,0.5687,0.5337,TAO,0.5169,0.7538,0.0393
7492,01540.wav,1539,676169163,9.947,0.5501,0.4961,0.6042,0.6575,0.4961,TAO,0.7886,-0.2492,-0.0099
7493,00860.wav,859,379272299,4.863,0.5501,0.5071,0.5931,0.3747,0.3747,ANCIENT,0.2742,-0.0911,0.0215
7494,06624.wav,6623,2958258945,2.132,0.5501,0.5026,0.5975,0.6555,0.5026,LENT,0.5112,-0.4428,-0.0128
7495,07352.wav,7351,3300118883,5.645,0.5500,0.5261,0.5738,0.4531,0.4531,ANCIENT,0.3202,-0.2510,0.0070
7496,03675.wav,3674,1620722865,5.139,0.5499,0.4928,0.6071,0.6491,0.4928,TAO,0.8292,-0.1253,-0.0025
7497,05735.wav,5734,2553841896,3.990,0.5498,0.4874,0.6122,0.4649,0.4649,TAO,0.3659,-0.3582,-0.0002
7498,02723.wav,2722,1200942180,2.028,0.5498,0.5329,0.5667,0.6350,0.5329,RYZA,0.6985,0.1407,0.0045
7499,07095.wav,7094,3173778513,6.325,0.5497,0.4971,0.6023,0.3958,0.3958,PAT,0.2388,-0.9846,-0.0291
7500,04414.wav,4413,1955571533,1.350,0.5497,0.5256,0.5737,0.6808,0.5256,TAO,0.5999,0.3989,0.0255
7501,05877.wav,5876,2625611015,4.173,0.5496,0.5423,0.5570,0.4206,0.4206,TAO,0.3951,-0.2276,0.0075
7502,05629.wav,5628,2503863687,5.593,0.5496,0.5181,0.5811,0.3898,0.3898,LENT,0.2533,0.1818,0.0247
7503,03029.wav,3028,1340573588,5.703,0.5496,0.4862,0.6129,0.4513,0.4513,TAO,0.1439,-0.5315,-0.0158
7504,08344.wav,8343,3740589817,2.327,0.5496,0.5043,0.5948,0.5713,0.5043,TAO,0.7018,-0.2604,-0.0030
7505,08575.wav,8574,3855746488,5.687,0.5496,0.4894,0.6097,0.4159,0.4159,PAT,0.1832,-1.0194,-0.0242
7506,01338.wav,1337,591810832,4.355,0.5495,0.5013,0.5978,0.3680,0.3680,ANCIENT,0.3692,-0.4400,-0.0079
7507,00719.wav,718,314753244,2.722,0.5495,0.5349,0.5642,0.5469,0.5349,TAO,0.6634,-0.3484,-0.0042
7508,08951.wav,8950,4027207338,4.813,0.5495,0.5296,0.5695,0.4459,0.4459,LENT,0.4358,-0.3026,0.0102
7509,07473.wav,7472,3364066866,4.119,0.5495,0.4876,0.6114,0.6475,0.4876,TAO,0.6903,-0.5202,-0.0295
7510,09182.wav,9181,4129003887,5.535,0.5495,0.5019,0.5971,0.3836,0.3836,TAO,0.2327,-0.3731,0.0021
7511,08656.wav,8655,3899033259,2.549,0.5493,0.4992,0.5994,0.6416,0.4992,TAO,0.7128,0.1029,0.0068
7512,02828.wav,2827,1247435528,5.485,0.5493,0.4533,0.6453,0.3899,0.3899,LENT,0.3111,-1.2879,-0.0342
7513,07628.wav,7627,3429831488,7.360,0.5493,0.4875,0.6111,0.4640,0.4640,TAO,0.3931,-0.1785,0.0130
7514,09304.wav,9303,4184638066,5.743,0.5493,0.5094,0.5892,0.3694,0.3694,TAO,0.3897,-0.5535,-0.0003
7515,04916.wav,4915,2184057702,4.579,0.5493,0.5272,0.5713,0.4786,0.4786,ANCIENT,0.5283,0.1458,0.0241
7516,04401.wav,4400,1950655115,2.707,0.5492,0.4917,0.6067,0.6936,0.4917,LENT,0.5240,-1.1722,-0.0466
7517,05922.wav,5921,2645500279,7.144,0.5492,0.5321,0.5663,0.3924,0.3924,PAT,0.2863,-0.1700,0.0104
7518,01241.wav,1240,552753703,2.690,0.5492,0.5093,0.5890,0.5629,0.5093,LENT,0.6388,0.1229,0.0048
7519,02043.wav,2042,909747852,5.244,0.5491,0.5026,0.5956,0.7099,0.5026,TAO,0.6506,-0.3512,-0.0141
7520,00478.wav,477,203979269,3.046,0.5491,0.5122,0.5860,0.4938,0.4938,ANCIENT,0.3656,-0.2196,0.0010
7521,00919.wav,918,405079562,7.248,0.5490,0.5077,0.5902,0.3792,0.3792,LENT,0.2031,-0.6963,-0.0126
7522,00538.wav,537,228592937,3.188,0.5488,0.4953,0.6024,0.5211,0.4953,TAO,0.4760,0.0251,0.0099
7523,00144.wav,143,63600137,1.888,0.5488,0.4804,0.6172,0.5752,0.4804,TAO,0.3534,0.2192,0.0135
7524,04510.wav,4509,1999729119,6.725,0.5488,0.5671,0.5305,0.4092,0.4092,TAO,0.2504,0.3542,0.0305
7525,00036.wav,35,16837707,8.283,0.5488,0.5399,0.5577,0.4038,0.4038,TAO,0.3124,0.0660,0.0247
7526,01394.wav,1393,613921717,3.824,0.5488,0.4989,0.5986,0.4603,0.4603,TAO,0.3338,-0.9520,-0.0298
7527,08243.wav,8242,3700956274,2.773,0.5488,0.4983,0.5993,0.5981,0.4983,KLAU,0.6094,0.1022,0.0056
7528,02574.wav,2573,1128685135,6.765,0.5488,0.5250,0.5725,0.3979,0.3979,LENT,0.2617,-0.4152,0.0030
7529,04490.wav,4489,1989021093,4.743,0.5487,0.4856,0.6118,0.6539,0.4856,TAO,0.8049,-0.1405,-0.0019
7530,03853.wav,3852,1704694512,4.048,0.5487,0.4994,0.5980,0.4431,0.4431,LENT,0.2204,-0.9696,-0.0194
7531,00874.wav,873,382526089,5.744,0.5487,0.5028,0.5946,0.6826,0.5028,TAO,0.7405,-0.5795,-0.0135
7532,02234.wav,2233,991357992,4.883,0.5487,0.5446,0.5527,0.3615,0.3615,PAT,0.2491,0.1988,0.0266
7533,06582.wav,6581,2940443114,5.439,0.5487,0.5317,0.5656,0.3368,0.3368,PAT,0.3167,1.2065,0.0678
7534,00133.wav,132,56533085,2.283,0.5486,0.4806,0.6166,0.7568,0.4806,TAO,0.6834,-0.2321,-0.0030
7535,08855.wav,8854,3986913734,6.685,0.5485,0.4983,0.5987,0.4093,0.4093,LENT,0.3054,-0.3449,0.0041
7536,09170.wav,9169,4126552078,2.281,0.5485,0.5532,0.5438,0.4087,0.4087,TAO,0.2602,-0.2479,0.0097
7537,04897.wav,4896,2174146445,2.794,0.5485,0.5151,0.5819,0.4478,0.4478,TAO,0.2984,0.4931,0.0318
7538,00951.wav,950,423209676,4.281,0.5485,0.4974,0.5996,0.6500,0.4974,TAO,0.6688,-0.5549,-0.0215
7539,02256.wav,2255,1003539617,5.717,0.5484,0.5056,0.5913,0.4601,0.4601,LENT,0.2103,-0.8866,-0.0246
7540,04574.wav,4573,2030749173,2.852,0.5484,0.4763,0.6205,0.4542,0.4542,TAO,0.1973,-0.5254,-0.0053
7541,00777.wav,776,342059823,2.412,0.5484,0.5108,0.5860,0.5058,0.5058,KLAU,0.5715,-0.1878,-0.0010
7542,05377.wav,5376,2392084526,1.949,0.5484,0.4946,0.6022,0.6886,0.4946,TAO,0.6781,-0.3875,-0.0118
7543,05757.wav,5756,2561577869,5.627,0.5483,0.5150,0.5816,0.3849,0.3849,LENT,0.2316,-0.1293,0.0131
7544,03800.wav,3799,1680239724,1.809,0.5482,0.4910,0.6054,0.6856,0.4910,TAO,0.6645,-0.3929,-0.0147
7545,01440.wav,1439,634082281,1.894,0.5482,0.5043,0.5920,0.6799,0.5043,TAO,0.4867,-0.1414,-0.0032
7546,01299.wav,1298,578265835,5.564,0.5482,0.5163,0.5801,0.3836,0.3836,ANCIENT,0.3178,0.2075,0.0275
7547,01605.wav,1604,708210386,4.436,0.5481,0.4910,0.6053,0.6936,0.4910,TAO,0.7468,-0.0677,-0.0051
7548,08928.wav,8927,4014128046,3.858,0.5481,0.5268,0.5694,0.6700,0.5268,TAO,0.7214,0.0031,0.0040
7549,00687.wav,686,297023470,2.763,0.5481,0.5125,0.5837,0.5827,0.5125,TAO,0.6692,-0.3977,-0.0129
7550,06361.wav,6360,2843104628,6.358,0.5481,0.5269,0.5692,0.4137,0.4137,LENT,0.2589,-0.3925,-0.0019
7551,05962.wav,5961,2657388501,2.354,0.5480,0.5086,0.5874,0.6623,0.5086,TAO,0.7772,-0.1407,-0.0024
7552,07016.wav,7015,3137656908,9.524,0.5479,0.4994,0.5964,0.6760,0.4994,TAO,0.7490,-0.3237,-0.0106
7553,01105.wav,1104,485271940,2.954,0.5479,0.4901,0.6057,0.6177,0.4901,TAO,0.4532,-0.2212,-0.0097
7554,00447.wav,446,193728649,5.047,0.5479,0.5012,0.5946,0.4164,0.4164,LENT,0.1885,-0.3787,-0.0010
7555,03126.wav,3125,1372236806,2.468,0.5479,0.4881,0.6076,0.6448,0.4881,TAO,0.6253,-0.2543,-0.0095
7556,03127.wav,3126,1372400969,4.746,0.5478,0.4923,0.6034,0.6392,0.4923,TAO,0.7850,-0.8656,-0.0332
7557,01362.wav,1361,602871044,2.610,0.5478,0.4685,0.6271,0.6745,0.4685,TAO,0.5111,-1.1314,-0.0487
7558,04822.wav,4821,2141693226,4.665,0.5477,0.4875,0.6079,0.4859,0.4859,LENT,0.3086,-0.9760,-0.0234
7559,00186.wav,185,77824081,3.649,0.5477,0.4942,0.6012,0.4562,0.4562,PAT,0.2777,-0.6049,-0.0174
7560,06712.wav,6711,2991702442,7.141,0.5477,0.5045,0.5909,0.4413,0.4413,LENT,0.2405,-0.4596,0.0018
7561,03725.wav,3724,1642260138,1.995,0.5477,0.4767,0.6187,0.5035,0.4767,TAO,0.2790,0.2076,0.0171
7562,03140.wav,3139,1378921655,2.336,0.5477,0.5116,0.5837,0.6857,0.5116,TAO,0.5917,0.1519,0.0046
7563,08886.wav,8885,4001739155,1.939,0.5477,0.5611,0.5342,0.3583,0.3583,ANCIENT,0.4670,-0.1280,0.0159
7564,09100.wav,9099,4095006573,2.024,0.5476,0.5128,0.5824,0.4061,0.4061,LENT,0.5894,-0.8433,-0.0202
7565,01559.wav,1558,685270856,3.140,0.5474,0.5091,0.5858,0.6583,0.5091,TAO,0.7186,-0.0856,-0.0012
7566,04761.wav,4760,2116992620,4.704,0.5473,0.4775,0.6172,0.7022,0.4775,TAO,0.6362,-0.5916,-0.0280
7567,03833.wav,3832,1697319345,2.367,0.5473,0.4625,0.6321,0.4542,0.4542,TAO,0.3551,0.0586,0.0112
7568,04869.wav,4868,2163582348,7.101,0.5473,0.4659,0.6287,0.4834,0.4659,TAO,0.3469,-0.9341,-0.0212
7569,08711.wav,8710,3915274055,4.782,0.5473,0.5103,0.5844,0.4023,0.4023,TAO,0.4050,-0.3809,0.0132
7570,06549.wav,6548,2922498447,3.447,0.5473,0.5095,0.5850,0.7041,0.5095,TAO,0.7209,-0.6047,-0.0241
7571,04065.wav,4064,1801384142,2.965,0.5471,0.4967,0.5974,0.4904,0.4904,PAT,0.2531,-0.2047,0.0021
7572,03614.wav,3613,1599095307,5.411,0.5470,0.5000,0.5941,0.3412,0.3412,ANCIENT,0.2776,-0.0512,0.0235
7573,00843.wav,842,372075822,3.251,0.5470,0.4853,0.6088,0.7277,0.4853,TAO,0.6412,-0.5071,-0.0213
7574,02481.wav,2480,1094982921,3.898,0.5470,0.5029,0.5911,0.6793,0.5029,TAO,0.6342,-0.5714,-0.0253
7575,00013.wav,12,4352776,4.232,0.5470,0.4879,0.6061,0.4825,0.4825,LENT,0.2130,-0.5794,-0.0127
7576,05859.wav,5858,2613821425,2.275,0.5470,0.5178,0.5762,0.3941,0.3941,LENT,0.2509,-0.3618,0.0035
7577,05001.wav,5000,2220113573,1.871,0.5470,0.5334,0.5605,0.3917,0.3917,TAO,0.4242,-0.2771,0.0084
7578,01994.wav,1993,888817700,2.002,0.5469,0.4999,0.5939,0.6613,0.4999,TAO,0.6221,0.3448,0.0151
7579,08040.wav,8039,3621905897,2.562,0.5469,0.5128,0.5809,0.4390,0.4390,TAO,0.2671,-0.2204,0.0061
7580,09256.wav,9255,4163933734,3.576,0.5469,0.4988,0.5949,0.7104,0.4988,TAO,0.6458,-0.0969,-0.0034
7581,07998.wav,7997,3599720298,2.811,0.5468,0.4842,0.6093,0.5510,0.4842,LENT,0.3648,-0.5924,-0.0104
7582,05428.wav,5427,2417354382,4.096,0.5468,0.4871,0.6064,0.6589,0.4871,TAO,0.7546,-0.2284,-0.0111
7583,09418.wav,9417,4230810666,2.471,0.5466,0.5424,0.5508,0.5352,0.5352,RYZA,0.6583,0.5455,0.0266
7584,02804.wav,2803,1236869487,5.863,0.5465,0.5159,0.5771,0.3967,0.3967,PAT,0.2420,-0.0459,0.0114
7585,07508.wav,7507,3375604491,5.636,0.5464,0.4972,0.5957,0.3904,0.3904,PAT,0.2024,0.1445,0.0229
7586,06838.wav,6837,3056617518,3.434,0.5464,0.5313,0.5615,0.4576,0.4576,ANCIENT,0.3735,-0.7334,-0.0154
7587,07690.wav,7689,3454848201,3.631,0.5464,0.5093,0.5835,0.4824,0.4824,LENT,0.3857,0.3658,0.0273
7588,00971.wav,970,430393693,4.836,0.5463,0.4964,0.5962,0.6685,0.4964,TAO,0.6696,0.0546,0.0032
7589,07012.wav,7011,3137192206,4.379,0.5463,0.4889,0.6037,0.6781,0.4889,TAO,0.7228,-0.6975,-0.0238
7590,07838.wav,7837,3531628581,5.877,0.5463,0.5164,0.5762,0.3761,0.3761,LENT,0.2941,-0.7822,-0.0051
7591,07126.wav,7125,3189473636,0.500,0.5462,0.4812,0.6113,0.5245,0.4812,TAO,0.5133,-0.2387,-0.0052
7592,04434.wav,4433,1962737446,1.695,0.5462,0.5169,0.5755,0.6421,0.5169,TAO,0.3911,0.0091,0.0080
7593,07693.wav,7692,3457699536,48.125,0.5460,0.5073,0.5848,0.3531,0.3531,PAT,0.2023,-0.2180,0.0086
7594,08292.wav,8291,3721615751,2.216,0.5457,0.4885,0.6029,0.7074,0.4885,TAO,0.5293,0.1336,0.0024
7595,01907.wav,1906,854110131,5.928,0.5457,0.5341,0.5573,0.3933,0.3933,TAO,0.2229,0.4008,0.0279
7596,05932.wav,5931,2650307206,2.746,0.5455,0.5107,0.5804,0.6486,0.5107,TAO,0.4770,-0.2231,-0.0066
7597,04499.wav,4498,1993761321,3.020,0.5455,0.4644,0.6266,0.7502,0.4644,TAO,0.6302,-0.5506,-0.0256
7598,03618.wav,3617,1599443631,4.295,0.5454,0.5173,0.5736,0.3424,0.3424,TAO,0.2662,0.4196,0.0429
7599,06585.wav,6584,2941609476,6.653,0.5452,0.4802,0.6103,0.3933,0.3933,TAO,0.3238,-0.4007,-0.0054
7600,06376.wav,6375,2851766411,5.535,0.5452,0.5490,0.5415,0.3624,0.3624,TAO,0.3581,-0.0047,0.0260
7601,04290.wav,4289,1900557783,2.237,0.5452,0.5153,0.5751,0.5615,0.5153,RYZA,0.7966,0.3920,0.0209
7602,03100.wav,3099,1364460147,2.035,0.5452,0.4952,0.5952,0.6261,0.4952,RYZA,0.7217,-0.3539,-0.0161
7603,03896.wav,3895,1725446692,1.466,0.5451,0.4659,0.6243,0.6712,0.4659,TAO,0.5254,0.5943,0.0226
7604,05293.wav,5292,2354006737,5.703,0.5451,0.4997,0.5904,0.4435,0.4435,PAT,0.2244,-0.3063,-0.0025
7605,00017.wav,16,6184402,6.773,0.5450,0.5046,0.5854,0.3776,0.3776,TAO,0.2164,-0.8937,-0.0191
7606,01453.wav,1452,641429834,7.174,0.5450,0.5347,0.5553,0.4228,0.4228,TAO,0.3161,-0.0321,0.0267
7607,07544.wav,7543,3394365351,3.638,0.5449,0.5196,0.5703,0.6637,0.5196,TAO,0.5405,-0.6381,-0.0218
7608,00856.wav,855,376673648,2.081,0.5449,0.5279,0.5619,0.5972,0.5279,TAO,0.7499,0.1924,0.0125
7609,05800.wav,5799,2579924778,3.566,0.5449,0.4941,0.5957,0.3540,0.3540,TAO,0.2991,0.5567,0.0385
7610,03295.wav,3294,1447342915,1.948,0.5448,0.4982,0.5914,0.6468,0.4982,TAO,0.7187,-0.2194,-0.0051
7611,09292.wav,9291,4179952559,6.112,0.5448,0.5030,0.5866,0.4140,0.4140,LENT,0.2028,-1.0495,-0.0272
7612,04184.wav,4183,1855686351,7.156,0.5448,0.5167,0.5728,0.4303,0.4303,TAO,0.4028,-0.8199,-0.0212
7613,05509.wav,5508,2449582287,2.733,0.5448,0.4935,0.5960,0.7191,0.4935,TAO,0.6865,-0.2077,-0.0049
7614,08813.wav,8812,3963156615,5.633,0.5447,0.5099,0.5795,0.3673,0.3673,TAO,0.2921,-0.6665,-0.0048
7615,04463.wav,4462,1973334219,0.778,0.5447,0.5005,0.5889,0.4520,0.4520,ANCIENT,0.3651,-0.2922,0.0011
7616,07904.wav,7903,3567788517,1.453,0.5447,0.4939,0.5954,0.6953,0.4939,TAO,0.4963,-0.4504,-0.0075
7617,05666.wav,5665,2521516590,5.668,0.5446,0.4931,0.5961,0.4439,0.4439,TAO,0.3678,-0.3424,-0.0008
7618,07612.wav,7611,3424287754,5.438,0.5445,0.5008,0.5882,0.4676,0.4676,LENT,0.2785,0.0134,0.0098
7619,08829.wav,8828,3968780915,6.194,0.5443,0.5313,0.5573,0.3703,0.3703,PAT,0.2384,-0.2191,0.0094
7620,02374.wav,2373,1048855753,3.792,0.5443,0.4890,0.5996,0.3879,0.3879,LENT,0.2035,-0.9556,-0.0203
7621,02754.wav,2753,1217694155,1.611,0.5443,0.5075,0.5811,0.6924,0.5075,TAO,0.5793,0.2400,0.0122
7622,00968.wav,967,429875143,7.053,0.5443,0.4955,0.5930,0.3974,0.3974,ANCIENT,0.3109,-0.9112,-0.0116
7623,08842.wav,8841,3979954664,5.015,0.5442,0.5167,0.5717,0.6914,0.5167,TAO,0.6706,-0.1245,-0.0073
7624,04233.wav,4232,1876745943,1.393,0.5441,0.5351,0.5530,0.6339,0.5351,TAO,0.6448,0.3148,0.0198
7625,08487.wav,8486,3814878443,0.626,0.5440,0.5205,0.5676,0.4921,0.4921,TAO,0.6129,-0.1294,-0.0022
7626,03722.wav,3721,1641707738,3.702,0.5440,0.5289,0.5591,0.4393,0.4393,ANCIENT,0.3147,-0.1629,0.0193
7627,01467.wav,1466,649494512,2.773,0.5440,0.4993,0.5887,0.6821,0.4993,TAO,0.5810,-0.1909,-0.0059
7628,01726.wav,1725,769020835,4.942,0.5439,0.4734,0.6145,0.7028,0.4734,TAO,0.7028,-0.6965,-0.0303
7629,03619.wav,3618,1599498352,2.257,0.5439,0.5096,0.5783,0.5819,0.5096,TAO,0.7620,-0.2893,-0.0122
7630,08077.wav,8076,3631087392,2.062,0.5439,0.4963,0.5916,0.6429,0.4963,TAO,0.7490,-0.3370,-0.0156
7631,04747.wav,4746,2109864972,1.862,0.5439,0.5221,0.5657,0.7023,0.5221,TAO,0.4732,-0.3812,-0.0044
7632,05296.wav,5295,2356551496,2.190,0.5439,0.4847,0.6030,0.6613,0.4847,TAO,0.6777,0.2392,0.0081
7633,04314.wav,4313,1907930376,3.646,0.5438,0.4723,0.6153,0.6667,0.4723,TAO,0.7790,-0.2313,-0.0122
7634,05260.wav,5259,2343852621,5.034,0.5438,0.5061,0.5814,0.3954,0.3954,LENT,0.2172,-0.9076,-0.0182
7635,00897.wav,896,397488180,4.748,0.5437,0.4868,0.6007,0.6837,0.4868,TAO,0.7528,0.0650,0.0015
7636,08059.wav,8058,3625467918,1.560,0.5437,0.5073,0.5801,0.6325,0.5073,TAO,0.4943,-0.2654,-0.0032
7637,06201.wav,6200,2773406544,3.261,0.5437,0.5467,0.5407,0.4377,0.4377,LENT,0.3463,-0.2316,0.0187
7638,00371.wav,370,158565453,5.771,0.5435,0.4879,0.5992,0.3412,0.3412,ANCIENT,0.2773,-0.7135,-0.0176
7639,07542.wav,7541,3394310630,3.461,0.5435,0.4836,0.6034,0.7059,0.4836,TAO,0.7120,-0.2267,-0.0051
7640,03091.wav,3090,1360996834,3.711,0.5434,0.5104,0.5764,0.4165,0.4165,ANCIENT,0.2634,-0.1307,0.0132
7641,04768.wav,4767,2119102260,2.105,0.5433,0.4940,0.5927,0.6007,0.4940,LENT,0.7564,0.1125,0.0069
7642,06768.wav,6767,3016622953,4.813,0.5433,0.4633,0.6232,0.7234,0.4633,TAO,0.6729,-0.4710,-0.0263
7643,02874.wav,2873,1267958220,8.736,0.5433,0.5120,0.5746,0.3863,0.3863,ANCIENT,0.2452,-0.4248,0.0049
7644,05035.wav,5034,2235367313,7.619,0.5432,0.4816,0.6049,0.3664,0.3664,TAO,0.1921,-1.0863,-0.0270
7645,02984.wav,2983,1320809349,2.382,0.5432,0.4857,0.6008,0.6342,0.4857,KLAU,0.6594,-0.2781,-0.0179
7646,06098.wav,6097,2724032266,1.937,0.5431,0.5164,0.5698,0.5647,0.5164,RYZA,0.6946,-0.1284,-0.0056
7647,05521.wav,5520,2455957417,0.750,0.5431,0.5012,0.5849,0.5593,0.5012,TAO,0.5580,-0.7455,-0.0296
7648,03216.wav,3215,1411574403,5.084,0.5431,0.5417,0.5445,0.3726,0.3726,TAO,0.3630,-0.6990,-0.0003
7649,09237.wav,9236,4157097168,2.670,0.5427,0.5154,0.5700,0.5542,0.5154,TAO,0.7983,-0.7331,-0.0258
7650,06590.wav,6589,2943293312,1.575,0.5427,0.4939,0.5915,0.5327,0.4939,TAO,0.3966,0.2862,0.0126
7651,03345.wav,3344,1470189813,4.492,0.5427,0.5177,0.5676,0.6386,0.5177,TAO,0.6886,-0.5409,-0.0192
7652,01037.wav,1036,455437581,4.924,0.5426,0.5087,0.5766,0.4579,0.4579,TAO,0.4040,-1.0507,-0.0185
7653,04079.wav,4078,1807126120,1.870,0.5426,0.4828,0.6023,0.7507,0.4828,TAO,0.5174,-0.7994,-0.0331
7654,05247.wav,5246,2336373107,6.325,0.5426,0.5303,0.5548,0.4121,0.4121,LENT,0.2035,-0.6293,-0.0035
7655,08555.wav,8554,3847114320,1.392,0.5425,0.4743,0.6108,0.4839,0.4743,LENT,0.4511,-0.2046,0.0080
7656,09528.wav,9527,4273249956,6.315,0.5424,0.5049,0.5800,0.4006,0.4006,TAO,0.2099,-0.6933,-0.0112
7657,08483.wav,8482,3810598339,2.563,0.5424,0.4841,0.6006,0.4960,0.4841,LENT,0.3248,-0.6530,-0.0156
7658,02974.wav,2973,1316358703,5.407,0.5424,0.5183,0.5665,0.3502,0.3502,ANCIENT,0.2357,0.3445,0.0391
7659,07826.wav,7825,3521340113,1.975,0.5423,0.4913,0.5934,0.6484,0.4913,TAO,0.6890,0.3463,0.0114
7660,04367.wav,4366,1935154889,1.872,0.5423,0.4924,0.5922,0.5530,0.4924,KLAU,0.6217,-0.2264,-0.0123
7661,04167.wav,4166,1850261516,5.825,0.5422,0.5010,0.5835,0.3977,0.3977,PAT,0.2682,-0.5178,-0.0031
7662,08369.wav,8368,3754495916,6.253,0.5421,0.4991,0.5851,0.6409,0.4991,TAO,0.5542,-0.4121,-0.0140
7663,05351.wav,5350,2375994008,2.862,0.5420,0.4972,0.5867,0.6628,0.4972,TAO,0.5014,-0.1623,-0.0084
7664,05246.wav,5245,2336204529,1.917,0.5419,0.4953,0.5885,0.5790,0.4953,TAO,0.7453,0.2000,0.0060
7665,02113.wav,2112,940757644,7.007,0.5419,0.4847,0.5991,0.3772,0.3772,TAO,0.2861,-0.5554,0.0008
7666,02803.wav,2802,1236689990,7.821,0.5419,0.5010,0.5828,0.3273,0.3273,PAT,0.2737,0.2511,0.0357
7667,01188.wav,1187,528460557,1.985,0.5419,0.4786,0.6051,0.6727,0.4786,TAO,0.7435,-0.0193,-0.0025
7668,05184.wav,5183,2305617780,6.704,0.5419,0.5309,0.5528,0.3903,0.3903,ANCIENT,0.2193,0.2793,0.0349
7669,03282.wav,3281,1440505748,1.897,0.5419,0.4869,0.5968,0.6483,0.4869,TAO,0.6037,-0.7090,-0.0379
7670,06865.wav,6864,3064840775,5.863,0.5418,0.5201,0.5636,0.3392,0.3392,TAO,0.1985,0.1159,0.0333
7671,09218.wav,9217,4147546572,1.833,0.5418,0.5010,0.5826,0.6534,0.5010,TAO,0.6775,0.4767,0.0168
7672,04006.wav,4005,1777684265,1.996,0.5418,0.4857,0.5978,0.6678,0.4857,TAO,0.6484,0.1197,-0.0020
7673,07443.wav,7442,3347242117,6.317,0.5417,0.4834,0.6000,0.7073,0.4834,TAO,0.7068,-0.5770,-0.0231
7674,04380.wav,4379,1939404591,2.342,0.5417,0.5075,0.5759,0.4693,0.4693,LENT,0.3608,-0.2315,0.0011
7675,07827.wav,7826,3521600334,2.567,0.5416,0.5217,0.5615,0.6305,0.5217,TAO,0.6513,-0.0641,0.0033
7676,00671.wav,670,290782067,2.836,0.5415,0.5187,0.5643,0.4015,0.4015,PAT,0.3202,-0.4095,-0.0077
7677,00407.wav,406,174384813,2.091,0.5415,0.5101,0.5729,0.5910,0.5101,TAO,0.4177,0.0569,0.0090
7678,06542.wav,6541,2918428629,5.886,0.5415,0.5117,0.5712,0.4151,0.4151,LENT,0.2042,-0.4698,-0.0051
7679,07617.wav,7616,3425725509,7.991,0.5415,0.4882,0.5947,0.3723,0.3723,TAO,0.2682,-0.6257,-0.0043
7680,08911.wav,8910,4011608425,2.223,0.5414,0.4907,0.5922,0.6440,0.4907,TAO,0.5935,-0.4665,-0.0279
7681,01645.wav,1644,730941399,0.595,0.5414,0.4726,0.6101,0.5992,0.4726,TAO,0.7402,-0.5483,-0.0253
7682,01081.wav,1080,474871600,5.867,0.5413,0.5252,0.5575,0.3804,0.3804,LENT,0.1819,-0.7030,-0.0076
7683,08526.wav,8525,3830378161,1.455,0.5413,0.5219,0.5607,0.6565,0.5219,TAO,0.5529,0.1695,0.0188
7684,00365.wav,364,155652005,5.740,0.5413,0.5027,0.5798,0.7063,0.5027,TAO,0.7411,-0.1884,-0.0045
7685,00987.wav,986,432659693,5.028,0.5412,0.5048,0.5777,0.4036,0.4036,TAO,0.3216,-0.2035,0.0024
7686,01018.wav,1017,448423790,8.026,0.5412,0.5088,0.5735,0.4388,0.4388,LENT,0.2428,-0.4740,-0.0028
7687,05114.wav,5113,2272507566,5.311,0.5410,0.4855,0.5966,0.6873,0.4855,TAO,0.6373,-0.4892,-0.0205
7688,09012.wav,9011,4053048299,4.756,0.5410,0.5215,0.5605,0.4700,0.4700,LENT,0.2572,-0.3703,0.0020
7689,07353.wav,7352,3300770799,1.469,0.5409,0.4772,0.6047,0.6892,0.4772,TAO,0.5623,-0.1553,-0.0012
7690,06471.wav,6470,2890966190,1.862,0.5409,0.5038,0.5780,0.6499,0.5038,TAO,0.6767,-0.1209,-0.0043
7691,03558.wav,3557,1575686512,5.933,0.5408,0.5128,0.5688,0.2761,0.2761,TAO,0.2027,0.7524,0.0583
7692,07108.wav,7107,3181797411,2.762,0.5408,0.5062,0.5753,0.4754,0.4754,LENT,0.4967,-0.0467,0.0043
7693,09117.wav,9116,4103993074,6.239,0.5407,0.5321,0.5494,0.3344,0.3344,TAO,0.2993,1.2690,0.0732
7694,03703.wav,3702,1632247722,2.580,0.5407,0.5438,0.5376,0.3591,0.3591,PAT,0.2899,1.3026,0.0663
7695,01639.wav,1638,729887560,5.368,0.5406,0.4901,0.5912,0.6280,0.4901,TAO,0.8304,-0.1954,-0.0027
7696,03838.wav,3837,1699648525,1.832,0.5406,0.4693,0.6119,0.6860,0.4693,TAO,0.5386,-0.3645,-0.0157
7697,09226.wav,9225,4151985076,9.329,0.5406,0.5328,0.5484,0.4159,0.4159,ANCIENT,0.3099,-0.0583,0.0160
7698,05887.wav,5886,2628170531,5.744,0.5406,0.5399,0.5413,0.3953,0.3953,LENT,0.2447,-0.3095,0.0033
7699,01896.wav,1895,845108902,6.493,0.5406,0.5039,0.5772,0.3994,0.3994,LENT,0.2640,-0.6450,-0.0117
7700,06195.wav,6194,2767458744,1.743,0.5405,0.5239,0.5571,0.4132,0.4132,TAO,0.2605,1.0184,0.0471
7701,09324.wav,9323,4190827269,2.125,0.5403,0.5220,0.5587,0.6586,0.5220,KLAU,0.5743,-0.1615,0.0042
7702,08547.wav,8546,3844406222,7.356,0.5402,0.5020,0.5785,0.3624,0.3624,PAT,0.2352,-0.3346,0.0075
7703,07853.wav,7852,3541647372,3.205,0.5402,0.5012,0.5793,0.6823,0.5012,TAO,0.6301,-0.2094,-0.0084
7704,01102.wav,1101,483903747,1.887,0.5401,0.4682,0.6119,0.7010,0.4682,TAO,0.4353,-0.2193,-0.0002
7705,02323.wav,2322,1031999920,1.917,0.5400,0.4788,0.6012,0.5184,0.4788,TAO,0.4017,0.3180,0.0313
7706,05297.wav,5296,2356566452,6.732,0.5400,0.4957,0.5843,0.4300,0.4300,PAT,0.2920,-0.9279,-0.0225
7707,02961.wav,2960,1308545427,6.328,0.5399,0.5113,0.5684,0.3420,0.3420,PAT,0.1527,0.3017,0.0320
7708,00550.wav,549,235748428,1.447,0.5398,0.5126,0.5669,0.6477,0.5126,TAO,0.6955,0.2050,0.0101
7709,02511.wav,2510,1105961968,3.195,0.5397,0.4946,0.5848,0.7153,0.4946,TAO,0.7377,-0.5015,-0.0173
7710,03886.wav,3885,1719256079,2.005,0.5397,0.5098,0.5695,0.6308,0.5098,TAO,0.5030,0.2712,0.0145
7711,05284.wav,5283,2350508220,2.623,0.5397,0.4656,0.6137,0.7655,0.4656,TAO,0.5880,-0.7019,-0.0322
7712,04514.wav,4513,2004684711,1.930,0.5396,0.5170,0.5621,0.6896,0.5170,RYZA,0.6758,0.1461,0.0137
7713,01556.wav,1555,684918990,1.568,0.5395,0.5009,0.5781,0.6916,0.5009,TAO,0.5412,-0.5606,-0.0189
7714,09406.wav,9405,4223228369,1.367,0.5394,0.5278,0.5511,0.4660,0.4660,LENT,0.6439,-0.7205,-0.0163
7715,04045.wav,4044,1790240290,2.395,0.5394,0.4542,0.6247,0.7597,0.4542,TAO,0.6882,-0.6257,-0.0267
7716,02948.wav,2947,1303880360,5.943,0.5393,0.5410,0.5375,0.4281,0.4281,TAO,0.2895,0.1671,0.0226
7717,01569.wav,1568,689301295,1.809,0.5392,0.5110,0.5674,0.6596,0.5110,RYZA,0.7929,-0.1595,0.0008
7718,02255.wav,2254,1003286652,3.301,0.5392,0.5085,0.5699,0.6836,0.5085,TAO,0.6972,-0.3126,-0.0080
7719,06577.wav,6576,2936805070,8.706,0.5390,0.5202,0.5578,0.4101,0.4101,ANCIENT,0.1707,-0.6772,-0.0073
7720,03600.wav,3599,1590975908,6.084,0.5390,0.4960,0.5819,0.6934,0.4960,TAO,0.6874,-0.5488,-0.0200
7721,03149.wav,3148,1381720117,2.325,0.5388,0.5056,0.5720,0.6020,0.5056,TAO,0.7588,-0.2394,-0.0113
7722,07933.wav,7932,3575223851,5.048,0.5388,0.4922,0.5854,0.4353,0.4353,TAO,0.3858,-0.9909,-0.0272
7723,06360.wav,6359,2842743601,2.132,0.5387,0.4948,0.5826,0.4972,0.4948,TAO,0.2436,-0.8813,-0.0273
7724,05178.wav,5177,2302991809,2.811,0.5387,0.5254,0.5520,0.5644,0.5254,TAO,0.4019,-0.0262,0.0077
7725,07659.wav,7658,3444458317,1.938,0.5386,0.4767,0.6005,0.7494,0.4767,TAO,0.6796,-0.9143,-0.0363
7726,09075.wav,9074,4084718161,6.247,0.5385,0.4813,0.5958,0.6165,0.4813,LENT,0.8238,-0.7235,-0.0309
7727,01968.wav,1967,880974821,2.031,0.5385,0.5094,0.5676,0.4819,0.4819,TAO,0.3694,0.0950,0.0063
7728,01714.wav,1713,762337891,1.760,0.5385,0.5035,0.5736,0.7110,0.5035,TAO,0.5167,0.1186,0.0055
7729,01656.wav,1655,734423729,1.266,0.5383,0.5114,0.5653,0.6679,0.5114,TAO,0.5994,0.2994,0.0222
7730,08880.wav,8879,3998469676,4.171,0.5383,0.4907,0.5859,0.3771,0.3771,LENT,0.1880,-0.6721,-0.0167
7731,04107.wav,4106,1816617796,7.021,0.5382,0.5290,0.5475,0.4265,0.4265,LENT,0.1982,-0.3107,0.0019
7732,05393.wav,5392,2397826504,2.774,0.5382,0.4602,0.6162,0.6862,0.4602,TAO,0.7301,-0.4679,-0.0243
7733,07299.wav,7298,3270045642,6.339,0.5382,0.4985,0.5778,0.2719,0.2719,TAO,0.2025,0.5849,0.0495
7734,05487.wav,5486,2442048237,1.606,0.5381,0.5019,0.5744,0.7152,0.5019,TAO,0.6091,0.4288,0.0196
7735,05790.wav,5789,2577337451,7.433,0.5381,0.5614,0.5148,0.3949,0.3949,TAO,0.3235,0.0360,0.0175
7736,03259.wav,3258,1430197769,5.433,0.5381,0.5003,0.5759,0.3439,0.3439,TAO,0.2267,0.4123,0.0408
7737,03878.wav,3877,1715958563,4.929,0.5380,0.4752,0.6009,0.6064,0.4752,LENT,0.7313,-0.8304,-0.0321
7738,05313.wav,5312,2366740972,2.950,0.5380,0.4674,0.6087,0.7546,0.4674,TAO,0.6418,-0.9530,-0.0394
7739,08047.wav,8046,3623969264,8.993,0.5380,0.5139,0.5621,0.6417,0.5139,RYZA,0.7206,-0.0579,0.0020
7740,00780.wav,779,343723541,2.297,0.5380,0.4998,0.5762,0.3712,0.3712,LENT,0.2482,-0.3685,0.0049
7741,09155.wav,9154,4116571618,5.646,0.5379,0.4514,0.6245,0.4075,0.4075,TAO,0.3115,-1.4075,-0.0496
7742,03351.wav,3350,1476396493,3.234,0.5379,0.4905,0.5852,0.7081,0.4905,TAO,0.7105,-0.7076,-0.0297
7743,03471.wav,3470,1534805702,2.672,0.5378,0.5425,0.5331,0.3048,0.3048,PAT,0.1779,0.9768,0.0637
7744,03862.wav,3861,1708814311,2.307,0.5377,0.4982,0.5771,0.6304,0.4982,TAO,0.6813,0.0256,0.0046
7745,04917.wav,4916,2184418641,7.484,0.5376,0.5142,0.5610,0.3106,0.3106,PAT,0.2188,0.4337,0.0358
7746,09007.wav,9006,4051249919,2.813,0.5375,0.4961,0.5788,0.4449,0.4449,LENT,0.2460,-0.1487,0.0180
7747,02261.wav,2260,1007485996,6.957,0.5374,0.5071,0.5677,0.4408,0.4408,LENT,0.2265,-0.1793,0.0078
7748,07570.wav,7569,3406722901,2.010,0.5374,0.4803,0.5945,0.6640,0.4803,TAO,0.4921,0.2547,0.0128
7749,00080.wav,79,36160272,2.601,0.5374,0.5132,0.5616,0.4775,0.4775,KLAU,0.5836,0.0326,0.0125
7750,00821.wav,820,360995672,69.965,0.5373,0.4898,0.5848,0.3663,0.3663,PAT,0.2169,-0.5818,-0.0017
7751,08211.wav,8210,3686203648,4.079,0.5373,0.4945,0.5801,0.5770,0.4945,KLAU,0.8812,-0.2361,-0.0016
7752,06661.wav,6660,2970702923,1.871,0.5372,0.4634,0.6111,0.4709,0.4634,TAO,0.3080,-0.1394,0.0069
7753,04398.wav,4397,1948737488,6.137,0.5372,0.5046,0.5698,0.7165,0.5046,TAO,0.7151,-0.4475,-0.0150
7754,09122.wav,9121,4106553448,2.507,0.5372,0.5226,0.5518,0.4406,0.4406,TAO,0.4156,-0.4152,-0.0020
7755,08706.wav,8705,3914126567,5.392,0.5371,0.4877,0.5864,0.3645,0.3645,LENT,0.2359,0.1273,0.0220
7756,02441.wav,2440,1074896434,7.312,0.5371,0.5237,0.5504,0.4193,0.4193,LENT,0.2447,-0.5296,-0.0095
7757,06870.wav,6869,3065484744,3.095,0.5370,0.4904,0.5837,0.6815,0.4904,TAO,0.6743,-0.0145,-0.0007
7758,05743.wav,5742,2556894768,2.107,0.5370,0.4926,0.5813,0.6612,0.4926,TAO,0.6304,-0.1590,-0.0028
7759,01817.wav,1816,812838317,3.151,0.5370,0.5214,0.5525,0.3663,0.3663,TAO,0.2958,0.3181,0.0292
7760,09212.wav,9211,4142668583,6.781,0.5369,0.4714,0.6024,0.3871,0.3871,TAO,0.2288,-0.8087,-0.0087
7761,08151.wav,8150,3666696044,2.374,0.5368,0.4937,0.5800,0.5198,0.4937,LENT,0.4954,-0.2082,-0.0011
7762,06275.wav,6274,2804531213,0.712,0.5368,0.5085,0.5652,0.3973,0.3973,TAO,0.3804,0.2000,0.0198
7763,06795.wav,6794,3033658863,4.514,0.5368,0.5127,0.5609,0.3947,0.3947,ANCIENT,0.2495,0.0783,0.0207
7764,02399.wav,2398,1058305459,1.655,0.5368,0.5063,0.5673,0.6840,0.5063,TAO,0.5531,0.0152,0.0049
7765,07668.wav,7667,3447925331,2.045,0.5368,0.4873,0.5862,0.6779,0.4873,TAO,0.6447,-0.2180,-0.0069
7766,00618.wav,617,267413168,4.132,0.5368,0.4789,0.5946,0.5471,0.4789,LENT,0.7492,-0.5937,-0.0122
7767,02046.wav,2045,912422960,4.636,0.5367,0.4844,0.5891,0.3979,0.3979,ANCIENT,0.3627,0.4704,0.0340
7768,08983.wav,8982,4037698243,2.625,0.5367,0.5428,0.5306,0.4389,0.4389,TAO,0.3875,1.2957,0.0764
7769,09472.wav,9471,4251875100,7.233,0.5367,0.5125,0.5609,0.3673,0.3673,PAT,0.2014,-0.4415,0.0028
7770,03731.wav,3730,1646566865,3.113,0.5366,0.5330,0.5403,0.5191,0.5191,RYZA,0.7906,0.0152,0.0090
7771,02134.wav,2133,948457063,2.388,0.5366,0.4812,0.5920,0.7187,0.4812,TAO,0.7424,-0.4043,-0.0163
7772,06863.wav,6862,3064727939,3.209,0.5366,0.5173,0.5560,0.5097,0.5097,LENT,0.5047,-0.0278,0.0029
7773,06924.wav,6923,3090349513,2.227,0.5366,0.5116,0.5615,0.6145,0.5116,TAO,0.5525,0.6548,0.0289
7774,07159.wav,7158,3204417462,6.716,0.5365,0.4901,0.5829,0.3365,0.3365,PAT,0.2346,0.6117,0.0514
7775,07421.wav,7420,3336964953,0.716,0.5363,0.4686,0.6041,0.5142,0.4686,LENT,0.6174,-0.6611,-0.0336
7776,04344.wav,4343,1922822163,5.358,0.5363,0.5067,0.5659,0.3669,0.3669,TAO,0.2482,0.8267,0.0540
7777,04905.wav,4904,2182664501,2.096,0.5363,0.4978,0.5747,0.6977,0.4978,TAO,0.6137,-0.3692,-0.0102
7778,08523.wav,8522,3829070731,1.783,0.5361,0.4783,0.5940,0.7029,0.4783,TAO,0.6794,0.1040,-0.0020
7779,00382.wav,381,164989517,1.334,0.5361,0.5123,0.5599,0.6019,0.5123,TAO,0.6807,0.1091,0.0134
7780,06974.wav,6973,3115576689,6.592,0.5360,0.4795,0.5925,0.7077,0.4795,TAO,0.7692,-0.6642,-0.0253
7781,02897.wav,2896,1278752727,3.756,0.5360,0.4710,0.6009,0.3906,0.3906,ANCIENT,0.3957,-0.0091,0.0090
7782,04721.wav,4720,2096891819,5.999,0.5359,0.4868,0.5849,0.3527,0.3527,TAO,0.3611,-0.2165,0.0084
7783,08592.wav,8591,3862257200,6.024,0.5359,0.4595,0.6122,0.4066,0.4066,PAT,0.2756,-0.9335,-0.0271
7784,07380.wav,7379,3314551010,2.270,0.5359,0.5047,0.5670,0.5980,0.5047,KLAU,0.5557,0.0011,0.0062
7785,08577.wav,8576,3856839829,6.237,0.5358,0.5067,0.5649,0.3899,0.3899,LENT,0.2205,-0.6951,-0.0037
7786,00667.wav,666,288343320,1.464,0.5357,0.4769,0.5945,0.7031,0.4769,TAO,0.6659,0.0810,0.0055
7787,03516.wav,3515,1557248328,8.280,0.5356,0.5186,0.5527,0.3093,0.3093,TAO,0.2482,-0.3038,0.0118
7788,06689.wav,6688,2984154124,2.620,0.5356,0.4827,0.5884,0.6740,0.4827,TAO,0.6867,-0.0637,-0.0044
7789,06211.wav,6210,2779387404,5.983,0.5355,0.5348,0.5362,0.3053,0.3053,TAO,0.2777,0.1440,0.0293
7790,01780.wav,1779,794906494,6.190,0.5355,0.5158,0.5552,0.3487,0.3487,TAO,0.2342,0.8933,0.0672
7791,08742.wav,8741,3933234475,4.206,0.5355,0.5096,0.5614,0.4644,0.4644,LENT,0.3468,-0.0378,0.0112
7792,01268.wav,1267,565243250,6.352,0.5355,0.5163,0.5547,0.3686,0.3686,ANCIENT,0.3218,-0.3670,0.0122
7793,05414.wav,5413,2410225713,6.069,0.5354,0.4906,0.5802,0.3544,0.3544,PAT,0.2013,0.2416,0.0244
7794,06097.wav,6096,2723847084,2.218,0.5353,0.5044,0.5662,0.6377,0.5044,TAO,0.4354,-0.6900,-0.0074
7795,00291.wav,290,127383541,3.698,0.5353,0.4929,0.5777,0.4354,0.4354,LENT,0.2504,-0.6306,-0.0128
7796,05271.wav,5270,2346528750,5.391,0.5353,0.4793,0.5913,0.4430,0.4430,TAO,0.1772,-0.6583,-0.0231
7797,03449.wav,3448,1525888170,2.035,0.5353,0.4888,0.5818,0.5274,0.4888,LENT,0.4476,-0.1967,0.0060
7798,07833.wav,7832,3525979222,1.730,0.5353,0.4536,0.6169,0.5858,0.4536,LENT,0.4824,0.5063,0.0286
7799,03646.wav,3645,1607268075,3.088,0.5353,0.4888,0.5817,0.5892,0.4888,TAO,0.4661,-0.0805,0.0009
7800,02495.wav,2494,1098215793,4.268,0.5352,0.5007,0.5696,0.3505,0.3505,TAO,0.2971,-0.4765,0.0069
7801,09381.wav,9380,4215244813,8.042,0.5351,0.5097,0.5606,0.6890,0.5097,TAO,0.6858,-0.3310,-0.0068
7802,02681.wav,2680,1184964783,2.211,0.5351,0.5166,0.5537,0.6181,0.5166,TAO,0.4879,-0.1509,-0.0036
7803,01492.wav,1491,657436355,2.614,0.5350,0.5031,0.5670,0.6407,0.5031,TAO,0.5251,0.3961,0.0162
7804,05722.wav,5721,2547430894,2.288,0.5350,0.5031,0.5670,0.6398,0.5031,KLAU,0.5609,0.2002,0.0119
7805,02698.wav,2697,1193182125,1.664,0.5350,0.4995,0.5705,0.6735,0.4995,TAO,0.6227,0.3241,0.0167
7806,04214.wav,4213,1866796650,1.950,0.5350,0.4636,0.6064,0.6785,0.4636,TAO,0.6350,0.1601,0.0054
7807,05463.wav,5462,2428653156,7.903,0.5349,0.4724,0.5974,0.3327,0.3327,TAO,0.2097,-0.7041,-0.0086
7808,01392.wav,1391,611822316,6.269,0.5348,0.4949,0.5747,0.4143,0.4143,LENT,0.2750,-0.5869,-0.0083
7809,02100.wav,2099,935169195,2.038,0.5347,0.4523,0.6172,0.7432,0.4523,TAO,0.5761,-0.1955,-0.0191
7810,00088.wav,87,38522577,0.387,0.5347,0.4922,0.5772,0.6039,0.4922,TAO,0.4146,0.5592,0.0263
7811,09077.wav,9076,4085169801,4.768,0.5346,0.4957,0.5735,0.6553,0.4957,TAO,0.6612,-0.4611,-0.0172
7812,01387.wav,1386,609902119,3.700,0.5345,0.4959,0.5731,0.5433,0.4959,LENT,0.5051,-0.1577,0.0037
7813,01314.wav,1313,583638470,3.530,0.5345,0.4805,0.5884,0.7042,0.4805,TAO,0.6974,-0.5902,-0.0256
7814,03622.wav,3621,1599863280,2.016,0.5345,0.5075,0.5615,0.6031,0.5075,TAO,0.4745,0.0910,0.0085
7815,04547.wav,4546,2019159596,5.585,0.5344,0.5059,0.5628,0.5790,0.5059,TAO,0.7614,-0.3258,-0.0080
7816,04626.wav,4625,2050644354,4.417,0.5343,0.5117,0.5569,0.2830,0.2830,PAT,0.1816,0.5101,0.0508
7817,05691.wav,5690,2530618283,4.423,0.5343,0.4821,0.5864,0.6005,0.4821,TAO,0.6278,-0.5063,-0.0151
7818,09415.wav,9414,4229512019,2.422,0.5342,0.5060,0.5624,0.3194,0.3194,LENT,0.2502,-0.5641,-0.0024
7819,05454.wav,5453,2425182220,2.305,0.5342,0.4895,0.5789,0.5995,0.4895,TAO,0.4852,-0.2642,-0.0071
7820,06438.wav,6437,2877920618,8.013,0.5342,0.4769,0.5914,0.4960,0.4769,KLAU,0.7358,0.0054,0.0051
7821,00999.wav,998,437354657,1.761,0.5341,0.4947,0.5735,0.6945,0.4947,TAO,0.5271,0.1060,0.0088
7822,08472.wav,8471,3808380997,5.575,0.5341,0.4598,0.6083,0.4545,0.4545,TAO,0.4401,-0.7267,-0.0273
7823,05972.wav,5971,2659283874,4.417,0.5340,0.4990,0.5690,0.3971,0.3971,LENT,0.2260,-0.7278,-0.0124
7824,05802.wav,5801,2580219402,3.419,0.5339,0.5249,0.5429,0.3836,0.3836,ANCIENT,0.2169,-0.1796,0.0176
7825,04358.wav,4357,1930004680,2.445,0.5338,0.5239,0.5436,0.4991,0.4991,LENT,0.4769,-0.0579,0.0015
7826,06673.wav,6672,2977634701,7.454,0.5338,0.4873,0.5802,0.3413,0.3413,PAT,0.1906,0.0136,0.0187
7827,06823.wav,6822,3044848195,1.773,0.5337,0.5000,0.5674,0.6816,0.5000,TAO,0.5724,0.2882,0.0100
7828,05486.wav,5485,2440648299,2.644,0.5337,0.4702,0.5972,0.5485,0.4702,KLAU,0.7210,0.2626,0.0126
7829,01151.wav,1150,507899748,6.408,0.5337,0.4582,0.6091,0.3572,0.3572,TAO,0.2120,-0.5432,-0.0037
7830,00018.wav,17,6467264,4.889,0.5336,0.4794,0.5878,0.3900,0.3900,PAT,0.1319,-0.5649,-0.0101
7831,07061.wav,7060,3157267284,2.350,0.5334,0.5343,0.5326,0.3476,0.3476,TAO,0.2892,0.1200,0.0199
7832,09135.wav,9134,4111069543,2.072,0.5334,0.5243,0.5426,0.5712,0.5243,KLAU,0.4995,-0.4622,-0.0237
7833,09445.wav,9444,4240555307,5.233,0.5334,0.4923,0.5746,0.4218,0.4218,LENT,0.2702,-0.6035,-0.0023
7834,04492.wav,4491,1990144620,4.348,0.5334,0.4758,0.5910,0.3697,0.3697,ANCIENT,0.2974,0.1779,0.0294
7835,06094.wav,6093,2721905489,8.104,0.5333,0.4781,0.5885,0.3927,0.3927,PAT,0.2416,-0.8285,-0.0186
7836,06709.wav,6708,2990888395,1.986,0.5332,0.4720,0.5945,0.6744,0.4720,TAO,0.6819,-0.6887,-0.0311
7837,00535.wav,534,228101316,3.948,0.5332,0.5092,0.5572,0.4947,0.4947,KLAU,0.5902,-0.2832,-0.0022
7838,04376.wav,4375,1937832518,2.607,0.5331,0.5191,0.5472,0.4700,0.4700,KLAU,0.6206,0.0931,0.0147
7839,04729.wav,4728,2099299679,6.142,0.5331,0.5141,0.5521,0.3429,0.3429,LENT,0.1972,-0.5201,0.0012
7840,02683.wav,2682,1186003150,3.907,0.5331,0.4905,0.5756,0.3880,0.3880,TAO,0.2564,0.5856,0.0432
7841,08751.wav,8750,3937539456,3.396,0.5330,0.5280,0.5380,0.5921,0.5280,RYZA,0.7000,-0.2509,-0.0006
7842,05216.wav,5215,2320041802,2.461,0.5330,0.5012,0.5648,0.3994,0.3994,TAO,0.2923,-0.0561,0.0114
7843,06857.wav,6856,3063279259,2.125,0.5330,0.4977,0.5682,0.5059,0.4977,LENT,0.3508,-0.4893,-0.0040
7844,00069.wav,68,26329383,6.639,0.5330,0.5197,0.5462,0.3926,0.3926,ANCIENT,0.2177,-0.8088,-0.0090
7845,00417.wav,416,178524819,2.960,0.5329,0.4871,0.5787,0.3479,0.3479,ANCIENT,0.2382,-0.3333,0.0021
7846,01785.wav,1784,799400462,6.495,0.5329,0.4954,0.5703,0.3922,0.3922,PAT,0.2636,-0.9048,-0.0201
7847,02806.wav,2805,1238294960,8.381,0.5328,0.4886,0.5771,0.3735,0.3735,PAT,0.2081,-1.0925,-0.0259
7848,05784.wav,5783,2573591908,6.090,0.5328,0.4896,0.5760,0.4248,0.4248,LENT,0.2267,-0.7438,-0.0167
7849,07329.wav,7328,3289682699,2.317,0.5328,0.4874,0.5782,0.6264,0.4874,TAO,0.7883,-0.2621,-0.0070
7850,01351.wav,1350,600754494,3.837,0.5327,0.4842,0.5812,0.3340,0.3340,PAT,0.2212,-0.7602,-0.0113
7851,02547.wav,2546,1120269612,6.302,0.5326,0.4876,0.5777,0.4659,0.4659,LENT,0.3202,-0.7153,-0.0157
7852,08333.wav,8332,3733157900,2.425,0.5326,0.4955,0.5698,0.3882,0.3882,TAO,0.1585,-0.3074,0.0025
7853,07818.wav,7817,3519567153,4.515,0.5326,0.5102,0.5550,0.4327,0.4327,TAO,0.3566,-0.6211,-0.0113
7854,00648.wav,647,277534730,1.929,0.5326,0.4978,0.5674,0.5496,0.4978,TAO,0.5555,0.3413,0.0234
7855,09113.wav,9112,4102551662,2.048,0.5325,0.4913,0.5738,0.6987,0.4913,TAO,0.5353,0.0124,0.0023
7856,07315.wav,7314,3278735791,2.679,0.5325,0.5080,0.5570,0.5691,0.5080,TAO,0.6045,-0.7072,-0.0220
7857,06547.wav,6546,2921764523,1.692,0.5325,0.4726,0.5924,0.7186,0.4726,TAO,0.4672,-0.1758,-0.0133
7858,07854.wav,7853,3541913356,3.268,0.5325,0.5007,0.5644,0.3600,0.3600,TAO,0.1832,-0.3994,0.0014
7859,05079.wav,5078,2260733286,2.261,0.5325,0.5096,0.5553,0.6805,0.5096,TAO,0.5214,-0.2711,-0.0072
7860,03900.wav,3899,1727191859,2.336,0.5323,0.4803,0.5844,0.6167,0.4803,TAO,0.7255,-0.8003,-0.0256
7861,05425.wav,5424,2416779217,3.134,0.5323,0.4851,0.5796,0.4542,0.4542,TAO,0.3796,-0.0372,0.0086
7862,01762.wav,1761,788069928,1.831,0.5323,0.4845,0.5801,0.6572,0.4845,TAO,0.5026,0.3907,0.0215
7863,05416.wav,5415,2410480914,1.512,0.5323,0.4959,0.5687,0.6625,0.4959,TAO,0.5105,-0.2029,-0.0075
7864,00393.wav,392,170559375,4.259,0.5323,0.4679,0.5966,0.7229,0.4679,TAO,0.6570,-0.9664,-0.0427
7865,03815.wav,3814,1686373648,1.655,0.5322,0.4892,0.5752,0.6961,0.4892,TAO,0.6026,0.0197,0.0056
7866,05582.wav,5581,2481994832,3.757,0.5321,0.5235,0.5407,0.4225,0.4225,PAT,0.2464,0.3844,0.0313
7867,06366.wav,6365,2846519822,2.334,0.5320,0.4806,0.5835,0.5616,0.4806,KLAU,0.6778,-0.1562,0.0006
7868,05076.wav,5075,2256058320,7.516,0.5320,0.4639,0.6000,0.3445,0.3445,TAO,0.2069,-0.1574,0.0082
7869,08222.wav,8221,3690791475,5.248,0.5320,0.5125,0.5514,0.3893,0.3893,LENT,0.2365,-0.0553,0.0159
7870,01865.wav,1864,835432044,1.878,0.5319,0.4736,0.5902,0.7218,0.4736,TAO,0.7362,-0.4844,-0.0210
7871,06680.wav,6679,2983360075,3.767,0.5319,0.4850,0.5788,0.6434,0.4850,TAO,0.6466,0.0191,0.0044
7872,00314.wav,313,140081807,6.395,0.5319,0.4925,0.5713,0.4384,0.4384,LENT,0.2208,-0.7605,-0.0152
7873,00733.wav,732,319525232,6.040,0.5318,0.4832,0.5804,0.3795,0.3795,ANCIENT,0.2239,0.3716,0.0308
7874,07205.wav,7204,3225064768,6.002,0.5317,0.4834,0.5801,0.6500,0.4834,TAO,0.7244,0.0607,0.0081
7875,00511.wav,510,220915405,1.725,0.5317,0.4833,0.5802,0.6857,0.4833,TAO,0.6263,-0.0159,0.0002
7876,08431.wav,8430,3784572699,2.502,0.5316,0.4832,0.5801,0.6131,0.4832,TAO,0.4371,-0.0586,-0.0049
7877,07262.wav,7261,3254504929,8.945,0.5316,0.4962,0.5671,0.3424,0.3424,PAT,0.2243,-0.5619,-0.0044
7878,06387.wav,6386,2854108778,1.908,0.5316,0.4936,0.5695,0.6563,0.4936,TAO,0.5253,0.4897,0.0266
7879,01845.wav,1844,823389527,1.317,0.5316,0.4927,0.5704,0.5752,0.4927,TAO,0.4131,1.0088,0.0439
7880,01167.wav,1166,513486953,1.919,0.5315,0.4846,0.5785,0.6051,0.4846,TAO,0.4415,-0.2982,-0.0021
7881,04232.wav,4231,1876324400,2.617,0.5315,0.5037,0.5593,0.6988,0.5037,TAO,0.6213,0.0328,0.0052
7882,08497.wav,8496,3820047189,4.667,0.5315,0.4942,0.5687,0.4636,0.4636,PAT,0.2452,-0.9333,-0.0236
7883,07813.wav,7812,3518352582,2.808,0.5314,0.5005,0.5623,0.4784,0.4784,KLAU,0.5715,-0.1238,-0.0002
7884,02966.wav,2965,1311599777,2.730,0.5314,0.4817,0.5811,0.7190,0.4817,TAO,0.6914,-0.5342,-0.0231
7885,07204.wav,7203,3224291359,2.430,0.5314,0.4940,0.5688,0.6610,0.4940,TAO,0.7144,-0.4710,-0.0181
7886,01879.wav,1878,837758828,4.344,0.5313,0.4992,0.5634,0.4660,0.4660,LENT,0.3555,-0.6682,-0.0121
7887,00294.wav,293,128135931,4.003,0.5313,0.4784,0.5841,0.7373,0.4784,TAO,0.6920,-0.3042,-0.0091
7888,01099.wav,1098,481062697,5.025,0.5313,0.4938,0.5687,0.3113,0.3113,PAT,0.2632,0.7302,0.0512
7889,09151.wav,9150,4115955815,3.975,0.5313,0.5039,0.5586,0.5291,0.5039,LENT,0.2866,-0.6471,-0.0058
7890,07786.wav,7785,3502770125,7.932,0.5312,0.4819,0.5804,0.6877,0.4819,TAO,0.7966,-0.1213,-0.0012
7891,03581.wav,3580,1583495373,9.959,0.5312,0.5017,0.5606,0.4200,0.4200,PAT,0.2236,-0.4981,-0.0009
7892,02314.wav,2313,1022662408,1.791,0.5311,0.4653,0.5969,0.7284,0.4653,TAO,0.6665,-0.3284,-0.0154
7893,01983.wav,1982,885805551,8.107,0.5311,0.5140,0.5483,0.3642,0.3642,LENT,0.2224,-0.3739,0.0059
7894,02005.wav,2004,893744873,4.746,0.5311,0.4713,0.5908,0.6854,0.4713,TAO,0.6520,-0.1274,-0.0060
7895,03831.wav,3830,1696830930,2.529,0.5310,0.5072,0.5548,0.3862,0.3862,PAT,0.3556,0.7651,0.0438
7896,03624.wav,3623,1599943397,1.897,0.5310,0.4562,0.6057,0.7410,0.4562,TAO,0.6043,-0.3298,-0.0143
7897,02060.wav,2059,917172645,5.867,0.5310,0.5498,0.5121,0.3594,0.3594,TAO,0.2700,-0.2258,0.0066
7898,02429.wav,2428,1070696069,2.551,0.5309,0.4845,0.5774,0.6858,0.4845,TAO,0.7469,-0.0600,-0.0019
7899,09558.wav,9557,4290114767,6.222,0.5309,0.5178,0.5441,0.4197,0.4197,LENT,0.2130,-0.4568,-0.0028
7900,00682.wav,681,295583952,5.863,0.5309,0.5271,0.5346,0.3179,0.3179,TAO,0.2068,0.6929,0.0493
7901,00944.wav,943,417222194,3.342,0.5309,0.5200,0.5418,0.3376,0.3376,ANCIENT,0.3037,0.5119,0.0497
7902,04950.wav,4949,2195756553,3.132,0.5308,0.4807,0.5809,0.6702,0.4807,TAO,0.6527,-1.1192,-0.0493
7903,06862.wav,6861,3064585444,1.176,0.5308,0.5214,0.5402,0.4333,0.4333,TAO,0.4400,0.1959,0.0212
7904,07147.wav,7146,3199341972,6.535,0.5307,0.4965,0.5650,0.3606,0.3606,PAT,0.1977,-1.0488,-0.0256
7905,01678.wav,1677,742947312,2.820,0.5307,0.4980,0.5634,0.6875,0.4980,TAO,0.6244,-0.2607,-0.0102
7906,08144.wav,8143,3663514093,1.816,0.5306,0.4834,0.5779,0.6578,0.4834,TAO,0.5109,0.3963,0.0201
7907,01638.wav,1637,729312395,4.733,0.5305,0.4840,0.5771,0.3744,0.3744,LENT,0.3201,-0.3998,0.0079
7908,08835.wav,8834,3974707054,7.105,0.5305,0.4794,0.5817,0.3606,0.3606,TAO,0.2382,-0.2052,0.0121
7909,08709.wav,8708,3914953549,2.043,0.5305,0.4504,0.6106,0.7388,0.4504,TAO,0.7107,-0.4520,-0.0248
7910,01328.wav,1327,586681703,2.579,0.5305,0.4825,0.5784,0.7028,0.4825,TAO,0.7148,0.1644,0.0094
7911,03971.wav,3970,1755402766,123.158,0.5302,0.4801,0.5803,0.3948,0.3948,TAO,0.2346,-1.2398,-0.0327
7912,01082.wav,1081,475823941,7.707,0.5301,0.5183,0.5419,0.3944,0.3944,LENT,0.2293,-0.3218,0.0069
7913,04803.wav,4802,2133806252,2.064,0.5301,0.4899,0.5702,0.6539,0.4899,TAO,0.4466,-0.2046,-0.0036
7914,08474.wav,8473,3808620900,4.205,0.5299,0.5018,0.5580,0.4602,0.4602,TAO,0.2261,-0.8198,-0.0177
7915,02871.wav,2870,1267444712,4.839,0.5299,0.4840,0.5757,0.6622,0.4840,RYZA,0.8105,-0.6137,-0.0232
7916,00712.wav,711,307328451,1.823,0.5298,0.4850,0.5746,0.7483,0.4850,TAO,0.6250,0.1969,0.0137
7917,08870.wav,8869,3996246831,3.325,0.5298,0.4928,0.5667,0.5429,0.4928,LENT,0.5267,-0.0730,0.0054
7918,00628.wav,627,270129935,3.143,0.5297,0.5112,0.5483,0.5293,0.5112,TAO,0.4156,-0.7277,-0.0259
7919,05824.wav,5823,2594890411,2.364,0.5297,0.5210,0.5383,0.4980,0.4980,KLAU,0.6014,-0.0256,0.0075
7920,03877.wav,3876,1715731443,5.566,0.5295,0.4775,0.5815,0.3498,0.3498,ANCIENT,0.2423,-0.8408,-0.0181
7921,01935.wav,1934,866965822,2.261,0.5294,0.5061,0.5528,0.6813,0.5061,TAO,0.5284,-0.2615,-0.0059
7922,03023.wav,3022,1337443777,1.850,0.5294,0.5246,0.5342,0.6075,0.5246,TAO,0.6343,0.3400,0.0198
7923,00588.wav,587,251746472,2.592,0.5292,0.4954,0.5630,0.5161,0.4954,KLAU,0.4805,-0.7740,-0.0177
7924,09004.wav,9003,4048262515,7.522,0.5292,0.4998,0.5586,0.3260,0.3260,TAO,0.2745,0.1788,0.0249
7925,04529.wav,4528,2011039655,2.687,0.5292,0.4885,0.5698,0.6416,0.4885,KLAU,0.6289,-0.1221,-0.0015
7926,01212.wav,1211,536863560,4.984,0.5291,0.4972,0.5610,0.4607,0.4607,LENT,0.2593,-0.6176,-0.0103
7927,08036.wav,8035,3618469710,8.579,0.5290,0.5223,0.5356,0.2698,0.2698,PAT,0.1602,-0.1077,0.0205
7928,08138.wav,8137,3658485063,2.711,0.5290,0.4723,0.5856,0.4341,0.4341,LENT,0.2161,-0.3900,-0.0035
7929,07497.wav,7496,3373451045,3.962,0.5289,0.4969,0.5609,0.5381,0.4969,LENT,0.4874,0.0915,0.0016
7930,02432.wav,2431,1071394759,2.476,0.5289,0.4786,0.5792,0.6357,0.4786,KLAU,0.7515,-0.2422,-0.0110
7931,02985.wav,2984,1320937289,8.219,0.5289,0.4930,0.5647,0.6376,0.4930,RYZA,0.8111,-0.4169,-0.0105
7932,03610.wav,3609,1597576366,2.223,0.5289,0.4871,0.5707,0.6999,0.4871,TAO,0.6354,0.2526,0.0130
7933,00699.wav,698,301200878,2.337,0.5288,0.4869,0.5708,0.6944,0.4869,LENT,0.6048,-0.2797,-0.0009
7934,07783.wav,7782,3501833574,9.238,0.5288,0.4700,0.5876,0.3658,0.3658,PAT,0.2347,-0.8654,-0.0101
7935,02956.wav,2955,1306313714,2.756,0.5287,0.4929,0.5645,0.5956,0.4929,TAO,0.5699,-0.0639,-0.0027
7936,03573.wav,3572,1581356292,4.347,0.5286,0.4963,0.5610,0.5659,0.4963,TAO,0.4121,-0.1402,-0.0027
7937,02418.wav,2417,1066971880,5.797,0.5286,0.4892,0.5680,0.4154,0.4154,ANCIENT,0.2101,-0.1780,0.0104
7938,03098.wav,3097,1363723340,6.568,0.5286,0.5105,0.5466,0.3410,0.3410,PAT,0.2699,0.1693,0.0311
7939,06739.wav,6738,3007705421,5.936,0.5285,0.4638,0.5932,0.3959,0.3959,TAO,0.3731,-1.0056,-0.0274
7940,05272.wav,5271,2346767632,2.589,0.5285,0.4940,0.5630,0.4103,0.4103,PAT,0.3244,0.3106,0.0241
7941,01827.wav,1826,814804590,1.494,0.5285,0.4740,0.5829,0.7080,0.4740,TAO,0.6817,0.0243,0.0053
7942,01398.wav,1397,614754704,3.130,0.5282,0.5009,0.5554,0.4284,0.4284,ANCIENT,0.3030,0.2407,0.0199
7943,01169.wav,1168,515329367,9.408,0.5282,0.4936,0.5627,0.4110,0.4110,LENT,0.2154,-0.5254,-0.0033
7944,08717.wav,8716,3922338149,1.419,0.5281,0.4856,0.5706,0.6682,0.4856,TAO,0.6243,-0.2841,-0.0121
7945,07118.wav,7117,3187326831,4.830,0.5280,0.4663,0.5898,0.6416,0.4663,TAO,0.6911,-0.3150,-0.0142
7946,03028.wav,3027,1340464146,2.117,0.5280,0.4823,0.5737,0.4546,0.4546,TAO,0.1969,0.0505,0.0092
7947,04765.wav,4764,2117861388,4.513,0.5280,0.4854,0.5706,0.4432,0.4432,LENT,0.1890,-0.2871,0.0060
7948,05597.wav,5596,2491096525,4.994,0.5280,0.5158,0.5402,0.3731,0.3731,ANCIENT,0.3394,0.4376,0.0319
7949,07175.wav,7174,3211732813,2.470,0.5279,0.5237,0.5322,0.3823,0.3823,LENT,0.2450,-0.1281,0.0160
7950,01377.wav,1376,608279940,5.620,0.5279,0.5050,0.5507,0.4932,0.4932,ANCIENT,0.5454,0.0212,0.0056
7951,04561.wav,4560,2025288010,75.491,0.5278,0.4797,0.5760,0.3849,0.3849,TAO,0.2169,-1.3163,-0.0380
7952,06276.wav,6275,2804588456,3.554,0.5278,0.5214,0.5342,0.4298,0.4298,LENT,0.2820,-0.4086,0.0031
7953,04465.wav,4464,1974636209,3.690,0.5277,0.4834,0.5720,0.5556,0.4834,ANCIENT,0.4084,0.1775,0.0131
7954,05468.wav,5467,2431140391,2.083,0.5277,0.4650,0.5904,0.7281,0.4650,TAO,0.6281,-0.4317,-0.0130
7955,08899.wav,8898,4006441612,2.326,0.5277,0.4933,0.5621,0.6681,0.4933,LENT,0.6091,-0.1250,0.0070
7956,08396.wav,8395,3769206063,5.086,0.5277,0.4858,0.5695,0.3846,0.3846,TAO,0.2561,-0.2706,-0.0007
7957,04209.wav,4208,1865660354,2.695,0.5276,0.5066,0.5487,0.6356,0.5066,LENT,0.5205,0.2574,0.0202
7958,01621.wav,1620,718659090,4.835,0.5276,0.4713,0.5839,0.3925,0.3925,LENT,0.2144,-0.3780,0.0003
7959,05913.wav,5912,2642882413,4.830,0.5275,0.4885,0.5665,0.6821,0.4885,TAO,0.6680,0.4275,0.0196
7960,06496.wav,6495,2901736873,6.496,0.5274,0.4878,0.5670,0.4286,0.4286,TAO,0.2549,-0.1467,0.0105
7961,04010.wav,4009,1779194481,6.360,0.5274,0.5094,0.5453,0.2544,0.2544,TAO,0.2243,0.3571,0.0414
7962,06263.wav,6262,2800023953,4.561,0.5274,0.4896,0.5651,0.3065,0.3065,TAO,0.1975,0.2707,0.0313
7963,02182.wav,2181,967580875,2.015,0.5273,0.4919,0.5627,0.5211,0.4919,PAT,0.2389,0.4981,0.0226
7964,06738.wav,6737,3007692359,1.545,0.5272,0.4839,0.5705,0.6836,0.4839,TAO,0.6973,0.0988,0.0056
7965,02827.wav,2826,1246635764,1.934,0.5272,0.4907,0.5637,0.7226,0.4907,TAO,0.5210,0.3636,0.0121
7966,03144.wav,3143,1379529638,8.082,0.5272,0.4787,0.5756,0.3687,0.3687,ANCIENT,0.2043,-0.7416,-0.0120
7967,05634.wav,5633,2504630760,6.275,0.5271,0.4435,0.6106,0.4397,0.4397,TAO,0.4076,-1.2460,-0.0455
7968,00589.wav,588,251875912,2.441,0.5271,0.4823,0.5718,0.5344,0.4823,TAO,0.6401,0.4337,0.0176
7969,03417.wav,3416,1506675979,1.796,0.5270,0.4565,0.5975,0.7389,0.4565,TAO,0.5981,-0.3115,-0.0098
7970,09567.wav,9566,4293995684,13.326,0.5269,0.5294,0.5244,0.3759,0.3759,TAO,0.3232,-0.3191,0.0014
7971,08310.wav,8309,3727643167,2.866,0.5268,0.4969,0.5566,0.5228,0.4969,TAO,0.7206,0.2748,0.0161
7972,09305.wav,9304,4184699723,4.693,0.5268,0.4710,0.5825,0.3818,0.3818,TAO,0.2665,0.7627,0.0497
7973,05807.wav,5806,2582844805,1.394,0.5267,0.4440,0.6095,0.4569,0.4440,TAO,0.3710,-1.1358,-0.0397
7974,00621.wav,620,268563498,3.080,0.5266,0.4932,0.5600,0.6063,0.4932,TAO,0.3406,-0.7996,-0.0222
7975,06829.wav,6828,3050547214,3.394,0.5266,0.4823,0.5709,0.6213,0.4823,TAO,0.7665,-0.2989,-0.0120
7976,00090.wav,89,41401937,1.642,0.5266,0.5093,0.5439,0.6358,0.5093,RYZA,0.7644,-0.2096,-0.0054
7977,01154.wav,1153,509603626,3.442,0.5266,0.4483,0.6048,0.6275,0.4483,TAO,0.7511,-0.8271,-0.0365
7978,05818.wav,5817,2590215445,7.688,0.5265,0.4905,0.5626,0.4249,0.4249,ANCIENT,0.2763,-0.4739,-0.0026
7979,09110.wav,9109,4101631567,6.388,0.5264,0.4768,0.5760,0.6887,0.4768,TAO,0.7153,0.2708,0.0110
7980,05612.wav,5611,2497041804,2.198,0.5264,0.4628,0.5899,0.7287,0.4628,TAO,0.7062,-0.2850,-0.0080
7981,00082.wav,81,36549746,2.927,0.5263,0.4978,0.5548,0.4387,0.4387,TAO,0.2786,0.3490,0.0305
7982,00344.wav,343,148301931,3.007,0.5263,0.5015,0.5510,0.6085,0.5015,TAO,0.5319,0.1139,0.0205
7983,03095.wav,3094,1363018735,2.760,0.5260,0.4793,0.5728,0.5960,0.4793,TAO,0.4630,0.1320,0.0103
7984,00292.wav,291,127997097,3.247,0.5260,0.5101,0.5420,0.3678,0.3678,LENT,0.2328,-0.4738,-0.0049
7985,04144.wav,4143,1834242954,2.676,0.5259,0.4980,0.5538,0.6176,0.4980,TAO,0.5135,0.4129,0.0189
7986,09090.wav,9089,4087312424,2.117,0.5259,0.4694,0.5825,0.4864,0.4694,LENT,0.2621,-0.1963,-0.0025
7987,01189.wav,1188,528815817,5.307,0.5259,0.4995,0.5522,0.2520,0.2520,PAT,0.2610,1.1938,0.0757
7988,07908.wav,7907,3568124557,2.578,0.5258,0.4580,0.5937,0.7025,0.4580,TAO,0.6474,-0.9254,-0.0393
7989,02444.wav,2443,1076519153,1.644,0.5258,0.4790,0.5725,0.6917,0.4790,TAO,0.6147,0.2917,0.0132
7990,02223.wav,2222,989841861,3.353,0.5258,0.4917,0.5598,0.6298,0.4917,TAO,0.4991,0.0538,0.0034
7991,03728.wav,3727,1645454151,1.747,0.5257,0.5216,0.5299,0.6121,0.5216,TAO,0.5301,0.3801,0.0267
7992,04588.wav,4587,2035663021,1.947,0.5257,0.4655,0.5859,0.6565,0.4655,TAO,0.3999,0.0356,-0.0010
7993,04819.wav,4818,2141449929,3.036,0.5256,0.5043,0.5470,0.4080,0.4080,KLAU,0.6143,0.1603,0.0058
7994,06576.wav,6575,2936291562,3.440,0.5254,0.4699,0.5808,0.3939,0.3939,LENT,0.1899,0.0874,0.0163
7995,09366.wav,9365,4208456842,1.733,0.5253,0.4804,0.5702,0.6116,0.4804,TAO,0.6546,0.0195,0.0033
7996,07461.wav,7460,3357738606,3.393,0.5253,0.4789,0.5717,0.4213,0.4213,ANCIENT,0.2618,-0.6769,-0.0172
7997,07447.wav,7446,3348220203,1.814,0.5253,0.4498,0.6007,0.7332,0.4498,TAO,0.6070,-0.6622,-0.0324
7998,02522.wav,2521,1111279882,1.726,0.5252,0.4679,0.5824,0.7087,0.4679,TAO,0.6504,-0.1317,0.0006
7999,01484.wav,1483,655761672,0.409,0.5251,0.4926,0.5577,0.5937,0.4926,TAO,0.5702,-0.1745,-0.0102
8000,04845.wav,4844,2150707434,2.999,0.5251,0.4730,0.5772,0.6966,0.4730,TAO,0.6196,0.1349,0.0008
8001,04147.wav,4146,1834536557,1.864,0.5250,0.4746,0.5755,0.6446,0.4746,RYZA,0.6945,-0.2450,-0.0141
8002,06331.wav,6330,2830336076,6.554,0.5250,0.4794,0.5707,0.3545,0.3545,TAO,0.1609,-0.4321,0.0024
8003,02387.wav,2386,1055337059,1.534,0.5249,0.4841,0.5657,0.6855,0.4841,TAO,0.6367,0.0433,0.0003
8004,01637.wav,1636,729240197,1.753,0.5247,0.4891,0.5603,0.6335,0.4891,TAO,0.6613,0.2859,0.0178
8005,02177.wav,2176,966657386,3.043,0.5247,0.4702,0.5791,0.5292,0.4702,TAO,0.7403,-0.4357,-0.0146
8006,04328.wav,4327,1914918566,1.822,0.5247,0.4786,0.5707,0.6749,0.4786,TAO,0.5964,-0.0710,-0.0036
8007,02318.wav,2317,1023237573,4.865,0.5246,0.4785,0.5707,0.4397,0.4397,TAO,0.2636,-0.3349,0.0036
8008,09464.wav,9463,4249560078,4.308,0.5246,0.4901,0.5591,0.6816,0.4901,TAO,0.7537,-0.4098,-0.0150
8009,04109.wav,4108,1817907234,3.483,0.5246,0.5088,0.5403,0.6082,0.5088,KLAU,0.5171,-0.0907,0.0011
8010,07211.wav,7210,3228826986,7.490,0.5245,0.4616,0.5874,0.3785,0.3785,PAT,0.2469,-1.0352,-0.0282
8011,07097.wav,7096,3176367140,2.917,0.5245,0.4768,0.5721,0.6596,0.4768,TAO,0.6866,-0.9589,-0.0322
8012,05836.wav,5835,2599191850,4.536,0.5244,0.4761,0.5728,0.6567,0.4761,TAO,0.7115,-0.6307,-0.0269
8013,08287.wav,8286,3720276489,5.915,0.5244,0.5311,0.5177,0.2585,0.2585,PAT,0.2323,1.2353,0.0769
8014,03263.wav,3262,1431133778,6.443,0.5244,0.4735,0.5753,0.4259,0.4259,PAT,0.2640,-1.1970,-0.0317
8015,04527.wav,4526,2010746052,1.660,0.5244,0.4780,0.5708,0.6681,0.4780,TAO,0.5059,0.5555,0.0238
8016,06309.wav,6308,2818110441,1.905,0.5244,0.4769,0.5718,0.7017,0.4769,TAO,0.5078,0.1408,0.0077
8017,01461.wav,1460,645187785,3.075,0.5243,0.4750,0.5736,0.4568,0.4568,LENT,0.2652,-0.0583,0.0034
8018,06465.wav,6464,2886897286,2.543,0.5242,0.5124,0.5360,0.4008,0.4008,ANCIENT,0.3092,-0.0390,0.0139
8019,04001.wav,4000,1774431471,7.906,0.5241,0.4828,0.5654,0.3635,0.3635,PAT,0.2563,-0.0051,0.0195
8020,02736.wav,2735,1208839843,5.426,0.5241,0.4717,0.5765,0.7084,0.4717,TAO,0.7536,-0.2178,-0.0062
8021,08205.wav,8204,3681734504,6.656,0.5241,0.4963,0.5519,0.3042,0.3042,PAT,0.1995,0.2425,0.0375
8022,00853.wav,852,375859601,3.042,0.5241,0.4722,0.5759,0.6649,0.4722,TAO,0.6896,-0.0977,-0.0062
8023,00502.wav,501,214787859,4.491,0.5240,0.4866,0.5614,0.3193,0.3193,ANCIENT,0.2739,0.8292,0.0548
8024,02986.wav,2985,1321511433,4.318,0.5239,0.5053,0.5424,0.2709,0.2709,TAO,0.2159,0.1230,0.0283
8025,01308.wav,1307,582139816,9.971,0.5237,0.5134,0.5339,0.4029,0.4029,PAT,0.2130,0.2828,0.0258
8026,06172.wav,6171,2756260171,3.453,0.5236,0.4332,0.6140,0.7558,0.4332,TAO,0.5753,-0.8337,-0.0367
8027,07924.wav,7923,3573637416,4.531,0.5235,0.4954,0.5517,0.3535,0.3535,ANCIENT,0.3447,-0.1065,0.0213
8028,09017.wav,9016,4054252455,1.402,0.5234,0.4545,0.5924,0.3734,0.3734,TAO,0.3943,0.1092,0.0181
8029,09254.wav,9253,4161358141,5.153,0.5234,0.4960,0.5507,0.4258,0.4258,ANCIENT,0.3044,0.3024,0.0292
8030,09369.wav,9368,4208747051,1.820,0.5233,0.4720,0.5746,0.7042,0.4720,TAO,0.5450,0.2394,0.0120
8031,07912.wav,7911,3568780810,6.725,0.5233,0.4819,0.5647,0.3548,0.3548,TAO,0.1914,-0.4570,0.0021
8032,02123.wav,2122,942660364,9.543,0.5232,0.4881,0.5584,0.3421,0.3421,TAO,0.1703,-0.5313,0.0038
8033,01706.wav,1705,758881038,3.188,0.5230,0.4850,0.5610,0.7177,0.4850,TAO,0.7092,-0.4633,-0.0182
8034,04181.wav,4180,1854107981,3.912,0.5230,0.4913,0.5547,0.3709,0.3709,ANCIENT,0.2749,-0.3007,0.0036
8035,07268.wav,7267,3261053391,7.079,0.5228,0.4938,0.5517,0.3456,0.3456,TAO,0.2584,0.4708,0.0448
8036,02820.wav,2819,1243261008,1.342,0.5227,0.4931,0.5524,0.6645,0.4931,TAO,0.5757,0.1223,0.0093
8037,00630.wav,629,270185677,6.756,0.5227,0.4866,0.5587,0.4511,0.4511,LENT,0.1969,-1.2699,-0.0324
8038,00022.wav,21,9709038,1.819,0.5225,0.4997,0.5454,0.6394,0.4997,TAO,0.5213,0.3442,0.0160
8039,04706.wav,4705,2090779277,2.032,0.5225,0.4815,0.5635,0.6725,0.4815,TAO,0.7029,-0.6289,-0.0241
8040,07486.wav,7485,3368739631,2.060,0.5225,0.4717,0.5733,0.6410,0.4717,TAO,0.6219,-0.4910,-0.0183
8041,06197.wav,6196,2769793223,3.452,0.5225,0.4849,0.5601,0.3691,0.3691,LENT,0.2010,-0.3631,0.0024
8042,03987.wav,3986,1762603275,2.134,0.5223,0.4786,0.5660,0.6894,0.4786,TAO,0.5508,0.2249,0.0231
8043,05502.wav,5501,2447961129,1.450,0.5223,0.4866,0.5580,0.5678,0.4866,TAO,0.5423,-0.1990,-0.0021
8044,05168.wav,5167,2300111470,1.972,0.5223,0.4353,0.6093,0.7400,0.4353,TAO,0.6275,-0.5014,-0.0255
8045,01847.wav,1846,824894244,1.889,0.5222,0.4620,0.5825,0.6699,0.4620,TAO,0.7046,0.1861,0.0087
8046,03599.wav,3598,1590291301,5.664,0.5222,0.4596,0.5848,0.4435,0.4435,TAO,0.2343,-0.6670,-0.0109
8047,06114.wav,6113,2731295979,7.121,0.5221,0.4728,0.5715,0.3851,0.3851,LENT,0.2094,-0.3894,-0.0000
8048,03394.wav,3393,1494870421,4.507,0.5220,0.5549,0.4892,0.2563,0.2563,TAO,0.1853,1.2612,0.0782
8049,08430.wav,8429,3784231888,3.376,0.5218,0.4872,0.5564,0.4409,0.4409,LENT,0.1930,-0.7275,-0.0120
8050,09471.wav,9470,4251577282,4.054,0.5218,0.4520,0.5915,0.3460,0.3460,PAT,0.1705,-1.0373,-0.0200
8051,06174.wav,6173,2757998728,7.567,0.5217,0.5279,0.5156,0.2708,0.2708,PAT,0.2577,1.1519,0.0747
8052,02334.wav,2333,1037892999,8.988,0.5217,0.4797,0.5637,0.3692,0.3692,TAO,0.1542,-0.6680,-0.0035
8053,07290.wav,7289,3267957740,8.901,0.5217,0.4937,0.5497,0.6537,0.4937,TAO,0.7419,-0.0663,0.0040
8054,01618.wav,1617,716277585,2.298,0.5216,0.4506,0.5927,0.6658,0.4506,TAO,0.6885,-0.8227,-0.0376
8055,08115.wav,8114,3649636492,2.299,0.5216,0.4873,0.5560,0.6002,0.4873,KLAU,0.5088,0.0032,0.0030
8056,00889.wav,888,391850183,2.021,0.5216,0.4841,0.5592,0.6018,0.4841,TAO,0.6695,-0.3933,-0.0079
8057,07799.wav,7798,3511728531,3.013,0.5216,0.4931,0.5502,0.6023,0.4931,TAO,0.5444,0.3831,0.0228
8058,05092.wav,5091,2264717599,1.862,0.5216,0.4583,0.5848,0.7072,0.4583,TAO,0.5056,0.3005,0.0148
8059,06962.wav,6961,3112719941,1.760,0.5216,0.4870,0.5561,0.7062,0.4870,TAO,0.5259,-0.0281,0.0044
8060,00794.wav,793,351161516,3.261,0.5213,0.4942,0.5483,0.6575,0.4942,KLAU,0.5849,-0.1624,-0.0019
8061,05765.wav,5764,2569918563,1.900,0.5212,0.4803,0.5621,0.6437,0.4803,TAO,0.7052,-0.5765,-0.0201
8062,08239.wav,8238,3698896460,3.265,0.5211,0.4555,0.5867,0.6720,0.4555,TAO,0.7588,-0.2405,-0.0064
8063,04841.wav,4840,2148635840,2.307,0.5211,0.4723,0.5699,0.5342,0.4723,LENT,0.6950,-0.1956,-0.0045
8064,01418.wav,1417,627123211,7.489,0.5211,0.4911,0.5511,0.3306,0.3306,PAT,0.1935,0.0693,0.0208
8065,00368.wav,367,156655797,2.558,0.5210,0.4942,0.5478,0.6077,0.4942,TAO,0.4327,-0.0333,0.0028
8066,04466.wav,4465,1974837838,2.063,0.5210,0.5199,0.5221,0.5008,0.5008,KLAU,0.6011,0.4026,0.0330
8067,00376.wav,375,163140487,1.868,0.5209,0.4539,0.5879,0.6021,0.4539,TAO,0.5043,-0.6438,-0.0310
8068,06421.wav,6420,2867478850,4.529,0.5209,0.4807,0.5611,0.7118,0.4807,TAO,0.6924,-0.5967,-0.0193
8069,05279.wav,5278,2349295175,6.640,0.5209,0.4855,0.5564,0.3803,0.3803,LENT,0.1711,-0.5519,-0.0049
8070,06160.wav,6159,2749476183,2.388,0.5209,0.4798,0.5619,0.4528,0.4528,TAO,0.4848,-0.2317,-0.0022
8071,05983.wav,5982,2665205608,0.961,0.5208,0.5109,0.5308,0.4031,0.4031,ANCIENT,0.4997,0.0725,0.0109
8072,02923.wav,2922,1296519745,4.249,0.5208,0.4758,0.5658,0.5836,0.4758,KLAU,0.6479,0.3644,0.0150
8073,02044.wav,2043,911371531,2.824,0.5208,0.5019,0.5396,0.6803,0.5019,RYZA,0.7203,-0.2033,-0.0037
8074,01304.wav,1303,578559438,1.559,0.5208,0.4829,0.5587,0.5679,0.4829,TAO,0.5267,-0.0277,-0.0001
8075,06229.wav,6228,2782528235,3.034,0.5208,0.5223,0.5192,0.4017,0.4017,TAO,0.2103,-0.2822,0.0042
8076,07215.wav,7214,3230407506,1.940,0.5207,0.4785,0.5629,0.6242,0.4785,RYZA,0.7250,-0.2625,-0.0082
8077,05739.wav,5738,2555298891,2.454,0.5207,0.4560,0.5853,0.7608,0.4560,TAO,0.5043,-0.1393,-0.0059
8078,03081.wav,3080,1355180898,1.629,0.5206,0.4792,0.5619,0.6544,0.4792,TAO,0.5113,0.3137,0.0123
8079,07082.wav,7081,3167875406,8.271,0.5205,0.5056,0.5354,0.3394,0.3394,LENT,0.1724,-0.2679,0.0057
8080,08972.wav,8971,4035959686,8.238,0.5205,0.4684,0.5726,0.3101,0.3101,LENT,0.2812,-0.4491,0.0006
8081,05700.wav,5699,2539770613,6.300,0.5204,0.5324,0.5084,0.3073,0.3073,PAT,0.2478,0.6534,0.0584
8082,08759.wav,8758,3941520105,5.135,0.5204,0.4646,0.5761,0.6930,0.4646,TAO,0.7223,0.4216,0.0194
8083,09026.wav,9025,4059826247,2.662,0.5204,0.4561,0.5846,0.7421,0.4561,TAO,0.5836,0.0153,-0.0013
8084,08330.wav,8329,3731479146,7.476,0.5203,0.5007,0.5398,0.3628,0.3628,LENT,0.1814,-0.6350,-0.0017
8085,05774.wav,5773,2571062988,5.438,0.5202,0.4937,0.5467,0.4197,0.4197,LENT,0.2332,-0.3880,0.0064
8086,04324.wav,4323,1914170279,2.697,0.5202,0.4438,0.5966,0.4584,0.4438,TAO,0.3691,-1.0651,-0.0322
8087,03396.wav,3395,1495420729,1.246,0.5202,0.4566,0.5838,0.3047,0.3047,TAO,0.3882,-0.3716,-0.0039
8088,01696.wav,1695,755471526,2.175,0.5201,0.4545,0.5856,0.7049,0.4545,TAO,0.6493,0.0278,0.0089
8089,01658.wav,1657,736956072,2.824,0.5200,0.4821,0.5580,0.6138,0.4821,TAO,0.6725,0.2565,0.0148
8090,04530.wav,4529,2011372396,4.255,0.5200,0.4760,0.5640,0.4789,0.4760,LENT,0.2990,-0.2657,-0.0026
8091,05259.wav,5258,2343629322,2.484,0.5199,0.4917,0.5481,0.5684,0.4917,TAO,0.4341,0.2126,0.0087
8092,06818.wav,6817,3042945738,5.585,0.5199,0.5080,0.5318,0.4170,0.4170,LENT,0.2571,-0.0886,0.0162
8093,06436.wav,6435,2877572294,2.961,0.5198,0.4761,0.5636,0.5477,0.4761,LENT,0.5218,-0.4170,-0.0129
8094,02694.wav,2693,1189086124,2.354,0.5197,0.4559,0.5836,0.3752,0.3752,ANCIENT,0.2878,-0.1256,0.0172
8095,08412.wav,8411,3778491917,2.109,0.5195,0.4660,0.5730,0.6529,0.4660,TAO,0.6449,-0.5466,-0.0220
8096,03952.wav,3951,1746851698,3.504,0.5195,0.4622,0.5768,0.5934,0.4622,KLAU,0.8716,-0.3671,-0.0141
8097,06752.wav,6751,3010171335,5.958,0.5195,0.4741,0.5648,0.3366,0.3366,TAO,0.1699,-0.2342,0.0095
8098,03460.wav,3459,1531834516,0.871,0.5194,0.5121,0.5268,0.3560,0.3560,TAO,0.3498,0.8530,0.0482
8099,01117.wav,1116,496415792,6.521,0.5194,0.5022,0.5366,0.4083,0.4083,LENT,0.1674,-0.7418,-0.0099
8100,08263.wav,8262,3707788715,2.128,0.5193,0.5002,0.5385,0.4100,0.4100,LENT,0.4104,-0.4169,-0.0024
8101,08293.wav,8292,3722095891,4.518,0.5193,0.4465,0.5921,0.6883,0.4465,TAO,0.6780,-0.5231,-0.0230
8102,06885.wav,6884,3074359054,2.185,0.5192,0.4699,0.5685,0.7346,0.4699,TAO,0.6180,-0.5261,-0.0183
8103,01438.wav,1437,633772074,1.424,0.5191,0.4973,0.5410,0.6090,0.4973,TAO,0.6800,0.4469,0.0284
8104,03001.wav,3000,1324128426,1.707,0.5191,0.4697,0.5684,0.7047,0.4697,TAO,0.5950,0.1226,0.0089
8105,00841.wav,840,370825454,1.831,0.5189,0.4736,0.5642,0.6629,0.4736,TAO,0.6482,-0.0859,-0.0049
8106,02894.wav,2893,1276598605,8.504,0.5189,0.4860,0.5518,0.4125,0.4125,LENT,0.1824,-0.8838,-0.0185
8107,04525.wav,4524,2010674727,4.622,0.5188,0.4984,0.5393,0.2687,0.2687,ANCIENT,0.2451,0.8916,0.0567
8108,00321.wav,320,141160200,1.453,0.5188,0.4729,0.5647,0.6657,0.4729,TAO,0.4897,-0.7219,-0.0194
8109,00199.wav,198,90266249,2.025,0.5188,0.4860,0.5515,0.6922,0.4860,TAO,0.5867,-0.1883,0.0031
8110,01259.wav,1258,561687691,5.238,0.5187,0.4607,0.5767,0.6948,0.4607,TAO,0.6827,-0.4938,-0.0207
8111,05498.wav,5497,2447034437,3.700,0.5186,0.4573,0.5799,0.3751,0.3751,LENT,0.2590,-1.0729,-0.0286
8112,02809.wav,2808,1239774374,1.716,0.5185,0.4709,0.5661,0.7073,0.4709,TAO,0.5025,0.4242,0.0201
8113,06778.wav,6777,3023288420,1.783,0.5184,0.4738,0.5631,0.5319,0.4738,KLAU,0.6006,0.3010,0.0137
8114,05796.wav,5795,2578836105,2.805,0.5183,0.5400,0.4966,0.4465,0.4465,RYZA,0.3328,-0.3401,0.0036
8115,00795.wav,794,351918321,3.791,0.5183,0.5093,0.5273,0.3215,0.3215,TAO,0.2746,-0.3269,0.0130
8116,02969.wav,2968,1314044981,3.703,0.5182,0.4916,0.5449,0.6538,0.4916,TAO,0.6860,-0.6841,-0.0190
8117,08301.wav,8300,3725443302,1.489,0.5181,0.4629,0.5733,0.6700,0.4629,TAO,0.6629,-0.5167,-0.0211
8118,04611.wav,4610,2043307719,1.461,0.5181,0.4349,0.6012,0.7368,0.4349,TAO,0.5578,-0.3752,-0.0179
8119,08486.wav,8485,3813224310,6.157,0.5180,0.4754,0.5606,0.3346,0.3346,TAO,0.1847,-0.2131,0.0069
8120,01842.wav,1841,821933382,2.683,0.5180,0.5061,0.5298,0.4136,0.4136,ANCIENT,0.3568,-0.6704,-0.0057
8121,01672.wav,1671,739967463,3.361,0.5180,0.4731,0.5628,0.6151,0.4731,LENT,0.7618,-0.4700,-0.0175
8122,09404.wav,9403,4222766409,6.457,0.5179,0.4864,0.5495,0.3678,0.3678,TAO,0.1989,-0.6017,-0.0087
8123,00530.wav,529,227807713,2.316,0.5178,0.4723,0.5633,0.6397,0.4723,TAO,0.6239,0.1453,0.0082
8124,03715.wav,3714,1635792356,1.708,0.5177,0.4807,0.5547,0.6646,0.4807,TAO,0.6946,-0.3747,-0.0155
8125,09326.wav,9325,4191878698,3.745,0.5176,0.4684,0.5669,0.6046,0.4684,RYZA,0.8457,0.0348,0.0038
8126,06554.wav,6553,2928075241,6.980,0.5176,0.4826,0.5526,0.3406,0.3406,PAT,0.2551,0.0506,0.0242
8127,01715.wav,1714,762522052,1.941,0.5176,0.4720,0.5631,0.5555,0.4720,RYZA,0.7883,-0.0678,0.0000
8128,06277.wav,6276,2805005584,5.233,0.5175,0.4777,0.5574,0.6309,0.4777,RYZA,0.8176,-0.0930,-0.0049
8129,06638.wav,6637,2961616139,2.405,0.5175,0.4949,0.5401,0.5890,0.4949,TAO,0.5714,0.4278,0.0243
8130,03914.wav,3913,1729853905,2.686,0.5175,0.4753,0.5596,0.4409,0.4409,ANCIENT,0.3101,0.0491,0.0165
8131,03083.wav,3082,1355533637,4.116,0.5174,0.4774,0.5574,0.4196,0.4196,LENT,0.2024,-1.0852,-0.0228
8132,07292.wav,7291,3268227662,1.766,0.5173,0.4886,0.5461,0.6456,0.4886,RYZA,0.6956,-0.1598,-0.0090
8133,03787.wav,3786,1674750711,1.312,0.5173,0.4999,0.5346,0.6381,0.4999,TAO,0.5834,0.0733,0.0156
8134,06788.wav,6787,3032919535,6.041,0.5172,0.4647,0.5697,0.6940,0.4647,TAO,0.7054,-0.9919,-0.0386
8135,01135.wav,1134,503161190,1.247,0.5172,0.4937,0.5407,0.3575,0.3575,PAT,0.2430,-0.7461,-0.0163
8136,07624.wav,7623,3428092931,1.728,0.5172,0.4672,0.5672,0.6707,0.4672,TAO,0.6667,-0.5604,-0.0260
8137,04082.wav,4081,1807475465,3.823,0.5171,0.4827,0.5515,0.5695,0.4827,RYZA,0.8090,-0.5252,-0.0043
8138,02549.wav,2548,1120788162,5.633,0.5169,0.4909,0.5429,0.6015,0.4909,TAO,0.4897,-0.1972,-0.0051
8139,01282.wav,1281,572116397,2.134,0.5169,0.4391,0.5947,0.6348,0.4391,RYZA,0.7028,0.0909,0.0007
8140,08733.wav,8732,3930867053,1.943,0.5169,0.4571,0.5767,0.6861,0.4571,TAO,0.7021,-0.4073,-0.0164
8141,02865.wav,2864,1265745293,2.270,0.5168,0.4603,0.5733,0.5719,0.4603,RYZA,0.4167,0.0711,0.0108
8142,07239.wav,7238,3242614186,4.137,0.5168,0.4763,0.5572,0.4063,0.4063,TAO,0.2976,-0.4113,0.0037
8143,06289.wav,6288,2808401863,2.253,0.5168,0.4886,0.5449,0.5718,0.4886,TAO,0.5531,-0.3190,-0.0101
8144,08719.wav,8718,3923968619,3.781,0.5166,0.4684,0.5649,0.3694,0.3694,ANCIENT,0.2857,-0.1569,0.0130
8145,01761.wav,1760,787973548,4.668,0.5166,0.4692,0.5640,0.4404,0.4404,TAO,0.2761,-0.7376,-0.0084
8146,07701.wav,7700,3462156199,5.884,0.5165,0.4721,0.5610,0.4085,0.4085,TAO,0.2651,-0.6896,-0.0027
8147,05589.wav,5588,2488476138,2.039,0.5165,0.4718,0.5613,0.6566,0.4718,TAO,0.5252,0.4050,0.0163
8148,04770.wav,4769,2120664883,5.496,0.5165,0.5281,0.5049,0.2446,0.2446,PAT,0.2016,0.6323,0.0565
8149,01577.wav,1576,690588770,2.861,0.5164,0.4889,0.5440,0.5028,0.4889,KLAU,0.5076,-0.0001,0.0056
8150,01055.wav,1054,461928470,2.006,0.5164,0.4488,0.5840,0.4750,0.4488,TAO,0.3499,-0.4313,-0.0101
8151,00797.wav,796,352384044,4.184,0.5163,0.4544,0.5782,0.3894,0.3894,TAO,0.1283,-0.6445,-0.0186
8152,07218.wav,7217,3234157962,1.969,0.5163,0.4850,0.5476,0.6182,0.4850,KLAU,0.6009,-0.0419,0.0060
8153,09427.wav,9426,4233064138,1.736,0.5162,0.4610,0.5715,0.6539,0.4610,TAO,0.7179,-0.1724,-0.0119
8154,05413.wav,5412,2409712205,4.537,0.5161,0.4391,0.5931,0.6382,0.4391,LENT,0.7433,-0.0914,0.0010
8155,04825.wav,4824,2142261455,5.017,0.5161,0.4763,0.5558,0.6217,0.4763,TAO,0.6065,-0.5254,-0.0162
8156,02264.wav,2263,1007777136,1.950,0.5161,0.4510,0.5811,0.6729,0.4510,TAO,0.7120,-0.5374,-0.0267
8157,01344.wav,1343,596033877,1.604,0.5157,0.4776,0.5538,0.6375,0.4776,TAO,0.6332,-0.5596,-0.0180
8158,08508.wav,8507,3824691662,1.748,0.5155,0.4891,0.5419,0.6478,0.4891,TAO,0.6941,-0.3819,-0.0062
8159,06009.wav,6008,2676682191,4.081,0.5154,0.4633,0.5675,0.6685,0.4633,TAO,0.7579,-0.3823,-0.0122
8160,00923.wav,922,406453286,2.233,0.5154,0.4375,0.5933,0.7403,0.4375,TAO,0.6138,-0.8319,-0.0351
8161,02843.wav,2842,1252069098,1.602,0.5154,0.4704,0.5604,0.6410,0.4704,TAO,0.6860,0.5032,0.0216
8162,03533.wav,3532,1563350392,4.105,0.5153,0.4404,0.5902,0.3998,0.3998,PAT,0.2862,-0.4982,-0.0135
8163,07285.wav,7284,3265614668,5.973,0.5153,0.4739,0.5567,0.4213,0.4213,ANCIENT,0.2359,-0.8601,-0.0112
8164,07406.wav,7405,3324183688,5.328,0.5152,0.4754,0.5550,0.7125,0.4754,TAO,0.6950,-0.3619,-0.0105
8165,00089.wav,88,39413289,1.933,0.5151,0.4815,0.5488,0.3434,0.3434,ANCIENT,0.3128,-0.0714,0.0200
8166,09037.wav,9036,4063425865,1.542,0.5150,0.4799,0.5501,0.6543,0.4799,RYZA,0.6584,0.2779,0.0162
8167,08898.wav,8897,4005517102,8.144,0.5149,0.4807,0.5492,0.4032,0.4032,LENT,0.1910,-0.5083,-0.0008
8168,06472.wav,6471,2891304743,1.112,0.5149,0.4583,0.5714,0.5137,0.4583,RYZA,0.5568,-0.2605,0.0082
8169,04679.wav,4678,2073591506,1.649,0.5148,0.5017,0.5280,0.5777,0.5017,TAO,0.3902,-0.1909,0.0110
8170,08418.wav,8417,3779138407,1.824,0.5148,0.4761,0.5535,0.6667,0.4761,TAO,0.4831,-0.0085,0.0043
8171,09405.wav,9404,4222944232,5.463,0.5148,0.4620,0.5676,0.6901,0.4620,TAO,0.7020,-0.6504,-0.0269
8172,06644.wav,6643,2963574131,2.226,0.5148,0.4846,0.5450,0.6815,0.4846,TAO,0.6938,0.0412,0.0055
8173,06427.wav,6426,2872431605,3.703,0.5148,0.5133,0.5163,0.4255,0.4255,LENT,0.4720,0.0162,0.0116
8174,03316.wav,3315,1454597836,6.687,0.5148,0.5016,0.5280,0.4370,0.4370,LENT,0.2058,-0.4558,-0.0010
8175,07517.wav,7516,3382491412,2.082,0.5147,0.4733,0.5562,0.6561,0.4733,TAO,0.6707,-0.0443,0.0010
8176,02539.wav,2538,1119516201,3.998,0.5147,0.4860,0.5435,0.2990,0.2990,TAO,0.2166,-0.2913,0.0054
8177,04037.wav,4036,1785621066,4.199,0.5147,0.4662,0.5633,0.6348,0.4662,TAO,0.6893,-0.0112,-0.0025
8178,07225.wav,7224,3235948719,2.230,0.5147,0.5262,0.5031,0.4027,0.4027,TAO,0.4094,-0.5757,-0.0007
8179,04244.wav,4243,1880957513,1.404,0.5146,0.4685,0.5608,0.4064,0.4064,TAO,0.2577,0.3081,0.0305
8180,03203.wav,3202,1404798473,1.117,0.5145,0.4849,0.5441,0.5151,0.4849,TAO,0.5374,-0.0486,0.0083
8181,07078.wav,7077,3164144877,1.458,0.5145,0.4980,0.5311,0.5818,0.4980,TAO,0.6388,0.5715,0.0308
8182,02689.wav,2688,1188195412,2.848,0.5145,0.4755,0.5535,0.4315,0.4315,PAT,0.2547,-0.6223,-0.0076
8183,04781.wav,4780,2125934701,0.726,0.5144,0.4967,0.5322,0.5633,0.4967,TAO,0.6086,-0.5910,-0.0131
8184,02376.wav,2375,1049421966,1.782,0.5144,0.4786,0.5501,0.5754,0.4786,LENT,0.7485,0.2420,0.0149
8185,06400.wav,6399,2859725731,8.364,0.5144,0.4553,0.5735,0.4729,0.4553,ANCIENT,0.7546,-0.3350,-0.0031
8186,02911.wav,2910,1291379056,1.947,0.5144,0.4753,0.5534,0.6611,0.4753,TAO,0.4960,0.4384,0.0208
8187,07100.wav,7099,3178870607,1.928,0.5142,0.4895,0.5390,0.6450,0.4895,TAO,0.5268,-0.4460,-0.0010
8188,06340.wav,6339,2831903534,4.437,0.5141,0.5128,0.5155,0.4441,0.4441,LENT,0.2647,-0.3147,0.0039
8189,07275.wav,7274,3261589418,3.387,0.5141,0.4668,0.5614,0.6761,0.4668,TAO,0.7169,-0.3052,-0.0136
8190,00557.wav,556,238893302,2.205,0.5141,0.4500,0.5782,0.7394,0.4500,TAO,0.5836,-0.2098,-0.0062
8191,03130.wav,3129,1373561840,2.159,0.5141,0.4753,0.5529,0.6088,0.4753,RYZA,0.7420,0.1481,0.0039
8192,07976.wav,7975,3593643058,1.526,0.5141,0.4529,0.5752,0.6952,0.4529,TAO,0.5495,-0.0135,0.0054
8193,09084.wav,9083,4086215919,1.989,0.5139,0.4845,0.5433,0.6176,0.4845,KLAU,0.6285,0.1088,0.0147
8194,06940.wav,6939,3102352303,1.884,0.5139,0.4724,0.5553,0.6647,0.4724,TAO,0.6206,-0.2654,-0.0155
8195,08666.wav,8665,3901678672,2.468,0.5139,0.4387,0.5890,0.6283,0.4387,RYZA,0.6014,0.2813,0.0072
8196,05900.wav,5899,2635064574,1.606,0.5138,0.4869,0.5406,0.6707,0.4869,TAO,0.6465,0.6031,0.0275
8197,09457.wav,9456,4246352006,5.354,0.5137,0.4678,0.5596,0.6200,0.4678,TAO,0.8008,-0.1250,-0.0005
8198,03532.wav,3531,1562267597,2.867,0.5135,0.5396,0.4875,0.2801,0.2801,TAO,0.2878,1.3388,0.0789
8199,06993.wav,6992,3123303405,1.389,0.5135,0.4382,0.5888,0.3961,0.3961,PAT,0.3589,-0.6037,-0.0196
8200,08707.wav,8706,3914588297,1.905,0.5135,0.4617,0.5652,0.6576,0.4617,TAO,0.7664,-0.3353,-0.0135
8201,06248.wav,6247,2789468328,7.097,0.5134,0.4711,0.5558,0.3785,0.3785,ANCIENT,0.2804,-0.5299,0.0017
8202,03870.wav,3869,1711531078,3.294,0.5134,0.5768,0.4501,0.2739,0.2739,TAO,0.2215,1.2625,0.0790
8203,00896.wav,895,397237736,2.138,0.5134,0.4768,0.5500,0.5943,0.4768,KLAU,0.6674,0.0968,0.0170
8204,04629.wav,4628,2053413204,3.337,0.5134,0.4840,0.5427,0.5617,0.4840,LENT,0.4970,-0.2860,-0.0104
8205,02977.wav,2976,1316597585,1.754,0.5133,0.4534,0.5733,0.5299,0.4534,TAO,0.5406,0.4739,0.0317
8206,06705.wav,6704,2989602499,2.011,0.5133,0.4694,0.5573,0.5734,0.4694,TAO,0.5466,-0.1607,0.0009
8207,05652.wav,5651,2514656178,4.567,0.5132,0.5088,0.5176,0.3926,0.3926,KLAU,0.4817,-0.6700,-0.0107
8208,03745.wav,3744,1653130376,1.549,0.5131,0.4582,0.5681,0.3810,0.3810,TAO,0.2547,-0.3193,0.0065
8209,04469.wav,4468,1977941961,2.903,0.5131,0.4881,0.5381,0.5466,0.4881,LENT,0.4488,-0.1255,-0.0006
8210,05046.wav,5045,2240187472,2.483,0.5130,0.4836,0.5424,0.3261,0.3261,PAT,0.1942,-0.0511,0.0120
8211,09313.wav,9312,4187690853,3.561,0.5130,0.4495,0.5764,0.7304,0.4495,TAO,0.6079,-0.6298,-0.0230
8212,02196.wav,2195,974242239,1.474,0.5129,0.4580,0.5679,0.6621,0.4580,TAO,0.6551,-0.3750,-0.0140
8213,03608.wav,3607,1594532304,6.302,0.5129,0.4531,0.5727,0.3473,0.3473,TAO,0.2440,-0.7816,-0.0170
8214,08311.wav,8310,3728053461,2.992,0.5129,0.4508,0.5750,0.5724,0.4508,LENT,0.7713,-0.4762,-0.0226
8215,04431.wav,4430,1961480195,1.591,0.5128,0.4635,0.5622,0.6907,0.4635,TAO,0.6285,0.2519,0.0128
8216,05286.wav,5285,2351147850,1.861,0.5128,0.4265,0.5990,0.7089,0.4265,TAO,0.6475,-0.5845,-0.0277
8217,08072.wav,8071,3629417639,6.524,0.5127,0.4763,0.5492,0.3343,0.3343,TAO,0.1792,-0.6191,-0.0009
8218,07469.wav,7468,3362597733,3.004,0.5127,0.4726,0.5528,0.5036,0.4726,KLAU,0.5922,-0.1833,0.0045
8219,03668.wav,3667,1614130959,1.539,0.5127,0.4495,0.5760,0.6660,0.4495,TAO,0.4529,-0.4782,-0.0214
8220,01539.wav,1538,676026418,2.001,0.5126,0.4456,0.5797,0.7241,0.4456,TAO,0.6031,-0.9758,-0.0435
8221,08603.wav,8602,3874216233,2.812,0.5126,0.4883,0.5370,0.6144,0.4883,RYZA,0.6832,-0.0772,-0.0032
8222,00182.wav,181,75483797,1.724,0.5126,0.4412,0.5840,0.6416,0.4412,TAO,0.5535,0.1755,0.0149
8223,09435.wav,9434,4237099212,2.903,0.5126,0.4436,0.5816,0.7164,0.4436,TAO,0.5813,-0.4212,-0.0209
8224,03414.wav,3413,1503761515,2.035,0.5125,0.4585,0.5665,0.6484,0.4585,TAO,0.7040,-0.3339,-0.0136
8225,01423.wav,1422,628641863,6.587,0.5124,0.4572,0.5677,0.3613,0.3613,PAT,0.2466,-0.5788,-0.0087
8226,06264.wav,6263,2800614701,3.004,0.5124,0.4545,0.5703,0.6679,0.4545,TAO,0.7455,-0.5359,-0.0192
8227,02348.wav,2347,1039699339,5.289,0.5124,0.4942,0.5306,0.3810,0.3810,LENT,0.2374,-0.8253,-0.0170
8228,01232.wav,1231,547900491,8.387,0.5123,0.4598,0.5648,0.3552,0.3552,PAT,0.2582,-0.9563,-0.0203
8229,01207.wav,1206,534779200,1.538,0.5122,0.4526,0.5719,0.7036,0.4526,TAO,0.5117,0.1501,0.0073
8230,01425.wav,1424,631000586,2.988,0.5122,0.4672,0.5571,0.6108,0.4672,TAO,0.6589,-0.4282,-0.0090
8231,01613.wav,1612,714698628,7.271,0.5121,0.4700,0.5542,0.3654,0.3654,PAT,0.2252,-0.7746,-0.0080
8232,04780.wav,4779,2125757488,6.304,0.5121,0.4813,0.5428,0.3149,0.3149,PAT,0.1501,0.1730,0.0230
8233,09437.wav,9436,4238249542,8.200,0.5121,0.4622,0.5620,0.3649,0.3649,TAO,0.1993,-1.0454,-0.0198
8234,07953.wav,7952,3582285420,2.631,0.5120,0.4989,0.5251,0.4117,0.4117,ANCIENT,0.5759,-0.6487,-0.0046
8235,02552.wav,2551,1121550503,4.345,0.5120,0.4667,0.5573,0.3828,0.3828,TAO,0.1621,-0.0837,0.0078
8236,07350.wav,7349,3299838342,1.977,0.5120,0.4695,0.5544,0.5453,0.4695,TAO,0.4335,0.1180,0.0218
8237,03671.wav,3670,1616089558,4.667,0.5119,0.4627,0.5612,0.4435,0.4435,LENT,0.2306,-0.3740,-0.0019
8238,04564.wav,4563,2026745489,8.062,0.5119,0.4794,0.5445,0.7041,0.4794,TAO,0.6402,-0.1672,-0.0042
8239,05295.wav,5294,2355966463,1.611,0.5119,0.4573,0.5665,0.6190,0.4573,TAO,0.7495,-0.2292,-0.0050
8240,08768.wav,8767,3946632650,3.655,0.5116,0.4787,0.5444,0.5527,0.4787,ANCIENT,0.4373,-0.1267,0.0002
8241,06446.wav,6445,2879323913,1.711,0.5116,0.4781,0.5450,0.6293,0.4781,TAO,0.5842,0.0646,0.0135
8242,09443.wav,9442,4240222566,2.171,0.5116,0.4838,0.5393,0.5652,0.4838,KLAU,0.5312,-0.3230,-0.0032
8243,08410.wav,8409,3777848969,5.228,0.5114,0.4951,0.5278,0.3726,0.3726,LENT,0.1759,-0.4784,0.0013
8244,06859.wav,6858,3063399363,1.821,0.5114,0.4781,0.5447,0.6752,0.4781,TAO,0.5758,0.4224,0.0166
8245,04855.wav,4854,2155298786,1.989,0.5112,0.4868,0.5356,0.4891,0.4868,KLAU,0.5791,-0.2659,-0.0112
8246,06523.wav,6522,2909285191,1.758,0.5111,0.4765,0.5457,0.6877,0.4765,TAO,0.6859,0.0355,0.0020
8247,06820.wav,6819,3043019239,1.555,0.5111,0.4481,0.5742,0.6795,0.4481,TAO,0.6884,-0.3645,-0.0105
8248,04024.wav,4023,1784457674,8.443,0.5111,0.4812,0.5410,0.3361,0.3361,TAO,0.2561,-0.7337,-0.0113
8249,02976.wav,2975,1316577587,6.449,0.5110,0.5247,0.4974,0.2462,0.2462,TAO,0.2252,1.1569,0.0690
8250,07793.wav,7792,3505903478,3.057,0.5110,0.4634,0.5585,0.6403,0.4634,TAO,0.7265,-0.6111,-0.0213
8251,05090.wav,5089,2264330383,4.117,0.5106,0.4940,0.5273,0.4027,0.4027,LENT,0.2311,-0.5409,-0.0039
8252,01692.wav,1691,753475080,1.889,0.5106,0.4862,0.5350,0.6628,0.4862,KLAU,0.5446,-0.1439,-0.0018
8253,00749.wav,748,326581703,1.358,0.5105,0.4835,0.5375,0.5978,0.4835,RYZA,0.6101,0.2236,0.0123
8254,06540.wav,6539,2917504033,8.979,0.5104,0.4754,0.5453,0.3056,0.3056,TAO,0.2594,-0.5697,-0.0058
8255,03762.wav,3761,1661930980,6.532,0.5101,0.4305,0.5898,0.4941,0.4305,TAO,0.3620,-1.2520,-0.0289
8256,04047.wav,4046,1791807748,2.515,0.5101,0.4448,0.5754,0.7297,0.4448,TAO,0.6007,0.1116,0.0095
8257,06159.wav,6158,2749426126,2.129,0.5099,0.4716,0.5481,0.5800,0.4716,TAO,0.4496,-0.0605,0.0028
8258,00616.wav,615,264621712,1.352,0.5099,0.4747,0.5450,0.3294,0.3294,ANCIENT,0.3344,0.2226,0.0340
8259,07403.wav,7402,3322951492,4.945,0.5098,0.4689,0.5507,0.6913,0.4689,TAO,0.6446,-0.3419,-0.0113
8260,03315.wav,3314,1454328058,1.768,0.5097,0.4344,0.5850,0.6862,0.4344,TAO,0.3871,-0.6553,-0.0262
8261,03963.wav,3962,1752543879,1.579,0.5097,0.4567,0.5626,0.6026,0.4567,TAO,0.4799,-0.3663,-0.0122
8262,09275.wav,9274,4171133728,8.024,0.5096,0.4530,0.5662,0.3323,0.3323,TAO,0.1373,-0.2110,0.0143
8263,05939.wav,5938,2651635782,3.012,0.5095,0.4717,0.5474,0.5960,0.4717,TAO,0.5298,0.5048,0.0187
8264,04847.wav,4846,2150872212,2.993,0.5095,0.4485,0.5705,0.4784,0.4485,PAT,0.2661,-0.5090,-0.0046
8265,02912.wav,2911,1292190582,3.697,0.5095,0.4466,0.5723,0.4007,0.4007,TAO,0.3036,-0.7516,-0.0141
8266,00982.wav,981,431667400,1.730,0.5093,0.4643,0.5544,0.6786,0.4643,TAO,0.6637,-0.0409,-0.0018
8267,01334.wav,1333,590623212,3.298,0.5093,0.5271,0.4916,0.3133,0.3133,TAO,0.2459,1.4406,0.0795
8268,04018.wav,4017,1783296803,3.012,0.5092,0.4728,0.5457,0.6038,0.4728,TAO,0.5260,0.4597,0.0166
8269,06998.wav,6997,3129449490,3.112,0.5092,0.4585,0.5598,0.6253,0.4585,TAO,0.7129,-0.3391,-0.0195
8270,01619.wav,1618,717119089,1.521,0.5091,0.4720,0.5463,0.4170,0.4170,LENT,0.4860,-0.9680,-0.0190
8271,04444.wav,4443,1966501778,1.975,0.5091,0.4845,0.5337,0.6125,0.4845,TAO,0.5761,-0.1109,0.0021
8272,06731.wav,6730,3001149396,4.176,0.5090,0.4705,0.5476,0.6243,0.4705,KLAU,0.8155,0.0766,0.0088
8273,04935.wav,4934,2190719180,6.025,0.5089,0.4999,0.5179,0.3136,0.3136,TAO,0.2444,0.9034,0.0615
8274,03977.wav,3976,1759594405,2.048,0.5087,0.4654,0.5520,0.5604,0.4654,KLAU,0.8129,0.3271,0.0161
8275,07716.wav,7715,3470822761,4.838,0.5087,0.4859,0.5315,0.3941,0.3941,ANCIENT,0.1450,-1.1748,-0.0258
8276,08296.wav,8295,3722618856,2.448,0.5085,0.4779,0.5392,0.6832,0.4779,TAO,0.7070,-0.4580,-0.0146
8277,00488.wav,487,208124913,5.552,0.5085,0.4554,0.5617,0.4463,0.4463,TAO,0.3718,-0.8697,-0.0154
8278,07518.wav,7517,3382617458,2.800,0.5085,0.4585,0.5586,0.6612,0.4585,TAO,0.4554,0.3948,0.0160
8279,00254.wav,253,113691500,7.158,0.5085,0.4811,0.5359,0.2748,0.2748,TAO,0.2654,-0.5130,0.0058
8280,01052.wav,1051,461763692,2.047,0.5084,0.4664,0.5504,0.6230,0.4664,TAO,0.4970,0.0940,0.0046
8281,03153.wav,3152,1383698243,6.194,0.5084,0.4637,0.5531,0.3612,0.3612,TAO,0.2224,-0.7822,-0.0087
8282,04952.wav,4951,2196224797,2.338,0.5084,0.4938,0.5230,0.6247,0.4938,LENT,0.4222,-0.4998,-0.0084
8283,09268.wav,9267,4167614514,2.309,0.5084,0.4767,0.5400,0.4342,0.4342,TAO,0.4499,-0.6518,0.0022
8284,08989.wav,8988,4040383217,2.045,0.5083,0.4865,0.5300,0.3893,0.3893,TAO,0.2648,-0.1777,0.0088
8285,02342.wav,2341,1039401321,5.059,0.5082,0.4769,0.5395,0.6249,0.4769,KLAU,0.7564,0.0774,0.0052
8286,07260.wav,7259,3254051641,1.369,0.5082,0.5313,0.4851,0.5081,0.4851,TAO,0.5742,0.2352,0.0244
8287,02402.wav,2401,1061720422,2.685,0.5080,0.4836,0.5323,0.6012,0.4836,KLAU,0.5938,0.2590,0.0225
8288,09173.wav,9172,4126860396,1.173,0.5080,0.4869,0.5290,0.3253,0.3253,TAO,0.2588,0.1945,0.0248
8289,05941.wav,5940,2651804360,4.360,0.5079,0.4676,0.5482,0.3414,0.3414,ANCIENT,0.2250,-0.8399,-0.0100
8290,04301.wav,4300,1905895024,3.808,0.5078,0.4713,0.5443,0.3720,0.3720,PAT,0.1810,-0.6591,-0.0099
8291,00813.wav,812,357550577,2.196,0.5077,0.4942,0.5212,0.5266,0.4942,TAO,0.5480,-0.2075,-0.0038
8292,07988.wav,7987,3597635938,1.469,0.5077,0.4675,0.5478,0.7365,0.4675,TAO,0.6614,-0.1317,0.0001
8293,06466.wav,6465,2886912869,1.947,0.5074,0.4558,0.5590,0.6631,0.4558,TAO,0.6234,0.1864,0.0096
8294,03636.wav,3635,1605242851,1.853,0.5074,0.4758,0.5389,0.6455,0.4758,KLAU,0.5986,0.2831,0.0171
8295,00640.wav,639,274524360,3.613,0.5073,0.4574,0.5573,0.6929,0.4574,TAO,0.6677,0.1507,0.0030
8296,03352.wav,3351,1476454756,1.583,0.5072,0.4655,0.5490,0.7009,0.4655,TAO,0.6876,0.1383,0.0098
8297,01910.wav,1909,855176654,1.640,0.5072,0.4421,0.5723,0.7188,0.4421,TAO,0.6046,-0.1869,-0.0106
8298,03531.wav,3530,1561861544,3.362,0.5072,0.4781,0.5363,0.4697,0.4697,LENT,0.3464,-0.2581,0.0085
8299,04589.wav,4588,2035737740,5.742,0.5072,0.4743,0.5401,0.4147,0.4147,PAT,0.3151,-0.7681,-0.0187
8300,05150.wav,5149,2294416686,2.443,0.5072,0.5005,0.5138,0.5542,0.5005,TAO,0.7342,-0.0167,0.0108
8301,03683.wav,3682,1623898419,5.875,0.5070,0.5182,0.4958,0.3233,0.3233,LENT,0.1710,-0.1926,0.0108
8302,08963.wav,8962,4030457611,1.236,0.5070,0.4939,0.5200,0.6629,0.4939,RYZA,0.5323,0.0425,0.0122
8303,07661.wav,7660,3444684137,7.025,0.5069,0.4580,0.5558,0.3219,0.3219,TAO,0.3059,-0.4811,-0.0009
8304,06243.wav,6242,2787555067,2.073,0.5069,0.4611,0.5526,0.6517,0.4611,TAO,0.5837,0.0409,0.0032
8305,01794.wav,1793,804550671,1.443,0.5068,0.4777,0.5359,0.5980,0.4777,RYZA,0.6985,0.4738,0.0243
8306,01405.wav,1404,617527888,101.408,0.5068,0.5038,0.5098,0.3370,0.3370,PAT,0.2126,-0.3961,0.0084
8307,05554.wav,5553,2472709520,3.836,0.5068,0.4451,0.5685,0.5906,0.4451,LENT,0.7464,-0.4927,-0.0139
8308,08665.wav,8664,3901313420,2.351,0.5066,0.4515,0.5616,0.5819,0.4515,KLAU,0.6869,-0.5649,-0.0240
8309,02933.wav,2932,1298271364,2.895,0.5065,0.4851,0.5280,0.5916,0.4851,TAO,0.4428,0.0053,0.0067
8310,01412.wav,1411,624910284,2.012,0.5065,0.4598,0.5532,0.5630,0.4598,KLAU,0.5776,-0.2888,-0.0013
8311,05355.wav,5354,2376896615,4.241,0.5065,0.4694,0.5436,0.6361,0.4694,TAO,0.6970,-0.4822,-0.0122
8312,09187.wav,9186,4133514690,2.513,0.5064,0.4769,0.5359,0.5682,0.4769,LENT,0.5104,-0.2388,-0.0036
8313,03500.wav,3499,1550358541,2.174,0.5064,0.4751,0.5376,0.5921,0.4751,TAO,0.4816,-0.0314,0.0016
8314,08033.wav,8032,3617826762,3.111,0.5063,0.4646,0.5480,0.6817,0.4646,TAO,0.7303,-0.1391,-0.0069
8315,09523.wav,9522,4271347236,6.518,0.5063,0.4618,0.5508,0.3874,0.3874,PAT,0.2310,-0.5864,0.0046
8316,06902.wav,6901,3084659343,0.988,0.5062,0.4523,0.5601,0.3634,0.3634,TAO,0.2810,-0.1813,0.0043
8317,03434.wav,3433,1518700905,6.022,0.5062,0.4714,0.5410,0.3973,0.3973,LENT,0.2327,-0.9282,-0.0196
8318,08501.wav,8500,3821320879,2.003,0.5062,0.4552,0.5572,0.6639,0.4552,TAO,0.6303,-0.2724,-0.0129
8319,00939.wav,938,415505842,3.699,0.5060,0.4912,0.5208,0.4585,0.4585,KLAU,0.4860,-0.1517,0.0036
8320,07445.wav,7444,3347817282,1.830,0.5059,0.4730,0.5388,0.6347,0.4730,LENT,0.4313,-0.4142,-0.0128
8321,03550.wav,3549,1574765544,6.753,0.5059,0.4991,0.5127,0.3426,0.3426,PAT,0.1841,-0.3268,0.0143
8322,02759.wav,2758,1218528200,4.653,0.5059,0.5352,0.4766,0.5016,0.4766,PAT,0.4035,0.5620,0.0463
8323,08189.wav,8188,3678895233,2.156,0.5057,0.4341,0.5774,0.6262,0.4341,TAO,0.6748,-0.3413,-0.0143
8324,00327.wav,326,143336870,2.199,0.5057,0.5034,0.5080,0.3295,0.3295,ANCIENT,0.2385,-0.4060,0.0024
8325,06431.wav,6430,2876645263,2.086,0.5056,0.4843,0.5270,0.6070,0.4843,TAO,0.7319,0.2721,0.0147
8326,00763.wav,762,331125301,2.872,0.5056,0.4411,0.5701,0.4158,0.4158,LENT,0.2189,-0.0323,0.0095
8327,07949.wav,7948,3580265793,1.587,0.5056,0.4509,0.5603,0.6428,0.4509,TAO,0.5379,0.1328,0.0093
8328,02132.wav,2131,947943555,6.351,0.5055,0.4654,0.5455,0.3489,0.3489,ANCIENT,0.2039,-0.5996,0.0039
8329,08587.wav,8586,3860685548,2.078,0.5055,0.4882,0.5227,0.2742,0.2742,TAO,0.1497,0.0473,0.0239
8330,03470.wav,3469,1533773166,1.710,0.5054,0.4508,0.5599,0.6979,0.4508,TAO,0.7412,0.0938,0.0069
8331,05903.wav,5902,2636670149,2.308,0.5052,0.5121,0.4982,0.3823,0.3823,PAT,0.3522,1.4081,0.0718
8332,07334.wav,7333,3291142215,2.020,0.5051,0.4672,0.5429,0.6287,0.4672,TAO,0.5332,-0.3486,-0.0113
8333,06217.wav,6216,2780130274,4.361,0.5050,0.4792,0.5308,0.4878,0.4792,TAO,0.4611,-0.2252,-0.0059
8334,07132.wav,7131,3193590753,2.558,0.5050,0.4934,0.5166,0.5619,0.4934,KLAU,0.5656,0.1064,0.0071
8335,03450.wav,3449,1525938476,5.977,0.5050,0.4877,0.5222,0.4399,0.4399,PAT,0.4357,-1.0377,-0.0217
8336,05234.wav,5233,2326173763,5.623,0.5049,0.4449,0.5649,0.3731,0.3731,TAO,0.2684,-0.6095,-0.0111
8337,04961.wav,4960,2197720930,1.455,0.5049,0.4747,0.5351,0.6339,0.4747,TAO,0.5038,-0.0033,0.0161
8338,04192.wav,4191,1859363209,6.143,0.5048,0.4778,0.5319,0.4137,0.4137,LENT,0.2857,-0.5136,-0.0056
8339,00996.wav,995,436995685,2.287,0.5046,0.4520,0.5571,0.6761,0.4520,TAO,0.7216,-0.3014,-0.0116
8340,04035.wav,4034,1785271721,5.070,0.5045,0.4829,0.5260,0.4045,0.4045,LENT,0.3348,-0.6305,-0.0131
8341,06365.wav,6364,2846393776,1.715,0.5045,0.4551,0.5538,0.7285,0.4551,TAO,0.6422,0.0411,0.0021
8342,00173.wav,172,73801962,5.956,0.5044,0.4694,0.5394,0.3065,0.3065,LENT,0.1853,-0.2481,0.0112
8343,01518.wav,1517,665261672,6.537,0.5043,0.5071,0.5015,0.3477,0.3477,PAT,0.2729,-0.3332,0.0106
8344,03150.wav,3149,1382021343,6.825,0.5043,0.4346,0.5741,0.3377,0.3377,LENT,0.1771,-1.1848,-0.0314
8345,00112.wav,111,47410796,1.747,0.5043,0.4724,0.5361,0.6440,0.4724,RYZA,0.7027,-0.0252,-0.0006
8346,08148.wav,8147,3665118574,2.036,0.5042,0.4743,0.5342,0.4552,0.4552,TAO,0.3093,0.0275,0.0166
8347,03389.wav,3388,1493429009,2.695,0.5042,0.5119,0.4966,0.5396,0.4966,KLAU,0.5308,0.3089,0.0231
8348,07298.wav,7297,3269046413,6.054,0.5042,0.4470,0.5615,0.3484,0.3484,PAT,0.1996,-0.8354,-0.0179
8349,07379.wav,7378,3314496289,3.894,0.5042,0.4605,0.5479,0.6607,0.4605,TAO,0.6195,0.3428,0.0185
8350,04954.wav,4953,2196461158,5.641,0.5042,0.5193,0.4890,0.3251,0.3251,TAO,0.2508,-0.2544,0.0190
8351,05262.wav,5261,2344667689,1.889,0.5041,0.4616,0.5466,0.5493,0.4616,LENT,0.4761,-0.0270,0.0035
8352,09539.wav,9538,4282121745,1.624,0.5040,0.4618,0.5462,0.6311,0.4618,RYZA,0.7226,0.0787,0.0058
8353,04404.wav,4403,1951052510,5.466,0.5040,0.4727,0.5353,0.3880,0.3880,PAT,0.1983,-0.8331,-0.0108
8354,00335.wav,334,146550312,3.498,0.5039,0.4475,0.5603,0.6124,0.4475,TAO,0.6312,-0.1950,-0.0124
8355,07568.wav,7567,3405288741,1.879,0.5039,0.4428,0.5650,0.6642,0.4428,TAO,0.4624,-0.5628,-0.0158
8356,06991.wav,6990,3123153604,1.418,0.5038,0.4686,0.5390,0.6752,0.4686,TAO,0.4991,-0.0584,0.0098
8357,08157.wav,8156,3668029170,7.754,0.5037,0.4527,0.5547,0.3668,0.3668,PAT,0.2114,-0.1879,0.0105
8358,08823.wav,8822,3966109945,1.558,0.5037,0.4319,0.5754,0.4253,0.4253,ANCIENT,0.4700,-0.4601,-0.0107
8359,09542.wav,9541,4283689231,3.321,0.5034,0.4761,0.5307,0.5788,0.4761,TAO,0.4627,0.1219,0.0110
8360,02224.wav,2223,989899976,1.538,0.5034,0.4807,0.5261,0.6093,0.4807,RYZA,0.6493,-0.0245,0.0086
8361,00495.wav,494,212561539,2.688,0.5033,0.4520,0.5546,0.7340,0.4520,TAO,0.6776,-0.6091,-0.0194
8362,01324.wav,1323,586019975,6.265,0.5033,0.5139,0.4926,0.3440,0.3440,LENT,0.1441,-0.6638,-0.0003
8363,06149.wav,6148,2747619786,2.034,0.5032,0.4582,0.5483,0.5566,0.4582,KLAU,0.5863,-0.0197,0.0060
8364,04487.wav,4486,1987526507,1.778,0.5032,0.4719,0.5346,0.6521,0.4719,TAO,0.5924,-0.4296,-0.0162
8365,01732.wav,1731,775288083,3.458,0.5032,0.4510,0.5554,0.6397,0.4510,TAO,0.7729,0.0044,0.0041
8366,01743.wav,1742,780551276,2.660,0.5032,0.4618,0.5446,0.5790,0.4618,LENT,0.5112,-0.1149,-0.0006
8367,03742.wav,3741,1650333167,1.631,0.5031,0.4663,0.5398,0.7299,0.4663,TAO,0.5762,-0.5028,-0.0202
8368,04105.wav,4104,1816153094,4.170,0.5030,0.4633,0.5427,0.3771,0.3771,PAT,0.1755,-0.3970,0.0046
8369,02586.wav,2585,1136788620,1.718,0.5030,0.4625,0.5434,0.6983,0.4625,TAO,0.4969,-0.1259,-0.0024
8370,08546.wav,8545,3843901164,5.855,0.5029,0.4987,0.5072,0.3206,0.3206,PAT,0.2854,-0.3633,0.0015
8371,00871.wav,870,382398149,2.276,0.5029,0.4602,0.5456,0.6564,0.4602,LENT,0.4768,-0.4904,-0.0108
8372,02002.wav,2001,892877605,2.444,0.5027,0.4802,0.5253,0.5491,0.4802,KLAU,0.5010,-0.2381,-0.0078
8373,05394.wav,5393,2399264522,1.470,0.5026,0.4743,0.5309,0.6240,0.4743,TAO,0.6622,-0.0671,-0.0011
8374,06381.wav,6380,2853518030,4.244,0.5024,0.4743,0.5305,0.3489,0.3489,ANCIENT,0.2837,-0.6010,-0.0037
8375,02186.wav,2185,968155735,2.205,0.5024,0.4760,0.5288,0.6420,0.4760,LENT,0.5808,-0.5589,-0.0207
8376,08372.wav,8371,3754899982,1.696,0.5023,0.4386,0.5661,0.6805,0.4386,TAO,0.7220,-0.1109,-0.0021
8377,03639.wav,3638,1606381107,1.609,0.5023,0.4440,0.5606,0.6477,0.4440,TAO,0.4780,0.4357,0.0186
8378,00879.wav,878,384079464,1.863,0.5022,0.4636,0.5408,0.6488,0.4636,TAO,0.5570,-0.0872,0.0136
8379,00198.wav,197,90156807,2.377,0.5021,0.4721,0.5321,0.5919,0.4721,TAO,0.4456,-0.0929,-0.0014
8380,07936.wav,7935,3575560134,6.380,0.5019,0.4444,0.5595,0.3380,0.3380,TAO,0.2249,-0.5732,-0.0056
8381,05204.wav,5203,2314076525,3.585,0.5019,0.4516,0.5523,0.6881,0.4516,TAO,0.7337,-0.3344,-0.0147
8382,01623.wav,1622,723040995,1.916,0.5019,0.4245,0.5794,0.6758,0.4245,TAO,0.7065,-0.5439,-0.0247
8383,07781.wav,7780,3501571348,2.209,0.5018,0.4795,0.5240,0.6560,0.4795,TAO,0.5989,-0.3825,-0.0189
8384,02659.wav,2658,1174373102,0.810,0.5017,0.4954,0.5080,0.4321,0.4321,PAT,0.3187,0.4790,0.0315
8385,05787.wav,5786,2576803945,2.225,0.5016,0.4465,0.5567,0.6697,0.4465,TAO,0.7343,-0.5341,-0.0190
8386,08730.wav,8729,3926123283,2.893,0.5015,0.4845,0.5185,0.3757,0.3757,TAO,0.3476,1.0388,0.0638
8387,05012.wav,5011,2223393526,1.890,0.5014,0.4730,0.5297,0.5557,0.4730,TAO,0.4169,0.3221,0.0176
8388,02101.wav,2100,935889802,1.156,0.5014,0.4546,0.5481,0.4387,0.4387,LENT,0.3388,-0.2441,0.0045
8389,02558.wav,2557,1122078473,2.176,0.5013,0.4853,0.5174,0.5933,0.4853,TAO,0.4412,0.1713,0.0123
8390,09045.wav,9044,4067188779,1.774,0.5012,0.4570,0.5454,0.6905,0.4570,KLAU,0.7004,-0.4705,-0.0111
8391,07900.wav,7899,3565308111,3.918,0.5012,0.4593,0.5430,0.6354,0.4593,RYZA,0.7598,-0.1944,-0.0037
8392,04807.wav,4806,2137481576,1.415,0.5011,0.4446,0.5577,0.3219,0.3219,ANCIENT,0.4002,-0.5089,-0.0027
8393,08639.wav,8638,3887491110,1.535,0.5011,0.4394,0.5628,0.6569,0.4394,TAO,0.6158,-0.3478,-0.0138
8394,00035.wav,34,16601346,9.687,0.5010,0.4565,0.5455,0.4350,0.4350,ANCIENT,0.5244,-0.1146,0.0030
8395,09530.wav,9529,4278574892,1.588,0.5010,0.4736,0.5284,0.5094,0.4736,TAO,0.3824,0.7251,0.0350
8396,07616.wav,7615,3425561346,7.406,0.5010,0.4514,0.5506,0.3993,0.3993,TAO,0.2397,-0.8233,-0.0102
8397,02690.wav,2689,1188200138,2.133,0.5008,0.4499,0.5518,0.6095,0.4499,TAO,0.6447,-0.4320,-0.0146
8398,01098.wav,1097,481042699,1.448,0.5008,0.4631,0.5385,0.5550,0.4631,RYZA,0.6272,0.3906,0.0125
8399,03898.wav,3897,1726203108,1.976,0.5007,0.4685,0.5330,0.5344,0.4685,TAO,0.4430,-0.1362,-0.0033
8400,00986.wav,985,431962024,8.807,0.5007,0.4789,0.5225,0.3674,0.3674,LENT,0.2033,-0.4973,-0.0013
8401,05078.wav,5077,2257880432,1.637,0.5006,0.4780,0.5232,0.6635,0.4780,RYZA,0.6898,-0.2319,-0.0084
8402,07967.wav,7966,3591721072,2.699,0.5005,0.4978,0.5033,0.5089,0.4978,KLAU,0.6093,-0.0803,0.0097
8403,01532.wav,1531,673553092,4.712,0.5004,0.4634,0.5374,0.3003,0.3003,ANCIENT,0.3198,0.2614,0.0316
8404,08342.wav,8341,3739025901,3.583,0.5000,0.4512,0.5489,0.6418,0.4512,TAO,0.7148,-0.5028,-0.0187
8405,02612.wav,2611,1144546154,5.833,0.5000,0.4752,0.5249,0.3614,0.3614,LENT,0.1337,-0.5404,-0.0020
8406,00711.wav,710,307243833,8.153,0.5000,0.4536,0.5464,0.3334,0.3334,ANCIENT,0.3145,-1.1276,-0.0299
8407,00882.wav,881,386625890,6.948,0.5000,0.4492,0.5508,0.3477,0.3477,TAO,0.2491,-0.5344,-0.0023
8408,05198.wav,5197,2313485777,1.328,0.5000,0.4742,0.5257,0.5948,0.4742,RYZA,0.6902,0.3455,0.0183
8409,06148.wav,6147,2747326183,3.715,0.4997,0.4540,0.5455,0.5023,0.4540,LENT,0.3819,-0.0628,-0.0022
8410,00032.wav,31,15286095,5.064,0.4996,0.4509,0.5483,0.3749,0.3749,PAT,0.1748,-0.9249,-0.0235
8411,06568.wav,6567,2934424586,2.230,0.4995,0.4489,0.5502,0.6838,0.4489,TAO,0.7294,-0.1208,-0.0048
8412,04295.wav,4294,1902229897,2.736,0.4995,0.4605,0.5385,0.4795,0.4605,TAO,0.3873,0.6813,0.0418
8413,03379.wav,3378,1486017103,5.180,0.4995,0.4144,0.5845,0.4075,0.4075,PAT,0.1886,-1.1268,-0.0389
8414,01175.wav,1174,520243215,2.352,0.4994,0.4708,0.5281,0.5343,0.4708,RYZA,0.5317,0.1210,0.0065
8415,01885.wav,1884,841901777,1.324,0.4994,0.4783,0.5205,0.5953,0.4783,RYZA,0.6095,0.7215,0.0284
8416,05893.wav,5892,2631271254,1.475,0.4994,0.4714,0.5274,0.4102,0.4102,LENT,0.3555,-0.5160,-0.0033
8417,08688.wav,8687,3908313964,5.409,0.4993,0.4711,0.5276,0.4616,0.4616,LENT,0.2441,-0.8278,-0.0208
8418,05446.wav,5445,2423794029,2.504,0.4992,0.4399,0.5585,0.6524,0.4399,TAO,0.7908,-0.2120,-0.0079
8419,01091.wav,1090,479769865,3.204,0.4992,0.4901,0.5084,0.3279,0.3279,LENT,0.2492,-0.4259,0.0102
8420,05596.wav,5595,2490615219,2.415,0.4991,0.4410,0.5573,0.6254,0.4410,TAO,0.5070,-0.3472,-0.0065
8421,02996.wav,2995,1323372494,2.794,0.4991,0.4596,0.5386,0.6228,0.4596,TAO,0.7424,-0.3173,-0.0051
8422,02963.wav,2962,1308929995,1.590,0.4990,0.4787,0.5194,0.5342,0.4787,TAO,0.7126,0.0001,0.0020
8423,07397.wav,7396,3318441710,5.405,0.4990,0.4993,0.4987,0.2908,0.2908,TAO,0.2368,0.1177,0.0282
8424,02858.wav,2857,1260808079,2.057,0.4989,0.4458,0.5521,0.6146,0.4458,TAO,0.7269,-0.2579,-0.0136
8425,07597.wav,7596,3420965283,1.818,0.4989,0.4585,0.5393,0.6510,0.4585,TAO,0.4964,0.3402,0.0143
8426,02325.wav,2324,1032406507,3.550,0.4987,0.4460,0.5514,0.6574,0.4460,TAO,0.7325,-0.2252,-0.0075
8427,08663.wav,8662,3900685870,1.810,0.4987,0.4487,0.5487,0.6935,0.4487,TAO,0.5348,-0.2062,-0.0006
8428,03818.wav,3817,1687774980,4.568,0.4987,0.4854,0.5120,0.3734,0.3734,LENT,0.2183,-0.5373,-0.0041
8429,03327.wav,3326,1462199312,6.473,0.4987,0.4474,0.5499,0.5765,0.4474,RYZA,0.8691,-0.2424,-0.0047
8430,04506.wav,4505,1998271730,2.561,0.4985,0.4655,0.5315,0.4312,0.4312,TAO,0.2047,-0.3588,-0.0070
8431,05444.wav,5443,2423755791,1.849,0.4985,0.4201,0.5769,0.6275,0.4201,TAO,0.5560,-0.1297,-0.0134
8432,06182.wav,6181,2762363256,4.729,0.4984,0.4624,0.5345,0.3406,0.3406,PAT,0.1515,-0.5209,-0.0133
8433,07413.wav,7412,3333281297,5.280,0.4984,0.4801,0.5167,0.3956,0.3956,LENT,0.2049,-0.6194,-0.0012
8434,00477.wav,476,203938631,7.127,0.4983,0.4855,0.5111,0.3078,0.3078,PAT,0.2281,-0.1615,0.0160
8435,08114.wav,8113,3649279758,7.214,0.4982,0.4504,0.5461,0.3436,0.3436,LENT,0.1542,-0.6935,-0.0056
8436,01748.wav,1747,782343533,3.985,0.4982,0.4436,0.5527,0.7187,0.4436,TAO,0.6204,-0.5962,-0.0228
8437,07971.wav,7970,3593036849,6.319,0.4981,0.4574,0.5389,0.4735,0.4574,TAO,0.3001,-0.6329,-0.0071
8438,01839.wav,1838,819024999,2.576,0.4979,0.4496,0.5463,0.7386,0.4496,TAO,0.6815,-0.1993,-0.0055
8439,02991.wav,2990,1322319565,1.700,0.4979,0.4455,0.5503,0.6569,0.4455,TAO,0.6960,0.0052,-0.0002
8440,03802.wav,3801,1681752461,3.784,0.4978,0.4743,0.5212,0.3384,0.3384,ANCIENT,0.2594,0.2928,0.0342
8441,02045.wav,2044,911850316,8.374,0.4977,0.4688,0.5267,0.3230,0.3230,PAT,0.1545,-0.0701,0.0169
8442,03381.wav,3380,1487150744,5.430,0.4977,0.4838,0.5116,0.5344,0.4838,KLAU,0.4130,-0.2937,-0.0051
8443,01772.wav,1771,789821547,5.606,0.4976,0.4674,0.5279,0.3926,0.3926,LENT,0.1937,-0.8938,-0.0140
8444,00037.wav,36,16879366,8.137,0.4976,0.4914,0.5037,0.3345,0.3345,TAO,0.1780,-0.6802,-0.0047
8445,01945.wav,1944,868881604,1.674,0.4975,0.4670,0.5280,0.6788,0.4670,TAO,0.5860,0.1923,0.0117
8446,01790.wav,1789,803549340,1.699,0.4973,0.4653,0.5294,0.3662,0.3662,TAO,0.3175,-0.8859,-0.0181
8447,00201.wav,200,90697324,1.358,0.4973,0.4477,0.5470,0.6886,0.4477,TAO,0.5684,0.0690,-0.0020
8448,02832.wav,2831,1249005507,2.883,0.4973,0.4735,0.5211,0.5019,0.4735,KLAU,0.5481,-0.4262,-0.0066
8449,01486.wav,1485,656058023,2.286,0.4972,0.4739,0.5205,0.3117,0.3117,TAO,0.2982,-0.3533,0.0095
8450,04515.wav,4514,2004849489,2.004,0.4971,0.4480,0.5462,0.5710,0.4480,KLAU,0.7463,-0.2974,-0.0127
8451,06017.wav,6016,2677606701,4.313,0.4971,0.4717,0.5225,0.3745,0.3745,LENT,0.2143,-0.6186,-0.0121
8452,05481.wav,5480,2437916654,1.557,0.4971,0.4948,0.4994,0.4153,0.4153,TAO,0.3675,0.2572,0.0246
8453,07282.wav,7281,3264357012,0.754,0.4970,0.4502,0.5437,0.5063,0.4502,TAO,0.5374,-0.1860,-0.0017
8454,04481.wav,4480,1985180072,4.840,0.4969,0.4608,0.5330,0.3236,0.3236,ANCIENT,0.2498,-0.6198,0.0021
8455,01586.wav,1585,696972996,1.608,0.4969,0.4337,0.5601,0.7045,0.4337,TAO,0.6512,0.2238,0.0135
8456,04596.wav,4595,2036603114,2.154,0.4968,0.4832,0.5103,0.6153,0.4832,KLAU,0.4891,0.1064,0.0139
8457,08235.wav,8234,3696759273,2.798,0.4968,0.4828,0.5107,0.5029,0.4828,TAO,0.4900,-0.6510,-0.0136
8458,01799.wav,1798,806469995,5.574,0.4967,0.4502,0.5433,0.6210,0.4502,TAO,0.7965,-0.2529,-0.0111
8459,06606.wav,6605,2950637807,2.007,0.4967,0.4626,0.5307,0.3071,0.3071,ANCIENT,0.3044,0.0502,0.0248
8460,02588.wav,2587,1136898062,2.258,0.4965,0.4773,0.5157,0.6038,0.4773,TAO,0.5336,-0.1408,0.0022
8461,01587.wav,1586,697051147,2.153,0.4964,0.4442,0.5487,0.6233,0.4442,TAO,0.7719,-0.5004,-0.0244
8462,02036.wav,2035,908072008,1.636,0.4964,0.5025,0.4903,0.6034,0.4903,TAO,0.5397,0.4014,0.0297
8463,02232.wav,2231,990319625,4.189,0.4962,0.4693,0.5232,0.5493,0.4693,KLAU,0.4470,-0.3390,-0.0091
8464,02981.wav,2980,1319036332,7.776,0.4962,0.4667,0.5257,0.3305,0.3305,PAT,0.1856,-0.6644,-0.0059
8465,07178.wav,7177,3212672906,4.803,0.4961,0.4643,0.5280,0.3706,0.3706,TAO,0.3121,0.0283,0.0212
8466,05537.wav,5536,2465921549,2.553,0.4961,0.4687,0.5235,0.5387,0.4687,RYZA,0.5999,0.1218,0.0153
8467,02638.wav,2637,1161098225,1.078,0.4961,0.4526,0.5396,0.4316,0.4316,ANCIENT,0.2955,0.1228,0.0156
8468,04386.wav,4385,1941950817,5.298,0.4961,0.4657,0.5265,0.3373,0.3373,PAT,0.1356,-0.7056,-0.0046
8469,05469.wav,5468,2431263002,2.195,0.4960,0.4658,0.5262,0.5367,0.4658,LENT,0.4615,-0.0748,0.0000
8470,06907.wav,6906,3087632746,3.336,0.4960,0.4599,0.5321,0.6099,0.4599,TAO,0.7758,-0.0771,-0.0001
8471,02902.wav,2901,1284994130,1.711,0.4958,0.4618,0.5298,0.6938,0.4618,TAO,0.5653,-0.7337,-0.0277
8472,06422.wav,6421,2868403360,2.262,0.4958,0.4505,0.5411,0.5971,0.4505,TAO,0.5454,0.3567,0.0157
8473,03344.wav,3343,1469713549,1.577,0.4957,0.4571,0.5343,0.6871,0.4571,TAO,0.6782,-0.1304,0.0001
8474,05031.wav,5030,2233394407,1.443,0.4956,0.4716,0.5197,0.5883,0.4716,TAO,0.7652,0.1995,0.0079
8475,05948.wav,5947,2653131915,1.291,0.4956,0.4633,0.5279,0.6901,0.4633,TAO,0.5541,0.1206,0.0173
8476,03570.wav,3569,1581079145,1.899,0.4956,0.4414,0.5498,0.5707,0.4414,TAO,0.4418,0.0651,0.0064
8477,03587.wav,3586,1585430611,5.406,0.4956,0.4620,0.5293,0.3598,0.3598,PAT,0.1979,-1.2007,-0.0318
8478,02864.wav,2863,1265467273,1.603,0.4955,0.4751,0.5160,0.6843,0.4751,TAO,0.6285,0.2551,0.0178
8479,07305.wav,7304,3272897433,7.213,0.4955,0.4516,0.5394,0.3724,0.3724,PAT,0.1698,-1.3935,-0.0408
8480,08212.wav,8211,3686243853,2.075,0.4954,0.4586,0.5322,0.5004,0.4586,TAO,0.4437,0.4660,0.0196
8481,04982.wav,4981,2207933336,6.837,0.4954,0.4712,0.5196,0.3649,0.3649,LENT,0.1197,-0.7561,-0.0064
8482,01089.wav,1088,479307684,2.604,0.4953,0.4513,0.5393,0.5984,0.4513,KLAU,0.4698,-0.1072,-0.0032
8483,03323.wav,3322,1459990469,7.319,0.4953,0.4519,0.5386,0.3661,0.3661,TAO,0.2871,-0.8876,-0.0148
8484,01690.wav,1689,753181477,3.596,0.4952,0.4575,0.5329,0.5416,0.4575,TAO,0.4935,0.1927,0.0117
8485,06771.wav,6770,3017382279,5.234,0.4952,0.4668,0.5236,0.3425,0.3425,LENT,0.1676,-0.1319,0.0151
8486,03112.wav,3111,1369911043,3.113,0.4952,0.4557,0.5347,0.6085,0.4557,TAO,0.4087,-0.1012,-0.0013
8487,02422.wav,2421,1069015775,1.784,0.4950,0.4591,0.5309,0.6161,0.4591,TAO,0.5773,0.0690,0.0058
8488,03933.wav,3932,1737628043,2.361,0.4949,0.4519,0.5380,0.4425,0.4425,LENT,0.2332,-0.6328,-0.0135
8489,08232.wav,8231,3696461255,1.775,0.4949,0.4628,0.5270,0.6920,0.4628,TAO,0.5775,0.1079,0.0098
8490,09541.wav,9540,4283045028,2.387,0.4948,0.4666,0.5231,0.3801,0.3801,LENT,0.3201,0.2019,0.0193
8491,05037.wav,5036,2236682564,1.762,0.4948,0.4704,0.5191,0.5499,0.4704,TAO,0.4351,-0.0559,0.0030
8492,06692.wav,6691,2984598860,1.642,0.4948,0.4570,0.5326,0.6036,0.4570,TAO,0.6116,0.1876,0.0085
8493,06222.wav,6221,2780954862,1.345,0.4947,0.4557,0.5338,0.6336,0.4557,RYZA,0.7198,0.0618,0.0068
8494,01292.wav,1291,577098028,2.861,0.4947,0.4705,0.5189,0.5262,0.4705,KLAU,0.5787,-0.1394,0.0000
8495,00969.wav,968,430158518,1.791,0.4946,0.4647,0.5244,0.6642,0.4647,TAO,0.5838,-0.2344,0.0009
8496,03099.wav,3098,1363830261,1.956,0.4945,0.4465,0.5425,0.6992,0.4465,TAO,0.6224,-0.7361,-0.0280
8497,03982.wav,3981,1760816933,3.861,0.4945,0.4948,0.4941,0.2686,0.2686,TAO,0.2181,0.5655,0.0456
8498,05742.wav,5741,2556407562,3.446,0.4943,0.4416,0.5469,0.4416,0.4416,TAO,0.2313,-0.7036,-0.0166
8499,07950.wav,7949,3580557418,0.962,0.4942,0.4294,0.5590,0.5254,0.4294,PAT,0.3346,-0.2717,-0.0009
8500,06461.wav,6460,2886438499,1.328,0.4941,0.4653,0.5228,0.6187,0.4653,TAO,0.5378,-0.0294,0.0008
8501,04458.wav,4457,1970566305,6.632,0.4940,0.4984,0.4897,0.3514,0.3514,LENT,0.1655,-0.4163,0.0030
8502,08890.wav,8889,4003211337,1.666,0.4939,0.4426,0.5453,0.6224,0.4426,TAO,0.4693,0.3838,0.0199
8503,00468.wav,467,200605038,2.908,0.4939,0.4631,0.5248,0.3315,0.3315,TAO,0.2708,1.0920,0.0652
8504,01705.wav,1704,758826317,2.031,0.4939,0.4248,0.5629,0.6340,0.4248,TAO,0.6817,-0.1450,-0.0042
8505,08029.wav,8028,3616468872,3.830,0.4938,0.4783,0.5093,0.3883,0.3883,TAO,0.2446,-0.2840,0.0077
8506,00958.wav,957,425016016,3.137,0.4937,0.4522,0.5352,0.2914,0.2914,ANCIENT,0.2389,-0.6268,-0.0117
8507,02257.wav,2256,1005029772,2.349,0.4937,0.4509,0.5365,0.5035,0.4509,KLAU,0.5946,-0.3212,-0.0054
8508,02344.wav,2343,1039473519,6.213,0.4935,0.4518,0.5352,0.4320,0.4320,ANCIENT,0.3170,-0.0921,0.0209
8509,01553.wav,1552,683402859,1.907,0.4934,0.4452,0.5417,0.6642,0.4452,TAO,0.5456,0.3133,0.0112
8510,08881.wav,8880,3999094059,2.108,0.4934,0.4598,0.5270,0.6190,0.4598,RYZA,0.7592,-0.6038,-0.0218
8511,06926.wav,6925,3090992461,6.179,0.4932,0.4579,0.5286,0.3328,0.3328,LENT,0.2408,0.1330,0.0224
8512,01116.wav,1115,496328749,1.765,0.4932,0.4587,0.5278,0.6369,0.4587,RYZA,0.7016,0.0176,0.0028
8513,08564.wav,8563,3850887528,1.855,0.4932,0.4655,0.5208,0.6562,0.4655,TAO,0.6119,0.1046,0.0134
8514,08432.wav,8431,3784627420,1.489,0.4932,0.4464,0.5399,0.6649,0.4464,TAO,0.6630,0.4400,0.0203
8515,04904.wav,4903,2182037136,1.543,0.4931,0.4367,0.5494,0.6809,0.4367,TAO,0.5197,0.2530,0.0125
8516,09169.wav,9168,4126521843,1.671,0.4930,0.4510,0.5350,0.6164,0.4510,TAO,0.6540,-0.3107,-0.0135
8517,08492.wav,8491,3817773230,3.260,0.4930,0.5145,0.4714,0.3291,0.3291,PAT,0.2415,1.2236,0.0684
8518,03749.wav,3748,1654858378,1.153,0.4930,0.4475,0.5385,0.3380,0.3380,TAO,0.2551,-0.8139,-0.0253
8519,02203.wav,2202,978312918,1.717,0.4930,0.4581,0.5278,0.6750,0.4581,TAO,0.5556,0.3720,0.0188
8520,02766.wav,2765,1220401764,2.076,0.4929,0.4757,0.5102,0.3681,0.3681,TAO,0.2395,-0.5906,-0.0077
8521,02080.wav,2079,923711193,1.731,0.4929,0.4516,0.5342,0.6580,0.4516,TAO,0.5245,-0.1868,-0.0008
8522,07036.wav,7035,3143271800,2.045,0.4928,0.4458,0.5399,0.6334,0.4458,TAO,0.7326,0.1733,0.0081
8523,01828.wav,1827,815165101,7.484,0.4927,0.4606,0.5248,0.3207,0.3207,ANCIENT,0.2087,0.0218,0.0225
8524,06625.wav,6624,2958365866,10.107,0.4926,0.4637,0.5214,0.3602,0.3602,TAO,0.3436,-0.2381,0.0100
8525,00506.wav,505,216951282,4.350,0.4925,0.4686,0.5164,0.4050,0.4050,LENT,0.1849,-0.8557,-0.0190
8526,02338.wav,2337,1039111112,3.370,0.4925,0.4286,0.5564,0.4289,0.4286,PAT,0.2231,0.4509,0.0315
8527,06100.wav,6099,2724716873,1.239,0.4924,0.4583,0.5264,0.6714,0.4583,TAO,0.4867,0.1102,0.0186
8528,07939.wav,7938,3575963179,8.617,0.4923,0.4602,0.5245,0.3341,0.3341,TAO,0.1627,-0.9063,-0.0137
8529,02765.wav,2764,1219503889,1.370,0.4923,0.4539,0.5307,0.6408,0.4539,TAO,0.6302,-0.2751,-0.0017
8530,05921.wav,5920,2645436843,1.504,0.4923,0.4601,0.5245,0.3218,0.3218,PAT,0.2179,0.3159,0.0339
8531,06116.wav,6115,2731634284,3.071,0.4922,0.4758,0.5086,0.5213,0.4758,TAO,0.6800,-0.0747,0.0015
8532,06341.wav,6340,2831919117,2.190,0.4921,0.4639,0.5203,0.5732,0.4639,LENT,0.4680,0.3126,0.0208
8533,01515.wav,1514,664786429,2.506,0.4920,0.4712,0.5128,0.5971,0.4712,KLAU,0.5435,-0.1940,-0.0025
8534,01954.wav,1953,872955923,5.934,0.4920,0.4437,0.5403,0.3312,0.3312,PAT,0.1618,-0.6773,-0.0102
8535,03850.wav,3849,1704361771,2.511,0.4919,0.4593,0.5245,0.5735,0.4593,KLAU,0.5294,-0.4058,-0.0097
8536,02453.wav,2452,1081723543,3.572,0.4918,0.4540,0.5295,0.2955,0.2955,PAT,0.2583,0.9035,0.0578
8537,07326.wav,7325,3285747061,4.842,0.4918,0.4821,0.5014,0.5032,0.4821,LENT,0.3572,-0.2224,0.0008
8538,09398.wav,9397,4218494544,6.692,0.4918,0.4518,0.5317,0.2975,0.2975,PAT,0.2082,-0.5782,-0.0058
8539,04691.wav,4690,2084301513,2.721,0.4918,0.4487,0.5348,0.5727,0.4487,TAO,0.4476,0.0525,0.0023
8540,03325.wav,3324,1461530477,1.458,0.4918,0.4624,0.5211,0.6052,0.4624,TAO,0.7025,0.3096,0.0157
8541,00863.wav,862,380664007,5.838,0.4917,0.4928,0.4905,0.2910,0.2910,TAO,0.2210,-0.1753,0.0178
8542,03164.wav,3163,1388922536,1.918,0.4916,0.4338,0.5494,0.6445,0.4338,RYZA,0.6719,-0.4196,-0.0209
8543,08580.wav,8579,3858830244,4.484,0.4915,0.4357,0.5472,0.6023,0.4357,KLAU,0.7747,-0.4361,-0.0143
8544,07753.wav,7752,3489558090,6.247,0.4914,0.4750,0.5079,0.3355,0.3355,PAT,0.2128,-0.5971,0.0008
8545,06206.wav,6205,2774644655,3.718,0.4914,0.4618,0.5211,0.3684,0.3684,PAT,0.2251,0.1827,0.0256
8546,07165.wav,7164,3209813637,3.328,0.4914,0.4525,0.5303,0.5682,0.4525,TAO,0.4263,0.7037,0.0284
8547,01868.wav,1867,835968071,1.833,0.4913,0.4689,0.5137,0.6623,0.4689,TAO,0.5016,-0.3112,-0.0063
8548,05353.wav,5352,2376306387,0.483,0.4912,0.5029,0.4796,0.3940,0.3940,TAO,0.2429,0.7085,0.0363
8549,08286.wav,8285,3720180109,1.890,0.4912,0.4492,0.5332,0.7086,0.4492,TAO,0.5983,-0.2412,-0.0062
8550,07052.wav,7051,3153416590,1.802,0.4912,0.4421,0.5402,0.6306,0.4421,TAO,0.4961,0.2343,0.0115
8551,08242.wav,8241,3700759500,8.277,0.4912,0.4196,0.5628,0.2997,0.2997,TAO,0.1626,-0.8883,-0.0172
8552,07093.wav,7092,3172389301,6.976,0.4911,0.4702,0.5120,0.3081,0.3081,PAT,0.1788,0.2057,0.0290
8553,02537.wav,2536,1118465793,1.774,0.4910,0.4458,0.5361,0.6596,0.4458,TAO,0.6598,0.3835,0.0205
8554,01904.wav,1903,852594000,5.033,0.4909,0.4398,0.5419,0.5400,0.4398,TAO,0.3203,0.3260,0.0130
8555,04888.wav,4887,2171741806,1.455,0.4907,0.4613,0.5202,0.3470,0.3470,TAO,0.2431,-0.3387,0.0046
8556,06510.wav,6509,2903707376,8.884,0.4907,0.4856,0.4958,0.3500,0.3500,LENT,0.1558,-0.9265,-0.0165
8557,05987.wav,5986,2667256660,2.189,0.4907,0.4743,0.5071,0.6016,0.4743,KLAU,0.4833,0.5410,0.0243
8558,04766.wav,4765,2117916109,4.052,0.4907,0.4893,0.4921,0.3183,0.3183,PAT,0.2157,0.1880,0.0256
8559,04114.wav,4113,1822237356,1.976,0.4906,0.5139,0.4673,0.4995,0.4673,RYZA,0.4980,-0.2937,0.0087
8560,05845.wav,5844,2603453460,1.764,0.4905,0.4304,0.5506,0.6028,0.4304,TAO,0.4884,0.0931,0.0032
8561,06787.wav,6786,3031763989,3.019,0.4904,0.4338,0.5469,0.3601,0.3601,KLAU,0.5063,-0.5495,-0.0155
8562,02335.wav,2334,1038072745,2.406,0.4904,0.4642,0.5165,0.6057,0.4642,LENT,0.5235,-0.2550,-0.0060
8563,08638.wav,8637,3887486384,0.649,0.4903,0.4719,0.5088,0.4058,0.4058,TAO,0.5835,-0.0459,0.0107
8564,03605.wav,3604,1593106230,1.765,0.4903,0.4385,0.5421,0.5498,0.4385,TAO,0.6294,-0.1659,-0.0034
8565,04969.wav,4968,2199433354,2.309,0.4902,0.4935,0.4870,0.3933,0.3933,LENT,0.3344,-0.2584,0.0065
8566,05674.wav,5673,2523658192,8.066,0.4902,0.4617,0.5188,0.3566,0.3566,PAT,0.1208,-0.6293,-0.0029
8567,01988.wav,1987,886859501,1.818,0.4901,0.4759,0.5044,0.4343,0.4343,TAO,0.3011,0.7983,0.0465
8568,04671.wav,4670,2071019720,1.977,0.4901,0.4571,0.5231,0.5883,0.4571,TAO,0.7747,-0.9317,-0.0366
8569,05819.wav,5818,2590517136,2.259,0.4901,0.4810,0.4991,0.3963,0.3963,PAT,0.3515,-0.3748,0.0047
8570,02411.wav,2410,1064858732,2.337,0.4900,0.4577,0.5223,0.4980,0.4577,LENT,0.3308,-0.2430,0.0030
8571,03755.wav,3754,1656361997,1.956,0.4898,0.4316,0.5481,0.6920,0.4316,TAO,0.6562,-0.2987,-0.0146
8572,07351.wav,7350,3299893063,6.564,0.4898,0.4483,0.5314,0.3846,0.3846,TAO,0.2252,-0.1615,0.0144
8573,08317.wav,8316,3729152362,1.597,0.4898,0.4410,0.5386,0.6489,0.4410,TAO,0.7012,-0.0289,-0.0007
8574,03542.wav,3541,1573279528,6.929,0.4897,0.4661,0.5132,0.3188,0.3188,TAO,0.1465,-0.7426,-0.0080
8575,06876.wav,6875,3069041140,5.849,0.4896,0.4848,0.4945,0.3375,0.3375,PAT,0.1975,-0.5183,-0.0050
8576,06888.wav,6887,3077866278,1.499,0.4895,0.4415,0.5375,0.6284,0.4415,TAO,0.6230,-0.6024,-0.0238
8577,02798.wav,2797,1234469522,4.372,0.4894,0.4498,0.5290,0.5140,0.4498,TAO,0.4086,-0.2816,-0.0070
8578,03010.wav,3009,1328312187,5.431,0.4893,0.4405,0.5381,0.3936,0.3936,PAT,0.2466,-0.9776,-0.0280
8579,01439.wav,1438,633902535,5.582,0.4892,0.4538,0.5246,0.4405,0.4405,LENT,0.1906,-1.2623,-0.0372
8580,04103.wav,4102,1815987910,3.053,0.4892,0.4347,0.5437,0.6877,0.4347,TAO,0.7094,-0.3127,-0.0139
8581,00289.wav,288,126392811,2.361,0.4890,0.4253,0.5528,0.5268,0.4253,PAT,0.1642,0.0387,0.0132
8582,09132.wav,9131,4109785069,2.733,0.4888,0.4302,0.5474,0.6017,0.4302,TAO,0.6779,-0.4823,-0.0200
8583,09128.wav,9127,4109112102,7.548,0.4886,0.4612,0.5160,0.3171,0.3171,TAO,0.2522,-0.6996,-0.0089
8584,09344.wav,9343,4199820866,2.269,0.4885,0.4261,0.5509,0.3572,0.3572,TAO,0.1468,-0.8237,-0.0157
8585,06740.wav,6739,3007818405,4.137,0.4884,0.4366,0.5402,0.5179,0.4366,TAO,0.3320,0.3620,0.0131
8586,03775.wav,3774,1670508145,2.050,0.4883,0.4331,0.5436,0.5890,0.4331,RYZA,0.7699,-0.1851,-0.0099
8587,01466.wav,1465,648929231,2.072,0.4883,0.4418,0.5347,0.6086,0.4418,RYZA,0.7654,-0.1181,-0.0049
8588,05875.wav,5874,2624687526,2.725,0.4881,0.4606,0.5157,0.6637,0.4606,TAO,0.5989,0.1806,0.0099
8589,07740.wav,7739,3485787373,1.560,0.4881,0.4671,0.5090,0.6537,0.4671,TAO,0.6674,0.1253,0.0080
8590,06508.wav,6507,2903317393,1.714,0.4879,0.4614,0.5145,0.5390,0.4614,RYZA,0.7770,0.0544,0.0035
8591,00047.wav,46,18872388,1.893,0.4879,0.4370,0.5388,0.6834,0.4370,TAO,0.6632,0.0937,0.0024
8592,09114.wav,9113,4102735823,5.238,0.4879,0.4248,0.5509,0.4460,0.4248,ANCIENT,0.7070,-0.4603,-0.0161
8593,04227.wav,4226,1873552912,7.881,0.4878,0.4669,0.5087,0.4710,0.4669,KLAU,0.5695,-0.1351,-0.0043
8594,08197.wav,8196,3680128929,2.165,0.4877,0.4509,0.5246,0.6286,0.4509,TAO,0.5628,-0.0344,0.0033
8595,08737.wav,8736,3931626379,6.354,0.4876,0.4795,0.4958,0.3779,0.3779,TAO,0.2259,-0.4216,0.0060
8596,00316.wav,315,140119312,1.447,0.4875,0.4399,0.5350,0.6222,0.4399,TAO,0.5519,0.3759,0.0156
8597,08646.wav,8645,3891529456,2.915,0.4875,0.4475,0.5274,0.5843,0.4475,KLAU,0.6095,-0.3768,-0.0129
8598,08938.wav,8937,4020990659,1.415,0.4873,0.4461,0.5285,0.6179,0.4461,RYZA,0.7029,-0.3175,-0.0115
8599,05560.wav,5559,2473452390,2.754,0.4873,0.4397,0.5348,0.6001,0.4397,KLAU,0.6104,0.1040,0.0027
8600,05316.wav,5315,2367038117,1.831,0.4872,0.4572,0.5172,0.6098,0.4572,KLAU,0.5635,0.3921,0.0215
8601,08502.wav,8501,3821331189,1.590,0.4870,0.4651,0.5090,0.6676,0.4651,TAO,0.5575,0.3548,0.0231
8602,07964.wav,7963,3591173639,2.055,0.4870,0.4573,0.5167,0.4836,0.4573,LENT,0.4179,0.2399,0.0288
8603,05991.wav,5990,2669623691,2.506,0.4870,0.4619,0.5121,0.5756,0.4619,RYZA,0.7333,-0.1335,-0.0002
8604,08974.wav,8973,4036475715,2.098,0.4870,0.4757,0.4983,0.5666,0.4757,LENT,0.4829,0.1858,0.0153
8605,08527.wav,8526,3830475299,2.820,0.4870,0.4738,0.5001,0.4435,0.4435,TAO,0.2967,0.1894,0.0151
8606,02454.wav,2453,1082121478,5.045,0.4870,0.4850,0.4890,0.3528,0.3528,LENT,0.1709,-0.7038,-0.0064
8607,09439.wav,9438,4238345922,3.881,0.4869,0.4599,0.5140,0.3902,0.3902,LENT,0.2599,-0.7942,-0.0124
8608,03125.wav,3124,1372182085,3.321,0.4869,0.4432,0.5306,0.6388,0.4432,RYZA,0.7818,-0.2290,-0.0075
8609,08929.wav,8928,4014454632,6.475,0.4868,0.4583,0.5153,0.3522,0.3522,TAO,0.1892,-0.6465,-0.0063
8610,00389.wav,388,167667146,5.169,0.4868,0.4675,0.5060,0.3345,0.3345,PAT,0.1538,-0.5608,-0.0088
8611,09221.wav,9220,4150548079,6.684,0.4865,0.4870,0.4859,0.3864,0.3864,LENT,0.1871,-0.3483,0.0018
8612,06254.wav,6253,2797980153,2.452,0.4864,0.4621,0.5107,0.3806,0.3806,LENT,0.3287,0.4965,0.0423
8613,04464.wav,4463,1974115765,4.447,0.4863,0.4587,0.5140,0.2952,0.2952,ANCIENT,0.1808,-0.8780,-0.0171
8614,07476.wav,7475,3364867275,2.042,0.4863,0.4547,0.5179,0.6033,0.4547,TAO,0.6372,-0.5122,-0.0198
8615,02646.wav,2645,1168134695,1.974,0.4862,0.4545,0.5179,0.6160,0.4545,TAO,0.5211,0.1020,0.0088
8616,05222.wav,5221,2321369357,5.238,0.4861,0.4586,0.5135,0.3493,0.3493,LENT,0.1445,-0.5313,-0.0006
8617,05803.wav,5802,2580348842,5.612,0.4860,0.4519,0.5200,0.3859,0.3859,LENT,0.2211,-0.6932,-0.0030
8618,05668.wav,5667,2522272522,6.009,0.4859,0.4642,0.5076,0.2663,0.2663,PAT,0.2084,-0.2633,0.0135
8619,00692.wav,691,299519590,5.646,0.4858,0.4663,0.5053,0.2892,0.2892,LENT,0.1423,-1.0113,-0.0157
8620,01975.wav,1974,883885160,1.954,0.4858,0.4279,0.5437,0.3274,0.3274,ANCIENT,0.3178,0.1232,0.0291
8621,04273.wav,4272,1891613676,3.163,0.4857,0.4315,0.5399,0.3586,0.3586,PAT,0.1954,-0.6987,-0.0056
8622,01237.wav,1236,552014375,5.302,0.4853,0.4281,0.5425,0.2791,0.2791,PAT,0.2552,-0.1793,0.0112
8623,06819.wav,6818,3043014513,1.014,0.4853,0.5034,0.4671,0.3684,0.3684,TAO,0.3250,-0.5642,0.0001
8624,07840.wav,7839,3533070207,3.455,0.4852,0.4428,0.5276,0.5843,0.4428,KLAU,0.7549,-0.6066,-0.0219
8625,08187.wav,8186,3677984806,1.641,0.4852,0.4118,0.5585,0.7073,0.4118,TAO,0.6049,-0.4570,-0.0164
8626,05258.wav,5257,2343390440,2.087,0.4849,0.4569,0.5129,0.6100,0.4569,KLAU,0.5447,-0.0401,0.0013
8627,09239.wav,9238,4158083335,3.356,0.4849,0.4351,0.5346,0.5740,0.4351,RYZA,0.8655,-0.5919,-0.0206
8628,04606.wav,4605,2040522148,2.396,0.4849,0.4733,0.4964,0.4919,0.4733,TAO,0.3349,-0.0279,0.0196
8629,00521.wav,520,225974824,1.946,0.4848,0.4576,0.5121,0.5989,0.4576,RYZA,0.7509,0.2267,0.0131
8630,01294.wav,1293,577321327,7.354,0.4848,0.4470,0.5226,0.3468,0.3468,PAT,0.2176,-0.3190,0.0112
8631,08756.wav,8755,3940249287,1.516,0.4847,0.4631,0.5063,0.6240,0.4631,RYZA,0.6932,-0.0493,0.0047
8632,02383.wav,2382,1052442046,9.216,0.4846,0.4814,0.4877,0.2911,0.2911,ANCIENT,0.2359,-0.5811,0.0036
8633,09416.wav,9415,4229794881,6.786,0.4845,0.4487,0.5203,0.3202,0.3202,LENT,0.1542,-0.5157,0.0072
8634,02519.wav,2518,1110763853,5.420,0.4845,0.4635,0.5055,0.3302,0.3302,TAO,0.2631,-0.8207,-0.0156
8635,00686.wav,685,295937352,1.364,0.4845,0.4254,0.5436,0.3284,0.3284,PAT,0.2331,-0.6353,-0.0086
8636,05459.wav,5458,2425922569,5.122,0.4844,0.4806,0.4883,0.3314,0.3314,LENT,0.1703,-0.6188,-0.0043
8637,04692.wav,4691,2084485674,3.301,0.4844,0.4575,0.5114,0.5112,0.4575,TAO,0.4451,0.0137,0.0051
8638,00508.wav,507,220269936,3.394,0.4844,0.4508,0.5180,0.6385,0.4508,RYZA,0.6946,-0.3119,-0.0105
8639,06255.wav,6254,2798037325,0.916,0.4844,0.4858,0.4830,0.4225,0.4225,RYZA,0.3551,0.4026,0.0283
8640,06212.wav,6211,2779390946,4.863,0.4843,0.4555,0.5131,0.2912,0.2912,PAT,0.2155,-0.1832,0.0152
8641,04872.wav,4871,2165669229,5.139,0.4841,0.4641,0.5041,0.3408,0.3408,LENT,0.1519,-0.8605,-0.0127
8642,00666.wav,665,284390477,1.874,0.4841,0.4682,0.5000,0.3058,0.3058,PAT,0.2853,-0.4859,0.0074
8643,07176.wav,7175,3211897997,6.031,0.4841,0.4473,0.5209,0.3456,0.3456,LENT,0.1493,-1.0683,-0.0223
8644,02403.wav,2402,1061959304,2.324,0.4840,0.4724,0.4957,0.5042,0.4724,KLAU,0.5395,0.0490,0.0138
8645,07264.wav,7263,3254952785,1.462,0.4840,0.4484,0.5196,0.6900,0.4484,TAO,0.5962,-0.2409,-0.0087
8646,06221.wav,6220,2780776616,5.570,0.4839,0.4549,0.5130,0.3409,0.3409,ANCIENT,0.1603,-0.3876,0.0027
8647,01982.wav,1981,885511948,8.223,0.4839,0.4819,0.4858,0.3505,0.3505,ANCIENT,0.1917,-0.1645,0.0135
8648,07428.wav,7427,3340336747,3.880,0.4838,0.4439,0.5237,0.4475,0.4439,LENT,0.2645,-0.1654,0.0102
8649,09499.wav,9498,4263924964,2.523,0.4837,0.4379,0.5295,0.4468,0.4379,RYZA,0.6165,-0.2584,-0.0058
8650,04966.wav,4965,2198195300,1.822,0.4837,0.4364,0.5309,0.6100,0.4364,TAO,0.4607,-0.0710,0.0007
8651,01495.wav,1494,657839400,2.138,0.4836,0.4388,0.5284,0.6465,0.4388,TAO,0.5194,-0.2144,-0.0032
8652,07140.wav,7139,3195155690,4.816,0.4836,0.4597,0.5074,0.4118,0.4118,TAO,0.3293,0.0189,0.0296
8653,06959.wav,6958,3111756530,0.878,0.4835,0.4039,0.5632,0.2719,0.2719,TAO,0.3751,0.0869,0.0064
8654,00485.wav,484,206025512,2.819,0.4835,0.4611,0.5059,0.4707,0.4611,TAO,0.3488,-0.5561,-0.0062
8655,02393.wav,2392,1057045456,3.355,0.4835,0.4434,0.5235,0.2960,0.2960,PAT,0.2629,0.5741,0.0394
8656,04657.wav,4656,2067303720,5.616,0.4833,0.4226,0.5441,0.3540,0.3540,TAO,0.2569,-0.8191,-0.0178
8657,06700.wav,6699,2988099532,1.432,0.4833,0.4618,0.5048,0.6641,0.4618,TAO,0.5213,0.8804,0.0407
8658,03841.wav,3840,1702794313,2.319,0.4831,0.4704,0.4958,0.4661,0.4661,RYZA,0.4817,-0.4717,-0.0013
8659,04787.wav,4786,2127985753,2.576,0.4831,0.4554,0.5108,0.5388,0.4554,LENT,0.4965,0.1797,0.0061
8660,07217.wav,7216,3233809638,1.662,0.4831,0.4392,0.5270,0.7152,0.4392,TAO,0.4929,-0.3055,-0.0057
8661,07731.wav,7730,3477894815,3.113,0.4831,0.4994,0.4667,0.4623,0.4623,KLAU,0.5196,0.0741,0.0145
8662,04685.wav,4684,2080793925,1.777,0.4831,0.4251,0.5410,0.6656,0.4251,TAO,0.6804,-0.2436,-0.0132
8663,02229.wav,2228,990135464,2.880,0.4829,0.4364,0.5295,0.5310,0.4364,TAO,0.4793,0.0846,0.0058
8664,06245.wav,6244,2788996479,2.134,0.4829,0.4413,0.5245,0.5973,0.4413,TAO,0.7145,-0.8222,-0.0305
8665,05097.wav,5096,2267284659,0.890,0.4828,0.4358,0.5298,0.3750,0.3750,TAO,0.2931,-0.3970,-0.0099
8666,02067.wav,2066,918331622,2.537,0.4827,0.4524,0.5131,0.5848,0.4524,TAO,0.4739,0.1997,0.0111
8667,06134.wav,6133,2736085547,1.224,0.4827,0.4091,0.5562,0.4136,0.4091,ANCIENT,0.3593,-0.2318,-0.0012
8668,06878.wav,6877,3070116426,2.234,0.4826,0.4243,0.5408,0.5936,0.4243,LENT,0.7796,-0.4920,-0.0182
8669,03594.wav,3593,1588437065,0.897,0.4825,0.4454,0.5196,0.3665,0.3665,TAO,0.2518,0.0321,0.0167
8670,05626.wav,5625,2500833868,1.831,0.4825,0.4265,0.5385,0.6622,0.4265,TAO,0.7299,-0.1992,-0.0089
8671,00518.wav,517,223329411,0.532,0.4825,0.4430,0.5220,0.4975,0.4430,TAO,0.5077,0.0816,0.0144
8672,08817.wav,8816,3963982378,2.217,0.4825,0.4566,0.5084,0.5583,0.4566,TAO,0.4570,-0.1359,0.0075
8673,04643.wav,4642,2060599115,4.051,0.4824,0.4709,0.4940,0.4949,0.4709,KLAU,0.5976,-0.2426,0.0031
8674,02647.wav,2646,1169521386,1.277,0.4824,0.4520,0.5128,0.6604,0.4520,TAO,0.5636,0.4120,0.0264
8675,02385.wav,2384,1052816215,1.356,0.4824,0.4660,0.4988,0.6046,0.4660,RYZA,0.6692,0.0123,0.0095
8676,05694.wav,5693,2531008266,5.995,0.4824,0.4387,0.5261,0.3794,0.3794,LENT,0.1365,-0.6096,-0.0060
8677,06781.wav,6780,3026363510,2.301,0.4822,0.4638,0.5007,0.4755,0.4638,RYZA,0.5626,-0.4156,-0.0179
8678,04275.wav,4274,1893893837,1.622,0.4822,0.4457,0.5187,0.6355,0.4457,TAO,0.6227,0.0883,0.0109
8679,03782.wav,3781,1673056334,4.213,0.4822,0.4161,0.5483,0.3614,0.3614,TAO,0.1697,-1.5253,-0.0478
8680,04157.wav,4156,1839987453,1.473,0.4822,0.4492,0.5153,0.6701,0.4492,TAO,0.5298,0.3430,0.0211
8681,07450.wav,7449,3349144837,1.572,0.4821,0.4191,0.5451,0.6810,0.4191,TAO,0.5534,0.1509,0.0164
8682,00071.wav,70,27564100,1.744,0.4821,0.4401,0.5241,0.5624,0.4401,KLAU,0.6211,0.5315,0.0236
8683,02365.wav,2364,1046180645,1.357,0.4820,0.4434,0.5206,0.6700,0.4434,TAO,0.6546,-0.2119,-0.0034
8684,08986.wav,8985,4038097894,2.592,0.4819,0.4565,0.5073,0.6900,0.4565,TAO,0.5094,-0.0085,0.0048
8685,08958.wav,8957,4028836342,1.321,0.4818,0.4456,0.5179,0.3755,0.3755,TAO,0.2977,-0.2219,0.0001
8686,01093.wav,1092,480008747,5.749,0.4817,0.4738,0.4896,0.3872,0.3872,LENT,0.1355,-0.4861,0.0001
8687,05897.wav,5896,2633439874,1.953,0.4816,0.4231,0.5401,0.6521,0.4231,TAO,0.7246,-0.1259,-0.0059
8688,09525.wav,9524,4272428807,2.359,0.4816,0.4587,0.5045,0.4068,0.4068,LENT,0.2723,-0.4811,0.0036
8689,04797.wav,4796,2132407372,3.469,0.4816,0.4629,0.5002,0.3623,0.3623,LENT,0.1923,-0.5800,-0.0049
8690,02635.wav,2634,1160212840,1.716,0.4815,0.4530,0.5100,0.5440,0.4530,RYZA,0.7644,0.0375,0.0075
8691,03729.wav,3728,1645810060,1.980,0.4815,0.4419,0.5210,0.6433,0.4419,TAO,0.5400,0.0806,0.0030
8692,03336.wav,3335,1467756108,2.629,0.4812,0.4524,0.5101,0.5316,0.4524,LENT,0.4592,-0.3466,-0.0059
8693,07831.wav,7830,3525645414,5.470,0.4811,0.4374,0.5249,0.3881,0.3881,LENT,0.2523,-0.6391,-0.0030
8694,00725.wav,724,317883055,1.323,0.4811,0.4491,0.5131,0.6170,0.4491,RYZA,0.6462,0.3205,0.0162
8695,02085.wav,2084,925333426,1.440,0.4811,0.4412,0.5210,0.4839,0.4412,LENT,0.7457,-0.4165,-0.0078
8696,04831.wav,4830,2143627661,1.684,0.4808,0.4692,0.4923,0.5666,0.4692,RYZA,0.7323,0.2353,0.0178
8697,01364.wav,1363,603757030,2.652,0.4807,0.4543,0.5070,0.3111,0.3111,TAO,0.2529,-0.5514,-0.0069
8698,02557.wav,2556,1122029907,2.037,0.4806,0.4545,0.5067,0.6161,0.4545,TAO,0.7439,-0.2658,-0.0014
8699,08535.wav,8534,3834539619,6.996,0.4805,0.4575,0.5035,0.3661,0.3661,LENT,0.1690,-0.4652,0.0056
8700,00255.wav,254,114262250,2.656,0.4805,0.4199,0.5410,0.5807,0.4199,LENT,0.4421,0.2288,0.0079
8701,03483.wav,3482,1543102326,5.113,0.4804,0.4452,0.5157,0.3633,0.3633,PAT,0.1426,-0.8207,-0.0055
8702,04552.wav,4551,2019776420,1.193,0.4803,0.4659,0.4948,0.6423,0.4659,TAO,0.5780,-0.1623,0.0013
8703,09052.wav,9051,4072338318,1.589,0.4802,0.4568,0.5036,0.6580,0.4568,TAO,0.6169,0.2771,0.0191
8704,00587.wav,586,251639551,1.666,0.4801,0.4486,0.5116,0.6627,0.4486,TAO,0.5656,0.1651,0.0103
8705,08198.wav,8197,3680168067,1.829,0.4801,0.4661,0.4941,0.6263,0.4661,TAO,0.3752,0.0463,0.0098
8706,05099.wav,5098,2269780258,1.603,0.4800,0.4282,0.5318,0.6834,0.4282,TAO,0.4607,-0.0089,0.0009
8707,00306.wav,305,133841047,2.749,0.4798,0.4452,0.5144,0.4190,0.4190,RYZA,0.6614,0.2483,0.0129
8708,05180.wav,5179,2303356935,0.668,0.4797,0.4230,0.5365,0.5226,0.4230,TAO,0.5373,-0.9568,-0.0328
8709,04364.wav,4363,1932962155,0.948,0.4797,0.4374,0.5220,0.3606,0.3606,TAO,0.1915,0.1467,0.0195
8710,05263.wav,5262,2344705414,0.346,0.4797,0.4154,0.5439,0.6116,0.4154,TAO,0.5557,-0.0326,0.0039
8711,01197.wav,1196,529274604,4.830,0.4795,0.4839,0.4751,0.3348,0.3348,LENT,0.1211,-0.4151,0.0068
8712,03002.wav,3001,1324645328,8.131,0.4795,0.4521,0.5069,0.3627,0.3627,LENT,0.1752,-0.7858,-0.0111
8713,05312.wav,5311,2365668145,6.971,0.4794,0.4368,0.5220,0.3296,0.3296,PAT,0.1943,-0.8322,-0.0174
8714,01019.wav,1018,448537834,2.599,0.4792,0.4496,0.5088,0.3144,0.3144,PAT,0.2125,-0.5237,-0.0003
8715,00309.wav,308,136208078,2.495,0.4792,0.4394,0.5189,0.5793,0.4394,TAO,0.6098,-0.8659,-0.0286
8716,01219.wav,1218,541805252,1.270,0.4791,0.4430,0.5152,0.3554,0.3554,PAT,0.2621,-0.4279,-0.0028
8717,05947.wav,5946,2653077194,1.554,0.4791,0.4332,0.5251,0.6869,0.4332,TAO,0.6547,0.2084,0.0107
8718,05574.wav,5573,2478732039,3.107,0.4787,0.4216,0.5358,0.6567,0.4216,TAO,0.7082,-0.6958,-0.0282
8719,03926.wav,3925,1735653125,2.326,0.4787,0.4548,0.5025,0.5469,0.4548,KLAU,0.6134,-0.1525,-0.0008
8720,05693.wav,5692,2530845519,1.811,0.4785,0.4458,0.5111,0.6111,0.4458,RYZA,0.7370,-0.2833,-0.0094
8721,04987.wav,4986,2212347759,1.645,0.4784,0.4525,0.5043,0.5824,0.4525,TAO,0.6909,-0.0115,0.0020
8722,00096.wav,95,42622571,2.203,0.4781,0.4579,0.4984,0.5887,0.4579,KLAU,0.5473,0.2217,0.0177
8723,03143.wav,3142,1379290756,3.045,0.4780,0.4675,0.4885,0.4099,0.4099,LENT,0.2332,-0.0067,0.0066
8724,07021.wav,7020,3138286794,2.312,0.4780,0.4497,0.5063,0.5430,0.4497,RYZA,0.7614,-0.2217,-0.0048
8725,05411.wav,5410,2409286216,3.465,0.4780,0.4682,0.4877,0.4962,0.4682,KLAU,0.4722,-0.0251,0.0044
8726,01608.wav,1607,709266857,4.269,0.4779,0.4467,0.5091,0.6829,0.4467,TAO,0.7253,-0.5313,-0.0149
8727,07283.wav,7282,3265313198,2.171,0.4779,0.4215,0.5343,0.6390,0.4215,TAO,0.7510,-0.1213,-0.0031
8728,07774.wav,7773,3497906221,1.943,0.4778,0.4585,0.4971,0.5399,0.4585,TAO,0.7389,-0.5456,-0.0218
8729,06327.wav,6326,2829764453,2.176,0.4778,0.4455,0.5101,0.6024,0.4455,KLAU,0.6560,-0.0799,0.0048
8730,04715.wav,4714,2093681226,7.285,0.4777,0.4524,0.5030,0.3317,0.3317,LENT,0.1603,-0.5964,-0.0066
8731,03840.wav,3839,1702555431,1.685,0.4776,0.4350,0.5203,0.7147,0.4350,TAO,0.5752,-0.1317,-0.0016
8732,06433.wav,6432,2877143880,1.593,0.4776,0.4586,0.4966,0.5695,0.4586,RYZA,0.6486,0.3708,0.0171
8733,02032.wav,2031,905704977,4.321,0.4775,0.4367,0.5183,0.5538,0.4367,TAO,0.3303,0.0368,0.0028
8734,02603.wav,2602,1143054636,1.894,0.4775,0.4400,0.5149,0.5426,0.4400,TAO,0.5671,-0.7551,-0.0309
8735,06964.wav,6963,3112958823,1.863,0.4774,0.4426,0.5123,0.6902,0.4426,TAO,0.5684,0.0100,0.0091
8736,02685.wav,2684,1186810261,7.470,0.4774,0.4546,0.5002,0.3103,0.3103,PAT,0.1140,-0.7153,-0.0028
8737,09289.wav,9288,4178869764,1.476,0.4773,0.4241,0.5305,0.6399,0.4241,TAO,0.6228,0.0785,0.0063
8738,02992.wav,2991,1322322086,1.692,0.4773,0.4227,0.5318,0.6661,0.4227,TAO,0.5566,0.5944,0.0232
8739,01068.wav,1067,470683755,1.578,0.4773,0.4311,0.5234,0.6552,0.4311,TAO,0.4864,-0.2589,-0.0094
8740,07654.wav,7653,3443870090,3.471,0.4773,0.4458,0.5087,0.5641,0.4458,RYZA,0.7054,0.2823,0.0166
8741,00402.wav,401,172704519,1.911,0.4770,0.4640,0.4901,0.5728,0.4640,LENT,0.3656,-0.1161,0.0053
8742,05730.wav,5729,2552219717,3.220,0.4770,0.4205,0.5334,0.7059,0.4205,TAO,0.6203,-0.5444,-0.0232
8743,07070.wav,7069,3162279401,2.365,0.4770,0.4602,0.4937,0.5148,0.4602,KLAU,0.4500,-0.1432,-0.0010
8744,03866.wav,3865,1710034945,2.243,0.4767,0.4324,0.5211,0.5710,0.4324,TAO,0.5198,0.4793,0.0212
8745,07747.wav,7746,3487632851,5.995,0.4767,0.4523,0.5012,0.3752,0.3752,ANCIENT,0.1604,-0.3049,0.0080
8746,01400.wav,1399,616215720,2.705,0.4767,0.4536,0.4998,0.5194,0.4536,TAO,0.6215,0.1975,0.0161
8747,06000.wav,5999,2672346029,2.229,0.4766,0.4293,0.5238,0.6174,0.4293,KLAU,0.7899,-0.5365,-0.0170
8748,05290.wav,5289,2352496548,4.667,0.4766,0.4890,0.4641,0.3615,0.3615,PAT,0.1714,-0.8428,-0.0106
8749,01646.wav,1645,731394861,1.663,0.4765,0.4424,0.5106,0.6369,0.4424,TAO,0.5841,0.5128,0.0252
8750,06736.wav,6735,3002642449,1.532,0.4764,0.4354,0.5173,0.3746,0.3746,TAO,0.1836,-1.1029,-0.0272
8751,05706.wav,5705,2541228629,1.979,0.4763,0.4120,0.5407,0.4874,0.4120,LENT,0.3382,0.3086,0.0306
8752,05462.wav,5461,2428225927,1.575,0.4763,0.4403,0.5123,0.6432,0.4403,RYZA,0.7706,-0.0461,-0.0016
8753,02072.wav,2071,919827755,1.315,0.4762,0.4476,0.5049,0.5801,0.4476,RYZA,0.6937,0.2287,0.0123
8754,09444.wav,9443,4240274766,5.411,0.4762,0.4394,0.5130,0.3601,0.3601,TAO,0.3185,-0.2448,0.0172
8755,00240.wav,239,105240241,0.789,0.4762,0.4876,0.4648,0.3590,0.3590,PAT,0.4267,-0.5489,-0.0011
8756,09204.wav,9203,4139796720,1.991,0.4760,0.4242,0.5279,0.5706,0.4242,RYZA,0.7426,-0.0574,-0.0012
8757,05254.wav,5253,2341822982,2.286,0.4760,0.4673,0.4848,0.4967,0.4673,RYZA,0.5505,0.1842,0.0228
8758,09502.wav,9501,4265300015,1.940,0.4759,0.4308,0.5211,0.6627,0.4308,TAO,0.6758,-0.4256,-0.0150
8759,08896.wav,8895,4005054921,2.998,0.4756,0.4381,0.5130,0.4895,0.4381,KLAU,0.5582,-0.0814,0.0005
8760,00736.wav,735,320574767,6.710,0.4755,0.4486,0.5025,0.3408,0.3408,PAT,0.2298,-0.5384,0.0016
8761,09178.wav,9177,4127950958,1.608,0.4755,0.4413,0.5096,0.6614,0.4413,TAO,0.6475,0.0153,0.0130
8762,02077.wav,2076,922515383,7.654,0.4754,0.4537,0.4971,0.3202,0.3202,ANCIENT,0.2161,-0.7312,-0.0142
8763,05535.wav,5534,2464773740,2.056,0.4753,0.4393,0.5113,0.6392,0.4393,TAO,0.4626,-0.1479,0.0033
8764,09242.wav,9241,4158822663,1.246,0.4752,0.4494,0.5011,0.5725,0.4494,TAO,0.5724,0.2186,0.0189
8765,02769.wav,2768,1223047177,1.537,0.4752,0.4273,0.5231,0.7129,0.4273,TAO,0.5080,0.0147,0.0013
8766,03079.wav,3078,1354961483,4.489,0.4752,0.4825,0.4678,0.4507,0.4507,LENT,0.2510,-0.1099,0.0085
8767,01065.wav,1064,466563956,1.751,0.4751,0.4198,0.5304,0.6319,0.4198,KLAU,0.6383,-0.7351,-0.0257
8768,07115.wav,7114,3185927078,1.771,0.4748,0.4320,0.5176,0.6564,0.4320,TAO,0.5999,0.1429,0.0090
8769,09214.wav,9213,4145242670,1.656,0.4748,0.3758,0.5738,0.6537,0.3758,TAO,0.4441,-0.2442,0.0009
8770,04436.wav,4435,1963157095,2.363,0.4748,0.4541,0.4955,0.5203,0.4541,LENT,0.4263,-0.1993,-0.0028
8771,02581.wav,2580,1133280431,1.918,0.4748,0.4299,0.5196,0.6314,0.4299,TAO,0.7374,-0.2404,-0.0072
8772,03436.wav,3435,1520498289,2.124,0.4746,0.4055,0.5437,0.6701,0.4055,TAO,0.6808,-0.3880,-0.0137
8773,04204.wav,4203,1864862763,1.615,0.4746,0.4322,0.5170,0.6562,0.4322,TAO,0.6711,0.2203,0.0126
8774,04333.wav,4332,1915681995,1.654,0.4746,0.4433,0.5058,0.5695,0.4433,LENT,0.3660,-0.1285,-0.0009
8775,01190.wav,1189,528867144,1.970,0.4746,0.4219,0.5272,0.6565,0.4219,TAO,0.5320,0.2300,0.0083
8776,00362.wav,361,154714433,7.632,0.4743,0.4545,0.4942,0.3800,0.3800,LENT,0.1393,-0.6548,-0.0106
8777,05823.wav,5822,2594648719,3.292,0.4742,0.4275,0.5210,0.5798,0.4275,TAO,0.4604,-0.2633,-0.0101
8778,08002.wav,8001,3600525813,1.782,0.4741,0.4411,0.5072,0.5736,0.4411,RYZA,0.7470,-0.1184,-0.0026
8779,07662.wav,7661,3444780517,1.980,0.4739,0.4388,0.5090,0.5495,0.4388,RYZA,0.7466,-0.2954,-0.0095
8780,04955.wav,4954,2196682563,1.480,0.4739,0.4414,0.5064,0.6802,0.4414,TAO,0.6280,0.2660,0.0150
8781,08776.wav,8775,3949477357,1.338,0.4736,0.4427,0.5045,0.6261,0.4427,TAO,0.6611,0.3831,0.0203
8782,02876.wav,2875,1270212306,1.215,0.4735,0.4316,0.5154,0.3499,0.3499,TAO,0.2119,-0.5492,-0.0092
8783,02486.wav,2485,1095794826,2.919,0.4735,0.4294,0.5176,0.6198,0.4294,RYZA,0.5772,-0.7604,-0.0202
8784,06939.wav,6938,3101456235,1.336,0.4735,0.4724,0.4746,0.5035,0.4724,KLAU,0.5302,-0.9356,-0.0087
8785,04944.wav,4943,2192401283,1.473,0.4735,0.4235,0.5235,0.3965,0.3965,TAO,0.3540,-0.3584,-0.0005
8786,09320.wav,9319,4190369503,1.574,0.4735,0.4424,0.5046,0.6784,0.4424,TAO,0.5507,-0.1191,-0.0010
8787,05660.wav,5659,2518450478,3.348,0.4734,0.4243,0.5224,0.6206,0.4243,RYZA,0.7078,0.0467,0.0022
8788,04615.wav,4614,2043922533,1.600,0.4733,0.4451,0.5015,0.5826,0.4451,TAO,0.6695,0.2550,0.0216
8789,04810.wav,4809,2140126989,2.149,0.4733,0.4065,0.5401,0.6236,0.4065,RYZA,0.6512,0.1829,0.0044
8790,08146.wav,8145,3664329013,1.586,0.4733,0.4249,0.5217,0.6383,0.4249,TAO,0.5241,0.9264,0.0390
8791,02634.wav,2633,1159271884,6.031,0.4732,0.4258,0.5206,0.5435,0.4258,TAO,0.3482,0.5104,0.0238
8792,08790.wav,8789,3955624901,2.379,0.4731,0.4295,0.5167,0.5469,0.4295,LENT,0.5156,-0.0674,-0.0009
8793,00727.wav,726,318119870,6.332,0.4731,0.4457,0.5004,0.3816,0.3816,ANCIENT,0.1466,-0.6090,-0.0064
8794,01604.wav,1603,706995815,1.569,0.4730,0.4487,0.4973,0.6803,0.4487,TAO,0.6505,0.1674,0.0137
8795,00259.wav,258,115774987,2.262,0.4728,0.4357,0.5098,0.5898,0.4357,LENT,0.5009,0.1245,0.0044
8796,09352.wav,9351,4203599920,6.126,0.4728,0.4322,0.5134,0.4933,0.4322,TAO,0.4834,0.1376,0.0022
8797,07472.wav,7471,3364055749,2.509,0.4727,0.4494,0.4959,0.5467,0.4494,KLAU,0.5233,-0.1858,0.0027
8798,01281.wav,1280,571298808,2.692,0.4726,0.4361,0.5091,0.4036,0.4036,LENT,0.3070,0.1995,0.0204
8799,00657.wav,656,281680374,6.288,0.4724,0.4113,0.5335,0.3076,0.3076,PAT,0.1910,-1.2627,-0.0318
8800,04430.wav,4429,1961422953,1.579,0.4723,0.4120,0.5326,0.6378,0.4120,TAO,0.6810,-0.3435,-0.0124
8801,01006.wav,1005,446339430,2.203,0.4723,0.4420,0.5026,0.6140,0.4420,LENT,0.4699,-0.0750,0.0044
8802,02401.wav,2400,1061423153,2.449,0.4722,0.4477,0.4967,0.4430,0.4430,LENT,0.2153,-0.4582,-0.0029
8803,01967.wav,1966,880632143,2.782,0.4722,0.4815,0.4628,0.4129,0.4129,KLAU,0.3555,0.7596,0.0400
8804,01789.wav,1788,803148397,6.439,0.4721,0.4321,0.5122,0.3908,0.3908,LENT,0.1644,-0.6007,-0.0060
8805,07129.wav,7128,3192705257,1.678,0.4721,0.4415,0.5027,0.6678,0.4415,RYZA,0.6787,0.0807,0.0086
8806,09041.wav,9040,4065250129,4.445,0.4720,0.4922,0.4518,0.3121,0.3121,ANCIENT,0.2421,0.4091,0.0388
8807,04725.wav,4724,2098833956,6.285,0.4720,0.4204,0.5235,0.3556,0.3556,TAO,0.2512,-1.0917,-0.0247
8808,07874.wav,7873,3549534494,6.108,0.4718,0.4451,0.4985,0.5154,0.4451,LENT,0.5539,-0.1142,-0.0001
8809,04986.wav,4985,2211998414,3.357,0.4718,0.4643,0.4793,0.5307,0.4643,RYZA,0.7271,0.0626,0.0120
8810,06813.wav,6812,3041378280,4.641,0.4717,0.4600,0.4835,0.3974,0.3974,LENT,0.1851,-0.9668,-0.0205
8811,04620.wav,4619,2046494319,1.362,0.4717,0.4153,0.5281,0.6830,0.4153,TAO,0.5004,0.6594,0.0266
8812,05719.wav,5718,2547123208,1.865,0.4714,0.4456,0.4972,0.6061,0.4456,TAO,0.6245,-0.4806,-0.0244
8813,00379.wav,378,163766989,1.556,0.4712,0.4168,0.5256,0.6680,0.4168,TAO,0.5992,0.2544,0.0123
8814,00065.wav,64,25757760,1.971,0.4712,0.4379,0.5045,0.5913,0.4379,TAO,0.4757,-0.1279,0.0048
8815,07022.wav,7021,3138341515,1.855,0.4711,0.4268,0.5153,0.5412,0.4268,LENT,0.4781,-0.4015,-0.0027
8816,05628.wav,5627,2503748332,1.659,0.4710,0.4154,0.5266,0.6943,0.4154,TAO,0.5780,-0.2126,-0.0076
8817,05179.wav,5178,2303046530,6.131,0.4709,0.4338,0.5080,0.3295,0.3295,LENT,0.1328,-0.8883,-0.0143
8818,06128.wav,6127,2734406793,4.675,0.4709,0.4441,0.4977,0.3218,0.3218,LENT,0.1165,-0.3128,0.0141
8819,04623.wav,4622,2048351007,1.565,0.4709,0.4259,0.5158,0.6059,0.4259,TAO,0.6809,0.0418,0.0028
8820,01157.wav,1156,510951777,4.779,0.4708,0.4479,0.4938,0.3784,0.3784,LENT,0.1735,-0.3114,0.0042
8821,04230.wav,4229,1875359252,1.556,0.4708,0.4416,0.5000,0.6691,0.4416,TAO,0.6498,0.3514,0.0222
8822,07460.wav,7459,3357683885,2.754,0.4707,0.4228,0.5186,0.4568,0.4228,ANCIENT,0.3537,-0.3549,0.0033
8823,06798.wav,6797,3033844045,5.686,0.4707,0.4561,0.4853,0.4015,0.4015,LENT,0.2096,-0.6685,-0.0054
8824,06249.wav,6248,2790708903,2.163,0.4706,0.4353,0.5060,0.4335,0.4335,PAT,0.2738,-0.6901,-0.0114
8825,01458.wav,1457,644511148,1.747,0.4702,0.4471,0.4933,0.2539,0.2539,PAT,0.1377,-0.0198,0.0237
8826,07667.wav,7666,3446750762,3.236,0.4701,0.4553,0.4849,0.3686,0.3686,LENT,0.1846,-0.9758,-0.0176
8827,07695.wav,7694,3460094474,2.285,0.4701,0.4645,0.4756,0.5697,0.4645,TAO,0.4248,0.1447,0.0093
8828,06016.wav,6015,2677421519,2.447,0.4700,0.4463,0.4938,0.3734,0.3734,TAO,0.1146,-0.1069,0.0094
8829,03589.wav,3588,1586668520,1.557,0.4700,0.4337,0.5064,0.6369,0.4337,TAO,0.6330,-0.2570,-0.0091
8830,05850.wav,5849,2604738508,5.998,0.4699,0.4428,0.4971,0.3566,0.3566,ANCIENT,0.2282,-0.8210,-0.0070
8831,03322.wav,3321,1459861029,2.913,0.4699,0.4432,0.4967,0.4181,0.4181,KLAU,0.3508,0.0057,0.0211
8832,01923.wav,1922,859964072,2.568,0.4698,0.4764,0.4633,0.4456,0.4456,RYZA,0.5671,0.4300,0.0341
8833,02670.wav,2669,1178208334,2.802,0.4696,0.4398,0.4994,0.3218,0.3218,PAT,0.2010,0.0750,0.0245
8834,05874.wav,5873,2624112937,1.543,0.4696,0.4018,0.5374,0.6651,0.4018,TAO,0.6257,-0.2867,-0.0191
8835,00007.wav,6,2169219,4.314,0.4696,0.4577,0.4815,0.3930,0.3930,LENT,0.2309,-0.3100,-0.0026
8836,05251.wav,5250,2337872973,1.968,0.4696,0.4218,0.5174,0.6216,0.4218,RYZA,0.7386,0.0011,-0.0035
8837,04693.wav,4692,2085562637,1.289,0.4694,0.4257,0.5132,0.3643,0.3643,ANCIENT,0.3879,-0.3483,0.0061
8838,06856.wav,6855,3063160481,1.745,0.4694,0.4391,0.4996,0.6802,0.4391,TAO,0.5738,-0.1835,-0.0031
8839,04296.wav,4295,1902777330,2.025,0.4693,0.4229,0.5158,0.5582,0.4229,TAO,0.7080,-0.2949,-0.0156
8840,03957.wav,3956,1750176848,2.767,0.4691,0.4600,0.4782,0.4641,0.4600,KLAU,0.4480,-0.3348,-0.0082
8841,04484.wav,4483,1986507627,1.983,0.4689,0.4131,0.5248,0.6225,0.4131,RYZA,0.7689,-0.5717,-0.0214
8842,03044.wav,3043,1346079205,2.473,0.4688,0.4324,0.5052,0.5052,0.4324,KLAU,0.6011,-0.0162,0.0041
8843,02282.wav,2281,1013673699,1.859,0.4688,0.4034,0.5341,0.5593,0.4034,TAO,0.6358,0.1619,0.0037
8844,08988.wav,8987,4040091592,2.525,0.4686,0.4179,0.5192,0.5617,0.4179,RYZA,0.8108,-0.3208,-0.0155
8845,08661.wav,8660,3900615566,5.184,0.4686,0.4204,0.5168,0.3725,0.3725,LENT,0.2037,-1.0189,-0.0182
8846,08978.wav,8977,4037177128,1.720,0.4685,0.4235,0.5136,0.6420,0.4235,TAO,0.6935,0.1523,0.0059
8847,04057.wav,4056,1800106893,1.712,0.4685,0.4266,0.5104,0.5748,0.4266,TAO,0.5574,0.7761,0.0337
8848,00546.wav,545,230185676,3.386,0.4685,0.4031,0.5340,0.4782,0.4031,LENT,0.2930,-0.9601,-0.0226
8849,07960.wav,7959,3586644850,3.308,0.4685,0.4237,0.5133,0.6492,0.4237,RYZA,0.7454,-0.1899,-0.0079
8850,04345.wav,4344,1923112372,2.136,0.4683,0.4417,0.4950,0.6152,0.4417,LENT,0.4929,0.0792,0.0075
8851,05906.wav,5905,2639131957,2.711,0.4682,0.4336,0.5029,0.6177,0.4336,RYZA,0.7564,-0.2170,-0.0054
8852,06002.wav,6001,2673507018,2.951,0.4682,0.4585,0.4779,0.3206,0.3206,LENT,0.2332,-0.1615,0.0140
8853,02500.wav,2499,1101765161,1.962,0.4682,0.4278,0.5086,0.3573,0.3573,PAT,0.1763,-0.8983,-0.0145
8854,05311.wav,5310,2365308713,0.491,0.4681,0.4053,0.5309,0.5255,0.4053,TAO,0.5550,0.0622,0.0006
8855,02120.wav,2119,942034020,3.823,0.4681,0.4602,0.4759,0.5146,0.4602,ANCIENT,0.3730,-0.0272,0.0100
8856,01531.wav,1530,671357253,0.653,0.4681,0.3932,0.5429,0.3994,0.3932,ANCIENT,0.3881,-0.8374,-0.0204
8857,00891.wav,890,393005974,1.216,0.4680,0.4398,0.4962,0.6163,0.4398,RYZA,0.6579,0.2223,0.0140
8858,04459.wav,4458,1970621026,6.603,0.4680,0.4381,0.4979,0.3040,0.3040,ANCIENT,0.1960,0.1115,0.0237
8859,00785.wav,784,345496812,0.449,0.4679,0.4639,0.4719,0.4486,0.4486,ANCIENT,0.5876,0.0422,0.0158
8860,06342.wav,6341,2831988042,4.905,0.4676,0.4291,0.5061,0.5714,0.4291,KLAU,0.5662,0.1499,0.0083
8861,09020.wav,9019,4055076562,4.201,0.4675,0.4570,0.4781,0.3547,0.3547,ANCIENT,0.1837,-0.7077,-0.0098
8862,01020.wav,1019,448603536,1.709,0.4675,0.4501,0.4849,0.6702,0.4501,LENT,0.5283,-0.2285,-0.0015
8863,08058.wav,8057,3625283757,6.477,0.4675,0.4683,0.4666,0.3489,0.3489,ANCIENT,0.1803,-0.6488,-0.0020
8864,03555.wav,3554,1575413270,0.728,0.4674,0.4332,0.5017,0.3309,0.3309,TAO,0.2630,-0.0888,0.0119
8865,07013.wav,7012,3137199342,1.846,0.4671,0.4283,0.5060,0.5790,0.4283,RYZA,0.6796,-0.5751,-0.0219
8866,00547.wav,546,232047282,2.205,0.4670,0.4124,0.5215,0.4980,0.4124,LENT,0.3525,-1.1476,-0.0336
8867,00066.wav,65,25867202,1.485,0.4667,0.4375,0.4959,0.6466,0.4375,TAO,0.6162,0.7342,0.0372
8868,03481.wav,3480,1542940684,3.847,0.4666,0.4314,0.5019,0.6326,0.4314,RYZA,0.7763,-0.0135,0.0010
8869,07549.wav,7548,3396049187,1.573,0.4666,0.4428,0.4904,0.6061,0.4428,RYZA,0.6679,-0.0969,-0.0016
8870,02431.wav,2430,1070822115,2.784,0.4666,0.4076,0.5256,0.6006,0.4076,KLAU,0.4422,-0.1848,-0.0128
8871,00505.wav,504,216482000,3.302,0.4666,0.4257,0.5075,0.3344,0.3344,LENT,0.2219,-0.1024,0.0191
8872,07679.wav,7678,3452609376,6.390,0.4666,0.4703,0.4629,0.3352,0.3352,LENT,0.1323,-0.2506,0.0108
8873,05060.wav,5059,2246410601,8.662,0.4664,0.4376,0.4951,0.3417,0.3417,LENT,0.1445,-0.9399,-0.0128
8874,00565.wav,564,244156495,1.869,0.4663,0.4173,0.5152,0.5517,0.4173,TAO,0.5114,-0.6073,-0.0129
8875,00480.wav,479,204950095,1.441,0.4663,0.4311,0.5014,0.6050,0.4311,TAO,0.6277,0.2226,0.0059
8876,00980.wav,979,431441580,2.550,0.4662,0.4257,0.5068,0.6804,0.4257,TAO,0.6934,-0.3648,-0.0115
8877,07683.wav,7682,3453371281,1.305,0.4662,0.4314,0.5009,0.6402,0.4314,TAO,0.5996,0.6679,0.0350
8878,06714.wav,6713,2994642116,0.684,0.4661,0.4473,0.4850,0.2833,0.2833,ANCIENT,0.2474,-0.3335,0.0087
8879,09015.wav,9014,4053913902,2.101,0.4661,0.4187,0.5135,0.6456,0.4187,TAO,0.6736,-1.1956,-0.0430
8880,03012.wav,3011,1329340292,2.433,0.4660,0.4301,0.5019,0.5437,0.4301,TAO,0.3771,-0.6905,-0.0076
8881,06470.wav,6469,2890414031,1.658,0.4660,0.4365,0.4955,0.3777,0.3777,ANCIENT,0.3811,-1.1108,-0.0247
8882,04089.wav,4088,1809096623,7.090,0.4656,0.4622,0.4691,0.3511,0.3511,PAT,0.2158,-0.3249,0.0140
8883,03123.wav,3122,1371772104,1.994,0.4656,0.4479,0.4834,0.6401,0.4479,KLAU,0.4865,-0.3132,-0.0059
8884,08443.wav,8442,3794251599,1.456,0.4656,0.4206,0.5106,0.6179,0.4206,TAO,0.6859,-0.3411,-0.0095
8885,08710.wav,8709,3915151551,3.250,0.4655,0.4322,0.4988,0.5135,0.4322,LENT,0.6650,-0.4423,-0.0013
8886,05718.wav,5717,2547065966,2.741,0.4654,0.4384,0.4924,0.5345,0.4384,LENT,0.5441,-0.3810,-0.0081
8887,06499.wav,6498,2901960906,1.967,0.4649,0.4474,0.4823,0.3357,0.3357,PAT,0.1790,-0.7732,-0.0137
8888,03249.wav,3248,1427243620,1.894,0.4647,0.4414,0.4880,0.5855,0.4414,TAO,0.5420,0.1688,0.0112
8889,03395.wav,3394,1495055603,9.969,0.4646,0.4451,0.4841,0.3479,0.3479,TAO,0.2157,-0.6792,-0.0050
8890,00200.wav,199,90340968,2.122,0.4645,0.4131,0.5158,0.6081,0.4131,TAO,0.4599,-0.1226,-0.0062
8891,06573.wav,6572,2936178726,1.930,0.4644,0.4534,0.4754,0.5680,0.4534,LENT,0.4586,-0.1099,0.0036
8892,03235.wav,3234,1420685074,2.062,0.4643,0.4249,0.5038,0.6123,0.4249,TAO,0.7167,0.0563,0.0017
8893,06609.wav,6608,2951520366,0.503,0.4643,0.4541,0.4746,0.4083,0.4083,KLAU,0.4170,-0.8916,-0.0309
8894,04762.wav,4761,2117214025,2.055,0.4642,0.4128,0.5157,0.6554,0.4128,TAO,0.6053,0.1660,0.0052
8895,04407.wav,4406,1953565454,1.772,0.4642,0.4622,0.4662,0.2404,0.2404,ANCIENT,0.1879,0.5916,0.0523
8896,02121.wav,2120,942088741,2.784,0.4641,0.4071,0.5212,0.5969,0.4071,KLAU,0.4463,-0.2045,-0.0125
8897,05773.wav,5772,2571023850,2.005,0.4640,0.4081,0.5200,0.6028,0.4081,TAO,0.5220,0.2568,0.0187
8898,06237.wav,6236,2785874602,5.353,0.4640,0.4536,0.4744,0.3633,0.3633,ANCIENT,0.1516,-0.2691,0.0104
8899,04271.wav,4270,1891322051,1.536,0.4639,0.4571,0.4707,0.5525,0.4571,LENT,0.4420,-0.8787,-0.0269
8900,06735.wav,6734,3002479472,2.013,0.4639,0.4161,0.5116,0.5903,0.4161,KLAU,0.6871,-0.6568,-0.0270
8901,03557.wav,3556,1575573676,2.835,0.4638,0.4408,0.4868,0.4961,0.4408,KLAU,0.6969,0.1453,0.0169
8902,01257.wav,1256,560045514,2.993,0.4637,0.4065,0.5208,0.3639,0.3639,TAO,0.3306,-0.8510,-0.0171
8903,03109.wav,3108,1367897807,2.246,0.4636,0.4168,0.5104,0.5348,0.4168,KLAU,0.6897,-0.8306,-0.0310
8904,07474.wav,7473,3364513515,1.800,0.4636,0.4085,0.5187,0.6724,0.4085,LENT,0.5511,-0.8841,-0.0321
8905,08023.wav,8022,3613800690,1.721,0.4634,0.4075,0.5193,0.6217,0.4075,RYZA,0.6539,-0.7307,-0.0300
8906,06691.wav,6690,2984464331,3.941,0.4633,0.4345,0.4920,0.5802,0.4345,TAO,0.3519,0.5271,0.0218
8907,05841.wav,5840,2602021601,2.260,0.4631,0.4122,0.5140,0.5363,0.4122,LENT,0.4551,-0.1152,-0.0031
8908,00758.wav,757,327224651,5.458,0.4631,0.4436,0.4825,0.4037,0.4037,LENT,0.1984,-0.5407,-0.0051
8909,09264.wav,9263,4166535144,1.661,0.4630,0.4154,0.5107,0.6472,0.4154,TAO,0.6792,0.1144,0.0104
8910,06386.wav,6385,2853924617,1.577,0.4630,0.4043,0.5217,0.6618,0.4043,TAO,0.4427,0.0764,0.0041
8911,04452.wav,4451,1969525417,1.345,0.4627,0.4366,0.4888,0.5871,0.4366,TAO,0.7042,0.2654,0.0135
8912,02275.wav,2274,1009919701,7.137,0.4626,0.4533,0.4720,0.2368,0.2368,PAT,0.1539,0.8714,0.0635
8913,02073.wav,2072,919955668,3.253,0.4626,0.4218,0.5033,0.3020,0.3020,LENT,0.2694,0.3791,0.0294
8914,05766.wav,5765,2570210188,1.582,0.4626,0.3792,0.5459,0.4445,0.3792,ANCIENT,0.5122,-1.0800,-0.0322
8915,02802.wav,2801,1236322054,1.293,0.4625,0.4330,0.4920,0.6166,0.4330,TAO,0.5752,0.1851,0.0088
8916,00479.wav,478,204397936,1.589,0.4625,0.4168,0.5081,0.3107,0.3107,TAO,0.1571,-0.3408,0.0048
8917,03719.wav,3718,1638749026,5.136,0.4624,0.4210,0.5039,0.2839,0.2839,ANCIENT,0.2073,0.0213,0.0206
8918,06440.wav,6439,2878912425,0.528,0.4624,0.4250,0.4999,0.4459,0.4250,ANCIENT,0.4531,-1.1358,-0.0392
8919,06728.wav,6727,3000926097,2.766,0.4624,0.4287,0.4961,0.5602,0.4287,KLAU,0.5124,-0.0940,0.0030
8920,02449.wav,2448,1080220299,1.447,0.4624,0.4249,0.4999,0.6120,0.4249,TAO,0.3719,-0.5463,-0.0132
8921,03117.wav,3116,1371491563,6.157,0.4621,0.4615,0.4627,0.2926,0.2926,PAT,0.2216,-0.4644,0.0105
8922,06687.wav,6686,2984044682,3.980,0.4620,0.4496,0.4745,0.3702,0.3702,ANCIENT,0.1901,0.1988,0.0201
8923,08095.wav,8094,3642509196,1.544,0.4619,0.4261,0.4976,0.4262,0.4261,ANCIENT,0.4109,0.0434,0.0139
8924,05725.wav,5724,2548414540,1.619,0.4616,0.4036,0.5197,0.6872,0.4036,TAO,0.4983,0.1149,0.0109
8925,03273.wav,3272,1434359663,1.624,0.4616,0.3906,0.5325,0.3398,0.3398,TAO,0.2165,-0.5715,-0.0111
8926,01946.wav,1945,869719571,1.222,0.4613,0.4059,0.5167,0.3582,0.3582,TAO,0.1412,-1.1885,-0.0350
8927,05822.wav,5821,2594101286,2.631,0.4612,0.4486,0.4739,0.3980,0.3980,KLAU,0.5096,-0.1034,0.0085
8928,01258.wav,1257,561112526,3.180,0.4612,0.4398,0.4827,0.6574,0.4398,RYZA,0.6911,0.0073,0.0042
8929,02727.wav,2726,1202022448,1.401,0.4610,0.4413,0.4807,0.6017,0.4413,RYZA,0.6551,0.4637,0.0275
8930,02483.wav,2482,1095164940,2.500,0.4610,0.4276,0.4944,0.5836,0.4276,RYZA,0.8251,-0.0266,0.0036
8931,06498.wav,6497,2901791594,1.748,0.4609,0.4312,0.4906,0.5758,0.4312,LENT,0.3658,-0.2248,-0.0006
8932,05542.wav,5541,2466728660,5.800,0.4608,0.4242,0.4974,0.3622,0.3622,LENT,0.1170,-0.7953,-0.0108
8933,05276.wav,5275,2348233386,1.516,0.4608,0.4082,0.5133,0.5870,0.4082,RYZA,0.7512,0.2868,0.0128
8934,02879.wav,2878,1273409989,7.256,0.4606,0.4391,0.4822,0.2530,0.2530,ANCIENT,0.1802,-0.3229,0.0095
8935,08833.wav,8832,3973921361,1.615,0.4606,0.3998,0.5214,0.6566,0.3998,TAO,0.6189,-0.3394,-0.0163
8936,09535.wav,9534,4280794190,5.365,0.4603,0.4254,0.4952,0.3073,0.3073,LENT,0.1226,-0.5825,0.0014
8937,01601.wav,1600,705189475,2.286,0.4602,0.4345,0.4859,0.5254,0.4345,KLAU,0.4853,-0.4379,-0.0118
8938,04239.wav,4238,1880066801,1.082,0.4601,0.4424,0.4779,0.3629,0.3629,PAT,0.2220,0.0169,0.0199
8939,07363.wav,7362,3307603981,1.926,0.4600,0.4534,0.4667,0.5925,0.4534,TAO,0.4516,-0.3424,-0.0083
8940,06051.wav,6050,2698579852,4.205,0.4599,0.4010,0.5188,0.3348,0.3348,ANCIENT,0.2019,-0.5504,-0.0030
8941,05049.wav,5048,2240627985,5.332,0.4599,0.4160,0.5038,0.2989,0.2989,LENT,0.1771,-0.2026,0.0158
8942,03634.wav,3633,1604949248,1.557,0.4599,0.4270,0.4928,0.6767,0.4270,TAO,0.5581,-0.1829,-0.0018
8943,06455.wav,6454,2884309959,1.729,0.4598,0.4254,0.4943,0.5576,0.4254,RYZA,0.7807,-0.1602,-0.0046
8944,04475.wav,4474,1980135763,1.893,0.4595,0.4224,0.4967,0.5568,0.4224,RYZA,0.5589,-0.4413,-0.0062
8945,03582.wav,3581,1583754056,1.428,0.4595,0.4332,0.4859,0.6212,0.4332,TAO,0.6826,0.3973,0.0260
8946,07535.wav,7534,3390261135,3.566,0.4595,0.4457,0.4732,0.4181,0.4181,LENT,0.4851,0.0118,0.0060
8947,03493.wav,3492,1549432531,1.694,0.4595,0.4095,0.5094,0.5877,0.4095,RYZA,0.7451,-0.7831,-0.0306
8948,02293.wav,2292,1016694610,1.417,0.4593,0.4244,0.4943,0.6083,0.4244,TAO,0.6577,0.1841,0.0079
8949,03013.wav,3012,1329507997,1.900,0.4593,0.4362,0.4825,0.5986,0.4362,TAO,0.5348,0.0411,0.0081
8950,02144.wav,2143,953240084,3.323,0.4592,0.4558,0.4627,0.4053,0.4053,ANCIENT,0.4212,-0.3374,0.0050
8951,05298.wav,5297,2358276642,2.038,0.4590,0.4459,0.4722,0.3543,0.3543,TAO,0.2359,-0.7090,-0.0104
8952,08110.wav,8109,3648708135,1.477,0.4589,0.4113,0.5065,0.6897,0.4113,TAO,0.6161,0.2133,0.0139
8953,04081.wav,4080,1807458860,1.531,0.4587,0.4233,0.4941,0.3577,0.3577,TAO,0.1812,-0.9735,-0.0180
8954,04443.wav,4442,1965132013,2.311,0.4585,0.4286,0.4883,0.5876,0.4286,RYZA,0.7573,-0.2374,-0.0062
8955,02889.wav,2888,1274968942,1.706,0.4584,0.4443,0.4724,0.3534,0.3534,ANCIENT,0.3129,-0.2592,0.0099
8956,01224.wav,1223,544450665,2.354,0.4582,0.4117,0.5047,0.6744,0.4117,TAO,0.6057,-0.7347,-0.0235
8957,02888.wav,2887,1274901707,6.748,0.4581,0.4401,0.4762,0.2748,0.2748,LENT,0.1706,-0.8349,-0.0102
8958,08984.wav,8983,4037807685,1.271,0.4581,0.4151,0.5012,0.6673,0.4151,TAO,0.5781,-0.1644,-0.0019
8959,00997.wav,996,437227738,2.872,0.4579,0.4267,0.4892,0.5032,0.4267,KLAU,0.5643,-0.3963,-0.0077
8960,05460.wav,5459,2426106730,6.196,0.4579,0.4559,0.4599,0.3413,0.3413,ANCIENT,0.1474,-0.7763,-0.0127
8961,00256.wav,255,114446411,1.889,0.4578,0.4333,0.4822,0.6146,0.4333,TAO,0.5079,0.0109,0.0110
8962,05853.wav,5852,2608899410,1.296,0.4576,0.4437,0.4715,0.5841,0.4437,TAO,0.5680,0.5607,0.0340
8963,06176.wav,6175,2758348073,3.873,0.4575,0.4279,0.4871,0.3925,0.3925,LENT,0.2398,-0.5422,-0.0103
8964,04878.wav,4877,2167197549,2.107,0.4575,0.4322,0.4827,0.5704,0.4322,KLAU,0.4736,0.0046,0.0032
8965,03046.wav,3045,1346246762,1.228,0.4574,0.4233,0.4916,0.6032,0.4233,RYZA,0.6682,0.5114,0.0273
8966,02122.wav,2121,942198183,2.453,0.4572,0.4319,0.4824,0.4900,0.4319,LENT,0.4435,0.2412,0.0117
8967,09019.wav,9018,4054743821,1.457,0.4571,0.4333,0.4809,0.6190,0.4333,TAO,0.7329,0.4497,0.0244
8968,08351.wav,8350,3746432777,1.754,0.4570,0.4186,0.4954,0.2888,0.2888,ANCIENT,0.2636,-0.8425,-0.0075
8969,04389.wav,4388,1944427681,2.261,0.4569,0.4154,0.4984,0.5006,0.4154,RYZA,0.7035,-0.6757,-0.0074
8970,00243.wav,242,106680772,5.866,0.4568,0.4343,0.4792,0.4165,0.4165,ANCIENT,0.2775,-0.7233,-0.0085
8971,05146.wav,5145,2293185511,1.766,0.4564,0.3694,0.5434,0.6670,0.3694,TAO,0.6408,-1.0227,-0.0415
8972,03701.wav,3700,1631323212,7.356,0.4563,0.4357,0.4768,0.2933,0.2933,PAT,0.1445,-0.6935,-0.0036
8973,06219.wav,6218,2780369156,1.477,0.4561,0.4163,0.4959,0.6813,0.4163,TAO,0.6145,0.2596,0.0157
8974,06095.wav,6094,2723220740,2.420,0.4561,0.4359,0.4762,0.4862,0.4359,KLAU,0.5772,-0.2649,-0.0025
8975,00437.wav,436,189737908,8.691,0.4560,0.4269,0.4850,0.3170,0.3170,PAT,0.1617,-0.6178,-0.0048
8976,06303.wav,6302,2815257607,6.422,0.4559,0.4339,0.4778,0.3578,0.3578,LENT,0.1297,-0.8306,-0.0171
8977,03069.wav,3068,1352913250,1.644,0.4558,0.3673,0.5444,0.6619,0.3673,TAO,0.5219,-0.1456,-0.0018
8978,00998.wav,997,437282459,3.239,0.4558,0.4358,0.4758,0.5150,0.4358,TAO,0.4565,0.3099,0.0152
8979,05017.wav,5016,2224111498,5.307,0.4557,0.4232,0.4882,0.3521,0.3521,LENT,0.1594,-0.9391,-0.0144
8980,07914.wav,7913,3569010543,1.230,0.4556,0.3963,0.5150,0.2505,0.2505,LENT,0.1068,-0.5366,-0.0039
8981,06108.wav,6107,2726523213,3.053,0.4556,0.4109,0.5003,0.3529,0.3529,LENT,0.1550,-0.1755,0.0067
8982,06367.wav,6366,2846738706,3.698,0.4555,0.4135,0.4976,0.5503,0.4135,TAO,0.4258,0.0912,0.0078
8983,04798.wav,4797,2132477676,3.271,0.4555,0.4179,0.4931,0.4822,0.4179,LENT,0.4561,0.1183,0.0088
8984,06413.wav,6412,2863316844,0.344,0.4555,0.4089,0.5021,0.5665,0.4089,TAO,0.6495,-0.8862,-0.0343
8985,05896.wav,5895,2633424811,2.312,0.4553,0.4040,0.5066,0.5242,0.4040,LENT,0.4641,-0.5979,-0.0063
8986,05118.wav,5117,2275038636,3.549,0.4553,0.4477,0.4628,0.3952,0.3952,LENT,0.1801,-0.8063,-0.0158
8987,07343.wav,7342,3295324849,1.756,0.4552,0.4073,0.5032,0.5895,0.4073,RYZA,0.7051,-0.5886,-0.0242
8988,02747.wav,2746,1215297325,1.761,0.4552,0.4328,0.4776,0.5555,0.4328,TAO,0.5481,-0.6452,-0.0225
8989,05655.wav,5654,2517023209,1.432,0.4552,0.4257,0.4847,0.5506,0.4257,TAO,0.5124,0.4362,0.0263
8990,07710.wav,7709,3465562089,5.575,0.4551,0.4366,0.4736,0.2924,0.2924,PAT,0.1800,-0.6575,-0.0089
8991,08845.wav,8844,3981117035,2.103,0.4551,0.4832,0.4269,0.3376,0.3376,PAT,0.2521,0.9851,0.0539
8992,04972.wav,4971,2200170218,6.903,0.4549,0.4500,0.4598,0.3253,0.3253,LENT,0.1182,-0.7010,-0.0088
8993,08916.wav,8915,4012538850,1.730,0.4548,0.4221,0.4875,0.5291,0.4221,RYZA,0.5803,-0.1041,0.0105
8994,00662.wav,661,282662475,2.517,0.4546,0.4398,0.4694,0.2811,0.2811,PAT,0.1515,-0.2943,0.0134
8995,00845.wav,844,373132293,1.847,0.4545,0.4113,0.4977,0.6116,0.4113,TAO,0.5288,0.1327,0.0070
8996,02714.wav,2713,1199450662,1.761,0.4543,0.4700,0.4385,0.3870,0.3870,KLAU,0.3143,-0.4012,-0.0041
8997,06338.wav,6337,2831608910,1.726,0.4541,0.4237,0.4845,0.5634,0.4237,RYZA,0.7834,0.3654,0.0144
8998,09425.wav,9424,4232633610,1.988,0.4540,0.4390,0.4691,0.4571,0.4390,KLAU,0.6130,0.1724,0.0223
8999,06528.wav,6527,2911990919,1.999,0.4537,0.4089,0.4984,0.5787,0.4089,RYZA,0.6928,0.1645,0.0072
9000,09536.wav,9535,4281384938,7.982,0.4536,0.4408,0.4664,0.2772,0.2772,PAT,0.1241,0.3506,0.0340
9001,03757.wav,3756,1659276461,1.297,0.4534,0.4277,0.4792,0.5749,0.4277,RYZA,0.7470,0.3514,0.0143
9002,07603.wav,7602,3422254573,1.329,0.4534,0.4118,0.4949,0.6131,0.4118,RYZA,0.6783,-0.1114,-0.0009
9003,01305.wav,1304,578849647,2.224,0.4532,0.4246,0.4818,0.5873,0.4246,KLAU,0.5025,-0.0076,0.0110
9004,04300.wav,4299,1905425742,3.449,0.4532,0.4337,0.4726,0.3372,0.3372,ANCIENT,0.2455,-0.2344,0.0174
9005,07652.wav,7651,3441487621,2.037,0.4530,0.4196,0.4864,0.6228,0.4196,TAO,0.7279,-0.0142,0.0050
9006,06847.wav,6846,3058948717,2.326,0.4529,0.3960,0.5098,0.4383,0.3960,TAO,0.1841,-0.6569,-0.0143
9007,07154.wav,7153,3202748513,2.153,0.4528,0.4447,0.4610,0.3681,0.3681,TAO,0.1003,-0.5141,-0.0039
9008,08792.wav,8791,3955957642,6.838,0.4528,0.4245,0.4811,0.3067,0.3067,LENT,0.1103,-0.6485,-0.0026
9009,02169.wav,2168,964490608,1.678,0.4524,0.4062,0.4987,0.5729,0.4062,RYZA,0.7623,-0.0355,-0.0011
9010,09065.wav,9064,4079551348,1.368,0.4524,0.4450,0.4598,0.5702,0.4450,RYZA,0.6353,0.2827,0.0121
9011,06529.wav,6528,2912069741,1.359,0.4523,0.4136,0.4911,0.5229,0.4136,RYZA,0.7625,0.1294,0.0096
9012,00930.wav,929,410190123,1.471,0.4523,0.4414,0.4632,0.3430,0.3430,TAO,0.1689,-0.4733,0.0061
9013,06313.wav,6312,2819857142,1.727,0.4522,0.4135,0.4910,0.5701,0.4135,TAO,0.5637,0.0068,0.0026
9014,03760.wav,3759,1660583427,2.966,0.4520,0.4443,0.4598,0.5022,0.4443,RYZA,0.6835,-0.0617,0.0042
9015,03773.wav,3772,1666405253,1.216,0.4519,0.4384,0.4653,0.3163,0.3163,LENT,0.1826,-0.5067,0.0044
9016,04199.wav,4198,1860911627,4.204,0.4518,0.3937,0.5100,0.3062,0.3062,PAT,0.1569,-0.6233,-0.0071
9017,05646.wav,5645,2510877124,1.319,0.4518,0.4336,0.4700,0.2731,0.2731,TAO,0.1540,-0.2713,0.0110
9018,05528.wav,5527,2458602830,1.383,0.4513,0.4248,0.4777,0.5614,0.4248,RYZA,0.7457,0.4915,0.0212
9019,09142.wav,9141,4112006094,6.931,0.4511,0.4374,0.4649,0.3463,0.3463,LENT,0.1253,-0.5690,-0.0043
9020,04728.wav,4727,2099133865,1.372,0.4511,0.4178,0.4843,0.3219,0.3219,TAO,0.2847,-0.5401,-0.0061
9021,02781.wav,2780,1226547849,1.584,0.4509,0.4265,0.4754,0.4572,0.4265,RYZA,0.7462,0.2344,0.0108
9022,02636.wav,2635,1160377618,1.833,0.4509,0.4048,0.4970,0.5256,0.4048,RYZA,0.7975,-0.0660,-0.0071
9023,04532.wav,4531,2011905902,6.023,0.4509,0.4460,0.4558,0.1835,0.1835,ANCIENT,0.2043,-0.1097,0.0176
9024,07583.wav,7582,3414390434,1.678,0.4508,0.4157,0.4859,0.5678,0.4157,RYZA,0.4574,0.8214,0.0507
9025,06158.wav,6157,2749371405,2.609,0.4505,0.4253,0.4757,0.4696,0.4253,ANCIENT,0.5674,-0.3967,-0.0081
9026,06807.wav,6806,3039236678,1.604,0.4502,0.3973,0.5031,0.6193,0.3973,TAO,0.6611,-0.3260,-0.0105
9027,08395.wav,8394,3768578698,2.202,0.4502,0.4145,0.4859,0.6300,0.4145,TAO,0.4423,-0.2517,-0.0032
9028,00380.wav,379,163951150,1.688,0.4501,0.4116,0.4886,0.6278,0.4116,TAO,0.6639,0.4307,0.0223
9029,03296.wav,3295,1448255600,1.916,0.4499,0.4027,0.4971,0.4731,0.4027,RYZA,0.6523,-0.4657,-0.0188
9030,07490.wav,7489,3371881066,7.356,0.4499,0.4051,0.4947,0.3009,0.3009,ANCIENT,0.2309,-0.5912,0.0020
9031,09215.wav,9214,4146331900,1.808,0.4498,0.4164,0.4833,0.5150,0.4164,TAO,0.3533,-0.1485,0.0109
9032,08565.wav,8564,3851240267,4.862,0.4496,0.4140,0.4852,0.3455,0.3455,LENT,0.1354,-0.7454,-0.0094
9033,01375.wav,1374,608113256,5.939,0.4496,0.4295,0.4696,0.2832,0.2832,PAT,0.2004,-0.5782,0.0024
9034,00544.wav,543,229555790,1.602,0.4495,0.4041,0.4950,0.6290,0.4041,RYZA,0.7470,-0.0014,0.0002
9035,04278.wav,4277,1894697122,1.375,0.4495,0.4132,0.4858,0.5535,0.4132,RYZA,0.7599,-0.2086,-0.0076
9036,06372.wav,6371,2849156582,2.074,0.4495,0.4134,0.4855,0.5355,0.4134,RYZA,0.7214,-0.3385,-0.0155
9037,00375.wav,374,162901615,1.724,0.4493,0.4113,0.4872,0.6565,0.4113,TAO,0.7262,0.1232,0.0082
9038,05703.wav,5702,2540119958,7.271,0.4491,0.4416,0.4567,0.3278,0.3278,LENT,0.1432,-0.7947,-0.0103
9039,00114.wav,113,47848520,1.536,0.4491,0.4085,0.4897,0.5730,0.4085,TAO,0.7047,-0.0130,-0.0002
9040,02691.wav,2690,1188212535,1.274,0.4490,0.4138,0.4842,0.5286,0.4138,TAO,0.7571,0.0588,0.0016
9041,07304.wav,7303,3272697798,1.514,0.4489,0.4071,0.4908,0.7010,0.4071,TAO,0.6594,0.2217,0.0129
9042,01350.wav,1349,600745705,1.858,0.4489,0.4367,0.4610,0.5582,0.4367,LENT,0.4605,0.1985,0.0156
9043,00432.wav,431,187598827,2.972,0.4486,0.4258,0.4714,0.4908,0.4258,LENT,0.3884,-0.1563,-0.0020
9044,04859.wav,4858,2158095856,3.016,0.4485,0.4085,0.4885,0.5566,0.4085,TAO,0.4380,-0.0596,-0.0006
9045,04456.wav,4455,1970343006,2.598,0.4485,0.4011,0.4958,0.5440,0.4011,LENT,0.3640,0.1633,0.0072
9046,01290.wav,1289,576859146,1.702,0.4483,0.4159,0.4808,0.6505,0.4159,TAO,0.5463,0.3485,0.0208
9047,03480.wav,3479,1542769585,2.449,0.4483,0.4225,0.4741,0.3828,0.3828,KLAU,0.4806,0.4432,0.0188
9048,04319.wav,4318,1912273153,1.783,0.4481,0.3886,0.5077,0.4129,0.3886,ANCIENT,0.3671,-0.8208,-0.0191
9049,05438.wav,5437,2419885141,0.404,0.4480,0.3842,0.5117,0.5730,0.3842,TAO,0.5410,-0.2229,-0.0072
9050,00844.wav,843,372893411,1.705,0.4479,0.4177,0.4780,0.6723,0.4177,TAO,0.5344,-0.1208,0.0045
9051,07242.wav,7241,3242856610,1.468,0.4479,0.4269,0.4688,0.6424,0.4269,TAO,0.5805,0.2641,0.0208
9052,01782.wav,1781,797111630,1.026,0.4478,0.4432,0.4523,0.2545,0.2545,PAT,0.2464,-0.8920,-0.0104
9053,07141.wav,7140,3195619721,2.364,0.4477,0.4138,0.4817,0.4529,0.4138,TAO,0.3608,-0.4503,0.0007
9054,02105.wav,2104,937028169,5.012,0.4475,0.4374,0.4576,0.3285,0.3285,TAO,0.3134,0.2208,0.0323
9055,03656.wav,3655,1611485546,1.607,0.4473,0.4576,0.4371,0.3688,0.3688,TAO,0.2355,-1.1951,-0.0264
9056,09373.wav,9372,4210752370,7.490,0.4471,0.4224,0.4718,0.3056,0.3056,PAT,0.1538,-0.9203,-0.0176
9057,05224.wav,5223,2321717681,8.909,0.4471,0.3955,0.4986,0.3356,0.3356,LENT,0.1411,-0.8037,-0.0104
9058,00770.wav,769,334406147,2.952,0.4470,0.4274,0.4666,0.5365,0.4274,LENT,0.4111,-0.1511,-0.0011
9059,02216.wav,2215,985742060,1.852,0.4470,0.4030,0.4910,0.5555,0.4030,TAO,0.6990,-0.0759,-0.0055
9060,07198.wav,7197,3220778258,0.927,0.4467,0.3992,0.4943,0.3616,0.3616,TAO,0.2077,-0.3530,0.0033
9061,04741.wav,4740,2106784777,1.392,0.4467,0.3975,0.4959,0.6458,0.3975,TAO,0.6254,0.6200,0.0338
9062,04113.wav,4112,1820733737,1.615,0.4467,0.4161,0.4772,0.2714,0.2714,PAT,0.1849,-0.4763,-0.0027
9063,02585.wav,2584,1136700101,6.914,0.4466,0.4459,0.4473,0.2844,0.2844,LENT,0.0927,-0.9309,-0.0150
9064,08610.wav,8609,3875216270,4.144,0.4465,0.4284,0.4645,0.3449,0.3449,ANCIENT,0.1763,-0.9670,-0.0128
9065,09360.wav,9359,4206995432,2.367,0.4464,0.4220,0.4708,0.4736,0.4220,ANCIENT,0.5131,0.1008,0.0068
9066,03047.wav,3046,1346377223,2.357,0.4463,0.4384,0.4543,0.4669,0.4384,RYZA,0.7944,-0.2088,-0.0003
9067,01695.wav,1694,755226699,1.541,0.4462,0.4219,0.4705,0.6650,0.4219,TAO,0.6205,-0.3540,-0.0061
9068,08258.wav,8257,3705801830,1.415,0.4459,0.3985,0.4933,0.6139,0.3985,TAO,0.7101,-0.0690,0.0017
9069,02791.wav,2790,1232820781,1.575,0.4459,0.4384,0.4534,0.4538,0.4384,TAO,0.3449,0.0666,0.0106
9070,06918.wav,6917,3089371303,1.362,0.4459,0.4165,0.4753,0.5750,0.4165,TAO,0.6069,0.8195,0.0415
9071,09333.wav,9332,4192692074,2.231,0.4456,0.3829,0.5084,0.5293,0.3829,RYZA,0.7334,-0.5432,-0.0163
9072,04177.wav,4176,1852456339,3.070,0.4453,0.4133,0.4774,0.2670,0.2670,PAT,0.1697,0.4944,0.0413
9073,05805.wav,5804,2582502964,8.189,0.4453,0.4049,0.4858,0.2890,0.2890,PAT,0.1834,-0.8935,-0.0185
9074,04381.wav,4380,1939677996,3.449,0.4451,0.4339,0.4564,0.3655,0.3655,PAT,0.1768,-0.4556,-0.0036
9075,00450.wav,449,194710019,1.910,0.4451,0.4225,0.4676,0.5895,0.4225,KLAU,0.5374,0.0859,0.0090
9076,07875.wav,7874,3549828097,2.854,0.4450,0.4123,0.4777,0.5069,0.4123,KLAU,0.6343,-0.1939,-0.0034
9077,00790.wav,789,349484616,2.301,0.4449,0.4380,0.4517,0.5978,0.4380,TAO,0.4496,0.2958,0.0221
9078,01825.wav,1824,813762827,6.884,0.4448,0.4239,0.4656,0.3817,0.3817,TAO,0.2091,-0.4880,-0.0048
9079,04467.wav,4466,1975385271,1.521,0.4443,0.4060,0.4826,0.6195,0.4060,TAO,0.4733,0.6164,0.0257
9080,00501.wav,500,213833588,1.456,0.4443,0.4060,0.4826,0.5248,0.4060,TAO,0.7240,0.4053,0.0166
9081,08895.wav,8894,4004890758,4.227,0.4441,0.3908,0.4975,0.5833,0.3908,TAO,0.4017,0.0028,0.0022
9082,06954.wav,6953,3109184744,2.645,0.4437,0.3890,0.4985,0.3184,0.3184,TAO,0.1941,-0.6749,-0.0100
9083,06561.wav,6560,2930034508,0.947,0.4437,0.3919,0.4955,0.3687,0.3687,PAT,0.2214,-0.4354,-0.0103
9084,02887.wav,2886,1274737544,7.194,0.4434,0.4325,0.4543,0.3337,0.3337,TAO,0.1991,-0.0627,0.0170
9085,05698.wav,5697,2538219759,3.432,0.4434,0.4158,0.4710,0.4908,0.4158,TAO,0.3727,-0.0063,0.0042
9086,02427.wav,2426,1070446695,1.446,0.4434,0.3966,0.4902,0.6281,0.3966,TAO,0.5772,-0.0973,-0.0031
9087,07317.wav,7316,3282049972,1.716,0.4433,0.3958,0.4908,0.5932,0.3958,TAO,0.7081,-0.9496,-0.0288
9088,08435.wav,8434,3787781256,2.085,0.4433,0.4506,0.4360,0.3469,0.3469,TAO,0.1703,-0.6436,-0.0094
9089,07817.wav,7816,3519350790,2.752,0.4432,0.4264,0.4600,0.3786,0.3786,LENT,0.2271,0.0668,0.0245
9090,07555.wav,7554,3397670345,7.842,0.4429,0.4054,0.4803,0.2838,0.2838,ANCIENT,0.1012,-0.6098,-0.0005
9091,05918.wav,5917,2644398544,2.023,0.4428,0.4633,0.4224,0.3595,0.3595,PAT,0.2553,0.7467,0.0425
9092,02372.wav,2371,1047288295,7.842,0.4427,0.4052,0.4802,0.2834,0.2834,ANCIENT,0.1013,-0.6112,-0.0006
9093,07645.wav,7644,3439120590,3.165,0.4427,0.4092,0.4762,0.5333,0.4092,TAO,0.3140,0.0809,0.0006
9094,07072.wav,7071,3163220367,4.569,0.4425,0.3989,0.4862,0.2706,0.2706,ANCIENT,0.1859,-0.4370,0.0026
9095,02824.wav,2823,1243555632,4.103,0.4422,0.3957,0.4887,0.3713,0.3713,LENT,0.1746,-0.6823,-0.0061
9096,09223.wav,9222,4151191027,1.380,0.4422,0.4196,0.4647,0.6006,0.4196,RYZA,0.6999,-0.0286,0.0012
9097,01388.wav,1387,610195722,1.992,0.4421,0.4168,0.4674,0.5861,0.4168,KLAU,0.4832,-0.2219,-0.0049
9098,02277.wav,2276,1012295367,0.664,0.4420,0.3959,0.4882,0.3274,0.3274,TAO,0.1454,-0.6131,-0.0114
9099,03988.wav,3987,1764427539,1.273,0.4419,0.3850,0.4989,0.6754,0.3850,TAO,0.5724,0.4095,0.0229
9100,04854.wav,4853,2154012890,1.829,0.4419,0.3716,0.5122,0.6989,0.3716,LENT,0.5419,0.0284,0.0086
9101,07162.wav,7161,3209442031,2.076,0.4418,0.3904,0.4931,0.6454,0.3904,TAO,0.6768,-0.6893,-0.0259
9102,03902.wav,3901,1727466319,2.505,0.4418,0.4160,0.4675,0.2863,0.2863,PAT,0.2489,-0.6069,0.0019
9103,04820.wav,4819,2141509065,7.466,0.4417,0.4162,0.4672,0.3737,0.3737,LENT,0.1565,-0.8970,-0.0147
9104,04712.wav,4711,2091949605,7.678,0.4416,0.4305,0.4528,0.3245,0.3245,LENT,0.1181,-0.7220,-0.0104
9105,03179.wav,3178,1395936683,7.232,0.4416,0.4056,0.4775,0.3304,0.3304,LENT,0.1333,-0.8720,-0.0140
9106,09556.wav,9555,4289488423,1.850,0.4415,0.4194,0.4637,0.4942,0.4194,RYZA,0.6206,0.0462,0.0161
9107,06395.wav,6394,2855792614,1.846,0.4415,0.3967,0.4864,0.6326,0.3967,TAO,0.6651,-0.2129,-0.0067
9108,01814.wav,1813,811897351,2.286,0.4414,0.4044,0.4783,0.4971,0.4044,RYZA,0.6042,-0.1207,-0.0008
9109,03780.wav,3779,1672834929,3.125,0.4412,0.4525,0.4298,0.2769,0.2769,ANCIENT,0.2236,1.0161,0.0683
9110,08289.wav,8288,3720347814,2.169,0.4411,0.4345,0.4477,0.5266,0.4345,LENT,0.3845,0.1695,0.0123
9111,04752.wav,4751,2112252392,6.069,0.4411,0.3897,0.4926,0.3168,0.3168,PAT,0.1943,-0.5952,-0.0100
9112,05069.wav,5068,2251858976,1.466,0.4409,0.3678,0.5139,0.6994,0.3678,TAO,0.5595,-0.0897,-0.0047
9113,04579.wav,4578,2032667283,1.301,0.4405,0.4107,0.4704,0.2427,0.2427,TAO,0.1280,-0.7367,-0.0077
9114,01005.wav,1004,444465849,1.540,0.4403,0.4019,0.4788,0.6170,0.4019,TAO,0.5984,-0.9115,-0.0293
9115,08162.wav,8161,3671134157,1.904,0.4403,0.3993,0.4812,0.5109,0.3993,LENT,0.5589,-0.6284,-0.0161
9116,06563.wav,6562,2932058861,1.383,0.4401,0.4153,0.4649,0.2867,0.2867,TAO,0.1945,-0.4642,0.0032
9117,04116.wav,4115,1823993452,3.153,0.4399,0.3923,0.4875,0.4692,0.3923,RYZA,0.4570,-0.2409,0.0061
9118,04497.wav,4496,1992954210,2.113,0.4397,0.4028,0.4766,0.5654,0.4028,RYZA,0.7292,-0.4709,-0.0162
9119,06323.wav,6322,2826642862,6.351,0.4396,0.3988,0.4803,0.2828,0.2828,PAT,0.1947,-1.1895,-0.0278
9120,02682.wav,2681,1185115884,1.986,0.4395,0.4021,0.4769,0.6275,0.4021,TAO,0.6532,-0.3927,-0.0117
9121,00805.wav,804,354978791,1.925,0.4392,0.4035,0.4748,0.4567,0.4035,TAO,0.4830,-0.3319,-0.0078
9122,03194.wav,3193,1402472710,6.860,0.4391,0.4181,0.4600,0.3681,0.3681,TAO,0.2844,-0.5223,0.0027
9123,08628.wav,8627,3882402181,1.217,0.4389,0.4187,0.4591,0.5685,0.4187,TAO,0.6283,0.5139,0.0290
9124,00928.wav,927,409893772,1.745,0.4389,0.4116,0.4661,0.3924,0.3924,LENT,0.2924,-0.5203,-0.0048
9125,02704.wav,2703,1193996172,2.250,0.4386,0.4531,0.4240,0.3936,0.3936,RYZA,0.3288,0.2229,0.0258
9126,06867.wav,6866,3065025957,6.534,0.4383,0.4072,0.4695,0.2682,0.2682,LENT,0.1466,-0.7815,-0.0065
9127,01286.wav,1285,575769131,1.000,0.4381,0.3768,0.4995,0.3420,0.3420,TAO,0.1625,-0.1562,0.0072
9128,01768.wav,1767,788951758,1.917,0.4378,0.3900,0.4856,0.5907,0.3900,RYZA,0.7226,-0.1906,-0.0090
9129,00859.wav,858,378575306,1.534,0.4378,0.4000,0.4755,0.5963,0.4000,TAO,0.6335,-0.7426,-0.0291
9130,02937.wav,2936,1298897708,6.694,0.4377,0.4102,0.4652,0.3145,0.3145,LENT,0.1274,-0.4130,0.0032
9131,04306.wav,4305,1906470860,3.935,0.4375,0.4256,0.4495,0.3243,0.3243,ANCIENT,0.1928,-1.0278,-0.0170
9132,04995.wav,4994,2214602345,1.624,0.4374,0.3872,0.4877,0.6697,0.3872,TAO,0.4733,-0.2393,-0.0047
9133,01680.wav,1679,743965194,0.801,0.4374,0.4415,0.4333,0.3758,0.3758,ANCIENT,0.2649,-0.3733,-0.0016
9134,05310.wav,5309,2364970160,1.715,0.4373,0.4018,0.4729,0.6184,0.4018,TAO,0.5175,0.0839,-0.0029
9135,02328.wav,2327,1035594930,1.523,0.4372,0.4134,0.4609,0.2852,0.2852,ANCIENT,0.2339,0.0739,0.0159
9136,08645.wav,8644,3891278054,2.000,0.4371,0.3911,0.4830,0.5201,0.3911,LENT,0.4982,-0.4315,-0.0102
9137,01061.wav,1060,464300392,2.073,0.4369,0.3832,0.4906,0.5164,0.3832,TAO,0.5150,-0.7013,-0.0152
9138,00176.wav,175,74574350,1.597,0.4368,0.4176,0.4560,0.5992,0.4176,RYZA,0.7025,0.1181,0.0136
9139,03941.wav,3940,1742997638,5.634,0.4368,0.4034,0.4702,0.3041,0.3041,ANCIENT,0.1606,-0.7496,-0.0057
9140,00869.wav,868,382124544,2.387,0.4365,0.4024,0.4707,0.5445,0.4024,LENT,0.3684,-0.1339,-0.0028
9141,05145.wav,5144,2292727471,1.523,0.4364,0.3918,0.4811,0.6262,0.3918,RYZA,0.6127,-0.1981,-0.0036
9142,07134.wav,7133,3194218118,1.442,0.4363,0.4152,0.4574,0.5420,0.4152,RYZA,0.7033,0.0814,0.0050
9143,01449.wav,1448,639220449,1.467,0.4362,0.3918,0.4806,0.6377,0.3918,TAO,0.6252,-0.3010,-0.0095
9144,06147.wav,6146,2747249201,2.756,0.4359,0.3915,0.4803,0.5448,0.3915,TAO,0.3381,0.1088,0.0065
9145,08436.wav,8435,3788077607,2.038,0.4359,0.4066,0.4651,0.2480,0.2480,ANCIENT,0.2459,0.0643,0.0176
9146,06130.wav,6129,2734755117,7.125,0.4356,0.4227,0.4486,0.3303,0.3303,LENT,0.1298,-0.7943,-0.0102
9147,04776.wav,4775,2122778778,2.105,0.4356,0.3988,0.4724,0.5606,0.3988,KLAU,0.6480,-0.0753,0.0038
9148,01402.wav,1401,616693354,1.566,0.4355,0.3945,0.4764,0.5018,0.3945,RYZA,0.7772,-0.0299,-0.0006
9149,07507.wav,7506,3375317390,1.497,0.4354,0.4183,0.4525,0.6200,0.4183,TAO,0.4229,-0.9030,-0.0271
9150,02164.wav,2163,963820529,2.981,0.4351,0.3717,0.4986,0.3896,0.3717,LENT,0.2398,-0.3298,0.0062
9151,02576.wav,2575,1129008898,1.615,0.4349,0.3997,0.4700,0.6489,0.3997,TAO,0.5336,0.4078,0.0254
9152,02428.wav,2427,1070470249,2.891,0.4348,0.3768,0.4928,0.5295,0.3768,LENT,0.4505,-0.9389,-0.0174
9153,06653.wav,6652,2965606498,4.373,0.4347,0.4057,0.4637,0.3820,0.3820,LENT,0.2023,-0.0471,0.0123
9154,04158.wav,4157,1840094374,6.819,0.4344,0.3824,0.4865,0.2862,0.2862,PAT,0.2234,-0.3506,0.0085
9155,06136.wav,6135,2737813549,1.909,0.4344,0.4086,0.4602,0.3339,0.3339,ANCIENT,0.4934,-1.1336,-0.0274
9156,05344.wav,5343,2375378668,0.444,0.4344,0.4046,0.4642,0.3569,0.3569,ANCIENT,0.2938,0.0808,0.0148
9157,00146.wav,145,65822002,1.391,0.4343,0.4022,0.4665,0.5687,0.4022,RYZA,0.7359,-0.3054,-0.0094
9158,03730.wav,3729,1645978638,1.334,0.4343,0.3738,0.4949,0.6627,0.3738,TAO,0.5390,-0.3713,-0.0066
9159,03155.wav,3154,1385421263,1.968,0.4342,0.4246,0.4438,0.4323,0.4246,PAT,0.2438,-0.9928,-0.0230
9160,09315.wav,9314,4189777610,1.477,0.4342,0.4085,0.4599,0.6330,0.4085,RYZA,0.6604,0.2547,0.0161
9161,06616.wav,6615,2953102673,6.018,0.4341,0.4326,0.4356,0.3955,0.3955,LENT,0.2576,-0.6809,-0.0076
9162,06574.wav,6573,2936233447,2.449,0.4341,0.4026,0.4656,0.5391,0.4026,KLAU,0.5037,-0.5181,-0.0195
9163,03337.wav,3336,1468323542,0.612,0.4338,0.4158,0.4519,0.4006,0.4006,ANCIENT,0.4045,-1.0804,-0.0240
9164,01198.wav,1197,530402564,5.176,0.4338,0.4214,0.4462,0.2968,0.2968,ANCIENT,0.1003,-0.2817,0.0104
9165,05942.wav,5941,2651874664,1.815,0.4338,0.3969,0.4707,0.6205,0.3969,TAO,0.5428,0.2004,0.0157
9166,01962.wav,1961,878048017,2.145,0.4337,0.4295,0.4379,0.5088,0.4295,RYZA,0.4678,0.5178,0.0296
9167,00063.wav,62,25686435,2.982,0.4336,0.4200,0.4472,0.3225,0.3225,ANCIENT,0.1692,-0.0941,0.0196
9168,04494.wav,4493,1991112882,4.059,0.4336,0.3950,0.4722,0.4382,0.3950,ANCIENT,0.3829,0.1814,0.0210
9169,00276.wav,275,122933201,1.605,0.4334,0.3716,0.4952,0.5461,0.3716,TAO,0.3407,-0.1294,0.0065
9170,03170.wav,3169,1390676011,6.996,0.4333,0.3987,0.4680,0.2991,0.2991,PAT,0.1823,-0.9899,-0.0254
9171,06099.wav,6098,2724538672,0.373,0.4333,0.3839,0.4827,0.5647,0.3839,TAO,0.4216,0.0987,0.0074
9172,05406.wav,5405,2406062831,1.044,0.4330,0.4165,0.4495,0.2511,0.2511,ANCIENT,0.3247,-0.5913,0.0009
9173,03407.wav,3406,1501544472,4.145,0.4329,0.3931,0.4728,0.3597,0.3597,LENT,0.4538,-0.6112,-0.0066
9174,03080.wav,3079,1355000131,2.323,0.4327,0.3558,0.5095,0.4206,0.3558,LENT,0.3954,-0.3468,-0.0086
9175,05834.wav,5833,2597015750,1.402,0.4326,0.3710,0.4942,0.6333,0.3710,TAO,0.6791,-0.0128,0.0048
9176,03553.wav,3552,1575338188,3.785,0.4326,0.4003,0.4649,0.3228,0.3228,ANCIENT,0.2257,0.3426,0.0253
9177,06003.wav,6002,2673825443,1.979,0.4324,0.4004,0.4645,0.6381,0.4004,TAO,0.5042,0.1041,0.0068
9178,02400.wav,2399,1060953871,3.238,0.4324,0.3993,0.4655,0.2991,0.2991,LENT,0.1985,-0.1279,0.0177
9179,00385.wav,384,165166742,5.924,0.4324,0.4095,0.4552,0.2480,0.2480,ANCIENT,0.2268,-0.8764,-0.0077
9180,07402.wav,7401,3322909833,1.475,0.4322,0.4059,0.4584,0.5217,0.4059,RYZA,0.6251,0.2228,0.0142
9181,06704.wav,6703,2989493057,1.548,0.4320,0.3714,0.4926,0.6740,0.3714,TAO,0.6171,-0.5971,-0.0196
9182,03482.wav,3481,1543047605,6.041,0.4319,0.4093,0.4546,0.3013,0.3013,LENT,0.1078,-0.7883,-0.0063
9183,04050.wav,4049,1794183983,0.700,0.4319,0.4328,0.4311,0.3781,0.3781,TAO,0.2768,-1.0137,-0.0236
9184,07581.wav,7580,3413598605,4.239,0.4318,0.3660,0.4977,0.4244,0.3660,LENT,0.3447,-0.6067,-0.0060
9185,05423.wav,5422,2416710413,1.535,0.4314,0.4010,0.4619,0.5559,0.4010,RYZA,0.7347,0.3742,0.0167
9186,07098.wav,7097,3177303149,1.661,0.4314,0.3925,0.4703,0.6049,0.3925,TAO,0.4087,-0.1295,-0.0030
9187,02951.wav,2950,1305063750,1.963,0.4313,0.3704,0.4922,0.5406,0.3704,RYZA,0.6562,-0.4922,-0.0224
9188,01675.wav,1674,742196649,1.673,0.4309,0.3810,0.4808,0.6404,0.3810,TAO,0.7093,-0.0082,0.0020
9189,06769.wav,6768,3016807114,5.003,0.4306,0.3905,0.4707,0.3384,0.3384,TAO,0.2465,-0.8794,-0.0135
9190,04582.wav,4581,2034440554,0.673,0.4305,0.3671,0.4939,0.4154,0.3671,TAO,0.3318,-0.0507,0.0034
9191,05083.wav,5082,2262413580,1.457,0.4303,0.3756,0.4850,0.5866,0.3756,RYZA,0.6230,0.4715,0.0186
9192,00012.wav,11,4152242,4.519,0.4302,0.3991,0.4613,0.5798,0.3991,RYZA,0.7131,0.5884,0.0282
9193,07207.wav,7206,3226029916,1.529,0.4301,0.4038,0.4565,0.6059,0.4038,TAO,0.7433,0.1982,0.0134
9194,09291.wav,9290,4179161389,1.835,0.4301,0.4250,0.4352,0.3326,0.3326,TAO,0.2290,-0.7328,-0.0102
9195,06866.wav,6865,3064966821,2.449,0.4301,0.3998,0.4603,0.5350,0.3998,LENT,0.4959,-0.4630,-0.0182
9196,06075.wav,6074,2710704395,5.047,0.4300,0.4049,0.4550,0.3708,0.3708,TAO,0.1886,-0.6191,-0.0027
9197,09551.wav,9550,4288034822,2.324,0.4299,0.3614,0.4984,0.5956,0.3614,KLAU,0.7175,-0.9419,-0.0378
9198,06967.wav,6966,3114174415,4.167,0.4298,0.3827,0.4769,0.2864,0.2864,TAO,0.2045,-1.0052,-0.0228
9199,05164.wav,5163,2297375877,1.813,0.4298,0.3934,0.4661,0.5266,0.3934,RYZA,0.7815,-0.2485,-0.0075
9200,05711.wav,5710,2544120396,1.887,0.4295,0.3872,0.4718,0.5731,0.3872,RYZA,0.6964,-0.1873,-0.0072
9201,06548.wav,6547,2922149102,7.856,0.4293,0.3691,0.4895,0.2788,0.2788,PAT,0.1691,-0.9838,-0.0238
9202,00390.wav,389,167823496,0.559,0.4292,0.3942,0.4643,0.2954,0.2954,TAO,0.2401,-0.0758,0.0158
9203,05158.wav,5157,2295970061,4.562,0.4290,0.4130,0.4450,0.3674,0.3674,LENT,0.2439,-0.3171,-0.0003
9204,07026.wav,7025,3139670091,1.593,0.4289,0.3819,0.4759,0.4917,0.3819,TAO,0.4373,0.5711,0.0397
9205,04354.wav,4353,1929375179,0.725,0.4286,0.4114,0.4457,0.3408,0.3408,LENT,0.2234,-1.4004,-0.0377
9206,07669.wav,7668,3448154315,1.436,0.4285,0.3826,0.4743,0.6223,0.3826,RYZA,0.6731,0.2996,0.0153
9207,08722.wav,8721,3924552431,2.401,0.4284,0.4605,0.3964,0.4423,0.3964,KLAU,0.4738,-0.4491,-0.0004
9208,05721.wav,5720,2547305869,6.588,0.4283,0.3978,0.4587,0.3028,0.3028,PAT,0.1461,-0.3801,0.0076
9209,00322.wav,321,141225647,2.452,0.4282,0.4073,0.4490,0.4696,0.4073,LENT,0.3641,0.1764,0.0081
9210,03718.wav,3717,1638270241,3.754,0.4280,0.3900,0.4660,0.4476,0.3900,LENT,0.1765,-0.9759,-0.0278
9211,07610.wav,7609,3423179083,6.942,0.4278,0.4082,0.4474,0.3199,0.3199,LENT,0.1248,-0.5967,-0.0053
9212,02459.wav,2458,1088227368,7.349,0.4275,0.4233,0.4316,0.2501,0.2501,PAT,0.1517,0.5501,0.0416
9213,07006.wav,7005,3131117487,3.189,0.4274,0.4173,0.4376,0.4453,0.4173,KLAU,0.5936,0.1656,0.0127
9214,04660.wav,4659,2067519048,1.539,0.4274,0.3844,0.4705,0.6102,0.3844,TAO,0.5907,-0.0184,0.0024
9215,06552.wav,6551,2927313394,8.244,0.4274,0.3972,0.4577,0.3151,0.3151,ANCIENT,0.2186,-1.1991,-0.0215
9216,02188.wav,2187,970676077,6.478,0.4271,0.3986,0.4556,0.3383,0.3383,LENT,0.1090,-0.9566,-0.0189
9217,02669.wav,2668,1177181667,1.561,0.4266,0.3817,0.4715,0.6387,0.3817,TAO,0.6152,0.2464,0.0184
9218,01129.wav,1128,501384361,1.991,0.4264,0.3514,0.5013,0.5296,0.3514,TAO,0.4534,-0.7429,-0.0180
9219,01007.wav,1006,446797196,2.447,0.4262,0.4011,0.4513,0.4594,0.4011,KLAU,0.4665,-0.3557,-0.0096
9220,04575.wav,4574,2030988055,2.976,0.4259,0.4055,0.4463,0.2884,0.2884,PAT,0.1796,-0.7342,-0.0159
9221,03218.wav,3217,1412578195,1.540,0.4256,0.3805,0.4706,0.6086,0.3805,TAO,0.6562,0.6111,0.0298
9222,07498.wav,7497,3373619623,5.080,0.4254,0.4077,0.4431,0.3368,0.3368,LENT,0.1546,-0.6539,-0.0053
9223,06374.wav,6373,2849321360,1.645,0.4253,0.3833,0.4674,0.5772,0.3833,RYZA,0.7361,-0.0223,-0.0008
9224,06553.wav,6552,2927648656,4.875,0.4253,0.4014,0.4491,0.3039,0.3039,LENT,0.0916,-0.7828,-0.0126
9225,00721.wav,720,315905747,1.436,0.4250,0.3771,0.4729,0.5760,0.3771,RYZA,0.6086,-0.2163,-0.0089
9226,01363.wav,1362,603418477,1.723,0.4250,0.3825,0.4675,0.5757,0.3825,RYZA,0.6814,-0.0052,0.0015
9227,04546.wav,4545,2018844973,0.641,0.4249,0.4176,0.4321,0.4739,0.4176,ANCIENT,0.4461,0.1631,0.0211
9228,02176.wav,2175,966253320,5.062,0.4247,0.4062,0.4432,0.5011,0.4062,RYZA,0.5153,-0.4319,0.0032
9229,06551.wav,6550,2925265796,1.531,0.4247,0.3667,0.4827,0.6430,0.3667,TAO,0.6944,-0.3426,-0.0127
9230,05448.wav,5447,2423909386,1.735,0.4246,0.4025,0.4467,0.6223,0.4025,RYZA,0.7083,-0.1872,-0.0041
9231,07852.wav,7851,3541192749,2.080,0.4245,0.3817,0.4672,0.5423,0.3817,RYZA,0.6371,-0.7877,-0.0340
9232,08532.wav,8531,3832571403,1.762,0.4240,0.3884,0.4596,0.5763,0.3884,RYZA,0.7311,-0.1649,-0.0022
9233,05371.wav,5370,2385994889,1.513,0.4235,0.3775,0.4695,0.6118,0.3775,TAO,0.6160,-0.1626,-0.0028
9234,08246.wav,8245,3702275431,7.130,0.4235,0.3875,0.4595,0.5464,0.3875,RYZA,0.7644,0.2840,0.0135
9235,03355.wav,3354,1476678055,1.760,0.4235,0.3517,0.4952,0.4749,0.3517,TAO,0.4372,0.1134,0.0108
9236,07466.wav,7465,3359128049,5.800,0.4228,0.4161,0.4294,0.4031,0.4031,LENT,0.3324,-0.4243,-0.0020
9237,00354.wav,353,150030388,2.071,0.4227,0.3910,0.4544,0.5356,0.3910,KLAU,0.7697,-0.4910,-0.0140
9238,00840.wav,839,369551764,4.256,0.4223,0.3617,0.4829,0.4390,0.3617,LENT,0.2636,-1.3950,-0.0362
9239,01813.wav,1812,811890126,1.626,0.4222,0.3778,0.4666,0.6137,0.3778,RYZA,0.7392,0.1545,0.0095
9240,02499.wav,2498,1101413279,1.334,0.4220,0.3975,0.4465,0.5450,0.3975,RYZA,0.7525,0.2563,0.0114
9241,08937.wav,8936,4020078669,2.814,0.4218,0.4033,0.4404,0.4300,0.4033,KLAU,0.4200,0.0903,0.0026
9242,07109.wav,7108,3182344844,1.428,0.4213,0.3744,0.4682,0.5972,0.3744,RYZA,0.6996,0.0964,0.0058
9243,02777.wav,2776,1225178084,5.426,0.4213,0.3988,0.4437,0.3135,0.3135,LENT,0.1880,-0.8380,-0.0114
9244,01217.wav,1216,540949392,1.903,0.4209,0.3898,0.4519,0.4622,0.3898,TAO,0.3557,-1.0842,-0.0381
9245,00405.wav,404,173330863,5.422,0.4208,0.4091,0.4325,0.3117,0.3117,LENT,0.1082,-0.8901,-0.0110
9246,06398.wav,6397,2857983980,7.880,0.4202,0.3858,0.4547,0.3472,0.3472,PAT,0.2131,-0.7977,-0.0167
9247,01815.wav,1814,812359532,1.251,0.4202,0.3965,0.4439,0.5329,0.3965,RYZA,0.6486,0.3094,0.0172
9248,06786.wav,6785,3029744362,2.394,0.4202,0.3889,0.4516,0.5065,0.3889,RYZA,0.7477,-0.7909,-0.0273
9249,06346.wav,6345,2834616491,3.376,0.4201,0.3525,0.4877,0.4404,0.3525,LENT,0.4182,0.2606,0.0220
9250,00720.wav,719,315740969,1.492,0.4201,0.3676,0.4726,0.6525,0.3676,TAO,0.4977,-0.9625,-0.0323
9251,05127.wav,5126,2278831534,1.405,0.4198,0.3643,0.4754,0.2212,0.2212,TAO,0.2031,-1.0441,-0.0274
9252,08173.wav,8172,3673824836,0.549,0.4194,0.4185,0.4203,0.3598,0.3598,LENT,0.4172,-0.6603,0.0006
9253,09109.wav,9108,4101444283,0.908,0.4193,0.3877,0.4509,0.3660,0.3660,TAO,0.2818,-0.4174,-0.0051
9254,01403.wav,1402,617058606,1.426,0.4192,0.3798,0.4587,0.5760,0.3798,RYZA,0.6434,0.0480,-0.0009
9255,07596.wav,7595,3420828144,2.666,0.4192,0.3680,0.4704,0.5470,0.3680,RYZA,0.7803,-0.4332,-0.0198
9256,06437.wav,6436,2877681736,2.870,0.4185,0.3979,0.4391,0.5736,0.3979,LENT,0.4237,-0.2684,-0.0086
9257,05849.wav,5848,2604215403,8.677,0.4183,0.3922,0.4443,0.2980,0.2980,LENT,0.0760,-0.7630,-0.0101
9258,03580.wav,3579,1583276489,3.556,0.4182,0.3935,0.4428,0.3264,0.3264,PAT,0.1271,-0.9662,-0.0202
9259,04764.wav,4763,2117513064,5.792,0.4181,0.4169,0.4194,0.3142,0.3142,LENT,0.1701,-0.8982,-0.0165
9260,02419.wav,2418,1067801282,0.384,0.4179,0.3695,0.4662,0.4595,0.3695,LENT,0.7448,-0.4110,-0.0124
9261,00433.wav,432,187653548,3.422,0.4178,0.3737,0.4620,0.4867,0.3737,LENT,0.3229,-0.7707,-0.0260
9262,05120.wav,5119,2275625445,1.477,0.4175,0.3943,0.4408,0.5905,0.3943,RYZA,0.7135,0.2525,0.0164
9263,06039.wav,6038,2692222989,2.468,0.4171,0.3964,0.4378,0.5229,0.3964,TAO,0.3477,-0.1797,-0.0025
9264,03916.wav,3915,1729908626,4.966,0.4168,0.3587,0.4748,0.4268,0.3587,LENT,0.2779,-0.4789,-0.0082
9265,01992.wav,1991,887502449,4.753,0.4165,0.3890,0.4441,0.2859,0.2859,LENT,0.1122,-0.9492,-0.0167
9266,07744.wav,7743,3486998375,1.995,0.4165,0.3822,0.4508,0.3969,0.3822,LENT,0.4381,0.1208,0.0189
9267,04002.wav,4001,1775233477,2.590,0.4162,0.4059,0.4266,0.5040,0.4059,KLAU,0.4118,-0.0791,0.0024
9268,02163.wav,2162,962986989,1.649,0.4161,0.3936,0.4387,0.2542,0.2542,PAT,0.1059,-0.7539,-0.0032
9269,02011.wav,2010,894541323,1.975,0.4159,0.4044,0.4273,0.2991,0.2991,PAT,0.2129,-0.1630,0.0170
9270,09488.wav,9487,4258661771,1.952,0.4158,0.3736,0.4579,0.5478,0.3736,RYZA,0.7891,-0.4269,-0.0098
9271,09108.wav,9107,4100558898,6.239,0.4157,0.3669,0.4645,0.2783,0.2783,TAO,0.3382,-0.0645,0.0156
9272,06061.wav,6060,2701766865,6.796,0.4151,0.4051,0.4251,0.3050,0.3050,ANCIENT,0.0960,-0.7328,-0.0089
9273,01727.wav,1726,769293836,1.540,0.4150,0.3755,0.4545,0.5671,0.3755,RYZA,0.7524,-0.3071,-0.0062
9274,01940.wav,1939,868139755,1.493,0.4148,0.3604,0.4691,0.6330,0.3604,RYZA,0.6389,-0.3452,-0.0092
9275,03373.wav,3372,1483804830,1.715,0.4145,0.3832,0.4459,0.5792,0.3832,TAO,0.6407,0.1190,0.0068
9276,04860.wav,4859,2158150577,1.471,0.4144,0.3880,0.4408,0.6147,0.3880,TAO,0.6187,0.6699,0.0372
9277,04012.wav,4011,1779641066,1.425,0.4140,0.3914,0.4365,0.5169,0.3914,RYZA,0.7349,0.3867,0.0145
9278,07663.wav,7662,3444958763,2.473,0.4138,0.3934,0.4343,0.2592,0.2592,ANCIENT,0.1623,-0.5259,0.0013
9279,05952.wav,5951,2653434350,1.747,0.4138,0.3763,0.4513,0.5376,0.3763,RYZA,0.7142,0.2220,0.0077
9280,02197.wav,2196,974533864,0.556,0.4133,0.4133,0.4133,0.3597,0.3597,TAO,0.2917,-0.0499,0.0179
9281,06635.wav,6634,2961002345,2.089,0.4131,0.3562,0.4700,0.5760,0.3562,TAO,0.6375,-0.4197,-0.0149
9282,07356.wav,7355,3303074701,1.802,0.4131,0.3561,0.4701,0.5861,0.3561,RYZA,0.7407,-0.5304,-0.0186
9283,00395.wav,394,171524523,7.859,0.4128,0.3869,0.4386,0.3217,0.3217,LENT,0.1369,-0.9241,-0.0065
9284,02532.wav,2531,1115587471,0.711,0.4127,0.3756,0.4499,0.3449,0.3449,ANCIENT,0.3690,-0.5819,-0.0029
9285,08975.wav,8974,4036590319,4.223,0.4126,0.3891,0.4362,0.3687,0.3687,LENT,0.1683,-0.3104,-0.0063
9286,05778.wav,5777,2571938190,2.627,0.4125,0.3649,0.4601,0.2800,0.2800,ANCIENT,0.2808,-0.2750,-0.0051
9287,02375.wav,2374,1048869807,0.671,0.4124,0.3821,0.4427,0.2912,0.2912,ANCIENT,0.4157,-0.1351,0.0013
9288,06146.wav,6145,2746701768,2.518,0.4124,0.3826,0.4422,0.3218,0.3218,LENT,0.3219,0.3195,0.0222
9289,08451.wav,8450,3795878193,7.271,0.4123,0.3895,0.4351,0.3167,0.3167,LENT,0.1142,-0.6263,-0.0080
9290,04468.wav,4467,1977752302,1.931,0.4122,0.3562,0.4681,0.6335,0.3562,TAO,0.5805,-1.0083,-0.0384
9291,01927.wav,1926,861918992,6.659,0.4120,0.4026,0.4215,0.3354,0.3354,LENT,0.2030,-0.5904,-0.0117
9292,08933.wav,8932,4016787303,0.889,0.4120,0.3902,0.4338,0.3512,0.3512,ANCIENT,0.2535,-0.5405,-0.0084
9293,04115.wav,4114,1822784789,2.961,0.4117,0.4002,0.4231,0.4212,0.4002,KLAU,0.4804,-0.0024,-0.0001
9294,06978.wav,6977,3116513166,2.407,0.4116,0.3836,0.4397,0.3335,0.3335,LENT,0.1337,-0.5345,0.0019
9295,03721.wav,3720,1641583501,1.268,0.4116,0.3686,0.4546,0.2677,0.2677,ANCIENT,0.1709,-0.9617,-0.0200
9296,00933.wav,932,411981206,2.444,0.4116,0.3478,0.4754,0.4328,0.3478,LENT,0.4269,-0.7918,-0.0210
9297,00633.wav,632,271115600,1.105,0.4113,0.3669,0.4557,0.2360,0.2360,TAO,0.1736,0.7418,0.0438
9298,08227.wav,8226,3693793231,1.576,0.4113,0.3646,0.4580,0.5698,0.3646,RYZA,0.6582,-0.3362,-0.0128
9299,07441.wav,7440,3345305739,1.928,0.4113,0.3677,0.4548,0.5601,0.3677,RYZA,0.7527,-0.8429,-0.0299
9300,08291.wav,8290,3721611025,0.758,0.4111,0.3536,0.4686,0.4805,0.3536,LENT,0.3323,-0.8890,-0.0330
9301,02117.wav,2116,941846317,2.822,0.4110,0.3738,0.4483,0.6334,0.3738,TAO,0.6358,-0.3105,-0.0103
9302,09531.wav,9530,4279460878,2.336,0.4110,0.4028,0.4191,0.1610,0.1610,PAT,0.0894,0.0289,0.0240
9303,05422.wav,5421,2416542856,4.182,0.4105,0.4512,0.3697,0.3539,0.3539,KLAU,0.3756,-0.4447,0.0003
9304,06129.wav,6128,2734700396,4.359,0.4105,0.3776,0.4434,0.3221,0.3221,LENT,0.1667,-0.4925,-0.0024
9305,06842.wav,6841,3057377865,4.738,0.4102,0.3787,0.4418,0.5144,0.3787,TAO,0.3687,0.0203,0.0081
9306,04519.wav,4518,2005589780,6.321,0.4102,0.3919,0.4284,0.2937,0.2937,PAT,0.1233,-0.9107,-0.0148
9307,02550.wav,2549,1120898477,6.332,0.4101,0.4005,0.4196,0.2964,0.2964,LENT,0.0971,-0.7644,-0.0111
9308,08006.wav,8005,3601287756,4.631,0.4100,0.4102,0.4098,0.3538,0.3538,PAT,0.1561,-0.9121,-0.0194
9309,03459.wav,3458,1531796832,4.544,0.4100,0.3928,0.4271,0.3995,0.3928,ANCIENT,0.5144,0.0146,0.0175
9310,06956.wav,6955,3109481095,1.782,0.4099,0.3913,0.4286,0.3168,0.3168,PAT,0.1365,-0.5069,-0.0023
9311,09345.wav,9344,4199993682,2.012,0.4092,0.3729,0.4455,0.5735,0.3729,KLAU,0.6443,-0.0011,0.0031
9312,01475.wav,1474,651584935,1.782,0.4085,0.3742,0.4428,0.4998,0.3742,RYZA,0.7073,-0.2018,-0.0081
9313,03208.wav,3207,1408104492,3.265,0.4084,0.3990,0.4179,0.3725,0.3725,ANCIENT,0.3519,-1.3220,-0.0319
9314,05093.wav,5092,2265009224,1.837,0.4082,0.3861,0.4303,0.3902,0.3861,LENT,0.3379,-1.1856,-0.0211
9315,01763.wav,1762,788199368,3.853,0.4071,0.4022,0.4121,0.3243,0.3243,LENT,0.1670,-0.4886,0.0030
9316,01541.wav,1540,676364971,0.538,0.4068,0.4101,0.4035,0.2827,0.2827,ANCIENT,0.3209,0.1234,0.0200
9317,02847.wav,2846,1254661994,1.956,0.4063,0.3986,0.4139,0.2210,0.2210,TAO,0.1846,-0.0585,0.0213
9318,07408.wav,7407,3325459043,3.436,0.4061,0.3692,0.4429,0.4813,0.3692,KLAU,0.4496,-0.1656,-0.0030
9319,04008.wav,4007,1778621837,3.919,0.4060,0.4212,0.3907,0.2347,0.2347,PAT,0.0961,0.5122,0.0484
9320,02812.wav,2811,1241090766,1.671,0.4058,0.3850,0.4267,0.3618,0.3618,ANCIENT,0.3092,-0.8105,-0.0071
9321,08196.wav,8195,3680071687,1.156,0.4054,0.3929,0.4179,0.5512,0.3929,RYZA,0.6600,0.4099,0.0213
9322,04054.wav,4053,1797576261,3.558,0.4053,0.3659,0.4446,0.3256,0.3256,LENT,0.1295,-0.7485,-0.0126
9323,07591.wav,7590,3416410061,2.024,0.4051,0.3611,0.4491,0.2354,0.2354,PAT,0.1179,-1.1488,-0.0279
9324,00206.wav,205,92556298,4.503,0.4050,0.3504,0.4596,0.3885,0.3504,ANCIENT,0.3334,-0.1183,0.0093
9325,00302.wav,301,131789995,1.889,0.4048,0.3935,0.4161,0.2678,0.2678,ANCIENT,0.2397,-0.7338,0.0002
9326,05791.wav,5790,2577865242,4.432,0.4045,0.3605,0.4486,0.4042,0.3605,ANCIENT,0.3804,-0.6657,-0.0085
9327,09527.wav,9526,4273204213,4.066,0.4045,0.3584,0.4506,0.3705,0.3584,LENT,0.2479,-0.4847,-0.0003
9328,05619.wav,5618,2497602247,2.686,0.4044,0.4016,0.4072,0.2361,0.2361,TAO,0.2079,-0.4890,0.0071
9329,05552.wav,5551,2472233062,0.955,0.4041,0.3861,0.4221,0.3390,0.3390,PAT,0.1143,-0.4661,-0.0031
9330,09162.wav,9161,4118966185,5.588,0.4040,0.3593,0.4487,0.3538,0.3538,ANCIENT,0.1789,-0.9333,-0.0164
9331,07978.wav,7977,3593752500,1.560,0.4038,0.3871,0.4206,0.5436,0.3871,RYZA,0.4615,-0.3861,0.0040
9332,07169.wav,7168,3210570442,1.511,0.4035,0.3802,0.4269,0.5440,0.3802,RYZA,0.7181,0.3318,0.0200
9333,05429.wav,5428,2417609706,1.330,0.4033,0.3788,0.4277,0.2655,0.2655,ANCIENT,0.2261,-1.0027,-0.0149
9334,04058.wav,4057,1800166029,9.380,0.4028,0.3862,0.4194,0.3332,0.3332,LENT,0.1311,-0.8422,-0.0119
9335,02675.wav,2674,1181757702,1.241,0.4028,0.4124,0.3932,0.2979,0.2979,ANCIENT,0.2107,-0.4345,0.0088
9336,00298.wav,297,130061993,0.726,0.4020,0.3867,0.4173,0.4157,0.3867,TAO,0.3993,0.2701,0.0211
9337,03019.wav,3018,1331314337,2.130,0.4016,0.3533,0.4498,0.5370,0.3533,KLAU,0.6214,-0.1344,-0.0038
9338,09363.wav,9362,4207654339,4.869,0.4015,0.3975,0.4055,0.2835,0.2835,LENT,0.1474,-0.3192,0.0149
9339,08109.wav,8108,3648653414,1.783,0.4012,0.3753,0.4272,0.5494,0.3753,KLAU,0.6533,0.1821,0.0095
9340,00463.wav,462,197107980,9.810,0.4012,0.3970,0.4055,0.2849,0.2849,LENT,0.1288,-0.6671,-0.0019
9341,03318.wav,3317,1458885064,0.673,0.4011,0.3510,0.4512,0.4204,0.3510,TAO,0.4303,0.4792,0.0268
9342,08786.wav,8785,3953952966,1.859,0.4004,0.4019,0.3990,0.2625,0.2625,PAT,0.1322,-0.4120,0.0052
9343,03403.wav,3402,1500233543,0.666,0.3998,0.3849,0.4147,0.3868,0.3849,TAO,0.4350,-0.9060,-0.0137
9344,01291.wav,1290,576931344,5.058,0.3997,0.3866,0.4129,0.2550,0.2550,PAT,0.1975,-0.6751,0.0035
9345,03961.wav,3960,1752114891,2.936,0.3997,0.4030,0.3965,0.3647,0.3647,KLAU,0.4890,-0.0456,0.0077
9346,03479.wav,3478,1541523018,1.424,0.3996,0.3557,0.4435,0.5795,0.3557,TAO,0.6808,0.1108,0.0087
9347,09552.wav,9551,4288561392,1.311,0.3994,0.3654,0.4333,0.5594,0.3654,RYZA,0.6970,0.4420,0.0210
9348,08092.wav,8091,3641618484,0.798,0.3990,0.3991,0.3990,0.2232,0.2232,LENT,0.1443,0.2117,0.0309
9349,03243.wav,3242,1422812788,1.104,0.3983,0.3706,0.4260,0.3393,0.3393,LENT,0.2001,-0.7395,-0.0102
9350,01766.wav,1765,788835688,1.966,0.3982,0.3538,0.4425,0.3060,0.3060,ANCIENT,0.3125,-0.5104,-0.0049
9351,08947.wav,8946,4026264556,1.995,0.3981,0.4117,0.3845,0.2155,0.2155,TAO,0.2659,-0.1819,0.0142
9352,03880.wav,3879,1716344999,1.985,0.3974,0.3889,0.4058,0.3836,0.3836,LENT,0.3654,0.4477,0.0409
9353,07584.wav,7583,3414682059,2.582,0.3974,0.3835,0.4113,0.2327,0.2327,PAT,0.1923,-0.6575,0.0042
9354,02150.wav,2149,956493101,1.230,0.3973,0.3663,0.4282,0.3274,0.3274,PAT,0.1618,-0.0992,0.0098
9355,01494.wav,1493,657786025,0.926,0.3972,0.3705,0.4238,0.3069,0.3069,TAO,0.1896,-0.2621,0.0029
9356,04148.wav,4147,1834831181,6.903,0.3971,0.3964,0.3978,0.3129,0.3129,PAT,0.1293,-0.8366,-0.0120
9357,08452.wav,8451,3795992237,0.757,0.3971,0.3730,0.4212,0.2427,0.2427,TAO,0.1642,-0.4835,0.0010
9358,07234.wav,7233,3240812267,2.544,0.3965,0.3751,0.4179,0.5441,0.3751,TAO,0.3928,0.0207,0.0041
9359,02173.wav,2172,965375363,2.011,0.3963,0.4136,0.3790,0.3055,0.3055,LENT,0.2148,0.0125,0.0263
9360,03456.wav,3455,1530906797,0.585,0.3963,0.3435,0.4490,0.2875,0.2875,TAO,0.2126,0.0604,0.0092
9361,09565.wav,9564,4292397202,2.195,0.3955,0.3679,0.4231,0.5073,0.3679,RYZA,0.7332,-0.6858,-0.0179
9362,04426.wav,4425,1960059342,1.020,0.3952,0.3831,0.4073,0.3050,0.3050,LENT,0.2599,0.7642,0.0397
9363,08785.wav,8784,3953656615,1.510,0.3943,0.3923,0.3963,0.1841,0.1841,ANCIENT,0.2306,-0.6337,0.0000
9364,06981.wav,6980,3119510507,3.091,0.3934,0.3658,0.4211,0.3780,0.3658,ANCIENT,0.3019,-0.1761,0.0040
9365,09321.wav,9320,4190424224,1.843,0.3933,0.3431,0.4435,0.5569,0.3431,KLAU,0.5824,-0.1287,-0.0079
9366,05996.wav,5995,2670016724,1.535,0.3931,0.3649,0.4213,0.5888,0.3649,TAO,0.6455,0.4818,0.0249
9367,00894.wav,893,396618895,0.721,0.3922,0.3733,0.4111,0.4070,0.3733,TAO,0.2575,-0.2537,0.0040
9368,00883.wav,882,388348910,1.906,0.3921,0.3389,0.4453,0.6004,0.3389,RYZA,0.6648,-1.1674,-0.0453
9369,08762.wav,8761,3942406091,1.197,0.3921,0.3708,0.4133,0.2221,0.2221,PAT,0.0922,-0.3880,0.0052
9370,06767.wav,6766,3016568232,1.484,0.3919,0.3534,0.4304,0.6065,0.3534,TAO,0.6649,-0.3749,-0.0127
9371,07048.wav,7047,3150474219,1.944,0.3913,0.3543,0.4284,0.5275,0.3543,RYZA,0.7673,-0.1526,-0.0041
9372,06069.wav,6068,2708843334,9.318,0.3913,0.3629,0.4196,0.2514,0.2514,PAT,0.0938,-0.9573,-0.0117
9373,04112.wav,4111,1820468816,4.266,0.3901,0.3631,0.4170,0.3226,0.3226,ANCIENT,0.2456,0.0977,0.0167
9374,07164.wav,7163,3209780584,2.340,0.3888,0.3920,0.3857,0.1406,0.1406,TAO,0.1261,0.7765,0.0526
9375,07650.wav,7649,3440645605,0.662,0.3886,0.3851,0.3922,0.3556,0.3556,TAO,0.2260,-0.1033,0.0094
9376,00573.wav,572,246314701,2.106,0.3885,0.3573,0.4196,0.5075,0.3573,TAO,0.4329,0.0849,0.0026
9377,01379.wav,1378,608503239,4.979,0.3881,0.3718,0.4044,0.3279,0.3279,LENT,0.1313,-0.4899,-0.0045
9378,03586.wav,3585,1585293567,6.594,0.3881,0.3808,0.3953,0.2652,0.2652,PAT,0.0668,-0.5206,0.0039
9379,03057.wav,3056,1347929412,1.570,0.3875,0.3571,0.4179,0.2851,0.2851,PAT,0.1574,-0.4869,0.0067
9380,07200.wav,7199,3222716908,1.388,0.3870,0.3593,0.4146,0.5225,0.3593,RYZA,0.5689,0.1748,0.0114
9381,02785.wav,2784,1229119635,2.536,0.3867,0.4137,0.3597,0.3978,0.3597,PAT,0.2988,-0.0286,0.0083
9382,04684.wav,4683,2077292652,1.901,0.3859,0.3391,0.4327,0.4762,0.3391,LENT,0.4110,-1.1187,-0.0380
9383,04663.wav,4662,2067953604,7.022,0.3858,0.3620,0.4095,0.2749,0.2749,LENT,0.0909,-1.0499,-0.0199
9384,01499.wav,1498,659289644,1.483,0.3856,0.3594,0.4117,0.6156,0.3594,RYZA,0.6491,0.3157,0.0195
9385,00060.wav,59,25247700,0.867,0.3837,0.3761,0.3913,0.2165,0.2165,ANCIENT,0.2146,-0.6705,-0.0018
9386,05074.wav,5073,2255235620,0.773,0.3835,0.4026,0.3644,0.2649,0.2649,TAO,0.1565,-0.2253,0.0121
9387,08585.wav,8584,3860389197,2.331,0.3835,0.3433,0.4237,0.3327,0.3327,LENT,0.1902,-0.4562,-0.0076
9388,03864.wav,3863,1709922982,5.359,0.3832,0.3608,0.4056,0.2535,0.2535,PAT,0.1842,-0.5126,0.0085
9389,07767.wav,7766,3494818762,6.588,0.3830,0.3768,0.3892,0.2497,0.2497,PAT,0.0492,-0.0000,0.0280
9390,06196.wav,6195,2769164041,2.223,0.3822,0.3974,0.3669,0.4689,0.3669,KLAU,0.3844,-0.2407,0.0051
9391,00056.wav,55,23599554,1.488,0.3821,0.3415,0.4227,0.5981,0.3415,RYZA,0.6768,-0.2900,-0.0092
9392,03927.wav,3926,1735712261,5.389,0.3819,0.3802,0.3836,0.2922,0.2922,LENT,0.1562,-0.1438,0.0113
9393,08521.wav,8520,3828751566,5.641,0.3815,0.3594,0.4037,0.2717,0.2717,LENT,0.1149,-0.9406,-0.0151
9394,06450.wav,6449,2881647155,5.446,0.3813,0.3767,0.3859,0.2816,0.2816,PAT,0.1079,-0.5160,0.0040
9395,00381.wav,380,164025872,0.898,0.3811,0.3396,0.4226,0.2602,0.2602,ANCIENT,0.2594,-0.8361,-0.0075
9396,03177.wav,3176,1395715601,2.119,0.3810,0.3385,0.4235,0.3797,0.3385,ANCIENT,0.4890,-0.8269,-0.0103
9397,03623.wav,3622,1599918001,3.189,0.3807,0.4121,0.3493,0.3016,0.3016,RYZA,0.4570,0.0898,0.0205
9398,02917.wav,2916,1293299253,7.145,0.3800,0.3655,0.3945,0.2285,0.2285,PAT,0.0779,-1.1689,-0.0216
9399,03365.wav,3364,1478777998,4.127,0.3799,0.3734,0.3864,0.2401,0.2401,PAT,0.0998,-0.5943,-0.0013
9400,04479.wav,4478,1984881094,2.279,0.3798,0.3985,0.3611,0.2314,0.2314,PAT,0.2425,-0.0783,0.0263
9401,06678.wav,6677,2981953447,3.125,0.3797,0.3908,0.3685,0.2580,0.2580,PAT,0.1211,-0.4864,0.0055
9402,01126.wav,1125,498348376,0.359,0.3780,0.3602,0.3958,0.4897,0.3602,TAO,0.7222,-0.0385,0.0037
9403,02330.wav,2329,1036485642,0.553,0.3767,0.3829,0.3706,0.3851,0.3706,TAO,0.3469,0.7129,0.0395
9404,03812.wav,3811,1685926981,1.372,0.3767,0.3559,0.3975,0.4718,0.3559,RYZA,0.7240,0.1920,0.0082
9405,09400.wav,9399,4219789261,1.371,0.3767,0.3323,0.4210,0.5412,0.3323,RYZA,0.6268,0.0181,0.0057
9406,05764.wav,5763,2569495530,4.823,0.3766,0.3865,0.3668,0.2711,0.2711,PAT,0.0697,-0.6502,-0.0051
9407,06645.wav,6644,2963912684,1.338,0.3760,0.3580,0.3940,0.3447,0.3447,PAT,0.1112,-0.2664,0.0045
9408,07794.wav,7793,3507949477,1.245,0.3753,0.3513,0.3993,0.2873,0.2873,LENT,0.0957,-0.8284,-0.0119
9409,00774.wav,773,337582182,1.079,0.3752,0.3772,0.3731,0.1922,0.1922,PAT,0.0879,-0.0928,0.0147
9410,04621.wav,4620,2046832872,1.803,0.3745,0.3804,0.3687,0.2811,0.2811,LENT,0.1245,-1.2712,-0.0262
9411,03439.wav,3438,1520836842,0.428,0.3743,0.3468,0.4019,0.4014,0.3468,LENT,0.3419,-0.2807,0.0019
9412,09156.wav,9155,4116975684,2.842,0.3735,0.3420,0.4050,0.3597,0.3420,LENT,0.2837,-0.4239,-0.0025
9413,09384.wav,9383,4215752195,1.542,0.3735,0.3151,0.4319,0.3574,0.3151,TAO,0.3496,0.3462,0.0288
9414,02461.wav,2460,1088490284,1.837,0.3731,0.3748,0.3714,0.1545,0.1545,PAT,0.2003,1.0517,0.0670
9415,00743.wav,742,324010954,1.347,0.3730,0.3736,0.3725,0.2754,0.2754,ANCIENT,0.1984,-0.6004,-0.0004
9416,02273.wav,2272,1008497743,0.622,0.3728,0.3445,0.4012,0.3374,0.3374,PAT,0.1723,-1.4144,-0.0383
9417,00415.wav,414,177848182,0.783,0.3725,0.3240,0.4210,0.2869,0.2869,TAO,0.2570,-1.3670,-0.0362
9418,05068.wav,5067,2251437996,0.818,0.3717,0.3177,0.4257,0.3253,0.3177,TAO,0.1840,-0.5720,-0.0070
9419,02900.wav,2899,1281462830,0.743,0.3712,0.3738,0.3686,0.3029,0.3029,ANCIENT,0.4299,-0.6584,-0.0051
9420,01760.wav,1759,787904744,2.672,0.3708,0.3218,0.4197,0.4645,0.3218,LENT,0.3357,-0.3652,-0.0127
9421,00202.wav,201,91417931,2.513,0.3704,0.2922,0.4486,0.2483,0.2483,ANCIENT,0.4186,-0.0213,0.0121
9422,07611.wav,7610,3423288525,2.976,0.3700,0.3745,0.3655,0.3604,0.3604,RYZA,0.4721,-0.5861,-0.0002
9423,07754.wav,7753,3489908714,1.355,0.3699,0.3319,0.4080,0.4006,0.3319,PAT,0.1647,-1.2311,-0.0266
9424,06077.wav,6076,2711268521,1.388,0.3692,0.3590,0.3795,0.5625,0.3590,RYZA,0.4890,-0.7528,-0.0176
9425,04061.wav,4060,1800964972,1.328,0.3687,0.3435,0.3938,0.2361,0.2361,ANCIENT,0.1711,0.5572,0.0436
9426,01269.wav,1268,565664988,3.953,0.3682,0.3098,0.4266,0.3335,0.3098,LENT,0.1779,-0.3441,0.0070
9427,07254.wav,7253,3250534702,2.513,0.3679,0.3568,0.3791,0.2239,0.2239,TAO,0.1493,-1.2366,-0.0277
9428,09512.wav,9511,4266302927,7.247,0.3666,0.3583,0.3749,0.2612,0.2612,PAT,0.0747,-0.5467,0.0080
9429,00068.wav,67,26165220,5.947,0.3660,0.3585,0.3734,0.2239,0.2239,PAT,0.1146,-0.3966,0.0069
9430,09039.wav,9038,4064322410,0.536,0.3658,0.3494,0.3822,0.2696,0.2696,TAO,0.2904,-0.0210,0.0162
9431,07634.wav,7633,3434989007,1.912,0.3651,0.3380,0.3922,0.1994,0.1994,PAT,0.1451,-0.1334,0.0165
9432,02676.wav,2675,1182054053,1.827,0.3648,0.3479,0.3817,0.2631,0.2631,ANCIENT,0.2455,-0.9292,-0.0145
9433,06209.wav,6208,2777434026,0.723,0.3646,0.3443,0.3849,0.3476,0.3443,ANCIENT,0.3488,-0.7714,-0.0158
9434,04941.wav,4940,2192104932,0.949,0.3646,0.3863,0.3429,0.2845,0.2845,TAO,0.1131,-0.8363,-0.0090
9435,07732.wav,7731,3477896682,2.074,0.3643,0.3093,0.4194,0.4153,0.3093,LENT,0.4554,0.2625,0.0287
9436,00446.wav,445,192013771,0.426,0.3640,0.3193,0.4088,0.3192,0.3192,TAO,0.1075,-0.9389,-0.0332
9437,07084.wav,7083,3168517808,1.052,0.3631,0.3554,0.3709,0.3309,0.3309,LENT,0.1927,-0.7269,-0.0113
9438,01503.wav,1502,659630157,5.579,0.3623,0.3462,0.3784,0.3194,0.3194,LENT,0.1520,-0.9400,-0.0231
9439,01309.wav,1308,583097553,0.764,0.3621,0.3672,0.3571,0.4257,0.3571,LENT,0.2386,0.0458,0.0189
9440,00397.wav,396,172449033,1.529,0.3618,0.3231,0.4005,0.5283,0.3231,TAO,0.3886,0.2491,0.0271
9441,00773.wav,772,337285831,1.029,0.3616,0.3522,0.3709,0.3268,0.3268,LENT,0.1931,-0.3837,0.0072
9442,08124.wav,8123,3654893361,0.970,0.3613,0.3595,0.3632,0.2054,0.2054,ANCIENT,0.3211,-0.3336,0.0117
9443,08731.wav,8730,3929131214,1.164,0.3597,0.3786,0.3409,0.3141,0.3141,PAT,0.1521,-1.0962,-0.0188
9444,00602.wav,601,257293290,1.838,0.3587,0.3185,0.3989,0.2775,0.2775,PAT,0.1250,-0.3219,0.0031
9445,06821.wav,6820,3043338955,4.994,0.3585,0.3513,0.3657,0.3737,0.3513,ANCIENT,0.4228,-0.3027,-0.0113
9446,03541.wav,3540,1573137835,1.141,0.3579,0.3154,0.4004,0.2691,0.2691,PAT,0.1625,-0.2075,0.0078
9447,02228.wav,2227,990080743,2.038,0.3572,0.3220,0.3923,0.5200,0.3220,KLAU,0.5771,0.0811,0.0045
9448,01411.wav,1410,623851671,0.937,0.3563,0.3505,0.3621,0.2626,0.2626,TAO,0.1543,-0.0304,0.0127
9449,07318.wav,7317,3282388525,1.961,0.3563,0.3715,0.3411,0.1243,0.1243,TAO,0.0739,-0.0010,0.0209
9450,08805.wav,8804,3959257035,0.953,0.3561,0.3378,0.3745,0.3596,0.3378,PAT,0.1953,0.0001,0.0142
9451,08496.wav,8495,3819705616,2.104,0.3558,0.3147,0.3969,0.4823,0.3147,KLAU,0.5825,0.0224,0.0057
9452,06076.wav,6075,2711263795,1.249,0.3556,0.3232,0.3880,0.3561,0.3232,LENT,0.2455,-1.2203,-0.0321
9453,03937.wav,3936,1739013194,1.741,0.3522,0.3478,0.3565,0.2771,0.2771,ANCIENT,0.1603,-0.7224,0.0017
9454,02728.wav,2727,1202361001,0.654,0.3519,0.3675,0.3363,0.2687,0.2687,PAT,0.1497,-0.5234,-0.0028
9455,01527.wav,1526,668215002,1.173,0.3516,0.3164,0.3869,0.3295,0.3164,ANCIENT,0.3174,-0.3594,0.0097
9456,03565.wav,3564,1580169906,1.338,0.3512,0.3394,0.3630,0.2846,0.2846,PAT,0.1009,-0.8374,-0.0136
9457,07738.wav,7737,3482580292,1.228,0.3511,0.3379,0.3643,0.2883,0.2883,ANCIENT,0.1518,-0.4894,0.0045
9458,06765.wav,6764,3016213677,1.703,0.3506,0.3667,0.3346,0.1637,0.1637,TAO,0.1441,-0.1148,0.0216
9459,04277.wav,4276,1894232390,1.766,0.3497,0.3262,0.3733,0.2854,0.2854,LENT,0.1968,-0.4512,-0.0055
9460,00252.wav,251,112021230,1.513,0.3476,0.3266,0.3687,0.3109,0.3109,TAO,0.1098,-0.3763,-0.0066
9461,00481.wav,480,205288648,1.639,0.3470,0.3264,0.3675,0.3113,0.3113,TAO,0.1639,-0.7883,-0.0109
9462,04213.wav,4212,1866791924,1.175,0.3469,0.3321,0.3618,0.2133,0.2133,ANCIENT,0.1035,-1.1418,-0.0245
9463,04180.wav,4179,1852969614,0.565,0.3469,0.2954,0.3983,0.4626,0.2954,TAO,0.2734,-0.7458,-0.0177
9464,01261.wav,1260,562494254,0.925,0.3464,0.3555,0.3373,0.2364,0.2364,ANCIENT,0.1406,-0.3810,0.0092
9465,01862.wav,1861,834622051,0.681,0.3464,0.2920,0.4007,0.3926,0.2920,ANCIENT,0.3192,-0.5830,0.0001
9466,07899.wav,7898,3562516655,1.400,0.3458,0.3202,0.3714,0.2328,0.2328,ANCIENT,0.1209,-0.4985,0.0018
9467,04307.wav,4306,1906635023,5.425,0.3457,0.3518,0.3395,0.2312,0.2312,ANCIENT,0.0814,-0.9180,-0.0109
9468,02575.wav,2574,1128862348,1.765,0.3450,0.3527,0.3372,0.1795,0.1795,PAT,0.1402,-0.2197,0.0120
9469,01636.wav,1635,728665964,1.874,0.3436,0.3463,0.3410,0.2034,0.2034,ANCIENT,0.1590,-0.4928,0.0070
9470,06763.wav,6762,3015917326,1.389,0.3432,0.3230,0.3634,0.3313,0.3230,LENT,0.1861,-0.4648,-0.0098
9471,03530.wav,3529,1561590960,0.964,0.3395,0.3343,0.3448,0.2436,0.2436,PAT,0.0870,-0.9946,-0.0179
9472,05605.wav,5604,2492493082,1.487,0.3392,0.3161,0.3622,0.2149,0.2149,ANCIENT,0.2719,-0.2494,0.0141
9473,08034.wav,8033,3618318921,0.482,0.3368,0.3256,0.3479,0.3198,0.3198,LENT,0.1827,-0.5505,0.0030
9474,04373.wav,4372,1937354754,2.043,0.3366,0.2870,0.3862,0.5574,0.2870,TAO,0.6489,0.0078,0.0062
9475,00296.wav,295,129770368,1.738,0.3363,0.3202,0.3523,0.4299,0.3202,TAO,0.3991,-1.2664,-0.0383
9476,01561.wav,1560,687362645,0.827,0.3363,0.2952,0.3773,0.3368,0.2952,ANCIENT,0.1792,-0.1606,0.0136
9477,04960.wav,4959,2197705352,0.679,0.3362,0.3133,0.3592,0.3050,0.3050,TAO,0.1710,0.8199,0.0506
9478,02570.wav,2569,1127134346,1.710,0.3336,0.3299,0.3374,0.2691,0.2691,TAO,0.1610,-0.4539,0.0106
9479,05808.wav,5807,2583485065,1.448,0.3334,0.3644,0.3025,0.2709,0.2709,ANCIENT,0.2321,-0.0254,0.0247
9480,04861.wav,4860,2158170578,0.870,0.3327,0.2898,0.3757,0.3175,0.2898,TAO,0.2633,0.0071,0.0125
9481,01898.wav,1897,847347727,2.924,0.3324,0.3326,0.3322,0.2618,0.2618,LENT,0.2196,-0.1525,0.0117
9482,01634.wav,1633,728369613,1.081,0.3322,0.3013,0.3632,0.1832,0.1832,ANCIENT,0.2195,-0.2278,0.0008
9483,04518.wav,4517,2005570096,1.165,0.3321,0.3086,0.3556,0.3234,0.3086,ANCIENT,0.2230,-0.3631,0.0096
9484,07099.wav,7098,3178799282,3.270,0.3319,0.2862,0.3776,0.3116,0.2862,ANCIENT,0.3026,0.6732,0.0534
9485,00218.wav,217,97675459,2.057,0.3315,0.3006,0.3623,0.4060,0.3006,ANCIENT,0.3124,0.0089,0.0097
9486,02725.wav,2724,1201470289,1.491,0.3310,0.3122,0.3499,0.2204,0.2204,ANCIENT,0.2455,-0.4237,-0.0002
9487,01110.wav,1109,489886313,0.347,0.3310,0.3219,0.3401,0.4483,0.3219,KLAU,0.5425,-0.3526,-0.0043
9488,07456.wav,7455,3355348995,1.852,0.3305,0.3153,0.3458,0.2086,0.2086,ANCIENT,0.1122,-0.5248,0.0010
9489,03050.wav,3049,1347633061,1.742,0.3295,0.3559,0.3030,0.1528,0.1528,PAT,0.0988,-0.4260,0.0110
9490,04740.wav,4739,2106165936,1.671,0.3283,0.2996,0.3571,0.2069,0.2069,PAT,0.1409,0.2695,0.0352
9491,04967.wav,4966,2198542642,1.324,0.3260,0.3133,0.3387,0.2386,0.2386,PAT,0.1779,-0.4074,0.0102
9492,04390.wav,4389,1946237032,1.262,0.3259,0.2974,0.3545,0.3148,0.2974,PAT,0.1205,-0.7175,-0.0092
9493,06934.wav,6933,3095909867,0.963,0.3256,0.3022,0.3491,0.3138,0.3022,ANCIENT,0.2985,-0.2595,0.0110
9494,09288.wav,9287,4178865038,0.365,0.3253,0.3099,0.3408,0.3829,0.3099,TAO,0.2723,1.0624,0.0541
9495,00972.wav,971,430497071,1.360,0.3247,0.3179,0.3315,0.3334,0.3179,LENT,0.1641,-0.5141,-0.0101
9496,08624.wav,8623,3880992496,2.097,0.3246,0.3335,0.3156,0.2436,0.2436,LENT,0.0431,-0.4892,0.0007
9497,00268.wav,267,118515118,1.237,0.3221,0.2872,0.3570,0.2358,0.2358,PAT,0.1091,0.0922,0.0180
9498,00814.wav,813,357889130,1.500,0.3210,0.3529,0.2892,0.2341,0.2341,ANCIENT,0.1322,-0.1995,0.0134
9499,03539.wav,3538,1572841484,1.258,0.3197,0.2671,0.3724,0.1395,0.1395,ANCIENT,0.1767,-0.4329,-0.0021
9500,08067.wav,8066,3628343607,0.750,0.3188,0.3364,0.3011,0.1809,0.1809,TAO,0.0956,0.1106,0.0290
9501,07623.wav,7622,3427956936,1.850,0.3167,0.3254,0.3080,0.2923,0.2923,ANCIENT,0.1191,-0.4702,0.0068
9502,01272.wav,1271,566291878,0.899,0.3158,0.2981,0.3335,0.2221,0.2221,ANCIENT,0.1502,-0.4145,0.0003
9503,04111.wav,4110,1819005735,2.241,0.3150,0.3127,0.3174,0.2558,0.2558,ANCIENT,0.1794,-0.6266,0.0023
9504,03233.wav,3232,1420241002,1.032,0.3133,0.3108,0.3157,0.1857,0.1857,PAT,0.1048,0.0409,0.0177
9505,00444.wav,443,191123059,1.096,0.3113,0.3056,0.3171,0.2951,0.2951,ANCIENT,0.0994,-0.7085,-0.0052
9506,00394.wav,393,171410472,1.133,0.3111,0.2760,0.3462,0.2516,0.2516,TAO,0.2140,0.0693,0.0178
9507,07023.wav,7022,3138581418,7.202,0.3110,0.2932,0.3289,0.2314,0.2314,ANCIENT,0.0817,-0.6285,0.0017
9508,03492.wav,3491,1549124845,5.261,0.3098,0.3150,0.3047,0.2165,0.2165,ANCIENT,0.2768,-0.7165,-0.0144
9509,09168.wav,9167,4126312175,1.417,0.3081,0.2807,0.3355,0.5153,0.2807,LENT,0.2771,-0.4132,0.0020
9510,04885.wav,4884,2171445455,1.467,0.3074,0.2730,0.3419,0.3229,0.2730,LENT,0.1436,-0.9503,-0.0206
9511,06591.wav,6590,2943309385,1.129,0.3067,0.2891,0.3244,0.2285,0.2285,ANCIENT,0.1271,-0.4722,-0.0004
9512,04581.wav,4580,2033557995,1.357,0.3065,0.2795,0.3335,0.2227,0.2227,PAT,0.1489,0.0808,0.0298
9513,08540.wav,8539,3839113987,0.863,0.3054,0.3301,0.2807,0.1690,0.1690,TAO,0.0546,-0.1920,0.0178
9514,01969.wav,1968,881266446,0.316,0.3053,0.2840,0.3266,0.3560,0.2840,TAO,0.4003,0.0893,0.0239
9515,05750.wav,5749,2558663313,2.171,0.3037,0.2883,0.3190,0.1967,0.1967,PAT,0.0914,-0.5375,0.0086
9516,08473.wav,8472,3808384555,1.172,0.3034,0.2809,0.3258,0.2093,0.2093,LENT,0.0427,-0.9415,-0.0158
9517,05573.wav,5572,2478670772,0.514,0.3033,0.3063,0.3004,0.3050,0.3004,PAT,0.1932,-0.8275,-0.0173
9518,07752.wav,7751,3489018002,0.494,0.3028,0.2940,0.3117,0.3643,0.2940,TAO,0.2901,-0.1073,0.0045
9519,06203.wav,6202,2773847050,0.838,0.3028,0.3014,0.3042,0.2513,0.2513,TAO,0.0769,-1.3249,-0.0325
9520,07107.wav,7106,3181792685,1.402,0.2989,0.3040,0.2938,0.1110,0.1110,ANCIENT,0.0748,-0.4848,0.0018
9521,06593.wav,6592,2943605736,1.600,0.2983,0.2863,0.3103,0.2139,0.2139,ANCIENT,0.1488,-0.3420,0.0142
9522,07190.wav,7189,3219850539,0.602,0.2964,0.2866,0.3062,0.1796,0.1796,ANCIENT,0.1722,0.1901,0.0235
9523,03206.wav,3205,1406966125,0.873,0.2930,0.2841,0.3020,0.2784,0.2784,ANCIENT,0.1554,-0.8395,-0.0185
9524,03710.wav,3709,1634198901,0.833,0.2906,0.2785,0.3026,0.1874,0.1874,TAO,0.0639,-1.2536,-0.0303
9525,06816.wav,6815,3042177223,0.846,0.2903,0.2782,0.3024,0.2806,0.2782,PAT,0.0880,-0.3446,0.0022
9526,06973.wav,6972,3114785164,0.714,0.2897,0.2860,0.2934,0.2882,0.2860,TAO,0.1620,-0.5113,-0.0095
9527,04769.wav,4768,2119440813,2.069,0.2893,0.2783,0.3003,0.2203,0.2203,TAO,0.0852,-1.2191,-0.0301
9528,01155.wav,1154,510489612,2.145,0.2862,0.2988,0.2737,0.1913,0.1913,PAT,0.0247,-0.8882,-0.0059
9529,05426.wav,5425,2417313355,0.524,0.2847,0.2737,0.2957,0.2596,0.2596,TAO,0.3391,-0.9468,-0.0154
9530,05195.wav,5194,2312795413,0.786,0.2843,0.2727,0.2959,0.1556,0.1556,ANCIENT,0.1440,-0.3492,0.0066
9531,08228.wav,8227,3694513838,1.329,0.2816,0.2514,0.3117,0.1922,0.1922,ANCIENT,0.1838,-0.0267,0.0234
9532,05113.wav,5112,2272041295,0.567,0.2807,0.3024,0.2591,0.3021,0.2591,KLAU,0.3623,0.8333,0.0541
9533,00429.wav,428,184685349,0.928,0.2780,0.2470,0.3090,0.3459,0.2470,TAO,0.1562,-0.0831,0.0133
9534,07726.wav,7725,3475743125,0.691,0.2764,0.3049,0.2479,0.1584,0.1584,PAT,0.0612,-0.1083,0.0225
9535,07404.wav,7403,3323142643,0.466,0.2752,0.2275,0.3230,0.3544,0.2275,TAO,0.1875,-0.4928,-0.0041
9536,08757.wav,8756,3940381738,0.715,0.2745,0.3218,0.2273,0.2487,0.2273,ANCIENT,0.1992,0.2380,0.0251
9537,02846.wav,2845,1254365643,1.171,0.2741,0.2588,0.2895,0.2307,0.2307,PAT,0.0625,-1.1494,-0.0226
9538,04188.wav,4187,1856767238,0.524,0.2739,0.2463,0.3015,0.2392,0.2392,ANCIENT,0.1843,-0.9971,-0.0141
9539,05920.wav,5919,2644546131,1.237,0.2738,0.2684,0.2792,0.1880,0.1880,PAT,0.1068,-0.0161,0.0203
9540,09544.wav,9543,4285117476,0.789,0.2737,0.2734,0.2739,0.3234,0.2734,LENT,0.1759,-1.0223,-0.0195
9541,05826.wav,5825,2596173734,0.973,0.2721,0.2681,0.2762,0.2562,0.2562,LENT,0.1316,-0.8225,-0.0122
9542,04619.wav,4618,2045942160,1.687,0.2684,0.2356,0.3011,0.1474,0.1474,ANCIENT,0.1948,-1.5815,-0.0467
9543,01153.wav,1152,508761610,0.652,0.2680,0.2651,0.2708,0.2450,0.2450,PAT,0.0865,-0.5408,0.0017
9544,03021.wav,3020,1334358184,0.681,0.2664,0.2334,0.2995,0.2464,0.2334,LENT,0.1071,-1.4373,-0.0297
9545,00244.wav,243,107264594,1.305,0.2652,0.2609,0.2694,0.1306,0.1306,TAO,0.1209,-0.7473,-0.0018
9546,08131.wav,8130,3655784073,1.702,0.2606,0.2394,0.2818,0.1839,0.1839,ANCIENT,0.0410,-0.8265,-0.0047
9547,08156.wav,8155,3667446707,2.385,0.2606,0.2379,0.2833,0.2425,0.2379,PAT,0.0990,-0.3645,0.0013
9548,03251.wav,3250,1427569424,0.513,0.2599,0.2647,0.2552,0.2869,0.2552,LENT,0.2183,-1.0351,-0.0198
9549,05452.wav,5451,2424641777,0.550,0.2576,0.2757,0.2395,0.2744,0.2395,KLAU,0.0849,-0.4323,0.0007
9550,08082.wav,8081,3635180774,1.049,0.2568,0.2268,0.2868,0.2428,0.2268,LENT,0.1604,-0.4821,-0.0012
9551,08919.wav,8918,4012989679,1.025,0.2529,0.2812,0.2246,0.2060,0.2060,TAO,0.1103,-0.6868,-0.0018
9552,06660.wav,6659,2970406572,0.382,0.2529,0.2881,0.2176,0.2314,0.2176,KLAU,0.2684,-0.2562,0.0082
9553,03959.wav,3958,1751701863,0.918,0.2529,0.2637,0.2420,0.2155,0.2155,PAT,0.0531,-1.0780,-0.0261
9554,01774.wav,1773,791500301,0.805,0.2468,0.2127,0.2808,0.2241,0.2127,ANCIENT,0.1049,-0.5810,-0.0105
9555,09454.wav,9453,4241995726,0.877,0.2437,0.2499,0.2375,0.1122,0.1122,ANCIENT,0.0839,-0.0849,0.0250
9556,02034.wav,2033,907229992,0.720,0.2276,0.2417,0.2135,0.2326,0.2135,ANCIENT,0.1440,-0.9160,-0.0099
9557,07889.wav,7888,3555735666,0.915,0.2250,0.2593,0.1907,0.1419,0.1419,PAT,0.1864,-0.6285,0.0085
9558,03215.wav,3214,1410763749,0.681,0.2191,0.2755,0.1627,0.1408,0.1408,ANCIENT,0.1427,0.0091,0.0257
9559,02308.wav,2307,1022320053,0.900,0.2148,0.2061,0.2235,0.0258,0.0258,PAT,0.0924,0.0419,0.0254
9560,02024.wav,2023,901925923,1.305,0.2078,0.2075,0.2082,0.1425,0.1425,ANCIENT,0.0886,-1.0327,-0.0113
9561,02377.wav,2376,1049760519,1.773,0.2026,0.2049,0.2002,0.1793,0.1793,ANCIENT,0.0601,-0.8363,-0.0041
9562,07277.wav,7276,3261785226,0.943,0.1992,0.1884,0.2099,0.0271,0.0271,ANCIENT,0.1578,-0.0155,0.0264
9563,08401.wav,8400,3774506379,0.616,0.1966,0.1451,0.2481,0.2084,0.1451,ANCIENT,0.1344,-0.1469,0.0094
9564,01233.wav,1232,551243730,1.635,0.1873,0.1619,0.2127,0.0814,0.0814,ANCIENT,0.1033,-0.9147,-0.0040
9565,03075.wav,3074,1354070771,1.227,0.1738,0.1688,0.1787,0.0994,0.0994,ANCIENT,0.0521,-1.2218,-0.0238
9566,05266.wav,5265,2345001765,0.526,0.1731,0.1675,0.1786,0.1889,0.1675,ANCIENT,0.1251,-0.6979,-0.0108
9567,09121.wav,9120,4106257097,0.865,0.1717,0.1830,0.1603,0.0748,0.0748,TAO,0.1121,-0.5490,0.0037
9568,03071.wav,3070,1353233481,0.541,0.1438,0.1251,0.1625,0.1996,0.1251,TAO,0.1271,0.1601,0.0208
9569,09491.wav,9490,4260881932,0.626,0.1427,0.1798,0.1055,0.0833,0.0833,LENT,0.0886,-0.4185,0.0055
