wav_file,cue_index,vgmstream_subsong,sound_id,sample_rate,channels,duration_seconds,num_samples,stbin_offset,stbin_size,loop_start
00001.wav,0,1,417600,48000,1,4.647,223043,185126384,41757,-1
00002.wav,1,2,595846,48000,1,3.411,163724,369250448,36586,-1
00003.wav,2,3,793069,48000,1,7.599,364758,449799648,105274,-1
00004.wav,3,4,944170,48000,1,4.742,227599,361166480,70899,-1
00005.wav,4,5,1409893,48000,1,5.449,261536,280940848,52390,-1
00006.wav,5,6,2114498,48000,1,4.383,210390,202910416,46038,-1
00007.wav,6,7,2169219,48000,1,4.314,207065,201451808,47860,-1
00008.wav,7,8,2628006,48000,1,6.103,292928,218820096,90936,-1
00009.wav,8,9,2875856,48000,1,3.682,176756,157517680,31284,-1
00010.wav,9,10,3161512,48000,1,4.606,221074,303334272,38357,-1
00011.wav,10,11,3802897,48000,1,2.173,104324,500769136,20168,-1
00012.wav,11,12,4152242,48000,1,4.519,216908,521403664,22956,-1
00013.wav,12,13,4352776,48000,1,4.232,203157,159356592,49585,-1
00014.wav,13,14,4795190,48000,1,9.960,478072,537646208,117421,-1
00015.wav,14,15,4907153,48000,1,7.032,337522,557419296,99224,-1
00016.wav,15,16,5584413,48000,1,8.867,425639,431507840,128112,-1
00017.wav,16,17,6184402,48000,1,6.773,325121,473690688,95125,-1
00018.wav,17,18,6467264,48000,1,4.889,234649,465016944,64270,-1
00019.wav,18,19,7487133,48000,1,4.847,232652,318538176,45453,-1
00020.wav,19,20,7849540,48000,1,6.751,324063,440172864,79668,-1
00021.wav,20,21,8714224,48000,1,3.701,177648,219797840,36066,-1
00022.wav,21,22,9709038,48000,1,1.819,87313,552312512,15576,-1
00023.wav,22,23,10294744,48000,1,3.882,186318,392117520,38952,-1
00024.wav,23,24,10413643,48000,1,3.371,161793,531675088,40317,-1
00025.wav,24,25,10540005,48000,1,2.205,105851,481457648,19613,-1
00026.wav,25,26,10704783,48000,1,1.998,95910,452189904,18109,-1
00027.wav,26,27,11041008,48000,1,6.308,302795,105671808,72422,-1
00028.wav,27,28,11279890,48000,1,5.961,286115,140295056,63360,-1
00029.wav,28,29,12663187,48000,1,5.198,249481,94065888,61805,-1
00030.wav,29,30,12902069,48000,1,3.435,164860,122975728,33703,-1
00031.wav,30,31,13253935,48000,1,5.485,263293,522244880,50502,-1
00032.wav,31,32,15286095,48000,1,5.064,243068,475407296,61347,-1
00033.wav,32,33,15838478,48000,1,5.572,267459,356550320,75781,-1
00034.wav,33,34,16597804,48000,1,7.160,343688,282203328,78879,-1
00035.wav,34,35,16601346,48000,1,9.687,464961,551229168,122985,-1
00036.wav,35,36,16837707,48000,1,8.283,397583,340618384,86354,-1
00037.wav,36,37,16879366,48000,1,8.137,390582,185825152,91490,-1
00038.wav,37,38,17412872,48000,1,8.222,394657,227511984,111575,-1
00039.wav,38,39,17761196,48000,1,2.351,112870,223721968,23180,-1
00040.wav,39,40,17815917,48000,1,3.884,186418,219939344,49913,-1
00041.wav,40,41,17926380,48000,1,8.342,400440,275598336,91548,-1
00042.wav,41,42,18097479,48000,1,7.119,341694,42235152,69404,-1
00043.wav,42,43,18219983,48000,1,5.686,272908,278341232,65445,-1
00044.wav,43,44,18445803,48000,1,4.722,226675,32441776,45309,-1
00045.wav,44,45,18520522,48000,1,5.924,284366,119373696,65797,-1
00046.wav,45,46,18575243,48000,1,4.885,234492,99936384,48638,-1
00047.wav,46,47,18872388,48000,1,1.893,90872,519426480,16117,-1
00048.wav,47,48,18927109,48000,1,4.872,233838,515629440,56801,-1
00049.wav,48,49,19091272,48000,1,9.267,444814,508360496,131876,-1
00050.wav,49,50,19903819,48000,1,6.681,320679,77114496,66084,-1
00051.wav,50,51,20604009,48000,1,5.138,246638,510975424,69902,-1
00052.wav,51,52,22743848,48000,1,8.646,414998,437924560,145840,-1
00053.wav,52,53,23479155,48000,1,7.131,342289,168239040,73959,-1
00054.wav,53,54,23544833,48000,1,7.676,368442,274586608,100914,-1
00055.wav,54,55,23557895,48000,1,8.126,390065,412318080,91573,-1
00056.wav,55,56,23599554,48000,1,1.488,71426,261983920,11128,-1
00057.wav,56,57,24094916,48000,1,7.178,344542,174234080,85624,-1
00058.wav,57,58,24297223,48000,1,10.272,493063,316085488,111974,-1
00059.wav,58,59,25014890,48000,1,6.829,327812,388965600,105086,-1
00060.wav,59,60,25247700,48000,1,0.867,41631,247785680,16047,-1
00061.wav,60,61,25576993,48000,1,5.755,276249,56140576,44683,-1
00062.wav,61,62,25590055,48000,1,3.249,155951,294669376,36577,-1
00063.wav,62,63,25686435,48000,1,2.982,143151,14991056,32093,-1
00064.wav,63,64,25699497,48000,1,6.009,288442,282709840,73403,-1
00065.wav,64,65,25757760,48000,1,1.971,94598,550214592,17518,-1
00066.wav,65,66,25867202,48000,1,1.485,71299,546788384,10664,-1
00067.wav,66,67,25924337,48000,1,3.003,144164,156137088,32322,-1
00068.wav,67,68,26165220,48000,1,5.947,285467,196388080,73339,-1
00069.wav,68,69,26329383,48000,1,6.639,318659,182541584,74659,-1
00070.wav,69,70,27401257,48000,1,2.003,96148,157346880,19660,-1
00071.wav,70,71,27564100,48000,1,1.744,83693,553346080,16229,-1
00072.wav,71,72,28673934,48000,1,7.314,351085,399932384,93305,-1
00073.wav,72,73,32701247,48000,1,5.481,263070,263323824,52619,-1
00074.wav,73,74,33340111,48000,1,5.805,278633,27561088,59541,-1
00075.wav,74,75,34927567,48000,1,2.189,105068,149054256,22820,-1
00076.wav,75,76,34982288,48000,1,4.410,211657,123663296,46920,-1
00077.wav,76,77,35146451,48000,1,4.063,195005,61729520,34729,-1
00078.wav,77,78,35334154,48000,1,6.077,291718,523757744,77530,-1
00079.wav,78,79,35550517,48000,1,2.882,138355,186611744,24252,-1
00080.wav,79,80,36160272,48000,1,2.601,124841,542830576,25342,-1
00081.wav,80,81,36502950,48000,1,1.838,88222,169728928,14063,-1
00082.wav,81,82,36549746,48000,1,2.927,140508,134928352,32127,-1
00083.wav,82,83,36604467,48000,1,1.613,77446,108984800,14887,-1
00084.wav,83,84,36659188,48000,1,6.546,314227,88654112,77651,-1
00085.wav,84,85,36843349,48000,1,4.547,218240,144901040,55074,-1
00086.wav,85,86,36898070,48000,1,5.455,261824,117683280,62119,-1
00087.wav,86,87,37366314,48000,1,1.903,91341,476672592,17299,-1
00088.wav,87,88,38522577,48000,1,0.387,18567,313264832,7337,-1
00089.wav,88,89,39413289,48000,1,1.933,92796,1231712,34709,-1
00090.wav,89,90,41401937,48000,1,1.642,78822,360327136,15107,-1
00091.wav,90,91,41518315,48000,1,2.894,138909,215954144,33383,-1
00092.wav,91,92,41702476,48000,1,4.699,225563,234690720,60434,-1
00093.wav,92,93,42051821,48000,1,4.722,226672,299893600,50107,-1
00094.wav,93,94,42161263,48000,1,7.215,346303,283628432,85015,-1
00095.wav,94,95,42277641,48000,1,6.512,312558,84112512,83554,-1
00096.wav,95,96,42622571,48000,1,2.203,105743,547646816,18964,-1
00097.wav,96,97,42804211,48000,1,9.437,452966,331928832,86445,-1
00098.wav,97,98,43259393,48000,1,6.681,320675,485117888,81065,-1
00099.wav,98,99,43790378,48000,1,2.261,108517,114552960,23150,-1
00100.wav,99,100,43823532,48000,1,6.212,298198,427243616,60645,-1
00101.wav,100,101,43845099,48000,1,3.391,162751,96021984,36076,-1
00102.wav,101,102,43954541,48000,1,9.834,472022,54982208,102902,-1
00103.wav,102,103,44009262,48000,1,7.733,371179,35776016,94934,-1
00104.wav,103,104,44063983,48000,1,4.313,207031,13206112,44517,-1
00105.wav,104,105,44302865,48000,1,4.863,233446,42765472,53766,-1
00106.wav,105,106,44435847,48000,1,6.717,322396,524793936,83524,-1
00107.wav,106,107,46527636,48000,1,7.706,369900,165194656,80062,-1
00108.wav,107,108,46627213,48000,1,8.133,390390,562035296,81712,-1
00109.wav,108,109,46672066,48000,1,7.409,355641,367158960,101604,-1
00110.wav,109,110,46925031,48000,1,7.324,351552,463640736,83949,-1
00111.wav,110,111,46965669,48000,1,8.407,403516,369677488,134104,-1
00112.wav,111,112,47410796,48000,1,1.747,83833,526388928,16627,-1
00113.wav,112,113,47835458,48000,1,6.870,329784,328107504,68411,-1
00114.wav,113,114,47848520,48000,1,1.536,73752,433484592,14997,-1
00115.wav,114,115,48368964,48000,1,4.620,221765,387191920,73456,-1
00116.wav,115,116,48826730,48000,1,4.960,238079,373884240,61070,-1
00117.wav,116,117,48937193,48000,1,6.219,298493,403682256,53527,-1
00118.wav,117,118,49401895,48000,1,8.579,411798,278800080,96179,-1
00119.wav,118,119,49429192,48000,1,1.989,95468,402851472,30162,-1
00120.wav,119,120,49640777,48000,1,7.241,347556,288975600,72661,-1
00121.wav,120,121,49682436,48000,1,4.279,205394,10265536,52340,-1
00122.wav,121,122,50215942,48000,1,11.122,533872,191068784,102801,-1
00123.wav,122,123,50401124,48000,1,4.242,203628,240225120,46755,-1
00124.wav,123,124,51075923,48000,1,2.737,131370,566481312,31145,-1
00125.wav,124,125,51140452,48000,1,6.110,293295,60476352,63595,-1
00126.wav,125,126,51249894,48000,1,6.053,290547,20297856,63507,-1
00127.wav,126,127,51728679,48000,1,2.193,105242,201585008,16526,-1
00128.wav,127,128,52105957,48000,1,5.307,254727,244452912,63007,-1
00129.wav,128,129,52371627,48000,1,6.580,315823,237280192,103121,-1
00130.wav,129,130,53001513,48000,1,4.436,212938,73994448,45475,-1
00131.wav,130,131,53912236,48000,1,4.480,215026,163751376,48341,-1
00132.wav,131,132,55143873,48000,1,6.529,313389,432251488,106347,-1
00133.wav,132,133,56533085,48000,1,2.283,109571,287114608,19625,-1
00134.wav,133,134,57046593,48000,1,4.068,195268,318720736,46732,-1
00135.wav,134,135,57454052,48000,1,4.264,204671,313474832,50289,-1
00136.wav,135,136,57634820,48000,1,6.069,291307,371643872,95577,-1
00137.wav,136,137,58264706,48000,1,5.244,251732,266299856,62368,-1
00138.wav,137,138,58978289,48000,1,5.567,267204,118506256,60965,-1
00139.wav,138,139,59033010,48000,1,7.233,347198,99196816,87989,-1
00140.wav,139,140,60545747,48000,1,6.094,292533,129182640,62752,-1
00141.wav,140,141,60685673,48000,1,2.350,112792,542668256,21108,-1
00142.wav,141,142,60764631,48000,1,2.633,126401,46795840,27038,-1
00143.wav,142,143,61233106,48000,1,2.872,137841,554979264,30726,-1
00144.wav,143,144,63600137,48000,1,1.888,90601,347583056,16495,-1
00145.wav,144,145,65644777,48000,1,2.254,108194,306215280,20338,-1
00146.wav,145,146,65822002,48000,1,1.391,66788,416455584,9570,-1
00147.wav,146,147,65863661,48000,1,9.261,444552,279479328,99150,-1
00148.wav,147,148,65918382,48000,1,6.671,320185,271480384,74414,-1
00149.wav,148,149,66034760,48000,1,2.605,125042,55306240,24917,-1
00150.wav,149,150,66144202,48000,1,3.533,169593,13958144,33400,-1
00151.wav,150,151,66383084,48000,1,7.007,336357,43584496,68594,-1
00152.wav,151,152,66397167,48000,1,7.134,342423,340839152,72979,-1
00153.wav,152,153,67255555,48000,1,4.526,217247,310611792,44898,-1
00154.wav,153,154,67320656,48000,1,7.280,349428,223894704,112225,-1
00155.wav,154,155,67483464,48000,1,2.590,124311,241396896,25295,-1
00156.wav,155,156,67841100,48000,1,8.501,408063,90488752,92345,-1
00157.wav,156,157,67895821,48000,1,7.627,366097,68426608,61167,-1
00158.wav,157,158,67950542,48000,1,3.134,150408,51487504,28950,-1
00159.wav,158,159,68079982,48000,1,4.720,226554,119774832,52741,-1
00160.wav,159,160,68431848,48000,1,5.271,252990,519501632,74677,-1
00161.wav,160,161,69702161,48000,1,5.282,253517,106214512,47476,-1
00162.wav,161,162,69941043,48000,1,3.724,178765,141573520,41008,-1
00163.wav,162,163,70728929,48000,1,2.943,141262,354011136,50095,-1
00164.wav,163,164,70844688,48000,1,2.196,105390,557518560,24653,-1
00165.wav,164,165,71769802,48000,1,8.475,406776,430163376,149610,-1
00166.wav,165,166,72234504,48000,1,3.795,182157,320831168,40834,-1
00167.wav,166,167,72303308,48000,1,6.599,316732,438419168,97114,-1
00168.wav,167,168,72658568,48000,1,4.855,233043,395035344,55506,-1
00169.wav,168,169,73159014,48000,1,5.289,253892,262108544,53965,-1
00170.wav,169,170,73288454,48000,1,7.023,337108,290429936,82299,-1
00171.wav,170,171,73374342,48000,1,3.012,144590,492514000,37250,-1
00172.wav,171,172,73411979,48000,1,5.448,261500,434773328,58612,-1
00173.wav,172,173,73801962,48000,1,5.956,285879,321632976,67030,-1
00174.wav,173,174,73986123,48000,1,7.395,354974,332807488,74985,-1
00175.wav,174,175,74157222,48000,1,6.574,315564,194072464,79836,-1
00176.wav,175,176,74574350,48000,1,1.597,76641,389255600,14494,-1
00177.wav,176,177,74616009,48000,1,5.649,271163,214572080,64638,-1
00178.wav,177,178,74801191,48000,1,8.142,390801,303626544,105858,-1
00179.wav,178,179,74910633,48000,1,8.496,407798,285254528,77159,-1
00180.wav,179,180,75149515,48000,1,2.835,136103,294833792,23264,-1
00181.wav,180,181,75191174,48000,1,4.777,229311,36834912,54965,-1
00182.wav,181,182,75483797,48000,1,1.724,82766,157618736,17130,-1
00183.wav,182,183,75724680,48000,1,6.859,329212,196561568,74662,-1
00184.wav,183,184,76074025,48000,1,5.592,268420,228532160,73964,-1
00185.wav,184,185,76960717,48000,1,2.968,142447,159571904,28096,-1
00186.wav,185,186,77824081,48000,1,3.649,175168,475067296,47272,-1
00187.wav,186,187,78256981,48000,1,5.305,254625,242306416,78908,-1
00188.wav,187,188,78271106,48000,1,3.941,189150,457616576,40585,-1
00189.wav,188,189,78325827,48000,1,2.458,117983,456475008,23101,-1
00190.wav,189,190,78673539,48000,1,5.913,283838,173622976,67275,-1
00191.wav,190,191,78845250,48000,1,10.641,510747,404390592,102299,-1
00192.wav,191,192,79475136,48000,1,4.678,224526,314852416,53034,-1
00193.wav,192,193,80693249,48000,1,6.337,304181,255155408,95107,-1
00194.wav,193,194,82219048,48000,1,5.925,284396,413478848,65657,-1
00195.wav,194,195,84651190,48000,1,5.453,261759,81102864,68455,-1
00196.wav,195,196,86402809,48000,1,4.170,200161,145059360,42834,-1
00197.wav,196,197,89969104,48000,1,7.329,351769,252305936,92589,-1
00198.wav,197,198,90156807,48000,1,2.377,114100,550496240,24141,-1
00199.wav,198,199,90266249,48000,1,2.025,97188,547779136,16748,-1
00200.wav,199,200,90340968,48000,1,2.122,101864,554170624,22395,-1
00201.wav,200,201,90697324,48000,1,1.358,65207,451910704,11050,-1
00202.wav,201,202,91417931,48000,1,2.513,120618,521488,35050,-1
00203.wav,202,203,91598219,48000,1,3.301,158449,59884304,29363,-1
00204.wav,203,204,91720723,48000,1,8.309,398834,283953888,99826,-1
00205.wav,204,205,91891822,48000,1,5.927,284487,65168992,60957,-1
00206.wav,205,206,92556298,48000,1,4.503,216138,347167024,57595,-1
00207.wav,206,207,93112456,48000,1,4.637,222589,490870592,60662,-1
00208.wav,207,208,93404559,48000,1,2.425,116386,96076624,22721,-1
00209.wav,208,209,93698162,48000,1,3.498,167905,103265120,38413,-1
00210.wav,209,210,93823137,48000,1,5.997,287850,208737344,70540,-1
00211.wav,210,211,96087096,48000,1,3.271,157008,168479200,34781,-1
00212.wav,211,212,96186673,48000,1,3.622,173843,562238512,29721,-1
00213.wav,212,213,96415687,48000,1,6.167,296014,382086336,77087,-1
00214.wav,213,214,96634571,48000,1,9.861,473325,354548224,117641,-1
00215.wav,214,215,96654569,48000,1,4.700,225613,390355072,60204,-1
00216.wav,215,216,96990852,48000,1,7.102,340887,286241776,83314,-1
00217.wav,216,217,97284455,48000,1,6.485,311265,290032272,74557,-1
00218.wav,217,218,97675459,48000,1,2.057,98755,178937184,21729,-1
00219.wav,218,219,97928424,48000,1,9.244,443704,387675552,111755,-1
00220.wav,219,220,98147308,48000,1,6.137,294593,364899984,89561,-1
00221.wav,220,221,98393126,48000,1,2.551,122448,237636864,26813,-1
00222.wav,221,222,98402155,48000,1,5.633,270405,426816816,60965,-1
00223.wav,222,223,98742471,48000,1,3.853,184937,305429840,33920,-1
00224.wav,223,224,98893572,48000,1,5.596,268602,24469216,61847,-1
00225.wav,224,225,98906634,48000,1,6.615,317528,284985472,53592,-1
00226.wav,225,226,99023012,48000,1,3.689,177085,92594752,31133,-1
00227.wav,226,227,99070797,48000,1,6.204,297784,253501280,76495,-1
00228.wav,227,228,99077733,48000,1,2.993,143656,70320224,26871,-1
00229.wav,228,229,99132454,48000,1,4.196,201405,52594672,37985,-1
00230.wav,229,230,99241896,48000,1,6.538,313806,10389904,81237,-1
00231.wav,230,231,99549582,48000,1,9.398,451083,334228592,90348,-1
00232.wav,231,232,99775402,48000,1,9.496,455811,191386800,77257,-1
00233.wav,232,233,100050099,48000,1,37.735,1811287,467693296,569550,-1
00234.wav,233,234,100179468,48000,1,6.584,316046,216490976,89605,-1
00235.wav,234,235,100363629,48000,1,4.894,234931,236369728,69466,-1
00236.wav,235,236,100829352,48000,1,5.765,276735,133040624,60262,-1
00237.wav,236,237,100884073,48000,1,2.125,102020,107926224,24932,-1
00238.wav,237,238,101288139,48000,1,8.128,390167,201685968,83377,-1
00239.wav,238,239,103471696,48000,1,2.565,123142,167755616,28128,-1
00240.wav,239,240,105240241,48000,1,0.789,37858,247515072,16340,-1
00241.wav,240,241,105530442,48000,1,5.058,242775,445415472,85881,-1
00242.wav,241,242,105916878,48000,1,3.507,168329,155678752,37893,-1
00243.wav,242,243,106680772,48000,1,5.866,281563,343382592,70814,-1
00244.wav,243,244,107264594,48000,1,1.305,62657,353371456,26650,-1
00245.wav,244,245,108592470,48000,1,8.159,391620,99463376,91010,-1
00246.wav,245,246,108768213,48000,1,3.832,183949,542968016,44179,-1
00247.wav,246,247,108889615,48000,1,8.386,402519,518090160,124401,-1
00248.wav,247,248,110050486,48000,1,6.987,335381,154188784,87136,-1
00249.wav,248,249,110159928,48000,1,4.470,214542,105801664,51304,-1
00250.wav,249,250,110398810,48000,1,6.024,289176,140725600,50922,-1
00251.wav,250,251,110416194,48000,1,9.885,474502,424966544,96357,-1
00252.wav,251,252,112021230,48000,1,1.513,72624,1354656,25465,-1
00253.wav,252,253,113514225,48000,1,5.661,271731,310005424,71366,-1
00254.wav,253,254,113691500,48000,1,7.158,343579,300498240,89891,-1
00255.wav,254,255,114262250,48000,1,2.656,127505,547713712,25060,-1
00256.wav,255,256,114446411,48000,1,1.889,90650,551984928,15737,-1
00257.wav,256,257,115484778,48000,1,3.304,158607,96778496,24572,-1
00258.wav,257,258,115607282,48000,1,6.720,322570,294030976,69823,-1
00259.wav,258,259,115774987,48000,1,2.262,108570,550095920,22034,-1
00260.wav,259,260,117216399,48000,1,2.571,123386,42570880,24852,-1
00261.wav,260,261,117345839,48000,1,5.381,258307,111772976,67805,-1
00262.wav,261,262,117510002,48000,1,5.883,282406,51647136,64259,-1
00263.wav,262,263,117629132,48000,1,4.478,214920,422929056,48229,-1
00264.wav,263,264,117639442,48000,1,4.965,238307,120052176,61127,-1
00265.wav,264,265,117991308,48000,1,5.635,270496,519766608,76161,-1
00266.wav,265,266,118046029,48000,1,8.382,402346,515812256,114973,-1
00267.wav,266,267,118107686,48000,1,6.328,303736,480300496,73359,-1
00268.wav,267,268,118515118,48000,1,1.237,59374,312918864,21862,-1
00269.wav,268,269,118634256,48000,1,9.725,466785,534351584,118910,-1
00270.wav,269,270,119348658,48000,1,2.386,114535,558357424,24823,-1
00271.wav,270,271,120999915,48000,1,3.487,167359,414145424,40837,-1
00272.wav,271,272,121096295,48000,1,5.786,277720,269672064,50943,-1
00273.wav,272,273,121575080,48000,1,6.521,312985,338162768,73991,-1
00274.wav,273,274,122553290,48000,1,4.167,199992,219336288,49056,-1
00275.wav,274,275,122847914,48000,1,7.431,356677,290782560,91370,-1
00276.wav,275,276,122933201,48000,1,1.605,77048,306855200,13126,-1
00277.wav,276,277,123069319,48000,1,9.349,448754,543921376,142350,-1
00278.wav,277,278,123128455,48000,1,2.387,114589,49287952,19706,-1
00279.wav,278,279,123545583,48000,1,5.488,263408,333035968,59263,-1
00280.wav,279,280,123683864,48000,1,3.131,150292,566662960,34408,-1
00281.wav,280,281,123715809,48000,1,7.045,338145,560875808,122025,-1
00282.wav,281,282,123881866,48000,1,9.099,436760,211839104,126629,-1
00283.wav,282,283,124586471,48000,1,8.214,394284,97356240,92519,-1
00284.wav,283,284,124708975,48000,1,7.292,350003,295111792,89996,-1
00285.wav,284,285,124750634,48000,1,3.518,168855,36963136,37643,-1
00286.wav,285,286,124770632,48000,1,3.561,170919,152148864,37242,-1
00287.wav,286,287,124989516,48000,1,2.374,113972,62645264,20173,-1
00288.wav,287,288,125044237,48000,1,5.568,267244,45068384,51015,-1
00289.wav,288,289,126392811,48000,1,2.361,113312,137410144,24544,-1
00290.wav,289,290,126520177,48000,1,7.553,362542,164087072,82095,-1
00291.wav,290,291,127383541,48000,1,3.698,177490,475227696,40631,-1
00292.wav,291,292,127997097,48000,1,3.247,155857,167522928,37721,-1
00293.wav,292,293,128056386,48000,1,8.029,385388,407007360,87443,-1
00294.wav,293,294,128135931,48000,1,4.003,192148,491999424,31346,-1
00295.wav,294,295,128404710,48000,1,6.207,297932,404687920,67328,-1
00296.wav,295,296,129770368,48000,1,1.738,83413,204445872,13982,-1
00297.wav,296,297,129917447,48000,1,11.617,557598,410460784,112013,-1
00298.wav,297,298,130061993,48000,1,0.726,34856,313636944,12014,-1
00299.wav,298,299,130101608,48000,1,8.012,384594,415080928,67360,-1
00300.wav,299,300,130676773,48000,1,6.837,328187,339100032,70097,-1
00301.wav,300,301,131361380,48000,1,8.223,394681,216717328,94323,-1
00302.wav,301,302,131789995,48000,1,1.889,90693,353160352,33953,-1
00303.wav,302,303,131936545,48000,1,5.499,263955,40707440,64097,-1
00304.wav,303,304,131991266,48000,1,6.065,291116,21906672,71000,-1
00305.wav,304,305,132479029,48000,1,6.939,333059,141277248,74024,-1
00306.wav,305,306,133841047,48000,1,2.749,131968,555115024,28100,-1
00307.wav,306,307,134046487,48000,1,8.775,421194,149400672,97303,-1
00308.wav,307,308,134453074,48000,1,6.330,303825,524045728,99455,-1
00309.wav,308,309,136208078,48000,1,2.495,119744,347687280,22775,-1
00310.wav,309,310,136485234,48000,1,6.782,325523,477169744,95124,-1
00311.wav,310,311,138426829,48000,1,10.627,510083,182415696,125843,-1
00312.wav,311,312,139774382,48000,1,3.780,181422,100251024,44235,-1
00313.wav,312,313,140051529,48000,1,8.736,419343,507193968,131638,-1
00314.wav,313,314,140081807,48000,1,6.395,306955,208107776,80364,-1
00315.wav,314,315,140091405,48000,1,4.268,204869,241577232,49140,-1
00316.wav,315,316,140119312,48000,1,1.447,69435,548216992,10161,-1
00317.wav,316,317,140714475,48000,1,4.932,236754,535386208,55890,-1
00318.wav,317,318,140821396,48000,1,2.283,109580,234869280,25426,-1
00319.wav,318,319,141104458,48000,1,7.965,382315,486772128,103892,-1
00320.wav,319,320,141157679,48000,1,3.668,176043,59980656,42826,-1
00321.wav,320,321,141160200,48000,1,1.453,69725,494954208,11377,-1
00322.wav,321,322,141225647,48000,1,2.452,117691,554614800,26123,-1
00323.wav,322,323,141267121,48000,1,4.990,239516,19381328,53487,-1
00324.wav,323,324,141287119,48000,1,7.578,363748,131066928,81257,-1
00325.wav,324,325,141451282,48000,1,5.487,263399,65401728,52154,-1
00326.wav,325,326,141635443,48000,1,3.518,168848,115746688,37602,-1
00327.wav,326,327,143336870,48000,1,2.199,105556,354172480,35307,-1
00328.wav,327,328,143452629,48000,1,2.820,135343,557666768,41479,-1
00329.wav,328,329,144343341,48000,1,3.127,150072,566962752,34253,-1
00330.wav,329,330,144757034,48000,1,7.157,343549,412940624,60913,-1
00331.wav,330,331,145496362,48000,1,6.829,327809,316609392,73752,-1
00332.wav,331,332,145988209,48000,1,6.326,303628,443719216,80328,-1
00333.wav,332,333,146029868,48000,1,7.115,341508,374533776,105000,-1
00334.wav,333,334,146214029,48000,1,8.711,418120,390758576,65824,-1
00335.wav,334,335,146550312,48000,1,3.498,167924,286459440,22871,-1
00336.wav,335,336,146605033,48000,1,3.541,169984,279832352,37525,-1
00337.wav,336,337,146672816,48000,1,9.791,469959,411068624,87285,-1
00338.wav,337,338,146789194,48000,1,6.687,320993,296501744,84051,-1
00339.wav,338,339,146885574,48000,1,5.718,274458,16502896,57944,-1
00340.wav,339,340,147138539,48000,1,7.544,362127,342552240,59542,-1
00341.wav,340,341,147364359,48000,1,3.003,144121,197735296,27235,-1
00342.wav,341,342,147877867,48000,1,5.732,275153,211555648,61543,-1
00343.wav,342,343,147952586,48000,1,8.422,404256,237776224,102945,-1
00344.wav,343,344,148301931,48000,1,3.007,144322,305463792,24472,-1
00345.wav,344,345,148473030,48000,1,7.059,338835,137688320,85147,-1
00346.wav,345,346,148582472,48000,1,4.922,236266,92732240,51122,-1
00347.wav,346,347,148759697,48000,1,8.673,416311,289392256,89860,-1
00348.wav,347,348,148766633,48000,1,4.206,201887,147647360,52223,-1
00349.wav,348,349,148801356,48000,1,3.619,173733,10552496,41419,-1
00350.wav,349,350,148821354,48000,1,5.950,285595,121572864,63737,-1
00351.wav,350,351,148876075,48000,1,5.030,241441,100807936,49250,-1
00352.wav,351,352,149095980,48000,1,5.661,271707,185252768,58207,-1
00353.wav,352,353,149334862,48000,1,3.601,172853,191677168,30708,-1
00354.wav,353,354,150030388,48000,1,2.071,99393,435874688,17801,-1
00355.wav,354,355,150443533,48000,1,6.049,290375,107951200,67875,-1
00356.wav,355,356,150498254,48000,1,5.974,286732,85698752,72466,-1
00357.wav,356,357,151662404,48000,1,6.913,331843,459922608,93384,-1
00358.wav,357,358,153106337,48000,1,9.049,434345,382883680,102626,-1
00359.wav,358,359,153325221,48000,1,6.733,323178,363529248,87007,-1
00360.wav,359,360,154248710,48000,1,7.114,341485,249604544,94943,-1
00361.wav,360,361,154488613,48000,1,8.111,389313,326384192,91991,-1
00362.wav,361,362,154714433,48000,1,7.632,366355,184301152,88618,-1
00363.wav,362,363,155231405,48000,1,6.113,293418,246750608,86252,-1
00364.wav,363,364,155597284,48000,1,5.962,286196,291487424,45375,-1
00365.wav,364,365,155652005,48000,1,5.740,275498,287328896,41307,-1
00366.wav,365,366,155665067,48000,1,7.248,347909,419889488,85679,-1
00367.wav,366,367,155823104,48000,1,7.761,372544,76079280,85489,-1
00368.wav,367,368,156655797,48000,1,2.558,122791,554411024,28203,-1
00369.wav,368,369,156953258,48000,1,3.879,186179,158915472,45169,-1
00370.wav,369,370,158449075,48000,1,6.117,293610,518423504,71443,-1
00371.wav,370,371,158565453,48000,1,5.771,276993,478194480,73895,-1
00372.wav,371,372,159092023,48000,1,5.267,252827,532542848,54854,-1
00373.wav,372,373,159383163,48000,1,5.400,259179,452305008,79129,-1
00374.wav,373,374,159542790,48000,1,4.369,209732,564834080,54147,-1
00375.wav,374,375,162901615,48000,1,1.724,82752,235436544,13202,-1
00376.wav,375,376,163140487,48000,1,1.868,89672,481305104,16657,-1
00377.wav,376,377,163305265,48000,1,1.963,94222,452018944,18353,-1
00378.wav,377,378,163695664,48000,1,7.913,379829,5073440,82402,-1
00379.wav,378,379,163766989,48000,1,1.556,74704,549453456,12064,-1
00380.wav,379,380,163951150,48000,1,1.688,81048,553633248,14059,-1
00381.wav,380,381,164025872,48000,1,0.898,43120,655584,17334,-1
00382.wav,381,382,164989517,48000,1,1.334,64055,115387792,11124,-1
00383.wav,382,383,165098959,48000,1,5.744,275691,73860688,60398,-1
00384.wav,383,384,165164239,48000,1,5.435,260898,347407152,63653,-1
00385.wav,384,385,165166742,48000,1,5.924,284352,294114336,62486,-1
00386.wav,385,386,165208401,48000,1,5.002,240094,36304544,38113,-1
00387.wav,386,387,165337841,48000,1,5.707,273952,103802080,62765,-1
00388.wav,387,388,165502004,48000,1,5.253,252135,43943456,55933,-1
00389.wav,388,389,167667146,48000,1,5.169,248123,480769184,67987,-1
00390.wav,389,390,167823496,48000,1,0.559,26849,248767984,11246,-1
00391.wav,390,391,167921386,48000,1,6.377,306119,176912208,71823,-1
00392.wav,391,392,168068428,48000,1,8.274,397168,444887840,133637,-1
00393.wav,392,393,170559375,48000,1,4.259,204453,414491600,30906,-1
00394.wav,393,394,171410472,48000,1,1.133,54408,166016,18683,-1
00395.wav,394,395,171524523,48000,1,7.859,377248,179581696,90466,-1
00396.wav,395,396,172352653,48000,1,7.285,349674,301754512,73859,-1
00397.wav,396,397,172449033,48000,1,1.529,73413,20893312,12279,-1
00398.wav,397,398,172516816,48000,1,6.596,316602,277277936,72373,-1
00399.wav,398,399,172578473,48000,1,5.904,283394,86964912,63985,-1
00400.wav,399,400,172628779,48000,1,12.093,580465,544516848,157457,-1
00401.wav,400,401,172635715,48000,1,8.470,406576,496718368,86335,-1
00402.wav,401,402,172704519,48000,1,1.911,91745,553782656,18678,-1
00403.wav,402,403,172742636,48000,1,4.544,218132,30518576,52468,-1
00404.wav,403,404,172762634,48000,1,7.060,338886,143939440,79182,-1
00405.wav,404,405,173330863,48000,1,5.422,260244,189454992,67796,-1
00406.wav,405,406,174255373,48000,1,10.617,509618,56844768,115908,-1
00407.wav,406,407,174384813,48000,1,2.091,100344,127244608,16393,-1
00408.wav,407,408,175027761,48000,1,4.360,209283,203102368,46686,-1
00409.wav,408,409,175124899,48000,1,5.862,281399,439288272,81713,-1
00410.wav,409,410,176079637,48000,1,2.806,134710,167900432,27410,-1
00411.wav,410,411,177225863,48000,1,5.510,264467,466457232,56912,-1
00412.wav,411,412,177390026,48000,1,8.013,384611,458438976,104061,-1
00413.wav,412,413,177615846,48000,1,5.821,279399,407213232,61055,-1
00414.wav,413,414,177745286,48000,1,4.175,200421,421131088,37601,-1
00415.wav,414,415,177848182,48000,1,0.783,37596,247603152,13344,-1
00416.wav,415,416,177852908,48000,1,2.110,101278,204669408,18819,-1
00417.wav,416,417,178524819,48000,1,2.960,142101,155857072,33530,-1
00418.wav,417,418,178539335,48000,1,4.519,216889,321305472,37632,-1
00419.wav,418,419,179819105,48000,1,2.642,126793,72276224,22626,-1
00420.wav,419,420,179928547,48000,1,2.012,96587,34858672,16999,-1
00421.wav,420,421,179983268,48000,1,3.442,165195,11882112,21558,-1
00422.wav,421,422,180001739,48000,1,2.189,105059,157141024,18017,-1
00423.wav,422,423,180236233,48000,1,6.713,322241,339232944,64774,-1
00424.wav,423,424,181135981,48000,1,3.707,177915,542079264,43152,-1
00425.wav,424,425,181172242,48000,1,4.603,220934,533942320,55520,-1
00426.wav,425,426,181966291,48000,1,6.749,323974,494348544,72985,-1
00427.wav,426,427,182038489,48000,1,2.295,110176,141414480,24558,-1
00428.wav,427,428,183242446,48000,1,6.109,293242,350424192,62639,-1
00429.wav,428,429,184685349,48000,1,0.928,44531,177685248,15959,-1
00430.wav,429,430,184856478,48000,1,2.034,97635,403573808,19773,-1
00431.wav,430,431,186074591,48000,1,4.723,226694,368946304,60150,-1
00432.wav,431,432,187598827,48000,1,2.972,142652,553748368,34244,-1
00433.wav,432,433,187653548,48000,1,3.422,164257,552944512,38792,-1
00434.wav,433,434,188985518,48000,1,5.799,278358,112057200,69091,-1
00435.wav,434,435,189259123,48000,1,6.714,322249,9861376,70541,-1
00436.wav,435,436,189630987,48000,1,7.247,347853,520219136,81564,-1
00437.wav,436,437,189737908,48000,1,8.691,417161,195089840,105430,-1
00438.wav,437,438,190273935,48000,1,8.513,408631,535772528,98696,-1
00439.wav,438,439,190358553,48000,1,8.755,420229,454254656,110556,-1
00440.wav,439,440,190663918,48000,1,8.634,414438,487077296,118239,-1
00441.wav,440,441,190719660,48000,1,4.843,232457,494965632,51973,-1
00442.wav,441,442,190901300,48000,1,5.662,271774,107175440,61701,-1
00443.wav,442,443,190956021,48000,1,4.778,229355,84420640,53598,-1
00444.wav,443,444,191123059,48000,1,1.096,52586,313021296,19284,-1
00445.wav,444,445,191956599,48000,1,2.488,119408,558509360,28423,-1
00446.wav,445,446,192013771,48000,1,0.426,20466,1027968,10188,-1
00447.wav,446,447,193728649,48000,1,5.047,242239,206655216,60501,-1
00448.wav,447,448,194316494,48000,1,4.752,228101,413114336,51838,-1
00449.wav,448,449,194651756,48000,1,8.338,400246,268183392,109399,-1
00450.wav,449,450,194710019,48000,1,1.910,91678,547317360,17862,-1
00451.wav,450,451,195055822,48000,1,3.780,181422,316683184,35420,-1
00452.wav,451,452,195589328,48000,1,11.416,547983,375055344,152549,-1
00453.wav,452,453,196000330,48000,1,6.325,303583,303938640,69775,-1
00454.wav,453,454,196122834,48000,1,6.636,318509,418806400,75224,-1
00455.wav,454,455,196280871,48000,1,7.376,354063,75289216,77610,-1
00456.wav,455,456,196335592,48000,1,9.663,463845,57485088,101675,-1
00457.wav,456,457,196348654,48000,1,2.026,97271,296879072,19274,-1
00458.wav,457,458,196445034,48000,1,8.367,401621,16803840,85562,-1
00459.wav,458,459,196512817,48000,1,6.302,302489,276745008,77711,-1
00460.wav,459,460,196629195,48000,1,2.540,121916,63241504,21572,-1
00461.wav,460,461,196683916,48000,1,6.467,310428,45633616,70664,-1
00462.wav,461,462,196738637,48000,1,8.227,394889,25888208,94233,-1
00463.wav,462,463,197107980,48000,1,9.810,470898,203732288,124553,-1
00464.wav,463,464,197861391,48000,1,4.839,232266,305608416,56839,-1
00465.wav,464,465,198251374,48000,1,3.854,185005,52766128,43303,-1
00466.wav,465,466,198392044,48000,1,6.731,323067,399496000,67182,-1
00467.wav,466,467,198490256,48000,1,6.152,295288,80312272,75788,-1
00468.wav,467,468,200605038,48000,1,2.908,139590,167692464,30992,-1
00469.wav,468,469,201611847,48000,1,7.942,381215,406443552,80849,-1
00470.wav,469,470,202187012,48000,1,9.693,465286,322929936,103995,-1
00471.wav,470,471,202316452,48000,1,8.465,406336,339881824,94888,-1
00472.wav,471,472,202378309,48000,1,2.481,119068,204530752,22449,-1
00473.wav,472,473,203349383,48000,1,7.706,369889,213250704,77757,-1
00474.wav,473,474,203576224,48000,1,4.104,197008,41864752,36078,-1
00475.wav,474,475,203589286,48000,1,6.648,319124,291033312,63103,-1
00476.wav,475,476,203869827,48000,1,9.443,453287,50322432,93913,-1
00477.wav,476,477,203938631,48000,1,7.127,342072,336836960,80311,-1
00478.wav,477,478,203979269,48000,1,3.046,146223,7674128,35200,-1
00479.wav,478,479,204397936,48000,1,1.589,76254,353319088,28807,-1
00480.wav,479,480,204950095,48000,1,1.441,69160,396766816,10897,-1
00481.wav,480,481,205288648,48000,1,1.639,78657,178530928,27635,-1
00482.wav,481,482,205437285,48000,1,4.144,198928,58827168,40339,-1
00483.wav,482,483,205450347,48000,1,5.721,274615,298062096,62260,-1
00484.wav,483,484,205492006,48000,1,4.606,221073,38604336,53249,-1
00485.wav,484,485,206025512,48000,1,2.819,135301,198846144,27808,-1
00486.wav,485,486,206428015,48000,1,4.935,236891,468262880,70570,-1
00487.wav,486,487,206512718,48000,1,6.296,302186,163162768,63724,-1
00488.wav,487,488,208124913,48000,1,5.552,266494,478528672,58328,-1
00489.wav,488,489,209102250,48000,1,9.840,472324,565147536,121007,-1
00490.wav,489,490,209427644,48000,1,4.561,218919,319942400,47457,-1
00491.wav,490,491,209810028,48000,1,6.194,297322,246169104,90649,-1
00492.wav,491,492,209961150,48000,1,3.907,187554,377535024,38187,-1
00493.wav,492,493,210323557,48000,1,6.950,333583,461620640,79510,-1
00494.wav,493,494,212461075,48000,1,8.061,386951,235824192,86373,-1
00495.wav,494,495,212561539,48000,1,2.688,129006,264716992,19208,-1
00496.wav,495,496,212926798,48000,1,7.468,358448,132714272,89558,-1
00497.wav,496,497,213036240,48000,1,5.774,277161,84911312,62509,-1
00498.wav,497,498,213090961,48000,1,2.519,120903,65911920,19981,-1
00499.wav,498,499,213255124,48000,1,6.927,332474,5284704,81487,-1
00500.wav,499,500,213286155,48000,1,2.178,104558,542493472,19727,-1
00501.wav,500,501,213833588,48000,1,1.456,69873,554733664,11574,-1
00502.wav,501,502,214787859,48000,1,4.491,215545,151246160,52778,-1
00503.wav,502,503,214897301,48000,1,6.103,292963,103964320,62896,-1
00504.wav,503,504,214952022,48000,1,2.727,130899,82277936,30054,-1
00505.wav,504,505,216482000,48000,1,3.302,158477,558291120,34378,-1
00506.wav,505,506,216951282,48000,1,4.350,208817,567122080,48857,-1
00507.wav,506,507,218203053,48000,1,6.577,315712,419569008,64802,-1
00508.wav,507,508,220269936,48000,1,3.394,162890,254325936,25937,-1
00509.wav,508,509,220441035,48000,1,4.137,198563,10992048,47983,-1
00510.wav,509,510,220570475,48000,1,4.225,202797,80497024,41156,-1
00511.wav,510,511,220915405,48000,1,1.725,82797,547335264,13617,-1
00512.wav,511,512,221326407,48000,1,2.335,112095,529489168,24905,-1
00513.wav,512,513,221455847,48000,1,9.854,472991,539559776,95811,-1
00514.wav,513,514,221901572,48000,1,9.246,443829,495193088,99886,-1
00515.wav,514,515,222137933,48000,1,3.898,187106,87341312,45334,-1
00516.wav,515,516,222302096,48000,1,4.664,223876,30765248,49905,-1
00517.wav,516,517,222376815,48000,1,5.007,240348,116942304,51924,-1
00518.wav,517,518,223329411,48000,1,0.532,25518,353762656,9472,-1
00519.wav,518,519,223944273,48000,1,2.685,128889,127396880,24112,-1
00520.wav,519,520,224959626,48000,1,6.957,333922,312258640,75267,-1
00521.wav,520,521,225974824,48000,1,1.946,93392,492326928,16343,-1
00522.wav,521,522,226128292,48000,1,3.718,178468,326782960,40183,-1
00523.wav,522,523,226421895,48000,1,3.284,157608,328758912,31887,-1
00524.wav,523,524,226703457,48000,1,3.551,170456,212561056,41128,-1
00525.wav,524,525,226955401,48000,1,5.575,267621,393807120,56843,-1
00526.wav,525,526,227291684,48000,1,5.744,275703,288551232,61301,-1
00527.wav,526,527,227304746,48000,1,4.647,223048,421415904,45768,-1
00528.wav,527,528,227626946,48000,1,5.371,257792,18531136,61025,-1
00529.wav,528,529,227750471,48000,1,5.913,283821,324062048,65258,-1
00530.wav,529,530,227807713,48000,1,2.316,111190,546824336,21375,-1
00531.wav,530,531,227879911,48000,1,7.763,372635,344252928,87598,-1
00532.wav,531,532,227920549,48000,1,3.256,156287,27620672,35346,-1
00533.wav,532,533,227975270,48000,1,8.586,412123,2115936,104784,-1
00534.wav,533,534,228044074,48000,1,5.551,266437,325361088,56793,-1
00535.wav,534,535,228101316,48000,1,3.948,189502,547548096,45827,-1
00536.wav,535,536,228269894,48000,1,4.514,216663,183245600,40747,-1
00537.wav,536,537,228338698,48000,1,11.244,539729,377052016,138489,-1
00538.wav,537,538,228592937,48000,1,3.188,153044,169357136,29080,-1
00539.wav,538,539,228803400,48000,1,2.069,99314,226682752,18592,-1
00540.wav,539,540,229098024,48000,1,6.533,313592,303109152,62544,-1
00541.wav,540,541,229323844,48000,1,7.590,364314,95224752,74556,-1
00542.wav,541,542,229378565,48000,1,4.378,210148,72372688,48957,-1
00543.wav,542,543,229488007,48000,1,2.320,111382,35095168,22812,-1
00544.wav,543,544,229555790,48000,1,1.602,76891,281954896,12624,-1
00545.wav,544,545,229561199,48000,1,3.185,152895,159190000,36037,-1
00546.wav,545,546,230185676,48000,1,3.386,162527,180162048,33624,-1
00547.wav,546,547,232047282,48000,1,2.205,105818,467333152,20845,-1
00548.wav,547,548,232403776,48000,1,4.885,234474,462276480,50302,-1
00549.wav,548,549,233423645,48000,1,7.689,369084,317496304,82179,-1
00550.wav,549,550,235748428,48000,1,1.447,69467,481388320,10805,-1
00551.wav,550,551,236377610,48000,1,5.707,273930,175417152,69795,-1
00552.wav,551,552,236393377,48000,1,6.293,302072,288733408,74088,-1
00553.wav,552,553,236557540,48000,1,9.456,453902,260039504,105079,-1
00554.wav,553,554,236720047,48000,1,2.250,108010,567383872,23909,-1
00555.wav,554,555,237032241,48000,1,7.679,368609,82539664,96007,-1
00556.wav,555,556,238783860,48000,1,6.103,292944,146676720,77325,-1
00557.wav,556,557,238893302,48000,1,2.205,105817,100391728,13502,-1
00558.wav,557,558,238948023,48000,1,2.336,112121,79593200,20612,-1
00559.wav,558,559,239190447,48000,1,5.114,245448,520482304,72544,-1
00560.wav,559,560,239833395,48000,1,8.771,420997,536048336,109862,-1
00561.wav,560,561,241222607,48000,1,6.553,314541,472165728,81835,-1
00562.wav,561,562,243297806,48000,1,2.166,103944,451774848,19490,-1
00563.wav,562,563,244018413,48000,1,1.279,61408,288480,20473,-1
00564.wav,563,564,244033991,48000,1,7.068,339276,40485584,78026,-1
00565.wav,564,565,244156495,48000,1,1.869,89692,277892080,16466,-1
00566.wav,565,566,244211216,48000,1,7.102,340875,268625344,89105,-1
00567.wav,566,567,244327594,48000,1,5.079,243806,49564288,52709,-1
00568.wav,567,568,244382315,48000,1,7.343,352456,31450688,86771,-1
00569.wav,568,569,245558769,48000,1,3.979,190970,231076704,45459,-1
00570.wav,569,570,245908114,48000,1,2.275,109197,297094080,17217,-1
00571.wav,570,571,246004494,48000,1,7.601,364869,17006608,92724,-1
00572.wav,571,572,246300618,48000,1,7.292,350002,493708416,73592,-1
00573.wav,572,573,246314701,48000,1,2.106,101091,553069664,21773,-1
00574.wav,573,574,246318095,48000,1,6.563,315021,139575888,83124,-1
00575.wav,574,575,247353695,48000,1,7.028,337365,566021408,90632,-1
00576.wav,575,576,247591950,48000,1,6.066,291163,138021456,68584,-1
00577.wav,576,577,247646671,48000,1,3.917,188022,112815104,45435,-1
00578.wav,577,578,247701392,48000,1,5.416,259955,93256048,61070,-1
00579.wav,578,579,247994995,48000,1,5.454,261804,100967904,67252,-1
00580.wav,579,580,248292140,48000,1,6.444,309321,521426656,62554,-1
00581.wav,580,581,248391649,48000,1,4.464,214279,173343120,50252,-1
00582.wav,581,582,250255211,48000,1,4.979,239013,175600336,63629,-1
00583.wav,582,583,250460849,48000,1,2.336,112126,204760480,19369,-1
00584.wav,583,584,250781324,48000,1,8.710,418082,460470352,108047,-1
00585.wav,584,585,251300747,48000,1,8.202,393709,415883712,90818,-1
00586.wav,585,586,251397127,48000,1,4.022,193045,270488608,39927,-1
00587.wav,586,587,251639551,48000,1,1.666,79982,550864080,13801,-1
00588.wav,587,588,251746472,48000,1,2.592,124402,323082896,24134,-1
00589.wav,588,589,251875912,48000,1,2.441,117162,339976752,26309,-1
00590.wav,589,590,251985354,48000,1,4.737,227389,329128000,41477,-1
00591.wav,590,591,252265895,48000,1,7.949,381567,181031456,86169,-1
00592.wav,591,592,252908843,48000,1,4.393,210845,213544032,36524,-1
00593.wav,592,593,252970667,48000,1,5.021,241017,398837744,71854,-1
00594.wav,593,594,253190405,48000,1,7.441,357170,23046256,83036,-1
00595.wav,594,595,253265124,48000,1,7.535,361661,110045888,77485,-1
00596.wav,595,596,253429287,48000,1,7.025,337182,50754048,79077,-1
00597.wav,596,597,253498091,48000,1,6.845,328560,337158512,79853,-1
00598.wav,597,598,253538729,48000,1,5.498,263884,7804608,66263,-1
00599.wav,598,599,253743922,48000,1,3.185,152893,542317552,36452,-1
00600.wav,599,600,253890595,48000,1,4.810,230878,506031376,64759,-1
00601.wav,600,601,256685144,48000,1,7.832,375921,490043568,110642,-1
00602.wav,601,602,257293290,48000,1,1.838,88236,177801952,26752,-1
00603.wav,602,603,257714270,48000,1,5.228,250965,369178576,71840,-1
00604.wav,603,604,257953152,48000,1,7.842,376406,376602528,104296,-1
00605.wav,604,605,258431937,48000,1,4.391,210761,422435408,50326,-1
00606.wav,605,606,258517360,48000,1,2.939,141056,155368240,33416,-1
00607.wav,606,607,259225986,48000,1,3.358,161163,325565664,36986,-1
00608.wav,607,608,259335428,48000,1,3.663,175821,315814944,41370,-1
00609.wav,608,609,259978376,48000,1,6.544,314093,357093744,81957,-1
00610.wav,609,610,260553541,48000,1,8.386,402545,258434512,86693,-1
00611.wav,610,611,261028242,48000,1,5.600,268822,80161200,67807,-1
00612.wav,611,612,261913614,48000,1,8.130,390256,537496272,85446,-1
00613.wav,612,613,262303597,48000,1,7.316,351151,487908640,110600,-1
00614.wav,613,614,262779861,48000,1,3.897,187039,143245712,43001,-1
00615.wav,614,615,263241169,48000,1,2.131,102293,513794416,29933,-1
00616.wav,615,616,264621712,48000,1,1.352,64904,1132032,22640,-1
00617.wav,616,617,264967964,48000,1,6.678,320564,439960736,96193,-1
00618.wav,617,618,267413168,48000,1,4.132,198341,392023200,67923,-1
00619.wav,618,619,268084713,48000,1,3.562,170981,17636208,37630,-1
00620.wav,619,620,268120265,48000,1,3.954,189810,426512272,34030,-1
00621.wav,620,621,268563498,48000,1,3.080,147819,198479664,26423,-1
00622.wav,621,622,268727661,48000,1,4.265,204734,183040736,37337,-1
00623.wav,622,623,269090068,48000,1,5.936,284931,380333760,81970,-1
00624.wav,623,624,269719954,48000,1,4.303,206529,278947872,55306,-1
00625.wav,624,625,269781611,48000,1,5.855,281040,93939808,71534,-1
00626.wav,625,626,270000495,48000,1,6.856,329092,11218576,77929,-1
00627.wav,626,627,270020493,48000,1,4.311,206925,122849616,47879,-1
00628.wav,627,628,270129935,48000,1,3.143,150867,80614512,27361,-1
00629.wav,628,629,270184656,48000,1,3.262,156599,61326224,36582,-1
00630.wav,629,630,270185677,48000,1,6.756,324301,193241440,75305,-1
00631.wav,630,631,270643443,48000,1,5.567,267196,179908544,39276,-1
00632.wav,631,632,271015307,48000,1,3.655,175440,539685456,45619,-1
00633.wav,632,633,271115600,48000,1,1.105,53033,312677152,21786,-1
00634.wav,633,634,271405290,48000,1,8.381,402279,488654496,112433,-1
00635.wav,634,635,271458511,48000,1,3.739,179451,60743392,30940,-1
00636.wav,635,636,271461032,48000,1,9.002,432110,495396864,82992,-1
00637.wav,636,637,271697393,48000,1,8.614,413448,87594832,84296,-1
00638.wav,637,638,271936275,48000,1,8.754,420197,117135520,92791,-1
00639.wav,638,639,271990996,48000,1,3.073,147521,98438272,26660,-1
00640.wav,639,640,274524360,48000,1,3.613,173425,363981936,24914,-1
00641.wav,640,641,274637615,48000,1,1.251,60040,402762528,19657,-1
00642.wav,641,642,275099525,48000,1,5.272,253070,264600032,59699,-1
00643.wav,642,643,275461932,48000,1,6.753,324164,432556256,90919,-1
00644.wav,643,644,276514861,48000,1,5.641,270774,394234208,74938,-1
00645.wav,644,645,276556520,48000,1,8.695,417338,215809968,124881,-1
00646.wav,645,646,276864206,48000,1,7.471,358628,421680976,71499,-1
00647.wav,646,647,277439371,48000,1,3.484,167247,344402176,29362,-1
00648.wav,647,648,277534730,48000,1,1.929,92572,2529424,16811,-1
00649.wav,648,649,277558036,48000,1,2.420,116166,396877040,23908,-1
00650.wav,649,650,277722433,48000,1,2.596,124630,510717856,43400,-1
00651.wav,650,651,278362860,48000,1,2.186,104916,226928336,19015,-1
00652.wav,651,652,278883304,48000,1,7.224,346757,95489632,73191,-1
00653.wav,652,653,279047467,48000,1,7.096,340603,35193920,86928,-1
00654.wav,653,654,279102188,48000,1,7.245,347765,12195024,83728,-1
00655.wav,654,655,279120659,48000,1,6.459,310027,163476400,77552,-1
00656.wav,655,656,279538249,48000,1,6.436,308916,311660384,73412,-1
00657.wav,656,657,281680374,48000,1,6.288,301824,470658864,86621,-1
00658.wav,657,658,281731220,48000,1,2.534,121619,422678256,26195,-1
00659.wav,658,659,281907494,48000,1,7.262,348589,441617312,87603,-1
00660.wav,659,660,281963236,48000,1,4.066,195164,462463248,49780,-1
00661.wav,660,661,282482659,48000,1,4.166,199962,417123760,32202,-1
00662.wav,661,662,282662475,48000,1,2.517,120793,313344800,36335,-1
00663.wav,662,663,283919656,48000,1,6.562,314981,369532528,86777,-1
00664.wav,663,664,284146497,48000,1,5.094,244514,276011152,46737,-1
00665.wav,664,665,284214280,48000,1,3.614,173463,409475904,44830,-1
00666.wav,665,666,284390477,48000,1,1.874,89929,352907728,33691,-1
00667.wav,666,667,288343320,48000,1,1.464,70287,146892528,11768,-1
00668.wav,667,668,288398041,48000,1,1.923,92318,120991104,16583,-1
00669.wav,668,669,288452762,48000,1,6.010,288474,100461056,62428,-1
00670.wav,669,670,290767111,48000,1,5.010,240458,562638912,57042,-1
00671.wav,670,671,290782067,48000,1,2.836,136128,472632336,30890,-1
00672.wav,671,672,290811964,48000,1,6.804,326600,367597680,105533,-1
00673.wav,672,673,291552288,48000,1,4.130,198238,309725008,40681,-1
00674.wav,673,674,293777612,48000,1,6.961,334109,88369504,84103,-1
00675.wav,674,675,294530002,48000,1,3.681,176683,189730816,36905,-1
00676.wav,675,676,294687847,48000,1,6.850,328813,352583520,78456,-1
00677.wav,676,677,295118229,48000,1,9.440,453109,231381184,134475,-1
00678.wav,677,678,295347591,48000,1,7.805,374631,497715488,79631,-1
00679.wav,678,679,295454512,48000,1,5.691,273192,57996128,61419,-1
00680.wav,679,680,295509233,48000,1,7.960,382061,37676176,86748,-1
00681.wav,680,681,295529231,48000,1,7.089,340278,153255312,80351,-1
00682.wav,681,682,295583952,48000,1,5.863,281421,128235056,68133,-1
00683.wav,682,683,295638673,48000,1,5.098,244690,105336224,45400,-1
00684.wav,683,684,295860078,48000,1,5.184,248846,493822224,63267,-1
00685.wav,684,685,295877555,48000,1,5.541,265948,139733168,59569,-1
00686.wav,685,686,295937352,48000,1,1.364,65491,353877136,25727,-1
00687.wav,686,687,297023470,48000,1,2.763,132632,484206496,28530,-1
00688.wav,687,688,297502255,48000,1,7.425,356384,500973888,74238,-1
00689.wav,688,689,298520361,48000,1,4.780,229439,360270496,56603,-1
00690.wav,689,690,298582765,48000,1,2.064,99074,492416544,25243,-1
00691.wav,690,691,299040805,48000,1,6.980,335055,273227264,77776,-1
00692.wav,691,692,299519590,48000,1,5.646,271012,345306560,65194,-1
00693.wav,692,693,299922635,48000,1,8.060,386872,331758880,87858,-1
00694.wav,693,694,300271980,48000,1,6.008,288365,381062784,68080,-1
00695.wav,694,695,300607118,48000,1,111.192,5337213,527057392,1746803,-1
00696.wav,695,696,300956587,48000,1,5.655,271456,270681456,76381,-1
00697.wav,696,697,301011308,48000,1,7.228,346947,257231840,91033,-1
00698.wav,697,698,301086027,48000,1,7.360,353286,292865024,95055,-1
00699.wav,698,699,301200878,48000,1,2.337,112152,169539152,22489,-1
00700.wav,699,700,301251211,48000,1,7.281,349467,327789264,84143,-1
00701.wav,700,701,301421289,48000,1,1.910,91696,42749472,15965,-1
00702.wav,701,702,301490093,48000,1,7.616,365581,335118112,91498,-1
00703.wav,702,703,301544814,48000,1,11.183,536788,329574560,113158,-1
00704.wav,703,704,302695144,48000,1,5.152,247283,42026816,52210,-1
00705.wav,704,705,302824584,48000,1,6.681,320708,110493200,77310,-1
00706.wav,705,706,302934026,48000,1,3.953,189761,67927376,35839,-1
00707.wav,706,707,302988747,48000,1,4.520,216971,50921552,39184,-1
00708.wav,707,708,303816877,48000,1,5.371,257818,238838976,57916,-1
00709.wav,708,709,304655223,48000,1,4.231,203081,467459936,44738,-1
00710.wav,709,710,306294499,48000,1,10.205,489861,410330960,98726,-1
00711.wav,710,711,307243833,48000,1,8.153,391361,479182080,97466,-1
00712.wav,711,712,307328451,48000,1,1.823,87497,355201696,12949,-1
00713.wav,712,713,307470953,48000,1,4.000,192007,450111184,54582,-1
00714.wav,713,714,308197219,48000,1,6.347,304655,260794512,77682,-1
00715.wav,714,715,309553740,48000,1,2.652,127283,158658992,24647,-1
00716.wav,715,716,311473074,48000,1,8.916,427951,537918976,114033,-1
00717.wav,716,717,312339321,48000,1,3.033,145582,143308144,31327,-1
00718.wav,717,718,313145148,48000,1,7.922,380241,465081248,76087,-1
00719.wav,718,719,314753244,48000,1,2.722,130666,371505184,31118,-1
00720.wav,719,720,315740969,48000,1,1.492,71614,481147296,9839,-1
00721.wav,720,721,315905747,48000,1,1.436,68911,451854160,11389,-1
00722.wav,721,722,316972628,48000,1,6.575,315587,392292448,108012,-1
00723.wav,722,723,317764721,48000,1,2.243,107663,347002368,22458,-1
00724.wav,723,724,317773613,48000,1,2.792,134027,83545040,30644,-1
00725.wav,724,725,317883055,48000,1,1.323,63480,46764448,7897,-1
00726.wav,725,726,317937776,48000,1,5.533,265588,26927760,69838,-1
00727.wav,726,727,318119870,48000,1,6.332,303939,207875088,75142,-1
00728.wav,727,728,318122958,48000,1,6.905,331419,198633312,77457,-1
00729.wav,728,729,318232400,48000,1,6.148,295110,187374736,61537,-1
00730.wav,729,730,319395792,48000,1,8.050,386391,71694912,101924,-1
00731.wav,730,731,319450513,48000,1,11.346,544599,53681248,119605,-1
00732.wav,731,732,319505234,48000,1,5.600,268818,34414176,58442,-1
00733.wav,732,733,319525232,48000,1,6.040,289944,148435664,71175,-1
00734.wav,733,734,319634674,48000,1,6.412,307796,101768080,73878,-1
00735.wav,734,735,319744116,48000,1,8.259,396442,61463936,81180,-1
00736.wav,735,736,320574767,48000,1,6.710,322097,540111984,88055,-1
00737.wav,736,737,321441014,48000,1,3.207,153953,144407264,34245,-1
00738.wav,737,738,321963979,48000,1,5.871,281819,475565152,74178,-1
00739.wav,738,739,322516362,48000,1,7.739,371453,356744272,107992,-1
00740.wav,739,740,322698888,48000,1,7.156,343476,425897056,72716,-1
00741.wav,740,741,322940426,48000,1,7.881,378303,416392240,63304,-1
00742.wav,741,742,323864936,48000,1,6.327,303719,385320000,74277,-1
00743.wav,742,743,324010954,48000,1,1.347,64654,96,22049,-1
00744.wav,743,744,324604264,48000,1,8.450,405623,275689920,93465,-1
00745.wav,744,745,324788425,48000,1,2.980,143033,291142032,28286,-1
00746.wav,745,746,324830084,48000,1,3.453,165762,23415584,36261,-1
00747.wav,746,747,325192491,48000,1,3.000,144002,330438512,24227,-1
00748.wav,747,748,325769156,48000,1,3.997,191866,508657376,43489,-1
00749.wav,748,749,326581703,48000,1,1.358,65176,77327376,8610,-1
00750.wav,749,750,326594765,48000,1,6.485,311266,304880224,83602,-1
00751.wav,750,751,326636424,48000,1,8.599,412750,59263120,99942,-1
00752.wav,751,752,326649486,48000,1,7.254,348172,299114912,83486,-1
00753.wav,752,753,326765864,48000,1,5.671,272194,130309024,61987,-1
00754.wav,753,754,326875306,48000,1,3.648,175093,83901440,35168,-1
00755.wav,754,755,326984748,48000,1,4.949,237574,47625136,51412,-1
00756.wav,755,756,327039469,48000,1,8.060,386869,28060016,98927,-1
00757.wav,756,757,327094190,48000,1,6.621,317791,2582672,71518,-1
00758.wav,757,758,327224651,48000,1,5.458,261988,199848736,68240,-1
00759.wav,758,759,327281893,48000,1,8.008,384376,511118144,129180,-1
00760.wav,759,760,328388043,48000,1,5.584,268031,114194096,60765,-1
00761.wav,760,761,328736367,48000,1,6.920,332164,102652704,73274,-1
00762.wav,761,762,330920386,48000,1,3.708,177985,321594848,38083,-1
00763.wav,762,763,331125301,48000,1,2.872,137854,155532736,32888,-1
00764.wav,763,764,331692774,48000,1,7.062,338965,389128496,66254,-1
00765.wav,764,765,332029057,48000,1,5.118,245644,285166528,48152,-1
00766.wav,765,766,332042119,48000,1,7.674,368368,417221904,76092,-1
00767.wav,766,767,332617284,48000,1,8.924,428329,341653408,94813,-1
00768.wav,767,768,333705957,48000,1,6.108,293163,276057936,61606,-1
00769.wav,768,769,333736463,48000,1,5.238,251423,541687744,57726,-1
00770.wav,769,770,334406147,48000,1,2.952,141695,547926992,32476,-1
00771.wav,770,771,334587787,48000,1,9.542,458021,333390352,91585,-1
00772.wav,771,772,335738117,48000,1,4.710,226100,60112096,52344,-1
00773.wav,772,773,337285831,48000,1,1.029,49412,177467680,18832,-1
00774.wav,773,774,337582182,48000,1,1.079,51807,210870704,19971,-1
00775.wav,774,775,337793338,48000,1,3.690,177121,155135216,38359,-1
00776.wav,775,776,338803966,48000,1,7.124,341971,362094272,98360,-1
00777.wav,776,777,342059823,48000,1,2.412,115756,548879120,21819,-1
00778.wav,777,778,342228401,48000,1,8.558,410777,186705536,85898,-1
00779.wav,778,779,343575954,48000,1,5.105,245052,117845664,55374,-1
00780.wav,779,780,343723541,48000,1,2.297,110271,312816192,35605,-1
00781.wav,780,781,343728267,48000,1,1.791,85986,242094448,16596,-1
00782.wav,781,782,344614253,48000,1,2.105,101060,746560,31182,-1
00783.wav,782,783,344904530,48000,1,1.966,94386,98085536,16850,-1
00784.wav,783,784,345198133,48000,1,8.176,392425,105495600,92041,-1
00785.wav,784,785,345496812,48000,1,0.449,21570,354271488,8219,-1
00786.wav,785,786,347928720,48000,1,5.171,248197,448532320,66035,-1
00787.wav,786,787,348654986,48000,1,5.446,261414,259861680,57233,-1
00788.wav,787,788,348729705,48000,1,6.233,299173,300021584,71075,-1
00789.wav,788,789,348839147,48000,1,3.656,175488,283869904,31105,-1
00790.wav,789,790,349484616,48000,1,2.301,110428,551753856,21607,-1
00791.wav,790,791,349831440,48000,1,6.431,308686,381412128,105000,-1
00792.wav,791,792,350468262,48000,1,2.499,119929,114622816,17582,-1
00793.wav,792,793,350632425,48000,1,3.776,181246,55085152,38722,-1
00794.wav,793,794,351161516,48000,1,3.261,156531,549072144,34704,-1
00795.wav,794,795,351918321,48000,1,3.791,181974,223395968,50265,-1
00796.wav,795,796,352254604,48000,1,5.733,275174,42079072,60587,-1
00797.wav,796,797,352384044,48000,1,4.184,200855,110862912,51845,-1
00798.wav,797,798,352493486,48000,1,3.240,155527,67963248,30760,-1
00799.wav,798,799,352548207,48000,1,2.967,142393,51038496,30434,-1
00800.wav,799,800,352622926,48000,1,4.521,216990,145906880,55358,-1
00801.wav,800,801,352787089,48000,1,6.757,324359,78700272,73976,-1
00802.wav,801,802,352960556,48000,1,5.187,248970,350105696,61890,-1
00803.wav,802,803,353205520,48000,1,3.139,150660,167404480,30902,-1
00804.wav,803,804,353602915,48000,1,5.083,244000,463867440,69485,-1
00805.wav,804,805,354978791,48000,1,1.925,92383,204386992,16147,-1
00806.wav,805,806,355265732,48000,1,9.493,455641,364678288,119283,-1
00807.wav,806,807,355615077,48000,1,3.400,163217,403735824,30729,-1
00808.wav,807,808,356668006,48000,1,2.638,126646,334162432,20772,-1
00809.wav,808,809,356832169,48000,1,4.845,232583,320781808,49325,-1
00810.wav,809,810,356998418,48000,1,1.775,85200,353066032,29897,-1
00811.wav,810,811,357030413,48000,1,8.352,400910,450429008,110374,-1
00812.wav,811,812,357181514,48000,1,10.103,484932,361573744,143913,-1
00813.wav,812,813,357550577,48000,1,2.196,105427,396572400,20437,-1
00814.wav,813,814,357889130,48000,1,1.500,72000,178303376,24290,-1
00815.wav,814,815,357927778,48000,1,6.405,307422,20397568,74933,-1
00816.wav,815,816,359113200,48000,1,6.463,310212,162541664,68440,-1
00817.wav,816,817,359624676,48000,1,6.388,306642,96943344,65634,-1
00818.wav,817,818,359788839,48000,1,7.415,355905,36413968,74641,-1
00819.wav,818,819,359843560,48000,1,4.137,198596,14642592,48489,-1
00820.wav,819,820,360590120,48000,1,7.824,375575,166727616,73244,-1
00821.wav,820,821,360995672,48000,1,69.965,3358317,423726736,1034577,-1
00822.wav,821,822,361032534,48000,1,7.675,368401,538369088,91748,-1
00823.wav,822,823,361898781,48000,1,6.336,304139,143395216,77063,-1
00824.wav,823,824,362406790,48000,1,4.701,225671,563516448,48113,-1
00825.wav,824,825,362421746,48000,1,2.254,108187,474018992,17009,-1
00826.wav,825,826,362704608,48000,1,2.199,105542,465300656,23163,-1
00827.wav,826,827,363748114,48000,1,2.595,124564,451735200,39614,-1
00828.wav,827,828,364378540,48000,1,5.846,280600,207381648,63725,-1
00829.wav,828,829,364679369,48000,1,2.112,101353,402556432,28192,-1
00830.wav,829,830,366193296,48000,1,2.046,98206,451227760,27219,-1
00831.wav,830,831,366466826,48000,1,10.110,485258,530965456,118526,-1
00832.wav,831,832,367041991,48000,1,6.123,293899,497299712,56981,-1
00833.wav,832,833,367168910,48000,1,4.930,236635,154126480,62258,-1
00834.wav,833,834,367387794,48000,1,5.056,242681,63967616,49359,-1
00835.wav,834,835,367442515,48000,1,2.823,135522,46853936,22075,-1
00836.wav,835,836,368314825,48000,1,6.896,331031,484853776,81031,-1
00837.wav,836,837,368791089,48000,1,6.375,305986,138961648,71667,-1
00838.wav,837,838,368955252,48000,1,4.443,213256,71906528,43018,-1
00839.wav,838,839,369248855,48000,1,3.321,159386,80830000,36349,-1
00840.wav,839,840,369551764,48000,1,4.256,204265,566819328,46249,-1
00841.wav,840,841,370825454,48000,1,1.831,87908,423504032,14246,-1
00842.wav,841,842,371523439,48000,1,2.112,101395,475957280,20203,-1
00843.wav,842,843,372075822,48000,1,3.251,156054,356975104,32088,-1
00844.wav,843,844,372893411,48000,1,1.705,81817,550082240,13643,-1
00845.wav,844,845,373132293,48000,1,1.847,88668,552866400,17791,-1
00846.wav,845,846,374347885,48000,1,2.295,110174,291263152,22418,-1
00847.wav,846,847,374457327,48000,1,5.417,260034,278491648,67889,-1
00848.wav,847,848,374566769,48000,1,9.728,466935,251282096,115486,-1
00849.wav,848,849,374573705,48000,1,2.438,117001,68707056,23438,-1
00850.wav,849,850,374737868,48000,1,3.189,153063,9037616,32331,-1
00851.wav,850,851,375456556,48000,1,6.793,326079,239508128,94312,-1
00852.wav,851,852,375752680,48000,1,9.613,461414,534230064,121483,-1
00853.wav,852,853,375859601,48000,1,3.042,146007,234182208,21148,-1
00854.wav,853,854,375929893,48000,1,2.718,130455,353438304,39191,-1
00855.wav,854,855,376544208,48000,1,5.660,271672,47981392,57417,-1
00856.wav,855,856,376673648,48000,1,2.081,99881,115491280,16302,-1
00857.wav,856,857,378186385,48000,1,7.786,373711,150054560,93891,-1
00858.wav,857,858,378447686,48000,1,4.037,193772,430447344,60910,-1
00859.wav,858,859,378575306,48000,1,1.534,73641,492143648,12067,-1
00860.wav,859,860,379272299,48000,1,4.863,233418,176984064,58786,-1
00861.wav,860,861,379528138,48000,1,7.638,366606,245782512,81056,-1
00862.wav,861,862,379836898,48000,1,4.910,235666,262297632,53662,-1
00863.wav,862,863,380664007,48000,1,5.838,280211,332967216,68706,-1
00864.wav,863,864,381026414,48000,1,6.992,335619,442218064,84426,-1
00865.wav,864,865,381252234,48000,1,7.142,342820,389383312,103301,-1
00866.wav,865,866,381882120,48000,1,6.993,335673,289712016,87004,-1
00867.wav,866,867,381923779,48000,1,6.575,315608,15259248,85950,-1
00868.wav,867,868,382075978,48000,1,2.136,102507,396468752,19985,-1
00869.wav,868,869,382124544,48000,1,2.387,114585,554345728,25960,-1
00870.wav,869,870,382161681,48000,1,3.784,181614,158778320,39144,-1
00871.wav,870,871,382398149,48000,1,2.276,109254,547526912,21149,-1
00872.wav,871,872,382402564,48000,1,3.137,150569,196701120,27930,-1
00873.wav,872,873,382457285,48000,1,6.578,315736,191868272,67768,-1
00874.wav,873,874,382526089,48000,1,5.744,275698,386607040,76732,-1
00875.wav,874,875,383100233,48000,1,3.635,174502,225397968,43406,-1
00876.wav,875,876,383340136,48000,1,3.955,189859,305185680,38738,-1
00877.wav,876,877,383620677,48000,1,4.576,219642,92160464,58867,-1
00878.wav,877,878,383784840,48000,1,4.885,234502,33535936,55867,-1
00879.wav,878,879,384079464,48000,1,1.863,89444,188681808,18209,-1
00880.wav,879,880,384647764,48000,1,1.791,85950,467173184,14645,-1
00881.wav,880,881,385003711,48000,1,5.993,287665,456671440,72137,-1
00882.wav,881,882,386625890,48000,1,6.948,333484,455824320,92962,-1
00883.wav,882,883,388348910,48000,1,1.906,91480,481222624,16091,-1
00884.wav,883,884,388712771,48000,1,6.925,332380,403043024,71683,-1
00885.wav,884,885,388938591,48000,1,5.058,242769,263617392,58757,-1
00886.wav,885,886,389233902,48000,1,3.399,163153,568420432,43558,-1
00887.wav,886,887,389930884,48000,1,7.771,373032,367883184,120637,-1
00888.wav,887,888,391219632,48000,1,2.841,136378,123906112,29250,-1
00889.wav,888,889,391850183,48000,1,2.021,96996,501617984,16781,-1
00890.wav,889,890,392896532,48000,1,2.232,107134,89041600,18911,-1
00891.wav,890,891,393005974,48000,1,1.216,58347,49836240,7943,-1
00892.wav,891,892,393135414,48000,1,2.588,124208,117933552,22879,-1
00893.wav,892,893,396537546,48000,1,8.400,403210,278685792,95079,-1
00894.wav,893,894,396618895,48000,1,0.721,34602,93968,12560,-1
00895.wav,894,895,396646988,48000,1,6.495,311751,252463296,64652,-1
00896.wav,895,896,397237736,48000,1,2.138,102636,548198992,17963,-1
00897.wav,896,897,397488180,48000,1,4.748,227920,448811024,40066,-1
00898.wav,897,898,398398607,48000,1,7.555,362620,284328384,79332,-1
00899.wav,898,899,398569706,48000,1,5.238,251415,65328256,52901,-1
00900.wav,899,900,398679148,48000,1,3.677,176494,28897952,42599,-1
00901.wav,900,901,398733869,48000,1,2.938,141025,3665072,32203,-1
00902.wav,901,902,399746160,48000,1,8.135,390494,240544288,109330,-1
00903.wav,902,903,400082443,48000,1,2.280,109436,96099392,19464,-1
00904.wav,903,904,400137164,48000,1,2.929,140578,73345536,29802,-1
00905.wav,904,905,400204947,48000,1,7.581,363889,293488896,76763,-1
00906.wav,905,906,400266604,48000,1,7.842,376431,150526464,99146,-1
00907.wav,906,907,400376046,48000,1,6.404,307368,103345056,72588,-1
00908.wav,907,908,400430767,48000,1,3.441,165153,81877616,40656,-1
00909.wav,908,909,400540209,48000,1,4.740,227509,43102672,52197,-1
00910.wav,909,910,400673191,48000,1,4.096,196632,525386384,50985,-1
00911.wav,910,911,401888783,48000,1,6.776,325244,136492448,84287,-1
00912.wav,911,912,402237107,48000,1,6.940,333136,118848528,88167,-1
00913.wav,912,913,402588973,48000,1,4.565,219131,519146768,39479,-1
00914.wav,913,914,402864557,48000,1,8.403,403327,562361536,85778,-1
00915.wav,914,915,403312455,48000,1,5.644,270916,354717216,75589,-1
00916.wav,915,916,403791240,48000,1,7.813,375005,410898704,77524,-1
00917.wav,916,917,404072802,48000,1,3.862,185370,328262912,40649,-1
00918.wav,917,918,404825192,48000,1,4.848,232688,365218288,48715,-1
00919.wav,918,919,405079562,48000,1,7.248,347919,206715760,81137,-1
00920.wav,919,920,405748681,48000,1,7.029,337379,253684544,77059,-1
00921.wav,920,921,406095720,48000,1,6.147,295078,175049168,75441,-1
00922.wav,921,922,406344404,48000,1,4.430,212619,541897024,49571,-1
00923.wav,922,923,406453286,48000,1,2.233,107193,191659536,17586,-1
00924.wav,923,924,407390858,48000,1,6.301,302439,301192816,79564,-1
00925.wav,924,925,407835562,48000,1,5.449,261565,5638672,68485,-1
00926.wav,925,926,409184136,48000,1,4.577,219684,97198112,32830,-1
00927.wav,926,927,409293578,48000,1,6.045,290176,55834080,64319,-1
00928.wav,927,928,409893772,48000,1,1.745,83741,177583744,24812,-1
00929.wav,928,929,410149580,48000,1,3.296,158220,168951280,38199,-1
00930.wav,929,930,410190123,48000,1,1.471,70612,210995168,22886,-1
00931.wav,930,931,410674738,48000,1,6.220,298537,400807344,92830,-1
00932.wav,931,932,411966250,48000,1,7.118,341652,563970528,69566,-1
00933.wav,932,933,411981206,48000,1,2.444,117319,474316576,25379,-1
00934.wav,933,934,412264068,48000,1,7.041,337979,465430592,68787,-1
00935.wav,934,935,412594762,48000,1,2.632,126334,156999904,25198,-1
00936.wav,935,936,413283937,48000,1,3.164,151888,318767504,26996,-1
00937.wav,936,937,415090277,48000,1,5.844,280493,327366560,65308,-1
00938.wav,937,938,415270354,48000,1,4.665,223913,99714816,52601,-1
00939.wav,938,939,415505842,48000,1,3.699,177569,552445072,42915,-1
00940.wav,939,940,415915379,48000,1,6.156,295484,347970112,62360,-1
00941.wav,940,941,416317368,48000,1,9.287,445760,232659888,93339,-1
00942.wav,941,942,416601451,48000,1,4.342,208419,497551888,38380,-1
00943.wav,942,943,416783091,48000,1,4.357,209125,129433456,43784,-1
00944.wav,943,944,417222194,48000,1,3.342,160424,919680,49623,-1
00945.wav,944,945,418644152,48000,1,9.524,457138,148711968,100956,-1
00946.wav,945,946,419839962,48000,1,2.806,134700,408171920,30301,-1
00947.wav,946,947,421751660,48000,1,3.229,154990,214230912,36547,-1
00948.wav,947,948,422620428,48000,1,3.172,152235,43836608,29601,-1
00949.wav,948,949,422634511,48000,1,6.753,324127,341110288,57246,-1
00950.wav,949,950,422688777,48000,1,6.104,292971,398471616,73646,-1
00951.wav,950,951,423209676,48000,1,4.281,205471,228054176,53941,-1
00952.wav,951,952,423720808,48000,1,1.485,71281,241818544,11244,-1
00953.wav,952,953,423895783,48000,1,4.075,195606,483000528,43255,-1
00954.wav,953,954,424078444,48000,1,7.150,343206,90748560,86778,-1
00955.wav,954,955,424187886,48000,1,9.018,432854,51767648,103855,-1
00956.wav,955,956,424372047,48000,1,5.854,281007,100025072,63857,-1
00957.wav,956,957,424888076,48000,1,5.136,246546,508971952,71176,-1
00958.wav,957,958,425016016,48000,1,3.137,150557,239676928,46134,-1
00959.wav,958,959,425700623,48000,1,5.049,242369,77857856,57696,-1
00960.wav,959,960,425740435,48000,1,4.835,232063,401733904,52390,-1
00961.wav,960,961,425884784,48000,1,2.369,113712,130754400,23888,-1
00962.wav,961,962,426178387,48000,1,3.949,189543,141763968,45559,-1
00963.wav,962,963,428134766,48000,1,6.164,295866,492573824,77907,-1
00964.wav,963,964,428895912,48000,1,7.231,347083,395661488,90579,-1
00965.wav,964,965,429396358,48000,1,3.267,156818,262456080,29084,-1
00966.wav,965,966,429635240,48000,1,4.728,226943,277143488,64355,-1
00967.wav,966,967,429649323,48000,1,3.021,145001,435044688,31244,-1
00968.wav,967,968,429875143,48000,1,7.053,338564,336468448,80000,-1
00969.wav,968,969,430158518,48000,1,1.791,85958,396686928,14969,-1
00970.wav,969,970,430223467,48000,1,6.396,306984,333271408,63733,-1
00971.wav,970,971,430393693,48000,1,4.836,232111,561090496,55466,-1
00972.wav,971,972,430497071,48000,1,1.360,65259,178425312,20859,-1
00973.wav,972,973,431037514,48000,1,6.126,294025,230161856,65727,-1
00974.wav,973,974,431147977,48000,1,7.320,351349,285543168,84869,-1
00975.wav,974,975,431161039,48000,1,5.975,286820,417959568,60020,-1
00976.wav,975,976,431319076,48000,1,4.637,222559,74621216,41118,-1
00977.wav,976,977,431373797,48000,1,4.674,224347,56794528,50205,-1
00978.wav,977,978,431386859,48000,1,5.529,265372,295390384,66180,-1
00979.wav,978,979,431428518,48000,1,2.816,135164,37000816,30207,-1
00980.wav,979,980,431441580,48000,1,2.550,122383,289851472,16717,-1
00981.wav,980,981,431483239,48000,1,3.637,174590,15505808,34058,-1
00982.wav,981,982,431667400,48000,1,1.730,83022,62760144,15379,-1
00983.wav,982,983,431721141,48000,1,4.110,197302,162895200,43368,-1
00984.wav,983,984,431722121,48000,1,5.515,264722,45119440,55162,-1
00985.wav,984,985,431736204,48000,1,5.383,258401,341942112,66239,-1
00986.wav,985,986,431962024,48000,1,8.807,422731,196918448,98310,-1
00987.wav,986,987,432659693,48000,1,5.028,241367,225714064,80962,-1
00988.wav,987,988,433050697,48000,1,4.454,213797,24124464,48610,-1
00989.wav,988,989,433180137,48000,1,7.142,342831,92268016,91186,-1
00990.wav,989,990,433198061,48000,1,8.636,414540,167082848,86078,-1
00991.wav,990,991,433234858,48000,1,7.507,360356,69866048,79577,-1
00992.wav,991,992,434081221,48000,1,3.005,144216,526866688,25298,-1
00993.wav,992,993,434106761,48000,1,6.016,288758,245271952,68489,-1
00994.wav,993,994,436260069,48000,1,6.134,294418,459043296,77157,-1
00995.wav,994,995,436990959,48000,1,0.514,24688,352711424,12483,-1
00996.wav,995,996,436995685,48000,1,2.287,109785,307209616,20251,-1
00997.wav,996,997,437227738,48000,1,2.872,137852,547983440,27965,-1
00998.wav,997,998,437282459,48000,1,3.239,155491,546663776,35737,-1
00999.wav,998,999,437354657,48000,1,1.761,84549,339170176,15678,-1
01000.wav,999,1000,438039264,48000,1,3.755,180246,216811696,45585,-1
01001.wav,1000,1001,438614429,48000,1,3.396,163024,40967856,37369,-1
01002.wav,1001,1002,439672942,48000,1,4.372,209874,511497568,44203,-1
01003.wav,1002,1003,440888534,48000,1,4.495,215750,81235360,50275,-1
01004.wav,1003,1004,442163889,48000,1,8.897,427033,489259392,135181,-1
01005.wav,1004,1005,444465849,48000,1,1.540,73923,319555808,13041,-1
01006.wav,1005,1006,446339430,48000,1,2.203,105739,553322656,23392,-1
01007.wav,1006,1007,446797196,48000,1,2.447,117462,548227200,25701,-1
01008.wav,1007,1008,447499280,48000,1,5.257,252313,234894752,63569,-1
01009.wav,1008,1009,447780842,48000,1,6.080,291817,78599328,61180,-1
01010.wav,1009,1010,447945005,48000,1,4.644,222929,19517632,51918,-1
01011.wav,1010,1011,447958067,48000,1,3.379,162199,284606192,30075,-1
01012.wav,1011,1012,447965003,48000,1,4.787,229753,131148224,49774,-1
01013.wav,1012,1013,448019724,48000,1,5.451,261625,107020560,60809,-1
01014.wav,1013,1014,448074445,48000,1,2.177,104516,84401232,19363,-1
01015.wav,1014,1015,448258606,48000,1,7.654,367409,142441360,84888,-1
01016.wav,1015,1016,448293329,48000,1,3.520,168954,3816768,37412,-1
01017.wav,1016,1017,448313327,48000,1,3.045,146141,115784336,29135,-1
01018.wav,1017,1018,448423790,48000,1,8.026,385253,200727200,90457,-1
01019.wav,1018,1019,448537834,48000,1,2.599,124741,353661056,39789,-1
01020.wav,1019,1020,448603536,48000,1,1.709,82041,551869280,14013,-1
01021.wav,1020,1021,449056197,48000,1,8.683,416769,485692608,123165,-1
01022.wav,1021,1022,449256359,48000,1,8.896,426986,311276880,98233,-1
01023.wav,1022,1023,449641903,48000,1,6.952,333714,96284336,78924,-1
01024.wav,1023,1024,449880785,48000,1,5.961,286143,125425200,68351,-1
01025.wav,1024,1025,450232651,48000,1,6.642,318814,525713648,105771,-1
01026.wav,1025,1026,451183247,48000,1,2.119,101734,492243152,28739,-1
01027.wav,1026,1027,451265582,48000,1,8.623,413923,490556688,114677,-1
01028.wav,1027,1028,452707752,48000,1,9.395,450945,374841792,123510,-1
01029.wav,1028,1029,452762473,48000,1,6.243,299671,370053728,75980,-1
01030.wav,1029,1030,453241258,48000,1,3.603,172944,418702736,42070,-1
01031.wav,1030,1031,453337638,48000,1,4.069,195292,272111920,35932,-1
01032.wav,1031,1032,453350700,48000,1,9.864,473474,411318112,101318,-1
01033.wav,1032,1033,454905096,48000,1,4.189,201070,276307600,48441,-1
01034.wav,1033,1034,455253420,48000,1,3.508,168402,269378976,31665,-1
01035.wav,1034,1035,455315077,48000,1,4.872,233866,70486352,58404,-1
01036.wav,1035,1036,455369798,48000,1,3.851,184853,52632704,38135,-1
01037.wav,1036,1037,455437581,48000,1,4.924,236353,289501712,56068,-1
01038.wav,1037,1038,455786926,48000,1,10.063,483009,334560160,104184,-1
01039.wav,1038,1039,456600973,48000,1,5.097,244645,236816784,68576,-1
01040.wav,1039,1040,457066696,48000,1,1.692,81210,133271296,13582,-1
01041.wav,1040,1041,457121417,48000,1,2.062,98957,108058912,17559,-1
01042.wav,1041,1042,457176138,48000,1,4.382,210352,85824560,48642,-1
01043.wav,1042,1043,457255705,48000,1,2.010,96484,467269888,17488,-1
01044.wav,1043,1044,457285580,48000,1,2.378,114138,49087232,31807,-1
01045.wav,1044,1045,457395022,48000,1,2.706,129885,5797872,25888,-1
01046.wav,1045,1046,457473283,48000,1,10.001,480047,517102128,133442,-1
01047.wav,1046,1047,457580204,48000,1,7.713,370203,192515184,76483,-1
01048.wav,1047,1048,460674343,48000,1,7.206,345908,174407520,85846,-1
01049.wav,1048,1049,460926594,48000,1,6.767,324806,249790800,81892,-1
01050.wav,1049,1050,461275939,48000,1,9.342,448427,316956432,106996,-1
01051.wav,1050,1051,461525710,48000,1,6.814,327091,564243120,75566,-1
01052.wav,1051,1052,461763692,48000,1,2.047,98254,567910256,21517,-1
01053.wav,1052,1053,461767786,48000,1,8.215,394318,446069232,120075,-1
01054.wav,1053,1054,461841843,48000,1,2.851,136833,568669024,43625,-1
01055.wav,1054,1055,461928470,48000,1,2.006,96272,567276464,19370,-1
01056.wav,1055,1056,462154222,48000,1,2.983,143199,158372336,31542,-1
01057.wav,1056,1057,462275168,48000,1,6.962,334193,291688304,83176,-1
01058.wav,1057,1058,462329889,48000,1,7.034,337628,287486800,80525,-1
01059.wav,1058,1059,462342951,48000,1,10.420,500156,420071936,96579,-1
01060.wav,1059,1060,463631142,48000,1,6.410,307680,161183888,66413,-1
01061.wav,1060,1061,464300392,48000,1,2.073,99511,279003216,18764,-1
01062.wav,1061,1062,464458124,48000,1,1.867,89636,501693568,17405,-1
01063.wav,1062,1063,464829814,48000,1,7.067,339213,99817728,78967,-1
01064.wav,1063,1064,466220674,48000,1,7.659,367614,564942928,118655,-1
01065.wav,1064,1065,466563956,48000,1,1.751,84069,494081872,14104,-1
01066.wav,1065,1066,469399422,48000,1,5.914,283883,408280480,58151,-1
01067.wav,1066,1067,470042370,48000,1,5.211,250117,433272448,61220,-1
01068.wav,1067,1068,470683755,48000,1,1.578,75742,552039440,13454,-1
01069.wav,1068,1069,471776843,48000,1,4.733,227185,73943824,50579,-1
01070.wav,1069,1070,472070446,48000,1,3.446,165393,82240880,37022,-1
01071.wav,1070,1071,472179888,48000,1,6.364,305485,44160864,67260,-1
01072.wav,1071,1072,472490095,48000,1,2.638,126605,553928752,27187,-1
01073.wav,1072,1073,472641196,48000,1,5.247,251837,504889632,77615,-1
01074.wav,1073,1074,472688382,48000,1,6.653,319358,172481696,80975,-1
01075.wav,1074,1075,473455243,48000,1,2.713,130236,483100496,37558,-1
01076.wav,1075,1076,473637904,48000,1,7.739,371491,90988576,102692,-1
01077.wav,1076,1077,473692625,48000,1,4.928,236539,68958112,53313,-1
01078.wav,1077,1078,473747346,48000,1,1.988,95437,52003088,12789,-1
01079.wav,1078,1079,473876786,48000,1,5.324,255560,120280960,68443,-1
01080.wav,1079,1080,473986228,48000,1,5.097,244671,79259648,56740,-1
01081.wav,1080,1081,474871600,48000,1,5.867,281612,534695136,73020,-1
01082.wav,1081,1082,475823941,48000,1,7.707,369938,209496464,81614,-1
01083.wav,1082,1083,477267400,48000,1,6.000,287980,397922240,75754,-1
01084.wav,1083,1084,478564814,48000,1,12.580,603861,377768720,172687,-1
01085.wav,1084,1085,478568356,48000,1,3.999,191935,559215152,48004,-1
01086.wav,1085,1086,478955818,48000,1,6.675,320422,262620416,73034,-1
01087.wav,1086,1087,479194700,48000,1,7.729,370988,277449664,95360,-1
01088.wav,1087,1088,479306663,48000,1,7.110,341282,544787376,106175,-1
01089.wav,1088,1089,479307684,48000,1,2.604,124992,547201840,28490,-1
01090.wav,1089,1090,479324140,48000,1,5.281,253477,304252144,55147,-1
01091.wav,1090,1091,479769865,48000,1,3.204,153813,183942304,34647,-1
01092.wav,1091,1092,479837648,48000,1,5.814,279083,328472944,54082,-1
01093.wav,1092,1093,480008747,48000,1,5.749,275946,189522832,63972,-1
01094.wav,1093,1094,480402959,48000,1,3.970,190552,427373744,38957,-1
01095.wav,1094,1095,480412813,48000,1,4.150,199184,214695104,41375,-1
01096.wav,1095,1096,480707437,48000,1,6.530,313448,285800480,69121,-1
01097.wav,1096,1097,481007976,48000,1,1.890,90699,152320992,17286,-1
01098.wav,1097,1098,481042699,48000,1,1.448,69520,16006688,10426,-1
01099.wav,1098,1099,481062697,48000,1,5.025,241211,127337200,59642,-1
01100.wav,1099,1100,481521484,48000,1,5.392,258821,197082048,48614,-1
01101.wav,1100,1101,482757521,48000,1,3.457,165915,169178224,31775,-1
01102.wav,1101,1102,483903747,48000,1,1.887,90566,466514176,18873,-1
01103.wav,1102,1103,484067910,48000,1,7.052,338501,458543072,83995,-1
01104.wav,1103,1104,485162498,48000,1,8.035,385682,325204336,85802,-1
01105.wav,1104,1105,485271940,48000,1,2.954,141785,314940736,27664,-1
01106.wav,1105,1106,486338952,48000,1,8.128,390164,415295584,90444,-1
01107.wav,1106,1107,486914117,48000,1,7.064,339088,339404928,83173,-1
01108.wav,1107,1108,488173889,48000,1,2.773,133128,41108656,29057,-1
01109.wav,1108,1109,488716373,48000,1,5.310,254886,141516192,57288,-1
01110.wav,1109,1110,489886313,48000,1,0.347,16637,177321376,7384,-1
01111.wav,1110,1111,491024680,48000,1,4.025,193195,396054928,56809,-1
01112.wav,1111,1112,492416998,48000,1,6.019,288900,425601424,62382,-1
01113.wav,1112,1113,492722578,48000,1,6.528,313327,477444336,82791,-1
01114.wav,1113,1114,494025309,48000,1,3.944,189296,319590240,43008,-1
01115.wav,1114,1115,496288873,48000,1,5.311,254934,507537232,62148,-1
01116.wav,1115,1116,496328749,48000,1,1.765,84741,241923104,12573,-1
01117.wav,1116,1117,496415792,48000,1,6.521,313004,195347568,82019,-1
01118.wav,1117,1118,497048199,48000,1,7.216,346386,484504768,79083,-1
01119.wav,1118,1119,497341802,48000,1,8.101,388860,487444720,103985,-1
01120.wav,1119,1120,497524463,48000,1,9.751,468055,131429616,117280,-1
01121.wav,1120,1121,497579184,48000,1,3.677,176474,107329264,36491,-1
01122.wav,1121,1122,497688626,48000,1,1.972,94639,65607824,17127,-1
01123.wav,1122,1123,497743347,48000,1,6.063,291010,48616624,66186,-1
01124.wav,1123,1124,497852789,48000,1,7.646,367030,3979536,84627,-1
01125.wav,1124,1125,497983250,48000,1,6.293,302069,201129568,59363,-1
01126.wav,1125,1126,498348376,48000,1,0.359,17250,401936368,7094,-1
01127.wav,1126,1127,499440245,48000,1,5.260,252490,125596416,56074,-1
01128.wav,1127,1128,499792111,48000,1,7.657,367555,526007536,103098,-1
01129.wav,1128,1129,501384361,48000,1,1.991,95568,248815584,19213,-1
01130.wav,1129,1130,502225553,48000,1,5.348,256693,444284544,70305,-1
01131.wav,1130,1131,502267212,48000,1,7.086,340121,375426352,96243,-1
01132.wav,1131,1132,502787656,48000,1,8.047,386280,286567680,94245,-1
01133.wav,1132,1133,502842377,48000,1,6.869,329714,280239152,91069,-1
01134.wav,1133,1134,503026538,48000,1,2.882,138348,297065552,28496,-1
01135.wav,1134,1135,503161190,48000,1,1.247,59877,209840032,24366,-1
01136.wav,1135,1136,503457541,48000,1,1.215,58320,248649008,17754,-1
01137.wav,1136,1137,503601703,48000,1,3.180,152617,197928832,32585,-1
01138.wav,1137,1138,503725228,48000,1,4.701,225637,388350784,73070,-1
01139.wav,1138,1139,503765866,48000,1,5.882,282330,182779472,58569,-1
01140.wav,1139,1140,503834982,48000,1,4.266,204783,310705984,45384,-1
01141.wav,1140,1141,504354093,48000,1,6.455,309837,220999728,75142,-1
01142.wav,1141,1142,504710374,48000,1,4.409,211635,137911264,48056,-1
01143.wav,1142,1143,504765095,48000,1,2.493,119642,112787616,27442,-1
01144.wav,1143,1144,504874537,48000,1,4.267,204795,70767680,52276,-1
01145.wav,1144,1145,504929258,48000,1,3.905,187433,52971536,38033,-1
01146.wav,1145,1146,504983979,48000,1,4.061,194950,33833568,43415,-1
01147.wav,1146,1147,505038700,48000,1,8.451,405655,10689856,95549,-1
01148.wav,1147,1148,505058698,48000,1,5.870,281763,121777952,69400,-1
01149.wav,1148,1149,505222861,48000,1,4.705,225855,61140400,43493,-1
01150.wav,1149,1150,506790319,48000,1,1.835,88077,66102784,15345,-1
01151.wav,1150,1151,507899748,48000,1,6.408,307604,460287296,87644,-1
01152.wav,1151,1152,508289731,48000,1,4.168,200081,406524448,38990,-1
01153.wav,1152,1153,508761610,48000,1,0.652,31320,1444080,12762,-1
01154.wav,1153,1154,509603626,48000,1,3.442,165195,307299728,36683,-1
01155.wav,1154,1155,510489612,48000,1,2.145,102974,178105936,37432,-1
01156.wav,1155,1156,510616515,48000,1,7.415,355922,337025536,74621,-1
01157.wav,1156,1157,510951777,48000,1,4.779,229378,184510336,53792,-1
01158.wav,1157,1158,511184744,48000,1,6.752,324089,354865136,103861,-1
01159.wav,1158,1159,511327246,48000,1,7.879,378175,446291312,91463,-1
01160.wav,1159,1160,511423626,48000,1,6.785,325688,370414032,83149,-1
01161.wav,1160,1161,511553066,48000,1,7.817,375215,392732144,90331,-1
01162.wav,1161,1162,511713682,48000,1,5.192,249210,161939312,54494,-1
01163.wav,1162,1163,511889349,48000,1,4.408,211594,287928592,48449,-1
01164.wav,1163,1164,511902411,48000,1,9.831,471892,420406896,98097,-1
01165.wav,1164,1165,512224611,48000,1,4.337,208170,17799504,50505,-1
01166.wav,1165,1166,513190602,48000,1,6.658,319562,166106320,76989,-1
01167.wav,1166,1167,513486953,48000,1,1.919,92099,204111648,19524,-1
01168.wav,1167,1168,514686419,48000,1,10.436,500940,518902992,154020,-1
01169.wav,1168,1169,515329367,48000,1,9.408,451563,533177536,120245,-1
01170.wav,1169,1170,516348596,48000,1,2.556,122710,451407040,32280,-1
01171.wav,1170,1171,517269607,48000,1,2.502,120104,568226352,28841,-1
01172.wav,1171,1172,517279851,48000,1,3.603,172951,402297952,48401,-1
01173.wav,1172,1173,518793778,48000,1,3.482,167132,450935760,35755,-1
01174.wav,1173,1174,518984580,48000,1,4.304,206595,351725680,45644,-1
01175.wav,1174,1175,520243215,48000,1,2.352,112911,552075072,24186,-1
01176.wav,1175,1176,521520464,48000,1,4.481,215084,126172880,50015,-1
01177.wav,1176,1177,521575185,48000,1,4.750,227992,104098000,53910,-1
01178.wav,1177,1178,521629906,48000,1,6.004,288194,82308032,65723,-1
01179.wav,1178,1179,523014703,48000,1,5.982,287129,483278496,85724,-1
01180.wav,1179,1180,523087922,48000,1,4.562,218969,136832016,50972,-1
01181.wav,1180,1181,523425936,48000,1,2.465,118327,423343744,23223,-1
01182.wav,1181,1182,523493488,48000,1,8.705,417855,498684320,77408,-1
01183.wav,1182,1183,526208492,48000,1,8.085,388082,380194096,139623,-1
01184.wav,1183,1184,526838378,48000,1,5.517,264807,278896304,51524,-1
01185.wav,1184,1185,528004291,48000,1,4.929,236589,529687536,65058,-1
01186.wav,1185,1186,528124274,48000,1,7.077,339675,378315648,81448,-1
01187.wav,1186,1187,528146553,48000,1,4.304,206598,466762064,50496,-1
01188.wav,1187,1188,528460557,48000,1,1.985,95277,274905584,16970,-1
01189.wav,1188,1189,528815817,48000,1,5.307,254751,87483792,65849,-1
01190.wav,1189,1190,528867144,48000,1,1.970,94578,547284784,18426,-1
01191.wav,1190,1191,528870538,48000,1,2.328,111735,66540576,14861,-1
01192.wav,1191,1192,528925259,48000,1,2.304,110572,49338496,20289,-1
01193.wav,1192,1193,528979980,48000,1,4.783,229583,30871648,46286,-1
01194.wav,1193,1194,529034701,48000,1,5.566,267171,6356192,68339,-1
01195.wav,1194,1195,529054699,48000,1,2.903,139361,117094976,26658,-1
01196.wav,1195,1196,529109420,48000,1,6.516,312774,98374192,64048,-1
01197.wav,1196,1197,529274604,48000,1,4.830,231855,187926784,57153,-1
01198.wav,1197,1198,530402564,48000,1,5.176,248428,208890576,61659,-1
01199.wav,1198,1199,530437996,48000,1,6.095,292582,75036928,63431,-1
01200.wav,1199,1200,530841041,48000,1,1.777,85290,45361904,14715,-1
01201.wav,1200,1201,533407465,48000,1,5.551,266454,447210272,88265,-1
01202.wav,1201,1202,533982630,48000,1,3.890,186735,421605744,36971,-1
01203.wav,1202,1203,534079010,48000,1,7.872,377879,272866272,78702,-1
01204.wav,1203,1204,534201514,48000,1,2.412,115783,404855568,24649,-1
01205.wav,1204,1205,534557795,48000,1,4.173,200281,344340560,34586,-1
01206.wav,1205,1206,534762163,48000,1,2.968,142469,158517280,29419,-1
01207.wav,1206,1207,534779200,48000,1,1.538,73837,547593968,11704,-1
01208.wav,1207,1208,535016582,48000,1,11.244,539729,377190544,138492,-1
01209.wav,1208,1209,535898412,48000,1,6.826,327669,415460128,72677,-1
01210.wav,1209,1210,536239083,48000,1,6.514,312660,161543104,65614,-1
01211.wav,1210,1211,536822922,48000,1,7.548,362327,382519248,105218,-1
01212.wav,1211,1212,536863560,48000,1,4.984,239213,180265264,51460,-1
01213.wav,1212,1213,537158184,48000,1,4.507,216345,216895216,46973,-1
01214.wav,1213,1214,537248246,48000,1,1.689,81063,467028512,14772,-1
01215.wav,1214,1215,538263436,48000,1,2.701,129652,241293104,30051,-1
01216.wav,1215,1216,538559787,48000,1,2.831,135865,306690192,28177,-1
01217.wav,1216,1217,540949392,48000,1,1.903,91324,481081360,18186,-1
01218.wav,1217,1218,541093822,48000,1,3.227,154874,403645952,36261,-1
01219.wav,1218,1219,541805252,48000,1,1.270,60951,402179152,18842,-1
01220.wav,1219,1220,542282038,48000,1,5.692,273227,477839776,54304,-1
01221.wav,1220,1221,543180703,48000,1,8.178,392522,274038528,89021,-1
01222.wav,1221,1222,543584769,48000,1,3.389,162677,319733920,37754,-1
01223.wav,1222,1223,544280875,48000,1,4.369,209706,505239904,69028,-1
01224.wav,1223,1224,544450665,48000,1,2.354,112975,501488608,17493,-1
01225.wav,1224,1225,545461744,48000,1,4.977,238877,146838448,54041,-1
01226.wav,1225,1226,545516465,48000,1,6.125,294005,120864064,51924,-1
01227.wav,1226,1227,546029973,48000,1,2.200,105621,190181216,18569,-1
01228.wav,1227,1228,546511279,48000,1,8.374,401932,536309312,109386,-1
01229.wav,1228,1229,546595897,48000,1,9.260,444462,454527968,111047,-1
01230.wav,1229,1230,547083923,48000,1,3.937,188966,131929872,47891,-1
01231.wav,1230,1231,547138644,48000,1,3.196,153396,107596704,26589,-1
01232.wav,1231,1232,547900491,48000,1,8.387,402560,472430304,110050,-1
01233.wav,1232,1233,551243730,48000,1,1.635,78484,210189616,31338,-1
01234.wav,1233,1234,551785013,48000,1,5.562,266983,444574944,77628,-1
01235.wav,1234,1235,551826672,48000,1,7.287,349762,375877264,112647,-1
01236.wav,1235,1236,551936114,48000,1,8.577,411706,359113504,139021,-1
01237.wav,1236,1237,552014375,48000,1,5.302,254517,559441200,68524,-1
01238.wav,1237,1238,552052492,48000,1,5.503,264126,215338608,73748,-1
01239.wav,1238,1239,552236653,48000,1,6.740,323534,231220720,111146,-1
01240.wav,1239,1240,552627657,48000,1,2.736,131331,37650848,25294,-1
01241.wav,1240,1241,552753703,48000,1,2.690,129105,550248864,26115,-1
01242.wav,1241,1242,552921260,48000,1,7.376,354066,46118752,70198,-1
01243.wav,1242,1243,553510508,48000,1,4.935,236861,229519040,77165,-1
01244.wav,1243,1244,553913553,48000,1,7.146,342986,221457600,88529,-1
01245.wav,1244,1245,554141894,48000,1,4.085,196103,484153456,53006,-1
01246.wav,1245,1246,554324555,48000,1,5.237,251358,112906736,49333,-1
01247.wav,1246,1247,554488718,48000,1,2.582,123929,53074608,22465,-1
01248.wav,1247,1248,554618158,48000,1,6.026,289231,122021376,63867,-1
01249.wav,1248,1249,554782321,48000,1,7.069,339294,61183936,77100,-1
01250.wav,1249,1250,554970024,48000,1,6.166,295956,521489248,72221,-1
01251.wav,1250,1251,556185616,48000,1,1.831,87877,133618352,14914,-1
01252.wav,1251,1252,556479219,48000,1,4.476,214836,143789088,47433,-1
01253.wav,1252,1253,558129732,48000,1,9.092,436410,257050320,104581,-1
01254.wav,1253,1254,558663238,48000,1,10.771,517000,329339792,127041,-1
01255.wav,1254,1255,558841484,48000,1,6.402,307306,438561072,99564,-1
01256.wav,1255,1256,559936072,48000,1,4.544,218123,278042656,43978,-1
01257.wav,1256,1257,560045514,48000,1,2.993,143663,250223024,38873,-1
01258.wav,1257,1258,561112526,48000,1,3.180,152659,393272880,33057,-1
01259.wav,1258,1259,561687691,48000,1,5.238,251432,298334976,43515,-1
01260.wav,1259,1260,561784071,48000,1,9.030,433463,18065232,108038,-1
01261.wav,1260,1261,562494254,48000,1,0.925,44396,177390880,16966,-1
01262.wav,1261,1262,562750062,48000,1,4.473,214688,168794912,52524,-1
01263.wav,1262,1263,563535690,48000,1,1.869,89728,72097440,17019,-1
01264.wav,1263,1264,563632621,48000,1,5.624,269948,396281664,55597,-1
01265.wav,1264,1265,563896534,48000,1,5.446,261416,499503808,42071,-1
01266.wav,1265,1266,563926431,48000,1,4.857,233116,428322704,82313,-1
01267.wav,1266,1267,565195244,48000,1,2.680,128654,156738208,29083,-1
01268.wav,1267,1268,565243250,48000,1,6.352,304900,351104992,72138,-1
01269.wav,1268,1269,565664988,48000,1,3.953,189733,320139024,51146,-1
01270.wav,1269,1270,565958591,48000,1,7.644,366912,321507456,87352,-1
01271.wav,1270,1271,566278039,48000,1,3.863,185424,469714176,51092,-1
01272.wav,1271,1272,566291878,48000,1,0.899,43160,314137552,15379,-1
01273.wav,1272,1273,566307936,48000,1,3.091,148392,366254256,46739,-1
01274.wav,1273,1274,566656260,48000,1,9.611,461315,357215376,155458,-1
01275.wav,1274,1275,567526049,48000,1,4.475,214784,323457216,44959,-1
01276.wav,1275,1276,568798883,48000,1,5.504,264183,264736240,71826,-1
01277.wav,1276,1277,569512466,48000,1,4.464,214292,116342432,46159,-1
01278.wav,1277,1278,571079924,48000,1,5.342,256433,126344368,63257,-1
01279.wav,1278,1279,571134645,48000,1,3.969,190528,104350752,40242,-1
01280.wav,1279,1280,571244087,48000,1,2.835,136083,62584720,27401,-1
01281.wav,1280,1281,571298808,48000,1,2.692,129202,44501520,30692,-1
01282.wav,1281,1282,572116397,48000,1,2.134,102446,491683088,17914,-1
01283.wav,1282,1283,573052948,48000,1,7.323,351482,499020224,71831,-1
01284.wav,1283,1284,573223174,48000,1,5.686,272904,565290384,78813,-1
01285.wav,1284,1285,575767952,48000,1,4.536,217721,380676912,77350,-1
01286.wav,1285,1286,575769131,48000,1,1.000,48005,209986944,21108,-1
01287.wav,1286,1287,575773857,48000,1,2.312,110996,170049488,17979,-1
01288.wav,1287,1288,576452559,48000,1,3.529,169402,269791664,35181,-1
01289.wav,1288,1289,576568937,48000,1,7.942,381226,53492544,91489,-1
01290.wav,1289,1290,576859146,48000,1,1.702,81675,546604144,14236,-1
01291.wav,1290,1291,576931344,48000,1,5.058,242792,338744352,57798,-1
01292.wav,1291,1292,577098028,48000,1,2.861,137316,548722464,25183,-1
01293.wav,1292,1293,577214406,48000,1,5.022,241038,509814320,53550,-1
01294.wav,1293,1294,577321327,48000,1,7.354,352986,179986976,77719,-1
01295.wav,1294,1295,577563751,48000,1,7.179,344589,530146080,95677,-1
01296.wav,1295,1296,577693191,48000,1,8.275,397215,539875200,100818,-1
01297.wav,1296,1297,578191116,48000,1,3.363,161405,40344560,35414,-1
01298.wav,1297,1298,578245837,48000,1,3.217,154434,21070208,32708,-1
01299.wav,1298,1299,578265835,48000,1,5.564,267048,134157792,61253,-1
01300.wav,1299,1300,578340917,48000,1,0.941,45165,401534160,14846,-1
01301.wav,1300,1301,578429998,48000,1,2.982,143154,66661200,26745,-1
01302.wav,1301,1302,578484719,48000,1,4.533,217572,49358832,42941,-1
01303.wav,1302,1303,578539440,48000,1,7.584,364041,31035328,76782,-1
01304.wav,1303,1304,578559438,48000,1,1.559,74826,144327776,13039,-1
01305.wav,1304,1305,578849647,48000,1,2.224,106738,553725856,22471,-1
01306.wav,1305,1306,579072946,48000,1,2.184,104812,194800688,16617,-1
01307.wav,1306,1307,580181617,48000,1,5.324,255544,127651696,60606,-1
01308.wav,1307,1308,582139816,48000,1,9.971,478622,432836704,167896,-1
01309.wav,1308,1309,583097553,48000,1,0.764,36657,178230992,12571,-1
01310.wav,1309,1310,583118026,48000,1,9.219,442504,359903344,105754,-1
01311.wav,1310,1311,583192745,48000,1,8.955,429826,394479440,127858,-1
01312.wav,1311,1312,583412650,48000,1,8.225,394780,407407872,80148,-1
01313.wav,1312,1313,583542090,48000,1,7.964,382290,421840704,69805,-1
01314.wav,1313,1314,583638470,48000,1,3.530,169432,273078256,31536,-1
01315.wav,1314,1315,583767910,48000,1,3.987,191379,298996064,39242,-1
01316.wav,1315,1316,583946156,48000,1,7.791,373949,434193296,114760,-1
01317.wav,1316,1317,584042536,48000,1,5.494,263715,319170656,53272,-1
01318.wav,1317,1318,584321623,48000,1,6.620,317756,162270656,73865,-1
01319.wav,1318,1319,585260649,48000,1,6.487,311393,267116576,53284,-1
01320.wav,1319,1320,585280647,48000,1,5.358,257185,306164912,50332,-1
01321.wav,1320,1321,585561188,48000,1,6.231,299069,95774032,70027,-1
01322.wav,1321,1322,585780072,48000,1,7.048,338300,12416096,66695,-1
01323.wav,1322,1323,585798543,48000,1,8.259,396425,166428016,92662,-1
01324.wav,1323,1324,586019975,48000,1,6.265,300734,188868944,68857,-1
01325.wav,1324,1325,586094894,48000,1,4.141,198758,204272224,42224,-1
01326.wav,1325,1326,586423020,48000,1,3.696,177427,180571872,41224,-1
01327.wav,1326,1327,586552808,48000,1,3.593,172445,566239680,43003,-1
01328.wav,1327,1328,586681703,48000,1,2.579,123801,526683568,24672,-1
01329.wav,1328,1329,587292809,48000,1,6.848,328709,41621296,77152,-1
01330.wav,1329,1330,587476970,48000,1,4.868,233655,89298016,54567,-1
01331.wav,1330,1331,588956537,48000,1,2.361,113349,451616416,30589,-1
01332.wav,1331,1332,589596167,48000,1,2.002,96101,307037040,16561,-1
01333.wav,1332,1333,589887792,48000,1,1.977,94907,402444416,31281,-1
01334.wav,1333,1334,590623212,48000,1,3.298,158301,177042896,36055,-1
01335.wav,1334,1335,590879102,48000,1,5.648,271104,265249504,66825,-1
01336.wav,1335,1336,590892164,48000,1,8.665,415933,409677904,92530,-1
01337.wav,1336,1337,591401719,48000,1,2.083,99978,451102608,21595,-1
01338.wav,1337,1338,591810832,48000,1,4.355,209020,246930416,66871,-1
01339.wav,1338,1339,592794884,48000,1,1.803,86535,260196608,15746,-1
01340.wav,1339,1340,593218948,48000,1,8.464,406287,345734288,90081,-1
01341.wav,1340,1341,595021204,48000,1,3.997,191853,146904336,40826,-1
01342.wav,1341,1342,595130646,48000,1,4.560,218895,100560192,32668,-1
01343.wav,1342,1343,595427791,48000,1,7.151,343226,520936976,91389,-1
01344.wav,1343,1344,596033877,48000,1,1.604,76987,423438432,12061,-1
01345.wav,1344,1345,596070739,48000,1,6.436,308942,536763568,68868,-1
01346.wav,1345,1346,596643383,48000,1,8.084,388042,132232992,82366,-1
01347.wav,1346,1347,597444995,48000,1,7.899,379136,562753776,83732,-1
01348.wav,1347,1348,597459951,48000,1,6.438,309000,472766800,88401,-1
01349.wav,1348,1349,600619659,48000,1,3.580,171857,31750912,29637,-1
01350.wav,1349,1350,600745705,48000,1,1.858,89165,549630672,15439,-1
01351.wav,1350,1351,600754494,48000,1,3.837,184184,466917888,42968,-1
01352.wav,1351,1352,601570293,48000,1,2.389,114672,391413472,28799,-1
01353.wav,1352,1353,602022954,48000,1,5.991,287568,98014192,71298,-1
01354.wav,1353,1354,602132396,48000,1,5.147,247073,58210048,63908,-1
01355.wav,1354,1355,602187117,48000,1,6.415,307919,37838864,64630,-1
01356.wav,1355,1356,602207115,48000,1,5.886,282524,153335696,72854,-1
01357.wav,1356,1357,602241838,48000,1,3.291,157954,17333536,37243,-1
01358.wav,1357,1358,602316557,48000,1,7.243,347646,105381664,85213,-1
01359.wav,1358,1359,602425999,48000,1,5.113,245431,63427152,51218,-1
01360.wav,1359,1360,602480720,48000,1,1.475,70788,46425600,11719,-1
01361.wav,1360,1361,602535441,48000,1,4.871,233820,26278848,49081,-1
01362.wav,1361,1362,602871044,48000,1,2.610,125268,347915824,26983,-1
01363.wav,1362,1363,603418477,48000,1,1.723,82687,423102896,12461,-1
01364.wav,1363,1364,603757030,48000,1,2.652,127308,210572608,45028,-1
01365.wav,1364,1365,603783729,48000,1,2.216,106353,492075584,22728,-1
01366.wav,1365,1366,603824871,48000,1,6.656,319501,244842208,101702,-1
01367.wav,1366,1367,604232339,48000,1,5.546,266196,101171424,65360,-1
01368.wav,1367,1368,604529484,48000,1,5.750,275991,521782832,84635,-1
01369.wav,1368,1369,606471079,48000,1,6.669,320101,315389648,71972,-1
01370.wav,1369,1370,606720850,48000,1,9.540,457916,561732416,99454,-1
01371.wav,1370,1371,606949864,48000,1,8.640,414741,381219568,107602,-1
01372.wav,1371,1372,607340868,48000,1,7.485,359295,267494720,85429,-1
01373.wav,1372,1373,607408651,48000,1,4.280,205421,406640896,47483,-1
01374.wav,1373,1374,607634471,48000,1,7.936,380944,270849456,100024,-1
01375.wav,1374,1375,608113256,48000,1,5.939,285064,340221232,67764,-1
01376.wav,1375,1376,608167977,48000,1,4.246,203813,335274944,41373,-1
01377.wav,1376,1377,608279940,48000,1,5.620,269760,549014048,58058,-1
01378.wav,1377,1378,608462601,48000,1,10.345,496584,383797136,127872,-1
01379.wav,1378,1379,608503239,48000,1,4.979,238986,181349200,59774,-1
01380.wav,1379,1380,609036745,48000,1,3.267,156794,223357840,38089,-1
01381.wav,1380,1381,609256650,48000,1,5.443,261255,264343424,69685,-1
01382.wav,1381,1382,609331369,48000,1,4.483,215192,302482128,49505,-1
01383.wav,1382,1383,609557189,48000,1,4.235,203266,89898448,40907,-1
01384.wav,1383,1384,609721352,48000,1,1.747,83838,32237488,14488,-1
01385.wav,1384,1385,609776073,48000,1,8.661,415725,8096800,101712,-1
01386.wav,1385,1386,609856187,48000,1,1.891,90773,467104480,16886,-1
01387.wav,1386,1387,609902119,48000,1,3.700,177603,547738816,40288,-1
01388.wav,1387,1388,610195722,48000,1,1.992,95611,548123760,17981,-1
01389.wav,1388,1389,610494761,48000,1,7.744,371699,238948352,104708,-1
01390.wav,1389,1390,611472971,48000,1,2.729,130986,83674816,28077,-1
01391.wav,1390,1391,611582413,48000,1,6.713,322240,47116224,80450,-1
01392.wav,1391,1392,611822316,48000,1,6.269,300923,199151936,73110,-1
01393.wav,1392,1393,613455994,48000,1,8.156,391492,499626464,72113,-1
01394.wav,1393,1394,613921717,48000,1,3.824,183574,479333488,43867,-1
01395.wav,1394,1395,613964676,48000,1,4.171,200191,440400192,50460,-1
01396.wav,1395,1396,614364174,48000,1,4.068,195273,567504672,46497,-1
01397.wav,1396,1397,614413193,48000,1,1.345,64538,402262384,19611,-1
01398.wav,1397,1398,614754704,48000,1,3.130,150228,158125136,34934,-1
01399.wav,1398,1399,615867396,48000,1,7.473,358696,366528944,94687,-1
01400.wav,1399,1400,616215720,48000,1,2.705,129864,357774304,27830,-1
01401.wav,1400,1401,616231624,48000,1,5.287,253786,160615040,58972,-1
01402.wav,1401,1402,616693354,48000,1,1.566,75161,436079888,11111,-1
01403.wav,1402,1403,617058606,48000,1,1.426,68429,501573056,10820,-1
01404.wav,1403,1404,617140230,48000,1,4.324,207539,317333440,40187,-1
01405.wav,1404,1405,617527888,48000,1,101.408,4867587,242385360,1828832,-1
01406.wav,1405,1406,617564294,48000,1,3.742,179596,385798352,40774,-1
01407.wav,1406,1407,618150958,48000,1,7.332,351923,538191264,83728,-1
01408.wav,1407,1408,618529442,48000,1,2.806,134678,23696656,27742,-1
01409.wav,1408,1409,620584663,48000,1,5.757,276346,151473280,67227,-1
01410.wav,1409,1410,621326512,48000,1,3.235,155269,468871600,26005,-1
01411.wav,1410,1411,623851671,48000,1,0.937,44995,210316816,18009,-1
01412.wav,1411,1412,624910284,48000,1,2.012,96556,187436320,16755,-1
01413.wav,1412,1413,626018955,48000,1,4.369,209699,94157872,40357,-1
01414.wav,1413,1414,626073676,48000,1,6.193,297258,71796880,68868,-1
01415.wav,1414,1415,626128397,48000,1,3.941,189175,53845296,40111,-1
01416.wav,1415,1416,626237839,48000,1,3.236,155324,11518608,36486,-1
01417.wav,1416,1417,626609703,48000,1,8.209,394026,522560448,81678,-1
01418.wav,1417,1418,627123211,48000,1,7.489,359451,530555328,91890,-1
01419.wav,1418,1419,627880016,48000,1,2.096,100592,108586000,18322,-1
01420.wav,1419,1420,627934737,48000,1,7.829,375776,87897472,88205,-1
01421.wav,1420,1421,627989458,48000,1,2.142,102839,66801728,19325,-1
01422.wav,1421,1422,628118898,48000,1,4.782,229532,144441552,54872,-1
01423.wav,1422,1423,628641863,48000,1,6.587,316167,475783984,80507,-1
01424.wav,1423,1424,630392453,48000,1,5.502,264081,173987152,69125,-1
01425.wav,1424,1425,631000586,48000,1,2.988,143425,373280192,31842,-1
01426.wav,1425,1426,631295210,48000,1,4.183,200782,413700784,36158,-1
01427.wav,1426,1427,631336869,48000,1,5.072,243434,264659776,57172,-1
01428.wav,1427,1428,631685193,48000,1,6.874,329953,251119712,77697,-1
01429.wav,1428,1429,632218699,48000,1,5.548,266290,328812528,55055,-1
01430.wav,1429,1430,632500261,48000,1,6.298,302307,212877968,83610,-1
01431.wav,1430,1431,632526385,48000,1,7.728,370938,447704304,116271,-1
01432.wav,1431,1432,632677486,48000,1,5.997,287880,360149440,74863,-1
01433.wav,1432,1433,633272649,48000,1,7.726,370830,304963872,83580,-1
01434.wav,1433,1434,633327370,48000,1,7.897,379043,299334176,112626,-1
01435.wav,1434,1435,633369029,48000,1,6.626,318063,39191776,70346,-1
01436.wav,1435,1436,633662632,48000,1,7.574,363572,47870464,71838,-1
01437.wav,1436,1437,633731436,48000,1,2.600,124818,335667952,25345,-1
01438.wav,1437,1438,633772074,48000,1,1.424,68366,2683360,10942,-1
01439.wav,1438,1439,633902535,48000,1,5.582,267943,199917008,61928,-1
01440.wav,1439,1440,634082281,48000,1,1.894,90932,551580912,17111,-1
01441.wav,1440,1441,634971471,48000,1,4.951,237643,399651824,70769,-1
01442.wav,1441,1442,635284811,48000,1,3.867,185614,35590144,31862,-1
01443.wav,1442,1443,635358003,48000,1,3.659,175620,168907136,44107,-1
01444.wav,1443,1444,635359530,48000,1,7.726,370825,124470368,85450,-1
01445.wav,1444,1445,636926988,48000,1,4.162,199791,135667472,51865,-1
01446.wav,1445,1446,636981709,48000,1,2.448,117503,109607712,26769,-1
01447.wav,1446,1447,637803185,48000,1,2.667,128009,156891424,27547,-1
01448.wav,1447,1448,638144838,48000,1,4.932,236717,442060336,52646,-1
01449.wav,1448,1449,639220449,48000,1,1.467,70396,317898672,10226,-1
01450.wav,1449,1450,639644513,48000,1,5.470,262542,386514816,57365,-1
01451.wav,1450,1451,640383841,48000,1,5.588,268208,276119584,66004,-1
01452.wav,1451,1452,640451624,48000,1,5.661,271746,409974096,64215,-1
01453.wav,1452,1453,641429834,48000,1,7.174,344334,320700368,81407,-1
01454.wav,1453,1454,641895557,48000,1,3.195,153351,216296800,41810,-1
01455.wav,1454,1455,642525443,48000,1,6.537,313762,19755216,67371,-1
01456.wav,1455,1456,642778408,48000,1,3.725,178807,346104080,34545,-1
01457.wav,1456,1457,644159121,48000,1,2.753,132123,483764912,28262,-1
01458.wav,1457,1458,644511148,48000,1,1.747,83863,247838656,32844,-1
01459.wav,1458,1459,644580664,48000,1,9.172,440255,146997072,111935,-1
01460.wav,1459,1460,644987251,48000,1,5.969,286492,521113840,96598,-1
01461.wav,1460,1461,645187785,48000,1,3.075,147590,156249136,36513,-1
01462.wav,1461,1462,647004455,48000,1,6.584,316019,562991408,63193,-1
01463.wav,1462,1463,647019411,48000,1,9.738,467405,473081632,117354,-1
01464.wav,1463,1464,647049308,48000,1,2.805,134624,367856224,26920,-1
01465.wav,1464,1465,647302273,48000,1,5.422,260271,464552736,54460,-1
01466.wav,1465,1466,648929231,48000,1,2.072,99439,241762736,17395,-1
01467.wav,1466,1467,649494512,48000,1,2.773,133092,222736912,25648,-1
01468.wav,1467,1468,649549233,48000,1,2.435,116863,219661872,18863,-1
01469.wav,1468,1469,650121069,48000,1,4.584,220050,427072288,43384,-1
01470.wav,1469,1470,650486805,48000,1,7.120,341753,337752672,81238,-1
01471.wav,1470,1471,650660425,48000,1,5.385,258486,514527280,70981,-1
01472.wav,1471,1472,650948858,48000,1,1.039,49863,401660928,17285,-1
01473.wav,1472,1473,651248652,48000,1,5.395,258953,531117472,66271,-1
01474.wav,1473,1474,651355573,48000,1,6.120,293772,231693264,86560,-1
01475.wav,1474,1475,651584935,48000,1,1.782,85518,498167584,13946,-1
01476.wav,1475,1476,651691856,48000,1,7.130,342247,58337264,77486,-1
01477.wav,1476,1477,651766575,48000,1,3.794,182104,153626432,43995,-1
01478.wav,1477,1478,651821296,48000,1,6.979,334990,128505856,87170,-1
01479.wav,1478,1479,651930738,48000,1,1.655,79431,83427936,13912,-1
01480.wav,1479,1480,652114899,48000,1,2.362,113394,140095392,25147,-1
01481.wav,1480,1481,652280083,48000,1,2.295,110173,198319600,22831,-1
01482.wav,1481,1482,653388754,48000,1,7.302,350476,138510944,90799,-1
01483.wav,1482,1483,654606604,48000,1,5.094,244514,448675392,50057,-1
01484.wav,1483,1484,655761672,48000,1,0.409,19646,209679056,8183,-1
01485.wav,1484,1485,656030539,48000,1,3.081,147911,315558736,28691,-1
01486.wav,1485,1486,656058023,48000,1,2.286,109718,248404064,35206,-1
01487.wav,1486,1487,656509324,48000,1,4.283,205584,381749168,68674,-1
01488.wav,1487,1488,656673487,48000,1,8.380,402264,355961440,102955,-1
01489.wav,1488,1489,656789865,48000,1,5.767,276806,213865072,64575,-1
01490.wav,1489,1490,657097551,48000,1,6.425,308389,416169600,59160,-1
01491.wav,1490,1491,657323371,48000,1,6.907,331559,293327024,81141,-1
01492.wav,1491,1492,657436355,48000,1,2.614,125479,551040080,27247,-1
01493.wav,1492,1493,657658633,48000,1,6.098,292702,43041024,61610,-1
01494.wav,1493,1494,657786025,48000,1,0.926,44444,313301984,16909,-1
01495.wav,1494,1495,657839400,48000,1,2.138,102622,549106880,19451,-1
01496.wav,1495,1496,658022061,48000,1,5.118,245650,384281984,74549,-1
01497.wav,1496,1497,658119941,48000,1,6.159,295644,504220784,85523,-1
01498.wav,1497,1498,659226091,48000,1,2.777,133281,51116592,27485,-1
01499.wav,1498,1499,659289644,48000,1,1.483,71185,526771984,11022,-1
01500.wav,1499,1500,659335533,48000,1,3.606,173086,8405072,25857,-1
01501.wav,1500,1501,659355531,48000,1,7.468,358470,118700432,86256,-1
01502.wav,1501,1502,659464973,48000,1,4.021,192985,78774288,44424,-1
01503.wav,1502,1503,659630157,48000,1,5.579,267812,184938544,69958,-1
01504.wav,1503,1504,659687399,48000,1,7.544,362122,506746992,109340,-1
01505.wav,1504,1505,661539053,48000,1,4.960,238063,312406944,55007,-1
01506.wav,1505,1506,662204108,48000,1,3.069,147321,307132784,24113,-1
01507.wav,1506,1507,663045351,48000,1,4.540,217914,428901936,68836,-1
01508.wav,1507,1508,663243795,48000,1,7.642,366839,559990800,102531,-1
01509.wav,1508,1509,663524136,48000,1,8.576,411659,440735520,109400,-1
01510.wav,1509,1510,663565795,48000,1,4.095,196565,355230784,45028,-1
01511.wav,1510,1511,663708297,48000,1,4.621,221794,450686224,60320,-1
01512.wav,1511,1512,663749956,48000,1,5.715,274335,376823664,89793,-1
01513.wav,1512,1513,664392904,48000,1,3.953,189742,411977008,39190,-1
01514.wav,1513,1514,664434563,48000,1,5.611,269341,261341040,74565,-1
01515.wav,1514,1515,664786429,48000,1,2.506,120282,547069744,24707,-1
01516.wav,1515,1516,664858627,48000,1,5.680,272622,346747824,53644,-1
01517.wav,1516,1517,665022790,48000,1,2.400,115212,325735568,21501,-1
01518.wav,1517,1518,665261672,48000,1,6.537,313755,332301408,78160,-1
01519.wav,1518,1519,665316393,48000,1,6.790,325934,328303600,80890,-1
01520.wav,1519,1520,665372135,48000,1,5.519,264906,372238864,77259,-1
01521.wav,1520,1521,665791084,48000,1,8.588,412222,165408160,90944,-1
01522.wav,1521,1522,666302560,48000,1,4.864,233484,97105008,53962,-1
01523.wav,1522,1523,666412002,48000,1,3.204,153809,55800192,33855,-1
01524.wav,1523,1524,666466723,48000,1,8.246,395787,36488656,97483,-1
01525.wav,1524,1525,666521444,48000,1,2.387,114553,14729760,21963,-1
01526.wav,1525,1526,667710418,48000,1,7.635,366463,538596512,96874,-1
01527.wav,1526,1527,668215002,48000,1,1.173,56328,566321760,17886,-1
01528.wav,1527,1528,668576665,48000,1,8.746,419830,143488736,88588,-1
01529.wav,1528,1529,669037973,48000,1,8.863,425446,514313328,152698,-1
01530.wav,1529,1530,669099630,48000,1,6.275,301213,474143824,80524,-1
01531.wav,1530,1531,671357253,48000,1,0.653,31339,402669200,11389,-1
01532.wav,1531,1532,673553092,48000,1,4.712,226190,310441600,56487,-1
01533.wav,1532,1533,674175120,48000,1,6.255,300218,27222528,75676,-1
01534.wav,1533,1534,675468973,48000,1,3.673,176326,139123056,36087,-1
01535.wav,1534,1535,675578415,48000,1,8.771,420995,94217568,99907,-1
01536.wav,1535,1536,675687857,48000,1,4.960,238088,54080048,56243,-1
01537.wav,1536,1537,675817297,48000,1,7.863,377438,123312768,76255,-1
01538.wav,1537,1538,675872018,48000,1,4.195,201354,102003936,44097,-1
01539.wav,1538,1539,676026418,48000,1,2.001,96068,423181408,16403,-1
01540.wav,1539,1540,676169163,48000,1,9.947,477462,522888496,99237,-1
01541.wav,1540,1541,676364971,48000,1,0.538,25822,210706496,9991,-1
01542.wav,1541,1542,677257836,48000,1,7.188,345006,495827664,88100,-1
01543.wav,1542,1543,677384755,48000,1,4.931,236677,134638736,56696,-1
01544.wav,1543,1544,677790321,48000,1,2.530,121439,498319024,26187,-1
01545.wav,1544,1545,678201323,48000,1,5.199,249554,476095536,61328,-1
01546.wav,1545,1546,681244653,48000,1,5.405,259422,251541408,68515,-1
01547.wav,1546,1547,681415752,48000,1,4.470,214541,9109440,42154,-1
01548.wav,1547,1548,682819047,48000,1,7.951,381663,77709504,85750,-1
01549.wav,1548,1549,682983210,48000,1,6.261,300532,18838048,70821,-1
01550.wav,1549,1550,683057929,48000,1,8.638,414639,106419888,100372,-1
01551.wav,1550,1551,683236175,48000,1,5.304,254610,344991072,61687,-1
01552.wav,1551,1552,683351532,48000,1,6.642,318837,115507616,78717,-1
01553.wav,1552,1553,683402859,48000,1,1.907,91528,549318704,17003,-1
01554.wav,1553,1554,683461995,48000,1,2.251,108068,200029024,19352,-1
01555.wav,1554,1555,684864269,48000,1,4.267,204806,150200720,43991,-1
01556.wav,1555,1556,684918990,48000,1,1.568,75270,124637072,13247,-1
01557.wav,1556,1557,684971076,48000,1,6.126,294066,173428240,62662,-1
01558.wav,1557,1558,684973711,48000,1,8.627,414114,102821296,84851,-1
01559.wav,1558,1559,685270856,48000,1,3.140,150720,524424880,22064,-1
01560.wav,1559,1560,686972115,48000,1,3.637,174578,567734544,47774,-1
01561.wav,1560,1561,687362645,48000,1,0.827,39710,158253104,15266,-1
01562.wav,1561,1562,687507075,48000,1,6.001,288059,366854560,101187,-1
01563.wav,1562,1563,687704298,48000,1,7.393,354841,442391904,109723,-1
01564.wav,1563,1564,688279463,48000,1,9.314,447074,417822064,94475,-1
01565.wav,1564,1565,688614725,48000,1,6.865,329523,282783280,74885,-1
01566.wav,1565,1566,688670467,48000,1,3.390,162744,328003712,34802,-1
01567.wav,1566,1567,688839565,48000,1,6.006,288310,160940400,57139,-1
01568.wav,1567,1568,688854628,48000,1,6.244,299713,341783312,57399,-1
01569.wav,1568,1569,689301295,48000,1,1.809,86809,436185024,20381,-1
01570.wav,1569,1570,689429793,48000,1,7.033,337597,228764144,72829,-1
01571.wav,1570,1571,689998022,48000,1,4.273,205090,265364096,38610,-1
01572.wav,1571,1572,690018020,48000,1,5.217,250423,305224464,56786,-1
01573.wav,1572,1573,690169121,48000,1,6.582,315943,24056640,67791,-1
01574.wav,1573,1574,690346346,48000,1,5.711,274109,252909824,74920,-1
01575.wav,1574,1575,690517445,48000,1,4.201,201645,10136304,48818,-1
01576.wav,1575,1576,690531528,48000,1,7.079,339770,330938608,70436,-1
01577.wav,1576,1577,690588770,48000,1,2.861,137346,549762560,31980,-1
01578.wav,1577,1578,691236133,48000,1,6.661,319749,239882944,70213,-1
01579.wav,1578,1579,691933802,48000,1,6.918,332084,305095840,63847,-1
01580.wav,1579,1580,691975461,48000,1,2.511,120539,60302272,25296,-1
01581.wav,1580,1581,691988523,48000,1,1.877,90092,300588176,14152,-1
01582.wav,1581,1582,692563688,48000,1,5.843,280454,201310160,66538,-1
01583.wav,1582,1583,694197366,48000,1,7.794,374126,500565680,76152,-1
01584.wav,1583,1584,694747245,48000,1,3.418,164061,157671072,36729,-1
01585.wav,1584,1585,695978882,48000,1,2.832,135949,431261232,37774,-1
01586.wav,1585,1586,696972996,48000,1,1.608,77178,170195536,12517,-1
01587.wav,1586,1587,697051147,48000,1,2.153,103351,501370432,19177,-1
01588.wav,1587,1588,698654070,48000,1,5.367,257631,452384176,75161,-1
01589.wav,1588,1589,699464974,48000,1,6.299,302360,135235296,75796,-1
01590.wav,1589,1590,699574416,48000,1,4.210,202102,89222512,49686,-1
01591.wav,1590,1591,699683858,48000,1,4.173,200314,49888624,38880,-1
01592.wav,1591,1592,699793300,48000,1,5.213,250238,7363552,56038,-1
01593.wav,1592,1593,699868019,48000,1,8.689,417074,98858064,79768,-1
01594.wav,1593,1594,700120674,48000,1,6.881,330279,208519168,76895,-1
01595.wav,1594,1595,700165164,48000,1,5.971,286591,517487232,103224,-1
01596.wav,1595,1596,700808112,48000,1,7.441,357186,531444800,89466,-1
01597.wav,1596,1597,701674359,48000,1,5.178,248520,140172224,59963,-1
01598.wav,1597,1598,702586434,48000,1,10.912,523800,564654944,116212,-1
01599.wav,1598,1599,704699692,48000,1,7.642,366795,426608016,73374,-1
01600.wav,1599,1600,705076491,48000,1,4.506,216302,284494016,50158,-1
01601.wav,1600,1601,705189475,48000,1,2.286,109740,548067824,21922,-1
01602.wav,1601,1602,706657011,48000,1,5.979,287015,416257072,56953,-1
01603.wav,1602,1603,706808112,48000,1,7.878,378142,257902544,79016,-1
01604.wav,1603,1604,706995815,48000,1,1.569,75327,551087552,11849,-1
01605.wav,1604,1605,708210386,48000,1,4.436,212927,219903296,36001,-1
01606.wav,1605,1606,708840272,48000,1,6.709,322046,32370560,71181,-1
01607.wav,1606,1607,708914991,48000,1,9.843,472464,119095968,100712,-1
01608.wav,1607,1608,709266857,48000,1,4.269,204904,519186288,35468,-1
01609.wav,1608,1609,709485741,48000,1,7.040,337942,508022480,91454,-1
01610.wav,1609,1610,712426565,48000,1,5.376,258035,253761648,51376,-1
01611.wav,1610,1611,712905350,48000,1,5.333,255976,334501616,58505,-1
01612.wav,1611,1612,713994023,48000,1,7.056,338699,261793008,81753,-1
01613.wav,1612,1613,714698628,48000,1,7.271,349019,192390016,78427,-1
01614.wav,1613,1614,715350544,48000,1,2.753,132167,168578480,28338,-1
01615.wav,1614,1615,715409359,48000,1,7.266,348754,388609392,118483,-1
01616.wav,1615,1616,715862020,48000,1,5.565,267102,97264528,53502,-1
01617.wav,1616,1617,715971462,48000,1,9.436,452943,55898432,98544,-1
01618.wav,1617,1618,716277585,48000,1,2.298,110323,500951136,22716,-1
01619.wav,1618,1619,717119089,48000,1,1.521,73009,247975264,22785,-1
01620.wav,1619,1620,717795726,48000,1,2.456,117870,156407872,25974,-1
01621.wav,1620,1621,718659090,48000,1,4.835,232087,474478864,65289,-1
01622.wav,1621,1622,718941952,48000,1,6.740,323543,465610832,89110,-1
01623.wav,1622,1623,723040995,48000,1,1.916,91946,275027504,18555,-1
01624.wav,1623,1624,723095716,48000,1,3.885,186471,263214816,44600,-1
01625.wav,1624,1625,723460975,48000,1,5.728,274958,129537680,60106,-1
01626.wav,1625,1626,723625138,48000,1,1.894,90935,64220336,15865,-1
01627.wav,1626,1627,723682380,48000,1,2.870,137744,494036048,22455,-1
01628.wav,1627,1628,725376757,48000,1,3.963,190221,123535776,47885,-1
01629.wav,1628,1629,725431478,48000,1,5.206,249904,102087632,58124,-1
01630.wav,1629,1630,725540920,48000,1,7.103,340956,61595152,88502,-1
01631.wav,1630,1631,725728623,48000,1,4.492,215601,523520384,45550,-1
01632.wav,1631,1632,726371571,48000,1,8.796,422198,541224752,98874,-1
01633.wav,1632,1633,728131715,48000,1,6.146,294995,309854432,69575,-1
01634.wav,1633,1634,728369613,48000,1,1.081,51889,209759968,23367,-1
01635.wav,1634,1635,728374339,48000,1,2.224,106757,169898368,19838,-1
01636.wav,1635,1636,728665964,48000,1,1.874,89949,248555200,26097,-1
01637.wav,1636,1637,729240197,48000,1,1.753,84132,546773664,14680,-1
01638.wav,1637,1638,729312395,48000,1,4.733,227206,341167568,53820,-1
01639.wav,1638,1639,729887560,48000,1,5.368,257674,228124160,57963,-1
01640.wav,1639,1640,730290605,48000,1,2.820,135375,220008480,30178,-1
01641.wav,1640,1641,730804113,48000,1,6.789,325878,251910272,70644,-1
01642.wav,1641,1642,730865770,48000,1,8.920,428147,51908048,94994,-1
01643.wav,1642,1643,730878832,48000,1,9.023,433096,292455360,94598,-1
01644.wav,1643,1644,730920491,48000,1,4.312,206992,32889072,47169,-1
01645.wav,1644,1645,730941399,48000,1,0.595,28568,401384976,9887,-1
01646.wav,1645,1646,731394861,48000,1,1.663,79810,548141776,12875,-1
01647.wav,1646,1647,731987503,48000,1,4.386,210523,240889792,45921,-1
01648.wav,1647,1648,732096945,48000,1,3.420,164160,234582992,51079,-1
01649.wav,1648,1649,732726831,48000,1,5.131,246274,64990864,51458,-1
01650.wav,1649,1650,732856271,48000,1,6.191,297165,141863904,72450,-1
01651.wav,1650,1651,732890994,48000,1,6.206,297900,3155632,77110,-1
01652.wav,1651,1652,732910992,48000,1,3.347,160654,115586368,33077,-1
01653.wav,1652,1653,733653862,48000,1,2.492,119600,484964944,23210,-1
01654.wav,1653,1654,733947465,48000,1,5.889,282680,490671408,86368,-1
01655.wav,1654,1655,734184847,48000,1,3.795,182160,114434000,37241,-1
01656.wav,1655,1656,734423729,48000,1,1.266,60779,150348256,8938,-1
01657.wav,1656,1657,736327207,48000,1,6.949,333547,435173616,98933,-1
01658.wav,1657,1658,736956072,48000,1,2.824,135573,328448368,24531,-1
01659.wav,1658,1659,737066535,48000,1,9.806,470691,367026336,132581,-1
01660.wav,1659,1660,737263758,48000,1,6.413,307813,442826384,88082,-1
01661.wav,1660,1661,737319500,48000,1,7.503,360148,463361872,97053,-1
01662.wav,1661,1662,737825861,48000,1,3.240,155534,285715200,29503,-1
01663.wav,1662,1663,738064743,48000,1,8.296,398197,295603312,87179,-1
01664.wav,1663,1664,738161123,48000,1,8.728,418931,15734272,105084,-1
01665.wav,1664,1665,738399025,48000,1,7.838,376209,165792160,86752,-1
01666.wav,1665,1666,738454726,48000,1,9.570,459380,25543504,110587,-1
01667.wav,1666,1667,738763433,48000,1,3.737,179396,386934320,58330,-1
01668.wav,1667,1668,738989253,48000,1,6.310,302868,228837008,65481,-1
01669.wav,1668,1669,739282185,48000,1,3.007,144338,526504640,36625,-1
01670.wav,1669,1670,739748579,48000,1,3.425,164381,137591792,38488,-1
01671.wav,1670,1671,739858021,48000,1,2.863,137410,92359248,27539,-1
01672.wav,1671,1672,739967463,48000,1,3.361,161322,52500592,31714,-1
01673.wav,1672,1673,740262087,48000,1,3.709,178030,193077920,39829,-1
01674.wav,1673,1674,740610411,48000,1,8.132,390342,190700064,87063,-1
01675.wav,1674,1675,742196649,48000,1,1.673,80293,306897104,11616,-1
01676.wav,1675,1676,742478030,48000,1,2.406,115473,568097024,27304,-1
01677.wav,1676,1677,742937953,48000,1,5.416,259964,459169840,60083,-1
01678.wav,1677,1678,742947312,48000,1,2.820,135365,566752448,29055,-1
01679.wav,1678,1679,743102116,48000,1,3.277,157285,457290896,29061,-1
01680.wav,1679,1680,743965194,48000,1,0.801,38465,402730848,13189,-1
01681.wav,1680,1681,745538342,48000,1,7.703,369754,431785280,133092,-1
01682.wav,1681,1682,745873604,48000,1,5.927,284511,316806512,63173,-1
01683.wav,1682,1683,746168228,48000,1,3.854,185016,368323664,47874,-1
01684.wav,1683,1684,746927554,48000,1,3.888,186600,286934384,38878,-1
01685.wav,1684,1685,746982275,48000,1,5.818,279267,280463424,66172,-1
01686.wav,1685,1686,747511697,48000,1,5.896,282993,102587200,65461,-1
01687.wav,1686,1687,749724624,48000,1,5.682,272730,517736992,84076,-1
01688.wav,1687,1688,750758576,48000,1,5.027,241295,497184896,56139,-1
01689.wav,1688,1689,753104495,48000,1,3.199,153575,555178768,33276,-1
01690.wav,1689,1690,753181477,48000,1,3.596,172595,547884304,42647,-1
01691.wav,1690,1691,753354976,48000,1,5.325,255619,466692352,69667,-1
01692.wav,1691,1692,753475080,48000,1,1.889,90689,548270368,17186,-1
01693.wav,1692,1693,754916492,48000,1,6.037,289758,29145264,67856,-1
01694.wav,1693,1694,754971213,48000,1,6.025,289187,3912112,67384,-1
01695.wav,1694,1695,755226699,48000,1,1.541,73978,553585872,13186,-1
01696.wav,1695,1696,755471526,48000,1,2.175,104416,347753648,18552,-1
01697.wav,1696,1697,756265066,48000,1,9.062,434997,114991856,98885,-1
01698.wav,1697,1698,756319787,48000,1,5.396,259011,96426608,60802,-1
01699.wav,1698,1699,756503948,48000,1,5.623,269901,150699056,60240,-1
01700.wav,1699,1700,756613390,48000,1,5.343,256461,103567104,56888,-1
01701.wav,1700,1701,756777553,48000,1,7.168,344042,43415840,75237,-1
01702.wav,1701,1702,756910535,48000,1,7.174,344343,525819456,90630,-1
01703.wav,1702,1703,758235569,48000,1,3.760,180468,90380048,42614,-1
01704.wav,1703,1704,758474451,48000,1,7.528,361327,119537040,90600,-1
01705.wav,1704,1705,758826317,48000,1,2.031,97477,519442640,18017,-1
01706.wav,1705,1706,758881038,48000,1,3.188,153046,515686288,33343,-1
01707.wav,1706,1707,760028584,48000,1,9.648,463126,411491632,86304,-1
01708.wav,1707,1708,760843652,48000,1,6.587,316158,388100832,94161,-1
01709.wav,1708,1709,761062536,48000,1,4.834,232028,365319456,51780,-1
01710.wav,1709,1710,761356139,48000,1,5.140,246707,369619344,58099,-1
01711.wav,1710,1711,761637701,48000,1,6.388,306643,265798000,74038,-1
01712.wav,1711,1712,762115465,48000,1,7.744,371707,289585792,87918,-1
01713.wav,1712,1713,762280649,48000,1,5.890,282734,322118672,62918,-1
01714.wav,1713,1714,762337891,48000,1,1.760,84492,546469200,14938,-1
01715.wav,1714,1715,762522052,48000,1,1.941,93184,550378896,24662,-1
01716.wav,1715,1716,762800072,48000,1,2.158,103603,179233568,16722,-1
01717.wav,1716,1717,763553483,48000,1,4.307,206758,261995088,38105,-1
01718.wav,1717,1718,763682923,48000,1,6.725,322816,290255840,68334,-1
01719.wav,1718,1719,763768210,48000,1,3.440,165128,306564496,29915,-1
01720.wav,1719,1720,763854022,48000,1,6.640,318709,86093984,80949,-1
01721.wav,1720,1721,765476201,48000,1,6.321,303429,74310000,74745,-1
01722.wav,1721,1722,767355186,48000,1,2.599,124755,157814304,28663,-1
01723.wav,1722,1723,768445670,48000,1,5.786,277706,446223408,67866,-1
01724.wav,1723,1724,768501412,48000,1,8.598,412725,466009696,117313,-1
01725.wav,1724,1725,768832106,48000,1,5.675,272410,160072000,66939,-1
01726.wav,1725,1726,769020835,48000,1,4.942,237207,420329888,35835,-1
01727.wav,1726,1727,769293836,48000,1,1.540,73907,435934880,11944,-1
01728.wav,1727,1728,769580937,48000,1,3.012,144585,170303904,28894,-1
01729.wav,1728,1729,769814884,48000,1,4.485,215301,321201200,46883,-1
01730.wav,1729,1730,771382342,48000,1,5.263,252615,322365504,57249,-1
01731.wav,1730,1731,772447791,48000,1,8.891,426763,532998992,108117,-1
01732.wav,1731,1732,775288083,48000,1,3.458,165985,523835312,28043,-1
01733.wav,1732,1733,775334784,48000,1,2.206,105896,564318720,20326,-1
01734.wav,1733,1734,778618890,48000,1,7.157,343530,14505088,87153,-1
01735.wav,1734,1735,779261838,48000,1,7.914,379854,182258368,74790,-1
01736.wav,1735,1736,779850065,48000,1,4.346,208594,220038704,62471,-1
01737.wav,1736,1737,780239533,48000,1,1.946,93413,558106256,16761,-1
01738.wav,1737,1738,780315788,48000,1,4.617,221621,91091312,42449,-1
01739.wav,1738,1739,780370509,48000,1,7.226,346872,69011472,79529,-1
01740.wav,1739,1740,780373030,48000,1,7.096,340594,496980944,72922,-1
01741.wav,1740,1741,780425230,48000,1,3.937,188972,52048496,39526,-1
01742.wav,1741,1742,780479951,48000,1,4.056,194665,32959280,36846,-1
01743.wav,1742,1743,780551276,48000,1,2.660,127661,550440464,25869,-1
01744.wav,1743,1744,780609391,48000,1,4.516,216744,100164640,43052,-1
01745.wav,1744,1745,781937967,48000,1,3.451,165650,78122784,34970,-1
01746.wav,1745,1746,781992688,48000,1,4.420,212162,59808368,48808,-1
01747.wav,1746,1747,782122128,48000,1,5.361,257330,130912112,66116,-1
01748.wav,1747,1748,782343533,48000,1,3.985,191274,494864160,26210,-1
01749.wav,1748,1749,782568713,48000,1,1.661,79710,452074432,19367,-1
01750.wav,1749,1750,785242698,48000,1,7.097,340639,378112880,86821,-1
01751.wav,1750,1751,785578981,48000,1,5.719,274504,274841136,64403,-1
01752.wav,1751,1752,785633702,48000,1,6.512,312565,262749280,73204,-1
01753.wav,1752,1753,785886667,48000,1,7.964,382252,435735056,113822,-1
01754.wav,1753,1754,785984547,48000,1,6.965,334322,545055280,90678,-1
01755.wav,1754,1755,786810156,48000,1,7.567,363200,381919456,76819,-1
01756.wav,1755,1756,786823218,48000,1,6.421,308193,443136336,105419,-1
01757.wav,1756,1757,787494763,48000,1,5.117,245617,271977952,64950,-1
01758.wav,1757,1758,787665862,48000,1,3.959,190036,37117120,35710,-1
01759.wav,1758,1759,787720583,48000,1,3.074,147540,16090144,25108,-1
01760.wav,1759,1760,787904744,48000,1,2.672,128268,62831712,26604,-1
01761.wav,1760,1761,787973548,48000,1,4.668,224056,342182432,53605,-1
01762.wav,1761,1762,788069928,48000,1,1.831,87872,178922144,14995,-1
01763.wav,1762,1763,788199368,48000,1,3.853,184934,197190496,50042,-1
01764.wav,1763,1764,788383529,48000,1,6.648,319110,203235520,73648,-1
01765.wav,1764,1765,788548713,48000,1,5.854,280977,229125360,79717,-1
01766.wav,1765,1766,788835688,48000,1,1.966,94344,314166992,30703,-1
01767.wav,1766,1767,788897037,48000,1,7.649,367143,226264528,100892,-1
01768.wav,1767,1768,788951758,48000,1,1.917,92017,220331360,17861,-1
01769.wav,1768,1769,789288041,48000,1,2.667,127995,24357888,29486,-1
01770.wav,1769,1770,789472202,48000,1,3.624,173933,70238032,38760,-1
01771.wav,1770,1771,789539983,48000,1,7.243,347680,350232272,78460,-1
01772.wav,1771,1772,789821547,48000,1,5.606,269105,193117792,73071,-1
01773.wav,1772,1773,790115150,48000,1,7.168,344063,195963568,74557,-1
01774.wav,1773,1774,791500301,48000,1,0.805,38621,314083872,13720,-1
01775.wav,1774,1775,792661576,48000,1,6.202,297681,457541840,74696,-1
01776.wav,1775,1776,793407840,48000,1,7.912,379771,327592336,86467,-1
01777.wav,1776,1777,794160230,48000,1,5.929,284578,362860960,95339,-1
01778.wav,1777,1778,794735395,48000,1,2.013,96633,263816976,16417,-1
01779.wav,1778,1779,794810114,48000,1,9.496,455817,302044640,105400,-1
01780.wav,1779,1780,794906494,48000,1,6.190,297097,22338160,73980,-1
01781.wav,1780,1781,796487014,48000,1,5.567,267212,287134272,64139,-1
01782.wav,1781,1782,797111630,48000,1,1.026,49227,247649984,17811,-1
01783.wav,1782,1783,797368302,48000,1,6.683,320793,524314576,73213,-1
01784.wav,1783,1784,797788267,48000,1,2.221,106631,155953792,23291,-1
01785.wav,1784,1785,799400462,48000,1,6.495,311771,477672912,78514,-1
01786.wav,1785,1786,800703193,48000,1,9.326,447656,319633280,100601,-1
01787.wav,1786,1787,800982280,48000,1,2.680,128626,169978896,19792,-1
01788.wav,1787,1788,801974125,48000,1,6.155,295438,177078992,77225,-1
01789.wav,1788,1789,803148397,48000,1,6.439,309073,190043440,79761,-1
01790.wav,1789,1790,803549340,48000,1,1.699,81537,401460784,26004,-1
01791.wav,1790,1791,804085969,48000,1,8.822,423463,300322960,109899,-1
01792.wav,1791,1792,804257068,48000,1,7.027,337287,107511552,85108,-1
01793.wav,1792,1793,804530673,48000,1,7.354,352969,4294656,78313,-1
01794.wav,1793,1794,804550671,48000,1,1.443,69268,115908640,8644,-1
01795.wav,1794,1795,804689581,48000,1,6.578,315730,399201920,103583,-1
01796.wav,1795,1796,805824526,48000,1,3.622,173879,115208432,41429,-1
01797.wav,1796,1797,806043410,48000,1,5.274,253164,36057120,64386,-1
01798.wav,1797,1798,806063408,48000,1,3.379,162178,150882224,37788,-1
01799.wav,1798,1799,806469995,48000,1,5.574,267558,526139360,47657,-1
01800.wav,1799,1800,807612368,48000,1,3.753,180147,482962688,37808,-1
01801.wav,1800,1801,808091153,48000,1,6.893,330840,498423168,60366,-1
01802.wav,1801,1802,808502155,48000,1,8.108,389174,479966736,105318,-1
01803.wav,1802,1803,808658505,48000,1,2.311,110929,248197344,30264,-1
01804.wav,1803,1804,808945096,48000,1,4.853,232932,375716176,57688,-1
01805.wav,1804,1805,809054538,48000,1,7.337,352173,358903760,110049,-1
01806.wav,1805,1806,809574982,48000,1,3.721,178623,272243104,46771,-1
01807.wav,1806,1807,810386507,48000,1,2.156,103477,313073264,34220,-1
01808.wav,1807,1808,810738374,48000,1,6.289,301864,217939712,94752,-1
01809.wav,1808,1809,811031977,48000,1,4.524,217143,221292784,63938,-1
01810.wav,1809,1810,811368260,48000,1,2.811,134925,24814544,27596,-1
01811.wav,1810,1811,811490764,48000,1,3.412,163787,269508384,27331,-1
01812.wav,1811,1812,811661863,48000,1,3.425,164408,33927024,36731,-1
01813.wav,1812,1813,811890126,48000,1,1.626,78057,526608768,13630,-1
01814.wav,1813,1814,811897351,48000,1,2.286,109739,546513792,20194,-1
01815.wav,1814,1815,812359532,48000,1,1.251,60049,179387344,8040,-1
01816.wav,1815,1816,812612497,48000,1,8.247,395843,395090896,110258,-1
01817.wav,1816,1817,812838317,48000,1,3.151,151246,237073904,32180,-1
01818.wav,1817,1818,813187662,48000,1,7.500,360000,301421456,94760,-1
01819.wav,1818,1819,813242383,48000,1,7.968,382442,290512272,88839,-1
01820.wav,1819,1820,813284042,48000,1,3.990,191530,20737936,45820,-1
01821.wav,1820,1821,813304040,48000,1,5.625,270021,133463280,58921,-1
01822.wav,1821,1822,813358761,48000,1,7.380,354230,108159776,80732,-1
01823.wav,1822,1823,813413482,48000,1,9.149,439132,86343936,113483,-1
01824.wav,1823,1824,813481265,48000,1,4.272,205055,304040016,31213,-1
01825.wav,1824,1825,813762827,48000,1,6.884,330430,202057776,98421,-1
01826.wav,1825,1826,814111151,48000,1,9.036,433719,194152336,93653,-1
01827.wav,1826,1827,814804590,48000,1,1.494,71735,306970112,10628,-1
01828.wav,1827,1828,815165101,48000,1,7.484,359246,151970304,102524,-1
01829.wav,1828,1829,815219822,48000,1,8.465,406312,126780112,97875,-1
01830.wav,1829,1830,815274543,48000,1,7.326,351625,104698128,86327,-1
01831.wav,1830,1831,816107565,48000,1,5.768,276864,245951184,74613,-1
01832.wav,1831,1832,817778010,48000,1,5.158,247592,475114608,69449,-1
01833.wav,1832,1833,818005130,48000,1,6.391,306750,446577040,90663,-1
01834.wav,1833,1834,818060872,48000,1,5.337,256167,466177952,56439,-1
01835.wav,1834,1835,818230950,48000,1,14.111,677335,393027392,146451,-1
01836.wav,1835,1836,818391566,48000,1,10.178,488567,164701392,109567,-1
01837.wav,1836,1837,818580295,48000,1,9.381,450280,420708464,89093,-1
01838.wav,1837,1838,818806115,48000,1,8.941,429190,298239616,95326,-1
01839.wav,1838,1839,819024999,48000,1,2.576,123646,267666624,15703,-1
01840.wav,1839,1840,819962571,48000,1,6.008,288382,374267376,54602,-1
01841.wav,1840,1841,821583187,48000,1,6.151,295270,507656016,79470,-1
01842.wav,1841,1842,821933382,48000,1,2.683,128798,313846032,36748,-1
01843.wav,1842,1843,822007251,48000,1,4.680,224620,533457520,55695,-1
01844.wav,1843,1844,822873498,48000,1,5.689,273091,141160992,62998,-1
01845.wav,1844,1845,823389527,48000,1,1.317,63218,511359872,10290,-1
01846.wav,1845,1846,823396463,48000,1,5.414,259891,469591296,76336,-1
01847.wav,1846,1847,824894244,48000,1,1.889,90656,564548032,16185,-1
01848.wav,1847,1848,828079467,48000,1,2.519,120899,347840640,26711,-1
01849.wav,1848,1849,828081970,48000,1,7.495,359779,294284656,75877,-1
01850.wav,1849,1850,828417232,48000,1,4.493,215674,44444576,46123,-1
01851.wav,1850,1851,828965453,48000,1,2.111,101316,210418640,30335,-1
01852.wav,1851,1852,829354804,48000,1,7.708,369976,224969616,117198,-1
01853.wav,1852,1853,829765806,48000,1,3.808,182794,136883024,42032,-1
01854.wav,1853,1854,829875248,48000,1,6.581,315886,91237360,87705,-1
01855.wav,1854,1855,829984690,48000,1,3.846,184625,52130992,38525,-1
01856.wav,1855,1856,830171372,48000,1,5.362,257397,498793824,57622,-1
01857.wav,1856,1857,830341598,48000,1,2.182,104751,565268576,21765,-1
01858.wav,1857,1858,831108944,48000,1,6.656,319478,535089040,78107,-1
01859.wav,1858,1859,831257163,48000,1,5.337,256194,312043872,61663,-1
01860.wav,1859,1860,831975191,48000,1,3.205,153835,142257216,36682,-1
01861.wav,1860,1861,833625704,48000,1,3.959,190044,254405024,40207,-1
01862.wav,1861,1862,834622051,48000,1,0.681,32700,178586176,13251,-1
01863.wav,1862,1863,834802158,48000,1,6.841,328370,378465712,101799,-1
01864.wav,1863,1864,835138441,48000,1,9.260,444475,274922592,104875,-1
01865.wav,1864,1865,835432044,48000,1,1.878,90122,277797008,16814,-1
01866.wav,1865,1866,835657864,48000,1,5.131,246310,30973776,61519,-1
01867.wav,1866,1867,835712585,48000,1,2.810,134866,6442560,31973,-1
01868.wav,1867,1868,835968071,48000,1,1.833,87965,553708048,17770,-1
01869.wav,1868,1869,836007209,48000,1,4.341,208383,183976992,44495,-1
01870.wav,1869,1870,836301833,48000,1,5.685,272894,219105808,67379,-1
01871.wav,1870,1871,836608498,48000,1,8.624,413943,390415312,118596,-1
01872.wav,1871,1872,836834318,48000,1,5.098,244712,230654928,41580,-1
01873.wav,1872,1873,836944781,48000,1,4.984,239240,286325136,52939,-1
01874.wav,1873,1874,837183663,48000,1,7.199,345549,296240272,98242,-1
01875.wav,1874,1875,837225322,48000,1,5.805,278624,37236928,63282,-1
01876.wav,1875,1876,837280043,48000,1,3.914,187890,16312464,35899,-1
01877.wav,1876,1877,837464204,48000,1,3.920,188180,62956000,43114,-1
01878.wav,1877,1878,837518925,48000,1,4.444,213306,45421440,46605,-1
01879.wav,1878,1879,837758828,48000,1,4.344,208506,197503184,44813,-1
01880.wav,1879,1880,837813549,48000,1,5.933,284765,191936080,51446,-1
01881.wav,1880,1881,838976941,48000,1,8.428,404552,92625920,88460,-1
01882.wav,1881,1882,839161102,48000,1,7.237,347363,147490496,77911,-1
01883.wav,1882,1883,841064580,48000,1,9.993,479645,433782640,164503,-1
01884.wav,1883,1884,841440047,48000,1,5.838,280214,160385376,55232,-1
01885.wav,1884,1885,841901777,48000,1,1.324,63548,436004144,10382,-1
01886.wav,1885,1886,842056873,48000,1,4.041,193978,459657008,39908,-1
01887.wav,1886,1887,842675147,48000,1,6.607,317135,175196816,78523,-1
01888.wav,1887,1888,842727397,48000,1,8.644,414895,256060736,99251,-1
01889.wav,1888,1889,843151461,48000,1,7.243,347674,339575040,76330,-1
01890.wav,1889,1890,843500806,48000,1,5.156,247472,382722032,53038,-1
01891.wav,1890,1891,843541444,48000,1,7.132,342348,180398416,67354,-1
01892.wav,1891,1892,843719690,48000,1,7.335,352076,363289904,108982,-1
01893.wav,1892,1893,844411233,48000,1,10.028,481352,41424368,111104,-1
01894.wav,1893,1894,844465954,48000,1,2.093,100464,22492880,16456,-1
01895.wav,1894,1895,844773640,48000,1,3.882,186359,336582160,34246,-1
01896.wav,1895,1896,845108902,48000,1,6.493,311656,184139552,59325,-1
01897.wav,1896,1897,846217573,48000,1,7.440,357123,75988064,91176,-1
01898.wav,1897,1898,847347727,48000,1,2.924,140333,157482448,35191,-1
01899.wav,1898,1899,847948931,48000,1,4.322,207449,454933264,47920,-1
01900.wav,1899,1900,848959922,48000,1,5.127,246076,478052032,60123,-1
01901.wav,1900,1901,849338143,48000,1,8.590,412306,360733952,129150,-1
01902.wav,1901,1902,849913308,48000,1,3.014,144674,260169072,27503,-1
01903.wav,1902,1903,850262653,48000,1,2.849,136750,319817216,29861,-1
01904.wav,1903,1904,852594000,48000,1,5.033,241564,548387104,64040,-1
01905.wav,1904,1905,853871249,48000,1,2.284,109647,84654272,16564,-1
01906.wav,1905,1906,854090133,48000,1,7.238,347435,4776976,64238,-1
01907.wav,1906,1907,854110131,48000,1,5.928,284566,115973456,79075,-1
01908.wav,1907,1908,854689186,48000,1,7.015,336730,173145040,75709,-1
01909.wav,1908,1909,855011876,48000,1,1.804,86574,481442016,15591,-1
01910.wav,1909,1910,855176654,48000,1,1.640,78712,452173872,15990,-1
01911.wav,1910,1911,855677589,48000,1,4.016,192760,125765904,44599,-1
01912.wav,1911,1912,855732310,48000,1,3.899,187144,103732592,40863,-1
01913.wav,1912,1913,855844273,48000,1,3.961,190142,496310400,47850,-1
01914.wav,1913,1914,858462897,48000,1,3.424,164353,444684720,46039,-1
01915.wav,1914,1915,858613998,48000,1,6.711,322140,359449712,106363,-1
01916.wav,1915,1916,859038062,48000,1,6.778,325362,419198192,66152,-1
01917.wav,1916,1917,859079721,48000,1,8.659,415645,280330256,91874,-1
01918.wav,1917,1918,859134442,48000,1,6.492,311596,272289920,51348,-1
01919.wav,1918,1919,859263882,48000,1,5.434,260817,297219984,62231,-1
01920.wav,1919,1920,859268204,48000,1,7.479,358988,398625168,88770,-1
01921.wav,1920,1921,859613227,48000,1,6.303,302523,342762272,66653,-1
01922.wav,1921,1922,859832111,48000,1,4.756,228280,320872048,46515,-1
01923.wav,1922,1923,859964072,48000,1,2.568,123267,553500080,24910,-1
01924.wav,1923,1924,861050224,48000,1,6.286,301751,269723040,68577,-1
01925.wav,1924,1925,861111881,48000,1,6.825,327595,70983616,72155,-1
01926.wav,1925,1926,861647908,48000,1,7.783,373606,521580688,75146,-1
01927.wav,1926,1927,861918992,48000,1,6.659,319638,179444064,82153,-1
01928.wav,1927,1928,862863500,48000,1,3.022,145058,133633312,27735,-1
01929.wav,1928,1929,862918221,48000,1,7.934,380822,108319120,84574,-1
01930.wav,1929,1930,862972942,48000,1,3.963,190239,86736944,45827,-1
01931.wav,1930,1931,865519368,48000,1,5.337,256186,438874336,88747,-1
01932.wav,1931,1932,866375074,48000,1,5.162,247752,264280672,62710,-1
01933.wav,1932,1933,866723398,48000,1,4.775,229196,250308032,46681,-1
01934.wav,1933,1934,866853859,48000,1,8.885,426502,337335072,88985,-1
01935.wav,1934,1935,866965822,48000,1,2.261,108530,549703920,21985,-1
01936.wav,1935,1936,867564590,48000,1,2.705,129833,446902272,33140,-1
01937.wav,1936,1937,867832069,48000,1,5.579,267768,215663216,74710,-1
01938.wav,1937,1938,867951026,48000,1,5.728,274927,168173504,65495,-1
01939.wav,1938,1939,868126693,48000,1,5.100,244788,288231040,53785,-1
01940.wav,1939,1940,868139755,48000,1,1.493,71646,421057360,11141,-1
01941.wav,1940,1941,868236135,48000,1,4.525,217200,272747024,47776,-1
01942.wav,1941,1942,868365575,48000,1,7.113,341426,298525264,77799,-1
01943.wav,1942,1943,868461955,48000,1,2.889,138691,18367584,32593,-1
01944.wav,1943,1944,868475017,48000,1,5.120,245737,283192912,40690,-1
01945.wav,1944,1945,868881604,48000,1,1.674,80338,549210160,13574,-1
01946.wav,1945,1946,869719571,48000,1,1.222,58665,247763216,22429,-1
01947.wav,1946,1947,869724297,48000,1,2.544,122121,204832048,20257,-1
01948.wav,1947,1948,869878312,48000,1,7.442,357203,305970768,81661,-1
01949.wav,1948,1949,870158853,48000,1,4.097,196636,94763312,41516,-1
01950.wav,1949,1950,870213574,48000,1,7.560,362865,72147536,79697,-1
01951.wav,1950,1951,870396208,48000,1,3.385,162485,156099520,37529,-1
01952.wav,1951,1952,870574418,48000,1,4.951,237670,499591456,34975,-1
01953.wav,1952,1953,871873128,48000,1,2.562,122999,157320880,25967,-1
01954.wav,1953,1954,872955923,48000,1,5.934,284808,469889648,77964,-1
01955.wav,1954,1955,874417802,48000,1,7.521,361009,426266992,76028,-1
01956.wav,1955,1956,874682718,48000,1,5.137,246597,385733664,64647,-1
01957.wav,1956,1957,874846881,48000,1,7.716,370358,371122960,92759,-1
01958.wav,1957,1958,875476767,48000,1,4.073,195512,264808112,35824,-1
01959.wav,1958,1959,875544550,48000,1,5.966,286359,405130368,79025,-1
01960.wav,1959,1960,877703087,48000,1,2.391,114758,151449280,23965,-1
01961.wav,1960,1961,877976692,48000,1,3.234,155250,44592576,33199,-1
01962.wav,1961,1962,878048017,48000,1,2.145,102966,552905744,20966,-1
01963.wav,1962,1963,879434708,48000,1,3.718,178457,91580256,37041,-1
01964.wav,1963,1964,879489429,48000,1,5.461,262148,69322400,56640,-1
01965.wav,1964,1965,879509427,48000,1,4.448,213520,154761072,54867,-1
01966.wav,1965,1966,879728311,48000,1,3.056,146665,100295296,30544,-1
01967.wav,1966,1967,880632143,48000,1,2.782,133530,542801472,29066,-1
01968.wav,1967,1968,880974821,48000,1,2.031,97476,169711296,17589,-1
01969.wav,1968,1969,881266446,48000,1,0.316,15153,248358352,8106,-1
01970.wav,1969,1970,882994448,48000,1,2.862,137360,313232320,32479,-1
01971.wav,1970,1971,883130443,48000,1,3.984,191249,269845776,40897,-1
01972.wav,1971,1972,883185164,48000,1,7.464,358273,254637776,78209,-1
01973.wav,1972,1973,883609228,48000,1,6.822,327447,338802192,75582,-1
01974.wav,1973,1974,883650887,48000,1,3.446,165427,185578096,31513,-1
01975.wav,1974,1975,883885160,48000,1,1.954,93779,1198144,33528,-1
01976.wav,1975,1976,884923721,48000,1,6.210,298068,21213776,60825,-1
01977.wav,1976,1977,885046225,48000,1,6.000,288015,267930176,73950,-1
01978.wav,1977,1978,885053161,48000,1,2.263,108616,87876256,21180,-1
01979.wav,1978,1979,885107882,48000,1,3.514,168648,66768528,33165,-1
01980.wav,1979,1980,885162603,48000,1,4.151,199250,49401808,45752,-1
01981.wav,1980,1981,885272045,48000,1,6.098,292703,6623488,72860,-1
01982.wav,1981,1982,885511948,48000,1,8.223,394715,188033600,87445,-1
01983.wav,1982,1983,885805551,48000,1,8.107,389131,189586848,95756,-1
01984.wav,1983,1984,885835786,48000,1,3.432,164735,311464576,42532,-1
01985.wav,1984,1985,886394799,48000,1,4.928,236549,303775248,60944,-1
01986.wav,1985,1986,886784782,48000,1,7.248,347925,37371536,77811,-1
01987.wav,1986,1987,886839503,48000,1,7.122,341850,16578496,61619,-1
01988.wav,1987,1988,886859501,48000,1,1.818,87264,127712336,16179,-1
01989.wav,1988,1989,886914222,48000,1,4.994,239701,105090432,55311,-1
01990.wav,1989,1990,886968943,48000,1,5.765,276738,82839984,65870,-1
01991.wav,1990,1991,887023664,48000,1,4.615,221505,63134880,48708,-1
01992.wav,1991,1992,887502449,48000,1,4.753,228139,203673200,59042,-1
01993.wav,1992,1993,888426959,48000,1,2.658,127598,137773504,27010,-1
01994.wav,1993,1994,888817700,48000,1,2.002,96085,433251952,20459,-1
01995.wav,1994,1995,890999507,48000,1,5.317,255217,165143184,51429,-1
01996.wav,1995,1996,891938533,48000,1,4.318,207247,267169904,42622,-1
01997.wav,1996,1997,892403235,48000,1,6.282,301555,35473584,67494,-1
01998.wav,1997,1998,892457956,48000,1,6.755,324256,12592560,68078,-1
01999.wav,1998,1999,892581481,48000,1,5.659,271640,322619904,65733,-1
02000.wav,1999,2000,892710921,48000,1,6.281,301490,339694016,62055,-1
02001.wav,2000,2001,892752580,48000,1,4.288,205805,185780672,44434,-1
02002.wav,2001,2002,892877605,48000,1,2.444,117326,548990960,23043,-1
02003.wav,2002,2003,893100904,48000,1,3.936,188925,180640112,34498,-1
02004.wav,2003,2004,893743852,48000,1,4.307,206733,213065824,42244,-1
02005.wav,2004,2005,893744873,48000,1,4.746,227819,281565264,34088,-1
02006.wav,2005,2006,893901063,48000,1,1.507,72328,402830208,21224,-1
02007.wav,2006,2007,893970693,48000,1,2.780,133457,41808848,27300,-1
02008.wav,2007,2008,893983755,48000,1,3.689,177087,290873968,32690,-1
02009.wav,2008,2009,894045412,48000,1,2.631,126286,135573536,28844,-1
02010.wav,2009,2010,894319017,48000,1,3.746,179823,32122048,38776,-1
02011.wav,2010,2011,894541323,48000,1,1.975,94777,313996448,25772,-1
02012.wav,2011,2012,895547794,48000,1,5.061,242936,566423888,57379,-1
02013.wav,2012,2013,895777033,48000,1,7.392,354809,76164816,74680,-1
02014.wav,2013,2014,896302040,48000,1,1.966,94351,496132240,16886,-1
02015.wav,2014,2015,896838067,48000,1,6.996,335811,557060224,126880,-1
02016.wav,2015,2016,897570048,48000,1,4.771,229021,409861360,52010,-1
02017.wav,2016,2017,898083556,48000,1,5.520,264964,427638976,82656,-1
02018.wav,2017,2018,899896832,48000,1,6.692,321232,345985088,73049,-1
02019.wav,2018,2019,900170437,48000,1,8.551,410469,315658624,97500,-1
02020.wav,2019,2020,900355619,48000,1,6.226,298835,377329072,98190,-1
02021.wav,2020,2021,900985384,48000,1,7.846,376612,352357440,80070,-1
02022.wav,2021,2022,901808530,48000,1,6.744,323714,100606208,66676,-1
02023.wav,2022,2023,901863251,48000,1,3.824,183553,79914032,31300,-1
02024.wav,2023,2024,901925923,48000,1,1.305,62648,313454128,20661,-1
02025.wav,2024,2025,902160396,48000,1,6.663,319830,516488736,71169,-1
02026.wav,2025,2026,902855544,48000,1,6.272,301062,235449792,90491,-1
02027.wav,2026,2027,903138606,48000,1,4.164,199866,487767424,46304,-1
02028.wav,2027,2028,903321267,48000,1,4.800,230406,132467472,42760,-1
02029.wav,2028,2029,903375988,48000,1,3.063,147020,107819616,30091,-1
02030.wav,2029,2030,904137835,48000,1,7.212,346179,472937856,90602,-1
02031.wav,2030,2031,905157544,48000,1,2.051,98447,542651648,16568,-1
02032.wav,2031,2032,905704977,48000,1,4.321,207409,554925728,53501,-1
02033.wav,2032,2033,907181165,48000,1,9.186,440914,249017408,111276,-1
02034.wav,2033,2034,907229992,48000,1,0.720,34567,178663824,14630,-1
02035.wav,2034,2035,907605229,48000,1,7.677,368510,337670864,81767,-1
02036.wav,2035,2036,908072008,48000,1,1.636,78549,347571552,11470,-1
02037.wav,2036,2037,908248177,48000,1,2.960,142070,391520528,32191,-1
02038.wav,2037,2038,908597522,48000,1,9.319,447336,419321760,86793,-1
02039.wav,2038,2039,908865001,48000,1,3.034,145609,37983872,33323,-1
02040.wav,2039,2040,909158604,48000,1,6.710,322083,46510192,69094,-1
02041.wav,2040,2041,909172687,48000,1,3.643,174886,342988832,33514,-1
02042.wav,2041,2042,909267809,48000,1,5.875,281976,172619600,64802,-1
02043.wav,2042,2043,909747852,48000,1,5.244,251733,229896016,46164,-1
02044.wav,2043,2044,911371531,48000,1,2.824,135562,509043168,29009,-1
02045.wav,2044,2045,911850316,48000,1,8.374,401957,539239536,109818,-1
02046.wav,2045,2046,912422960,48000,1,4.636,222512,133802528,54924,-1
02047.wav,2046,2047,912716563,48000,1,2.157,103550,144018656,22304,-1
02048.wav,2047,2048,912771284,48000,1,6.979,335004,116870960,71301,-1
02049.wav,2048,2049,912829547,48000,1,5.266,252752,517429568,57622,-1
02050.wav,2049,2050,913791911,48000,1,6.120,293757,355878592,82809,-1
02051.wav,2050,2051,913846827,48000,1,6.278,301362,398044880,74260,-1
02052.wav,2051,2052,914606979,48000,1,6.831,327868,327873440,69343,-1
02053.wav,2052,2053,915078828,48000,1,5.217,250432,439370032,76128,-1
02054.wav,2053,2054,915140485,48000,1,3.855,185033,384060384,48879,-1
02055.wav,2054,2055,915200800,48000,1,3.174,152362,353964832,46269,-1
02056.wav,2055,2056,915359369,48000,1,3.577,171709,363850304,63967,-1
02057.wav,2056,2057,916002317,48000,1,6.502,312093,404880256,71868,-1
02058.wav,2057,2058,916453957,48000,1,6.070,291343,8294464,68266,-1
02059.wav,2058,2059,916805823,48000,1,7.920,380151,506557920,96270,-1
02060.wav,2059,2060,917172645,48000,1,5.867,281616,239053104,81270,-1
02061.wav,2060,2061,917575690,48000,1,6.340,304305,233211360,73146,-1
02062.wav,2061,2062,917846213,48000,1,2.837,136161,492488192,25775,-1
02063.wav,2062,2063,917966694,48000,1,5.744,275718,38800848,40720,-1
02064.wav,2063,2064,918041413,48000,1,5.318,255249,129658992,52671,-1
02065.wav,2064,2065,918260297,48000,1,4.935,236891,47216384,44617,-1
02066.wav,2065,2066,918274380,48000,1,4.360,209290,344074224,43399,-1
02067.wav,2066,2067,918331622,48000,1,2.537,121755,553153904,26801,-1
02068.wav,2067,2068,918369739,48000,1,5.066,243186,1764944,54588,-1
02069.wav,2068,2069,918500200,48000,1,4.272,205069,199225088,45926,-1
02070.wav,2069,2070,919088427,48000,1,7.410,355681,238658016,78139,-1
02071.wav,2070,2071,919718313,48000,1,6.893,330870,94922144,80347,-1
02072.wav,2071,2072,919827755,48000,1,1.315,63114,54473824,7795,-1
02073.wav,2072,2073,919955668,48000,1,3.253,156134,157578016,40684,-1
02074.wav,2073,2074,920133878,48000,1,8.886,426525,499781920,88579,-1
02075.wav,2074,2075,921432588,48000,1,3.321,159403,159538560,33307,-1
02076.wav,2075,2076,922250656,48000,1,3.455,165828,315938480,39428,-1
02077.wav,2076,2077,922515383,48000,1,7.654,367388,470212224,100402,-1
02078.wav,2077,2078,922742503,48000,1,7.622,365875,441123840,120988,-1
02079.wav,2078,2079,922893604,48000,1,5.696,273397,357908416,78104,-1
02080.wav,2079,2080,923711193,48000,1,1.731,83084,550157008,14685,-1
02081.wav,2080,2081,923763393,48000,1,4.054,194603,323566928,46785,-1
02082.wav,2081,2082,924242178,48000,1,5.981,287074,385839168,57606,-1
02083.wav,2082,2083,924981506,48000,1,7.126,342029,275931408,79708,-1
02084.wav,2083,2084,925036227,48000,1,8.064,387054,264901232,83427,-1
02085.wav,2084,2085,925333426,48000,1,1.440,69128,566282720,19114,-1
02086.wav,2085,2086,926156397,48000,1,7.146,343007,514173712,96521,-1
02087.wav,2086,2087,927317268,48000,1,4.973,238697,126557792,57874,-1
02088.wav,2087,2088,927536152,48000,1,4.601,220842,44750352,52972,-1
02089.wav,2088,2089,928996425,48000,1,5.618,269684,425726976,60540,-1
02090.wav,2089,2090,930374139,48000,1,2.215,106335,407798384,22378,-1
02091.wav,2090,2091,931899938,48000,1,9.323,447485,463936960,117793,-1
02092.wav,2091,2092,932593523,48000,1,6.263,300639,414918832,71288,-1
02093.wav,2092,2093,932861002,48000,1,5.144,246889,34568160,57536,-1
02094.wav,2093,2094,934503179,48000,1,2.283,109591,134540224,19025,-1
02095.wav,2094,2095,934557900,48000,1,5.190,249120,108604368,64789,-1
02096.wav,2095,2096,934612621,48000,1,6.010,288464,88001520,69032,-1
02097.wav,2096,2097,934667342,48000,1,9.655,463461,66844880,104586,-1
02098.wav,2097,2098,934796782,48000,1,5.719,274526,144496464,69395,-1
02099.wav,2098,2099,934906224,48000,1,4.256,204266,98527920,41685,-1
02100.wav,2099,2100,935169195,48000,1,2.038,97824,451889120,21541,-1
02101.wav,2100,2101,935889802,48000,1,1.156,55494,502960,18490,-1
02102.wav,2101,2102,936364240,48000,1,5.821,279420,152726480,68539,-1
02103.wav,2102,2103,936418961,48000,1,3.537,169790,127912752,36317,-1
02104.wav,2103,2104,936473682,48000,1,2.608,125190,105167776,26261,-1
02105.wav,2104,2105,937028169,48000,1,5.012,240579,347115328,51657,-1
02106.wav,2105,2106,939355370,48000,1,3.104,149015,360224336,46128,-1
02107.wav,2106,2107,939649994,48000,1,9.993,479646,407580640,107776,-1
02108.wav,2107,2108,940224138,48000,1,7.888,378629,267842544,87585,-1
02109.wav,2108,2109,940354599,48000,1,5.898,283095,344716736,75347,-1
02110.wav,2109,2110,940414409,48000,1,6.780,325427,310800512,73692,-1
02111.wav,2110,2111,940558967,48000,1,3.919,188125,168435440,43725,-1
02112.wav,2111,2112,940628204,48000,1,4.043,194071,315050784,40642,-1
02113.wav,2112,2113,940757644,48000,1,7.007,336314,331307392,79539,-1
02114.wav,2113,2114,941039206,48000,1,5.376,258063,218430944,60746,-1
02115.wav,2114,2115,941791596,48000,1,2.792,134003,270404448,21785,-1
02116.wav,2115,2116,941798532,48000,1,2.672,128255,95877440,24685,-1
02117.wav,2116,2117,941846317,48000,1,2.822,135435,256670256,18031,-1
02118.wav,2117,2118,941853253,48000,1,6.002,288093,72721312,64806,-1
02119.wav,2118,2119,942017416,48000,1,4.123,197922,12892784,45612,-1
02120.wav,2119,2120,942034020,48000,1,3.823,183507,550807488,45548,-1
02121.wav,2120,2121,942088741,48000,1,2.784,133642,549937040,28061,-1
02122.wav,2121,2122,942198183,48000,1,2.453,117760,546699552,24146,-1
02123.wav,2122,2123,942660364,48000,1,9.543,458078,180776000,100094,-1
02124.wav,2123,2124,943584874,48000,1,7.104,340987,22887584,75374,-1
02125.wav,2124,2125,943604872,48000,1,4.682,224737,135902736,55738,-1
02126.wav,2125,2126,943823756,48000,1,4.656,223511,50443296,51530,-1
02127.wav,2126,2127,944481069,48000,1,2.465,118326,157437696,21748,-1
02128.wav,2127,2128,946486560,48000,1,6.740,323498,371328416,76469,-1
02129.wav,2128,2129,946746196,48000,1,5.245,251771,481587280,61329,-1
02130.wav,2129,2130,947116446,48000,1,4.550,218384,265316368,47690,-1
02131.wav,2130,2131,947464770,48000,1,6.664,319886,252833664,76113,-1
02132.wav,2131,2132,947943555,48000,1,6.351,304870,333632480,72827,-1
02133.wav,2132,2133,948305962,48000,1,5.720,274542,449413232,83504,-1
02134.wav,2133,2134,948457063,48000,1,2.388,114646,361011680,21744,-1
02135.wav,2134,2135,949148606,48000,1,4.486,215340,39743600,47139,-1
02136.wav,2135,2136,949203327,48000,1,7.335,352086,19863648,91235,-1
02137.wav,2136,2137,949456292,48000,1,8.002,384075,346235520,67316,-1
02138.wav,2137,2138,949712112,48000,1,0.971,46599,247500592,14433,-1
02139.wav,2138,2139,950388749,48000,1,2.995,143743,155645344,33363,-1
02140.wav,2139,2140,951315790,48000,1,5.917,284028,500437200,68177,-1
02141.wav,2140,2141,952308083,48000,1,6.208,298001,537254928,75670,-1
02142.wav,2141,2142,952698066,48000,1,7.709,370027,487813760,94833,-1
02143.wav,2142,2143,953229051,48000,1,4.048,194305,116177328,42568,-1
02144.wav,2143,2144,953240084,48000,1,3.323,159518,542928496,39478,-1
02145.wav,2144,2145,953582762,48000,1,2.604,125010,169802080,20148,-1
02146.wav,2145,2146,953697295,48000,1,9.930,476648,473345232,107157,-1
02147.wav,2146,2147,955000026,48000,1,7.331,351879,318455600,82543,-1
02148.wav,2147,2148,955186286,48000,1,5.816,279181,348032512,60720,-1
02149.wav,2148,2149,955564007,48000,1,5.879,282206,351861088,54849,-1
02150.wav,2149,2150,956493101,48000,1,1.230,59025,1335840,18777,-1
02151.wav,2150,2151,957807637,48000,1,6.033,289589,391877264,60845,-1
02152.wav,2151,2152,958260298,48000,1,2.802,134510,98182096,27543,-1
02153.wav,2152,2153,958553901,48000,1,2.814,135052,105587680,27257,-1
02154.wav,2153,2154,958718064,48000,1,2.364,113486,46709584,24433,-1
02155.wav,2154,2155,960176080,48000,1,8.888,426635,93721744,100971,-1
02156.wav,2155,2156,960285522,48000,1,1.946,93391,53272688,18648,-1
02157.wav,2156,2157,960414962,48000,1,8.888,426643,122438320,98437,-1
02158.wav,2157,2158,960417483,48000,1,2.116,101583,501241440,20321,-1
02159.wav,2158,2159,960472204,48000,1,7.192,345211,499195488,59084,-1
02160.wav,2159,2160,960524404,48000,1,6.532,313525,80538224,58783,-1
02161.wav,2160,2161,960930991,48000,1,7.257,348343,509300656,88713,-1
02162.wav,2161,2162,962101003,48000,1,4.399,211140,422882192,46832,-1
02163.wav,2162,2163,962986989,48000,1,1.649,79173,312892368,26459,-1
02164.wav,2163,2164,963820529,48000,1,2.981,143080,558325536,31849,-1
02165.wav,2164,2165,963871815,48000,1,7.246,347813,271353760,89547,-1
02166.wav,2165,2166,963926536,48000,1,9.055,434629,257802256,100242,-1
02167.wav,2166,2167,964168960,48000,1,3.385,162467,550006336,37391,-1
02168.wav,2167,2168,964460042,48000,1,4.587,220169,330036800,41479,-1
02169.wav,2168,2169,964490608,48000,1,1.678,80561,526449744,13246,-1
02170.wav,2169,2170,964699945,48000,1,5.167,248018,384434784,54123,-1
02171.wav,2170,2171,964925765,48000,1,7.420,356178,227208928,89327,-1
02172.wav,2171,2172,965274089,48000,1,5.803,278520,223560048,71063,-1
02173.wav,2172,2173,965375363,48000,1,2.011,96528,1486256,28880,-1
02174.wav,2173,2174,965636496,48000,1,8.842,424434,422084240,109962,-1
02175.wav,2174,2175,965903975,48000,1,7.797,374262,51144112,78011,-1
02176.wav,2175,2176,966253320,48000,1,5.062,243000,188193456,48789,-1
02177.wav,2176,2177,966657386,48000,1,3.043,146064,212602224,29668,-1
02178.wav,2177,2178,967135150,48000,1,6.962,334188,233710880,103521,-1
02179.wav,2178,2179,967405673,48000,1,6.344,304495,492651776,87367,-1
02180.wav,2179,2180,967416712,48000,1,6.186,296918,76849408,73940,-1
02181.wav,2180,2181,967484495,48000,1,8.006,384283,298675056,77597,-1
02182.wav,2181,2182,967580875,48000,1,2.015,96741,18592208,18889,-1
02183.wav,2182,2183,967600873,48000,1,7.400,355190,129879424,74059,-1
02184.wav,2183,2184,967929199,48000,1,7.173,344286,2274768,90247,-1
02185.wav,2184,2185,968116902,48000,1,9.214,442259,510375552,140622,-1
02186.wav,2185,2186,968155735,48000,1,2.205,105846,566636064,26862,-1
02187.wav,2186,2187,968407984,48000,1,5.687,272974,193565104,58263,-1
02188.wav,2187,2188,970676077,48000,1,6.478,310934,207153488,84087,-1
02189.wav,2188,2189,970992048,48000,1,5.302,254487,164030240,56791,-1
02190.wav,2189,2190,971365412,48000,1,3.861,185313,434609296,49306,-1
02191.wav,2190,2191,971939556,48000,1,4.441,213179,332527008,49557,-1
02192.wav,2191,2192,972301963,48000,1,8.878,426137,441389984,143392,-1
02193.wav,2192,2193,972468968,48000,1,2.689,129060,167497136,25757,-1
02194.wav,2193,2194,972569442,48000,1,3.755,180249,214470688,56466,-1
02195.wav,2194,2195,973377574,48000,1,7.801,374457,317667424,82721,-1
02196.wav,2195,2196,974242239,48000,1,1.474,70744,204434384,11448,-1
02197.wav,2196,2197,974533864,48000,1,0.556,26688,313625808,11095,-1
02198.wav,2197,2198,975254549,48000,1,7.106,341078,143700720,88326,-1
02199.wav,2198,2199,976261866,48000,1,0.714,34258,353145088,15219,-1
02200.wav,2199,2200,977563856,48000,1,5.795,278178,469401616,66798,-1
02201.wav,2200,2201,977765485,48000,1,2.087,100167,542758896,22630,-1
02202.wav,2201,2202,977901439,48000,1,4.547,218242,454981216,50794,-1
02203.wav,2202,2203,978312918,48000,1,1.717,82427,555099792,15198,-1
02204.wav,2203,2204,980679949,48000,1,2.462,118155,347661728,25509,-1
02205.wav,2204,2205,982256299,48000,1,4.669,224101,94528848,52339,-1
02206.wav,2205,2206,982311020,48000,1,6.712,322179,72013936,83468,-1
02207.wav,2206,2207,982475183,48000,1,5.212,250180,11710784,56507,-1
02208.wav,2207,2208,982659344,48000,1,4.846,232588,61545152,49965,-1
02209.wav,2208,2209,983651637,48000,1,4.724,226773,222362816,60628,-1
02210.wav,2209,2210,984062639,48000,1,8.171,392193,134695472,87667,-1
02211.wav,2210,2211,984172081,48000,1,7.940,381098,88209152,84100,-1
02212.wav,2211,2212,984229323,48000,1,7.231,347089,496915680,65226,-1
02213.wav,2212,2213,984281523,48000,1,7.585,364059,49617040,88272,-1
02214.wav,2213,2214,984356242,48000,1,4.280,205429,144657360,47087,-1
02215.wav,2214,2215,984563276,48000,1,3.093,148443,241544928,32267,-1
02216.wav,2215,2216,985742060,48000,1,1.852,88878,497676048,14202,-1
02217.wav,2216,2217,987237930,48000,1,3.227,154918,373360624,51073,-1
02218.wav,2217,2218,987774978,48000,1,2.835,136065,559657744,38260,-1
02219.wav,2218,2219,987808741,48000,1,2.006,96293,354147520,24923,-1
02220.wav,2219,2220,987922537,48000,1,5.502,264100,251788448,67442,-1
02221.wav,2220,2221,987924500,48000,1,2.433,116792,557639824,26903,-1
02222.wav,2221,2222,988737605,48000,1,3.171,152215,213031296,34481,-1
02223.wav,2222,2223,989841861,48000,1,3.353,160936,546862944,34867,-1
02224.wav,2223,2224,989899976,48000,1,1.538,73810,48220784,11075,-1
02225.wav,2224,2225,989914059,48000,1,7.087,340154,345052800,74576,-1
02226.wav,2225,2226,989954697,48000,1,1.471,70587,28397376,11090,-1
02227.wav,2226,2227,990009418,48000,1,4.522,217059,2908016,50175,-1
02228.wav,2227,2228,990080743,48000,1,2.038,97802,549335744,17817,-1
02229.wav,2228,2229,990135464,48000,1,2.880,138237,547605712,30554,-1
02230.wav,2229,2230,990139879,48000,1,7.322,351447,200048416,75202,-1
02231.wav,2230,2231,990304042,48000,1,4.064,195081,183760688,36464,-1
02232.wav,2231,2232,990319625,48000,1,4.189,201056,551665536,44203,-1
02233.wav,2232,2233,991303271,48000,1,6.678,320567,114360640,73315,-1
02234.wav,2233,2234,991357992,48000,1,4.883,234372,95945552,55019,-1
02235.wav,2234,2235,991596874,48000,1,4.467,214432,124650352,48988,-1
02236.wav,2235,2236,991761037,48000,1,6.391,306782,62064464,70560,-1
02237.wav,2236,2237,991948740,48000,1,9.229,442970,524501168,76734,-1
02238.wav,2237,2238,993164332,48000,1,7.761,372514,136169632,94681,-1
02239.wav,2238,2239,993219053,48000,1,2.899,139133,110187696,31021,-1
02240.wav,2239,2240,994040529,48000,1,7.775,373219,159776272,94524,-1
02241.wav,2240,2241,994437924,48000,1,5.975,286788,463287120,74715,-1
02242.wav,2241,2242,994502259,48000,1,2.423,116288,435848912,25743,-1
02243.wav,2242,2243,996621185,48000,1,3.076,147642,276242448,30590,-1
02244.wav,2243,2244,996675906,48000,1,5.194,249327,265402752,51563,-1
02245.wav,2244,2245,997503015,48000,1,9.991,479544,333903184,105666,-1
02246.wav,2245,2246,998591688,48000,1,4.766,228760,260536400,57630,-1
02247.wav,2246,2247,998611686,48000,1,3.067,147237,305159728,25916,-1
02248.wav,2247,2248,998666407,48000,1,6.961,334123,300602368,77012,-1
02249.wav,2248,2249,998762787,48000,1,2.201,105653,20159616,20933,-1
02250.wav,2249,2250,999015752,48000,1,3.056,146666,346389536,26656,-1
02251.wav,2250,2251,1001425129,48000,1,4.064,195091,158873344,42086,-1
02252.wav,2251,2252,1001867543,48000,1,6.877,330098,537581760,64407,-1
02253.wav,2252,2253,1002257526,48000,1,9.282,445556,488169520,143407,-1
02254.wav,2253,2254,1003256755,48000,1,7.277,349278,473601600,89056,-1
02255.wav,2254,2255,1003286652,48000,1,3.301,158462,368287520,36109,-1
02256.wav,2255,2256,1003539617,48000,1,5.717,274437,464952128,64778,-1
02257.wav,2256,2257,1005029772,48000,1,2.349,112736,547384192,21902,-1
02258.wav,2257,2258,1006307021,48000,1,7.645,366938,67396400,84865,-1
02259.wav,2258,2259,1006416463,48000,1,6.079,291794,31992992,66636,-1
02260.wav,2259,2260,1006471184,48000,1,4.237,203371,7521360,54746,-1
02261.wav,2260,2261,1007485996,48000,1,6.957,333959,531588144,86900,-1
02262.wav,2261,2262,1007592917,48000,1,3.389,162690,232130736,32607,-1
02263.wav,2262,2263,1007612358,48000,1,1.908,91591,481287584,17477,-1
02264.wav,2263,2264,1007777136,48000,1,1.950,93619,451997520,21379,-1
02265.wav,2264,2265,1007877000,48000,1,6.522,313079,497070192,60452,-1
02266.wav,2265,2266,1007942262,48000,1,6.215,298335,297781392,71027,-1
02267.wav,2266,2267,1008003919,48000,1,4.036,193727,153872352,43515,-1
02268.wav,2267,2268,1008058640,48000,1,6.160,295689,128810016,54084,-1
02269.wav,2268,2269,1008168082,48000,1,7.068,339270,83459328,85667,-1
02270.wav,2269,2270,1008277524,48000,1,1.833,87978,46749760,14650,-1
02271.wav,2270,2271,1008332245,48000,1,9.173,440293,26651648,102027,-1
02272.wav,2271,2272,1008334766,48000,1,5.415,259917,493991952,44061,-1
02273.wav,2272,2273,1008497743,48000,1,0.622,29837,642768,12781,-1
02274.wav,2273,2274,1009636110,48000,1,3.748,179887,347374416,32703,-1
02275.wav,2274,2275,1009919701,48000,1,7.137,342595,148327952,92154,-1
02276.wav,2275,2276,1010843948,48000,1,2.639,126680,448958992,31034,-1
02277.wav,2276,2277,1012295367,48000,1,0.664,31896,248755872,12080,-1
02278.wav,2277,2278,1012393257,48000,1,6.599,316750,174825088,77942,-1
02279.wav,2278,2279,1012910831,48000,1,4.904,235368,356471408,78873,-1
02280.wav,2279,2280,1013325038,48000,1,4.117,197608,177156256,49770,-1
02281.wav,2280,2281,1013657095,48000,1,3.217,154423,13786272,38601,-1
02282.wav,2281,2282,1013673699,48000,1,1.859,89252,551214352,14775,-1
02283.wav,2282,2283,1014259405,48000,1,12.856,617103,384847296,168640,-1
02284.wav,2283,2284,1014300043,48000,1,6.582,315944,181982208,60880,-1
02285.wav,2284,2285,1015292336,48000,1,8.673,416284,278236016,105178,-1
02286.wav,2285,2286,1015299272,48000,1,7.258,348399,111389488,77744,-1
02287.wav,2286,2287,1015353993,48000,1,8.010,384500,90223440,73808,-1
02288.wav,2287,2288,1015476497,48000,1,2.567,123233,291895840,20556,-1
02289.wav,2288,2289,1015538154,48000,1,7.778,373353,146050032,96699,-1
02290.wav,2289,2290,1015758059,48000,1,7.268,348886,192743808,77641,-1
02291.wav,2290,2291,1015924743,48000,1,6.040,289910,506989584,67993,-1
02292.wav,2291,2292,1015999462,48000,1,8.568,411282,515492144,137254,-1
02293.wav,2292,2293,1016694610,48000,1,1.417,68019,234106592,10908,-1
02294.wav,2293,2294,1016972275,48000,1,5.694,273333,400546624,86999,-1
02295.wav,2294,2295,1017160333,48000,1,5.490,263503,130112288,63612,-1
02296.wav,2295,2296,1017269775,48000,1,9.502,456120,83797344,104062,-1
02297.wav,2296,2297,1017324496,48000,1,3.814,183088,64568224,41213,-1
02298.wav,2297,2298,1017676362,48000,1,6.482,311118,510872528,102857,-1
02299.wav,2298,2299,1019282695,48000,1,6.152,295302,429547088,104778,-1
02300.wav,2299,2300,1020391366,48000,1,7.935,380866,407710512,87840,-1
02301.wav,2300,2301,1020551508,48000,1,2.281,109485,167876736,23653,-1
02302.wav,2301,2302,1020562465,48000,1,6.705,321828,281266080,70373,-1
02303.wav,2302,2303,1020630248,48000,1,7.716,370383,412245104,72937,-1
02304.wav,2303,2304,1020671907,48000,1,6.468,310454,261920368,63508,-1
02305.wav,2304,2305,1021499016,48000,1,10.306,494676,332669264,99802,-1
02306.wav,2305,2306,1021861423,48000,1,5.026,241246,441704960,69117,-1
02307.wav,2306,2307,1022314084,48000,1,4.505,216219,303513136,52833,-1
02308.wav,2307,2308,1022320053,48000,1,0.900,43200,247587008,16108,-1
02309.wav,2308,2309,1022324779,48000,1,1.880,90220,204653408,15962,-1
02310.wav,2309,2310,1022423526,48000,1,4.291,205966,285049536,41739,-1
02311.wav,2310,2311,1022436588,48000,1,3.689,177057,417156000,29372,-1
02312.wav,2311,2312,1022478247,48000,1,6.495,311779,279719040,54113,-1
02313.wav,2312,2313,1022587689,48000,1,8.112,389389,259219728,114782,-1
02314.wav,2313,2314,1022662408,48000,1,1.791,85984,294655344,13986,-1
02315.wav,2314,2315,1022771850,48000,1,7.422,356239,282621232,88571,-1
02316.wav,2315,2316,1022996690,48000,1,2.559,122853,155828416,28616,-1
02317.wav,2316,2317,1023011753,48000,1,6.950,333580,341581008,72366,-1
02318.wav,2317,2318,1023237573,48000,1,4.865,233522,196332576,55461,-1
02319.wav,2318,2319,1023347015,48000,1,3.575,171621,187010448,39796,-1
02320.wav,2319,2320,1023586918,48000,1,5.999,287937,228367904,82488,-1
02321.wav,2320,2321,1025607852,48000,1,2.125,102016,542059824,19397,-1
02322.wav,2321,2322,1028986314,48000,1,5.424,260335,398262592,57422,-1
02323.wav,2322,2323,1031999920,48000,1,1.917,92026,149035200,19010,-1
02324.wav,2323,2324,1032109362,48000,1,4.467,214439,102169344,49431,-1
02325.wav,2324,2325,1032406507,48000,1,3.550,170390,523729920,27787,-1
02326.wav,2325,2326,1033049455,48000,1,7.643,366860,541471232,90784,-1
02327.wav,2326,2327,1033731541,48000,1,7.072,339452,88569488,84582,-1
02328.wav,2327,2328,1035594930,48000,1,1.523,73081,312989456,31796,-1
02329.wav,2328,2329,1036428470,48000,1,4.198,201521,558462464,46855,-1
02330.wav,2329,2330,1036485642,48000,1,0.553,26521,1018272,9651,-1
02331.wav,2330,2331,1037372555,48000,1,7.346,352619,278602960,82800,-1
02332.wav,2331,2332,1037481997,48000,1,7.444,357312,252156656,94778,-1
02333.wav,2332,2333,1037556716,48000,1,7.285,349695,292695024,85498,-1
02334.wav,2333,2334,1037892999,48000,1,8.988,431442,188436448,102539,-1
02335.wav,2334,2335,1038072745,48000,1,2.406,115499,548154688,23462,-1
02336.wav,2335,2336,1038994734,48000,1,6.577,315701,273361824,76790,-1
02337.wav,2336,2337,1039049455,48000,1,7.692,369205,259672704,88058,-1
02338.wav,2337,2338,1039111112,48000,1,3.370,161774,59771872,36450,-1
02339.wav,2338,2339,1039124174,48000,1,6.303,302566,299816480,77084,-1
02340.wav,2339,2340,1039233616,48000,1,7.045,338165,283557184,71215,-1
02341.wav,2340,2341,1039349994,48000,1,6.307,302734,84034272,78200,-1
02342.wav,2341,2342,1039401321,48000,1,5.059,242823,546943680,51761,-1
02343.wav,2342,2343,1039459436,48000,1,6.783,325605,48361168,84647,-1
02344.wav,2343,2344,1039473519,48000,1,6.213,298203,345371792,69324,-1
02345.wav,2344,2345,1039514157,48000,1,3.541,169971,28594640,36980,-1
02346.wav,2345,2346,1039568878,48000,1,5.428,260555,3362880,56537,-1
02347.wav,2346,2347,1039569899,48000,1,3.157,151553,179140624,32031,-1
02348.wav,2347,2348,1039699339,48000,1,5.289,253891,200254560,60211,-1
02349.wav,2348,2349,1039863502,48000,1,3.930,188650,183797184,36563,-1
02350.wav,2349,2350,1040331746,48000,1,6.171,296190,485038992,78862,-1
02351.wav,2350,2351,1040404298,48000,1,6.088,292241,245044608,98681,-1
02352.wav,2351,2352,1040625349,48000,1,4.229,202972,490757808,42625,-1
02353.wav,2352,2353,1041026894,48000,1,2.791,133967,54951664,30505,-1
02354.wav,2353,2354,1041101613,48000,1,6.169,296134,150357232,64517,-1
02355.wav,2354,2355,1043599989,48000,1,7.275,349217,164392352,78711,-1
02356.wav,2355,2356,1043699566,48000,1,3.769,180919,562002720,32541,-1
02357.wav,2356,2357,1044613187,48000,1,4.319,207322,271860256,47418,-1
02358.wav,2357,2358,1044907811,48000,1,5.736,275309,328051872,55600,-1
02359.wav,2358,2359,1044920873,48000,1,4.385,210476,433432688,51865,-1
02360.wav,2359,2360,1045017253,48000,1,5.591,268351,317986224,54833,-1
02361.wav,2360,2361,1045076909,48000,1,3.444,165307,167654848,37582,-1
02362.wav,2361,2362,1045091972,48000,1,7.060,338866,342090112,54485,-1
02363.wav,2362,2363,1045441317,48000,1,4.728,226966,387136224,55657,-1
02364.wav,2363,2364,1046015461,48000,1,5.307,254730,226058736,74013,-1
02365.wav,2364,2365,1046180645,48000,1,1.357,65158,276273072,10417,-1
02366.wav,2365,2366,1046406465,48000,1,2.811,134904,24327600,30241,-1
02367.wav,2366,2367,1046419527,48000,1,5.743,275655,284671680,57595,-1
02368.wav,2367,2368,1046645347,48000,1,2.055,98655,52532352,19187,-1
02369.wav,2368,2369,1046700068,48000,1,7.777,373306,33697696,81941,-1
02370.wav,2369,2370,1046850180,48000,1,2.451,117626,204508000,22706,-1
02371.wav,2370,2371,1047233574,48000,1,4.745,227766,195913424,50112,-1
02372.wav,2371,2372,1047288295,48000,1,7.842,376424,190977136,91604,-1
02373.wav,2372,2373,1048225867,48000,1,4.567,219222,300818416,48733,-1
02374.wav,2373,2374,1048855753,48000,1,3.792,182032,192131680,44578,-1
02375.wav,2374,2375,1048869807,48000,1,0.671,32197,353304256,14796,-1
02376.wav,2375,2376,1049421966,48000,1,1.782,85546,396751792,14989,-1
02377.wav,2376,2377,1049760519,48000,1,1.773,85109,178502096,28794,-1
02378.wav,2377,2378,1049780000,48000,1,4.238,203416,457399840,38310,-1
02379.wav,2378,2379,1050703489,48000,1,5.753,276127,430662560,83391,-1
02380.wav,2379,2380,1050984589,48000,1,5.975,286801,163094480,68241,-1
02381.wav,2380,2381,1051627999,48000,1,3.432,164754,403142832,32181,-1
02382.wav,2381,2382,1052216226,48000,1,4.566,219167,432191280,60174,-1
02383.wav,2382,2383,1052442046,48000,1,9.216,442371,326193184,106609,-1
02384.wav,2383,2384,1052551488,48000,1,4.400,211221,316869728,33340,-1
02385.wav,2384,2385,1052816215,48000,1,1.356,65066,473849088,9670,-1
02386.wav,2385,2386,1053099077,48000,1,5.777,277317,465157376,70012,-1
02387.wav,2386,2387,1055337059,48000,1,1.534,73656,266287840,11981,-1
02388.wav,2387,2388,1055553896,48000,1,6.496,311800,311027456,71434,-1
02389.wav,2388,2389,1055995921,48000,1,6.847,328649,145496784,77008,-1
02390.wav,2389,2390,1056105363,48000,1,7.165,343919,99131344,65437,-1
02391.wav,2390,2391,1056402508,48000,1,7.322,351476,517846160,113210,-1
02392.wav,2391,2392,1056861295,48000,1,7.330,351838,530758208,83915,-1
02393.wav,2392,2393,1057045456,48000,1,3.355,161041,531806368,38366,-1
02394.wav,2393,2394,1057152377,48000,1,6.401,307235,232324800,90347,-1
02395.wav,2394,2395,1057618100,48000,1,6.626,318033,129105824,76783,-1
02396.wav,2395,2396,1057758026,48000,1,2.023,97128,542473936,19495,-1
02397.wav,2396,2397,1057782263,48000,1,5.470,262555,63866112,51991,-1
02398.wav,2397,2398,1057911703,48000,1,7.677,368519,140442688,82806,-1
02399.wav,2398,2399,1058305459,48000,1,1.655,79427,554718576,15041,-1
02400.wav,2399,2400,1060953871,48000,1,3.238,155424,558255808,35273,-1
02401.wav,2400,2401,1061423153,48000,1,2.449,117530,567096976,25068,-1
02402.wav,2401,2402,1061720422,48000,1,2.685,128873,549415392,25674,-1
02403.wav,2402,2403,1061959304,48000,1,2.324,111541,551904528,22199,-1
02404.wav,2403,2404,1062470291,48000,1,2.473,118701,356852304,32373,-1
02405.wav,2404,2405,1063045456,48000,1,6.425,308405,258202368,85111,-1
02406.wav,2405,2406,1063052392,48000,1,3.516,168766,73706176,35291,-1
02407.wav,2406,2407,1063161834,48000,1,3.377,162120,36029200,27874,-1
02408.wav,2407,2408,1064044685,48000,1,4.737,227382,227686400,60427,-1
02409.wav,2408,2409,1064729292,48000,1,3.940,189097,42377344,39373,-1
02410.wav,2409,2410,1064730792,48000,1,6.254,300188,482880672,81981,-1
02411.wav,2410,2411,1064858732,48000,1,2.337,112157,111659552,21489,-1
02412.wav,2411,2412,1064968174,48000,1,9.973,478699,68323568,103006,-1
02413.wav,2412,2413,1065022895,48000,1,3.991,191554,51443632,43827,-1
02414.wav,2413,2414,1065132337,48000,1,8.333,399994,8783904,102544,-1
02415.wav,2414,2415,1065261777,48000,1,8.473,406719,78995376,94394,-1
02416.wav,2415,2416,1065723085,48000,1,2.349,112738,508700912,27160,-1
02417.wav,2416,2417,1066719793,48000,1,4.800,230417,130477600,56594,-1
02418.wav,2417,2418,1066971880,48000,1,5.797,278264,174166560,67478,-1
02419.wav,2418,2419,1067801282,48000,1,0.384,18413,353754640,7976,-1
02420.wav,2419,2420,1068512808,48000,1,5.947,285435,413963440,50488,-1
02421.wav,2420,2421,1068842155,48000,1,8.943,429276,430005264,158080,-1
02422.wav,2421,2422,1069015775,48000,1,1.784,85619,546498592,15155,-1
02423.wav,2422,2423,1069142694,48000,1,10.990,527513,334808048,115065,-1
02424.wav,2423,2424,1069307878,48000,1,6.924,332351,369438736,93749,-1
02425.wav,2424,2425,1069375661,48000,1,6.728,322964,438314288,104840,-1
02426.wav,2425,2426,1070189708,48000,1,9.683,464774,412481584,102302,-1
02427.wav,2426,2427,1070446695,48000,1,1.446,69384,492315568,11319,-1
02428.wav,2427,2428,1070470249,48000,1,2.891,138768,276970432,26575,-1
02429.wav,2428,2429,1070696069,48000,1,2.551,122463,30185712,19478,-1
02430.wav,2429,2430,1070750790,48000,1,2.940,141131,5916400,32586,-1
02431.wav,2430,2431,1070822115,48000,1,2.784,133642,549500640,27737,-1
02432.wav,2431,2432,1071394759,48000,1,2.476,118864,211617232,22261,-1
02433.wav,2432,2433,1071982986,48000,1,4.755,228246,285214720,39768,-1
02434.wav,2433,2434,1072208806,48000,1,5.977,286898,56344016,54498,-1
02435.wav,2434,2435,1072797033,48000,1,3.138,150608,196532592,28933,-1
02436.wav,2435,2436,1073064808,48000,1,2.834,136012,169327552,29548,-1
02437.wav,2436,2437,1073146378,48000,1,3.769,180907,228484640,47475,-1
02438.wav,2437,2438,1074015146,48000,1,4.827,231684,91923120,57364,-1
02439.wav,2438,2439,1074033070,48000,1,4.742,227621,159141456,48510,-1
02440.wav,2439,2440,1074069867,48000,1,7.062,338976,69613024,73435,-1
02441.wav,2440,2441,1074896434,48000,1,7.312,350989,474972176,95088,-1
02442.wav,2441,2442,1075932907,48000,1,4.464,214274,559772176,60847,-1
02443.wav,2442,2443,1076492768,48000,1,2.310,110877,321248128,21485,-1
02444.wav,2443,2444,1076519153,48000,1,1.644,78903,467322416,10692,-1
02445.wav,2444,2445,1077710881,48000,1,2.483,119166,270359552,27499,-1
02446.wav,2445,2446,1078060226,48000,1,5.865,281531,322422800,67898,-1
02447.wav,2446,2447,1079333060,48000,1,6.407,307534,263494688,70384,-1
02448.wav,2447,2448,1080214348,48000,1,6.023,289122,510063696,84289,-1
02449.wav,2448,2449,1080220299,48000,1,1.447,69460,481376272,12015,-1
02450.wav,2449,2450,1081191918,48000,1,2.951,141654,567350240,33587,-1
02451.wav,2450,2451,1081559380,48000,1,6.260,300495,149123792,71401,-1
02452.wav,2451,2452,1081614101,48000,1,3.266,156777,123772576,30740,-1
02453.wav,2452,2453,1081723543,48000,1,3.572,171452,81060336,42491,-1
02454.wav,2453,2454,1082121478,48000,1,5.045,242151,209303664,62705,-1
02455.wav,2454,2455,1083998127,48000,1,4.750,227979,476867680,59336,-1
02456.wav,2455,2456,1086473228,48000,1,6.955,333825,224739648,88842,-1
02457.wav,2456,2457,1086700496,48000,1,5.257,252330,427193936,49648,-1
02458.wav,2457,2458,1087157835,48000,1,3.164,151896,33167568,32609,-1
02459.wav,2458,2459,1088227368,48000,1,7.349,352774,534916880,83441,-1
02460.wav,2459,2460,1088334289,48000,1,4.841,232372,234760272,56164,-1
02461.wav,2460,2461,1088490284,48000,1,1.837,88191,258576,29865,-1
02462.wav,2461,2462,1088615851,48000,1,4.171,200201,78349168,40500,-1
02463.wav,2462,2463,1088725293,48000,1,4.908,235603,39350656,56397,-1
02464.wav,2463,2464,1088780014,48000,1,4.370,209772,19231168,51174,-1
02465.wav,2464,2465,1088909454,48000,1,4.832,231954,84196112,50799,-1
02466.wav,2465,2466,1088964175,48000,1,8.370,401775,65085376,83582,-1
02467.wav,2466,2467,1090422191,48000,1,2.249,107951,114640432,19192,-1
02468.wav,2467,2468,1090661073,48000,1,1.971,94606,150480672,16716,-1
02469.wav,2468,2469,1090715794,48000,1,9.733,467175,125004032,116975,-1
02470.wav,2469,2470,1090770515,48000,1,6.257,300358,103192992,72090,-1
02471.wav,2470,2471,1091402922,48000,1,8.737,419357,468512768,100923,-1
02472.wav,2471,2472,1093159449,48000,1,4.566,219147,168022256,48443,-1
02473.wav,2472,2473,1093501102,48000,1,6.428,308535,443392352,83056,-1
02474.wav,2473,2474,1094063205,48000,1,8.506,408272,286141616,100123,-1
02475.wav,2474,2475,1094076267,48000,1,7.162,343768,418293296,87286,-1
02476.wav,2475,2476,1094185709,48000,1,7.770,372963,410744928,72319,-1
02477.wav,2476,2477,1094302087,48000,1,6.708,322003,296112768,84549,-1
02478.wav,2477,2478,1094466250,48000,1,7.526,361246,276529936,97354,-1
02479.wav,2478,2479,1094651432,48000,1,12.262,588600,342306192,109049,-1
02480.wav,2479,2480,1094932720,48000,1,2.500,119977,204742096,18341,-1
02481.wav,2480,2481,1094982921,48000,1,3.898,187083,244415136,37742,-1
02482.wav,2481,2482,1095000777,48000,1,6.560,314894,387604560,70946,-1
02483.wav,2482,2483,1095164940,48000,1,2.500,120020,371404928,23347,-1
02484.wav,2483,2484,1095226597,48000,1,7.879,378210,229214480,86215,-1
02485.wav,2484,2485,1095574921,48000,1,7.472,358650,226545936,107533,-1
02486.wav,2485,2486,1095794826,48000,1,2.919,140100,265479344,26733,-1
02487.wav,2486,2487,1095965925,48000,1,8.197,393464,24387408,81770,-1
02488.wav,2487,2488,1096272590,48000,1,5.264,252659,289233424,57309,-1
02489.wav,2488,2489,1096314249,48000,1,2.382,114337,10364784,25077,-1
02490.wav,2489,2490,1096847755,48000,1,10.932,524754,191274608,112155,-1
02491.wav,2490,2491,1097435982,48000,1,5.991,287576,236300272,69411,-1
02492.wav,2491,2492,1097442538,48000,1,4.861,233337,397775936,61406,-1
02493.wav,2492,2493,1097901705,48000,1,6.866,329559,132962688,77896,-1
02494.wav,2493,2494,1098011147,48000,1,9.926,476458,85219616,107405,-1
02495.wav,2494,2495,1098215793,48000,1,4.268,204883,542266096,51419,-1
02496.wav,2495,2496,1100838114,48000,1,8.454,405791,363003760,117954,-1
02497.wav,2496,2497,1101187459,48000,1,7.968,382482,403175056,83285,-1
02498.wav,2497,2498,1101358558,48000,1,6.867,329608,275232816,68876,-1
02499.wav,2498,2499,1101413279,48000,1,1.334,64039,263899408,8933,-1
02500.wav,2499,2500,1101765161,48000,1,1.962,94181,177770384,31536,-1
02501.wav,2500,2501,1101775686,48000,1,5.789,277871,432451376,61902,-1
02502.wav,2501,2502,1102056227,48000,1,8.042,386016,321700048,92802,-1
02503.wav,2502,2503,1102405572,48000,1,4.332,207915,368582080,63107,-1
02504.wav,2503,2504,1102989231,48000,1,2.536,121724,155342064,26130,-1
02505.wav,2504,2505,1103164898,48000,1,5.457,261960,287198448,63358,-1
02506.wav,2505,2506,1103177960,48000,1,6.286,301726,419703872,60672,-1
02507.wav,2506,2507,1103287402,48000,1,2.211,106141,411745056,20723,-1
02508.wav,2507,2508,1103753125,48000,1,9.620,461760,343301536,81010,-1
02509.wav,2508,2509,1104374512,48000,1,8.118,389645,503590112,129980,-1
02510.wav,2509,2510,1105555381,48000,1,3.738,179412,145595824,42721,-1
02511.wav,2510,2511,1105961968,48000,1,3.195,153350,518060208,29908,-1
02512.wav,2511,2512,1106604916,48000,1,5.454,261774,532249920,65046,-1
02513.wav,2512,2513,1106995920,48000,1,7.530,361459,497435648,74794,-1
02514.wav,2513,2514,1107177560,48000,1,5.767,276815,129335440,64295,-1
02515.wav,2514,2515,1107266800,48000,1,4.716,226345,241235536,57527,-1
02516.wav,2515,2516,1108276990,48000,1,5.889,282684,461348608,74203,-1
02517.wav,2516,2517,1109093583,48000,1,1.661,79718,1104960,27028,-1
02518.wav,2517,2518,1110132519,48000,1,4.541,217963,310563456,48294,-1
02519.wav,2518,2519,1110763853,48000,1,5.420,260176,300432896,65297,-1
02520.wav,2519,2520,1111208557,48000,1,8.170,392177,4659088,88995,-1
02521.wav,2520,2521,1111242638,48000,1,4.446,213397,346935296,45199,-1
02522.wav,2521,2522,1111279882,48000,1,1.726,82833,549441104,12317,-1
02523.wav,2522,2523,1111686469,48000,1,6.308,302787,560494896,66080,-1
02524.wav,2523,2524,1112146129,48000,1,1.972,94654,214212016,18864,-1
02525.wav,2524,2525,1112502410,48000,1,4.323,207505,115300896,49517,-1
02526.wav,2525,2526,1112776015,48000,1,2.651,127230,14061648,25041,-1
02527.wav,2526,2527,1113014897,48000,1,10.469,502508,43694256,114082,-1
02528.wav,2527,2528,1113476205,48000,1,3.276,157247,504706512,47454,-1
02529.wav,2528,2529,1114527634,48000,1,4.444,213321,68730528,42553,-1
02530.wav,2529,2530,1114711795,48000,1,7.966,382387,119962672,89462,-1
02531.wav,2530,2531,1115180039,48000,1,5.980,287032,480234800,65664,-1
02532.wav,2531,2532,1115587471,48000,1,0.711,34108,312663344,13763,-1
02533.wav,2532,2533,1117611824,48000,1,1.083,52000,401970160,17109,-1
02534.wav,2533,2534,1117875045,48000,1,9.057,434722,266052992,102067,-1
02535.wav,2534,2535,1117942828,48000,1,5.646,270999,405910112,51153,-1
02536.wav,2535,2536,1118223369,48000,1,8.130,390225,253988032,98390,-1
02537.wav,2536,2537,1118465793,48000,1,1.774,85155,549794576,14698,-1
02538.wav,2537,2538,1119109486,48000,1,1.240,59528,402744080,18404,-1
02539.wav,2538,2539,1119516201,48000,1,3.998,191886,237106128,45677,-1
02540.wav,2539,2540,1119736106,48000,1,4.619,221724,274758608,42145,-1
02541.wav,2540,2541,1119865546,48000,1,3.645,174960,301635920,39104,-1
02542.wav,2541,2542,1119920267,48000,1,7.132,342345,290699536,82981,-1
02543.wav,2542,2543,1119961926,48000,1,2.383,114403,20812832,21924,-1
02544.wav,2543,2544,1120029709,48000,1,5.799,278364,277064448,64451,-1
02545.wav,2544,2545,1120091366,48000,1,3.813,183023,86513296,44244,-1
02546.wav,2545,2546,1120255529,48000,1,2.607,125119,30263600,26671,-1
02547.wav,2546,2547,1120269612,48000,1,6.302,302515,336400080,68326,-1
02548.wav,2547,2548,1120310250,48000,1,5.613,269447,6077376,65470,-1
02549.wav,2548,2549,1120788162,48000,1,5.633,270373,560786416,89359,-1
02550.wav,2549,2550,1120898477,48000,1,6.332,303936,186289376,70455,-1
02551.wav,2550,2551,1121431983,48000,1,5.962,286185,230046336,83448,-1
02552.wav,2551,2552,1121550503,48000,1,4.345,208573,173564944,57999,-1
02553.wav,2552,2553,1121768266,48000,1,1.659,79644,56697728,11129,-1
02554.wav,2553,2554,1121822987,48000,1,7.399,355141,36889920,73170,-1
02555.wav,2554,2555,1121897706,48000,1,2.894,138892,127026880,27515,-1
02556.wav,2555,2556,1122007148,48000,1,4.653,223347,82714128,46091,-1
02557.wav,2556,2557,1122029907,48000,1,2.037,97784,396856384,20612,-1
02558.wav,2557,2558,1122078473,48000,1,2.176,104435,554371728,22800,-1
02559.wav,2558,2559,1122171311,48000,1,3.153,151360,25300240,35656,-1
02560.wav,2559,2560,1122356493,48000,1,2.267,108826,196729088,22857,-1
02561.wav,2560,2561,1123592530,48000,1,5.898,283095,163417664,58695,-1
02562.wav,2561,2562,1124683014,48000,1,3.887,186574,446848880,53360,-1
02563.wav,2562,2563,1124779394,48000,1,7.061,338948,370497216,94133,-1
02564.wav,2563,2564,1124902919,48000,1,6.697,321442,457937584,94353,-1
02565.wav,2564,2565,1124957640,48000,1,6.605,317046,456743616,84472,-1
02566.wav,2565,2566,1125258179,48000,1,6.961,334147,420883344,72693,-1
02567.wav,2566,2567,1125477063,48000,1,6.247,299860,404609232,78649,-1
02568.wav,2567,2568,1126517951,48000,1,4.202,201684,218229504,58228,-1
02569.wav,2568,2569,1127051457,48000,1,3.416,163951,302704336,30389,-1
02570.wav,2569,2570,1127134346,48000,1,1.710,82077,313318928,25833,-1
02571.wav,2570,2571,1127325062,48000,1,8.114,389496,255541296,89020,-1
02572.wav,2571,2572,1127564965,48000,1,4.974,238739,327493008,53447,-1
02573.wav,2572,2573,1128261071,48000,1,12.213,586242,507839120,183315,-1
02574.wav,2573,2574,1128685135,48000,1,6.765,324726,533651472,78816,-1
02575.wav,2574,2575,1128862348,48000,1,1.765,84729,352876496,31196,-1
02576.wav,2575,2576,1129008898,48000,1,1.615,77517,40694656,12750,-1
02577.wav,2576,2577,1129063619,48000,1,5.953,285739,21836384,70250,-1
02578.wav,2577,2578,1130913400,48000,1,3.450,165608,554788080,35478,-1
02579.wav,2578,2579,1131173561,48000,1,4.969,238533,124004784,52554,-1
02580.wav,2579,2580,1131228282,48000,1,8.013,384601,102371392,91083,-1
02581.wav,2580,2581,1133280431,48000,1,1.918,92059,347522592,15188,-1
02582.wav,2581,2582,1135866631,48000,1,3.910,187662,561388256,65097,-1
02583.wav,2582,2583,1136032688,48000,1,2.593,124447,225086848,26894,-1
02584.wav,2583,2584,1136553132,48000,1,5.356,257080,91515792,64418,-1
02585.wav,2584,2585,1136700101,48000,1,6.914,331893,208653232,84067,-1
02586.wav,2585,2586,1136788620,48000,1,1.718,82461,550520416,14685,-1
02587.wav,2586,2587,1136792014,48000,1,8.139,390683,120649344,99454,-1
02588.wav,2587,2588,1136898062,48000,1,2.258,108398,547795920,21444,-1
02589.wav,2588,2589,1137123882,48000,1,8.352,400902,507086608,107324,-1
02590.wav,2589,2590,1137784307,48000,1,6.228,298940,241156672,78818,-1
02591.wav,2590,2591,1137786828,48000,1,6.350,304803,535309696,76470,-1
02592.wav,2591,2592,1138175311,48000,1,3.247,155871,78513232,34700,-1
02593.wav,2592,2593,1138284753,48000,1,3.710,178080,39495648,40913,-1
02594.wav,2593,2594,1138414193,48000,1,3.462,166165,106981872,38645,-1
02595.wav,2594,2595,1138468914,48000,1,5.723,274727,84246944,59079,-1
02596.wav,2595,2596,1138523635,48000,1,2.107,101145,65381200,20481,-1
02597.wav,2596,2597,1138653075,48000,1,6.513,312611,142350576,90737,-1
02598.wav,2597,2598,1140409223,48000,1,2.450,117600,353838496,38596,-1
02599.wav,2598,2599,1141279119,48000,1,5.874,281947,426753712,63062,-1
02600.wav,2599,2600,1141871046,48000,1,7.694,369319,263112896,101877,-1
02601.wav,2600,2601,1142979717,48000,1,4.463,214233,219173232,50876,-1
02602.wav,2601,2602,1143047500,48000,1,8.953,429735,382399664,85550,-1
02603.wav,2602,2603,1143054636,48000,1,1.894,90905,492401504,15006,-1
02604.wav,2603,2604,1143286382,48000,1,6.931,332701,390663200,95335,-1
02605.wav,2604,2605,1143512202,48000,1,9.151,439250,230771232,75405,-1
02606.wav,2605,2606,1143622665,48000,1,4.457,213939,286416592,42816,-1
02607.wav,2606,2607,1143635727,48000,1,10.681,512679,418497440,111891,-1
02608.wav,2607,2608,1143957927,48000,1,2.303,110552,16480720,22141,-1
02609.wav,2608,2609,1144142088,48000,1,4.591,220366,63087056,47789,-1
02610.wav,2609,2610,1144196809,48000,1,3.396,162999,45483904,36020,-1
02611.wav,2610,2611,1144251530,48000,1,5.311,254907,25762976,66598,-1
02612.wav,2611,2612,1144546154,48000,1,5.833,279979,187186160,73347,-1
02613.wav,2612,2613,1144600875,48000,1,2.856,137092,182753312,26123,-1
02614.wav,2613,2614,1144895499,48000,1,6.123,293921,217755296,78877,-1
02615.wav,2614,2615,1145672749,48000,1,3.750,180022,169501424,37691,-1
02616.wav,2615,2616,1145709546,48000,1,5.512,264577,70347136,61061,-1
02617.wav,2616,2617,1146003149,48000,1,3.797,182236,80272176,40064,-1
02618.wav,2617,2618,1146057870,48000,1,6.114,293483,61042032,69147,-1
02619.wav,2618,2619,1147461165,48000,1,4.961,238120,133100928,47279,-1
02620.wav,2619,2620,1148734757,48000,1,6.419,308133,459848240,74322,-1
02621.wav,2620,2621,1149124740,48000,1,4.588,220236,406260784,56461,-1
02622.wav,2621,2622,1149127094,48000,1,3.464,166258,467421968,37924,-1
02623.wav,2622,2623,1149822409,48000,1,8.491,407590,431112144,113915,-1
02624.wav,2623,2624,1150972739,48000,1,3.775,181202,263952400,45477,-1
02625.wav,2624,2625,1151321063,48000,1,3.403,163353,249561392,43107,-1
02626.wav,2625,2626,1151451524,48000,1,6.190,297103,336726320,62630,-1
02627.wav,2626,2627,1151786786,48000,1,5.260,252488,184246784,54330,-1
02628.wav,2627,2628,1152950178,48000,1,5.993,287648,58616832,57848,-1
02629.wav,2628,2629,1153004899,48000,1,8.882,426327,38277536,106810,-1
02630.wav,2629,2630,1153293158,48000,1,6.890,330705,424907520,58978,-1
02631.wav,2630,2631,1153799859,48000,1,2.128,102131,567484336,20289,-1
02632.wav,2631,2632,1154025611,48000,1,3.454,165799,158620928,38022,-1
02633.wav,2632,2633,1155114841,48000,1,6.483,311162,145734976,81476,-1
02634.wav,2633,2634,1159271884,48000,1,6.031,289487,548466816,76714,-1
02635.wav,2634,2635,1160212840,48000,1,1.716,82372,481134272,12979,-1
02636.wav,2635,2636,1160377618,48000,1,1.833,88006,451838496,15621,-1
02637.wav,2636,2637,1160713296,48000,1,2.331,111872,29384544,19553,-1
02638.wav,2637,2638,1161098225,48000,1,1.078,51761,381520,18621,-1
02639.wav,2638,2639,1162116591,48000,1,5.117,245640,96852144,53686,-1
02640.wav,2639,2640,1162171312,48000,1,2.024,97152,73843952,16694,-1
02641.wav,2640,2641,1162280754,48000,1,4.874,233955,36252208,52302,-1
02642.wav,2641,2642,1162300752,48000,1,6.990,335526,151033984,88788,-1
02643.wav,2642,2643,1162355473,48000,1,7.177,344484,125810544,82765,-1
02644.wav,2643,2644,1164739499,48000,1,6.801,326469,480687808,81330,-1
02645.wav,2644,2645,1167782829,48000,1,3.132,150347,254167200,23342,-1
02646.wav,2645,2646,1168134695,48000,1,1.974,94776,546572496,17767,-1
02647.wav,2646,2647,1169521386,48000,1,1.277,61274,20884624,8642,-1
02648.wav,2647,2648,1169541384,48000,1,2.053,98555,133783392,19092,-1
02649.wav,2648,2649,1169701132,48000,1,7.238,347415,544418352,98450,-1
02650.wav,2649,2650,1169705547,48000,1,9.236,443331,66283920,107666,-1
02651.wav,2650,2651,1169718609,48000,1,6.504,312176,304151424,75695,-1
02652.wav,2651,2652,1169834987,48000,1,5.400,259194,143882496,56902,-1
02653.wav,2652,2653,1169944429,48000,1,2.687,128967,98274224,24187,-1
02654.wav,2653,2654,1171218284,48000,1,4.355,209032,97554224,46634,-1
02655.wav,2654,2655,1171273005,48000,1,2.956,141900,74727344,27312,-1
02656.wav,2655,2656,1171457166,48000,1,4.263,204611,127199552,45017,-1
02657.wav,2656,2657,1171511887,48000,1,9.614,461454,104784496,93041,-1
02658.wav,2657,2658,1172197252,48000,1,6.661,319718,439186000,102231,-1
02659.wav,2658,2659,1174373102,48000,1,0.810,38875,177879840,14557,-1
02660.wav,2659,2660,1174804577,48000,1,5.117,245639,288363584,55099,-1
02661.wav,2660,2661,1174817639,48000,1,5.604,269016,421068544,62505,-1
02662.wav,2661,2662,1175262343,48000,1,5.371,257821,267682368,54718,-1
02663.wav,2662,2663,1175392804,48000,1,8.090,388312,343982976,91216,-1
02664.wav,2663,2664,1175597172,48000,1,3.466,166391,155493136,39556,-1
02665.wav,2664,2665,1176610917,48000,1,5.593,268461,302973248,55473,-1
02666.wav,2665,2666,1176836737,48000,1,3.178,152550,94854704,27839,-1
02667.wav,2666,2667,1176884522,48000,1,6.565,315109,255743840,69171,-1
02668.wav,2667,2668,1176946179,48000,1,8.922,428252,54364544,109244,-1
02669.wav,2668,2669,1177181667,48000,1,1.561,74931,548011440,10782,-1
02670.wav,2669,2670,1178208334,48000,1,2.802,134505,541655424,32278,-1
02671.wav,2670,2671,1178568358,48000,1,3.073,147503,41005264,33949,-1
02672.wav,2671,2672,1179626871,48000,1,6.225,298806,511541808,94380,-1
02673.wav,2672,2673,1179633807,48000,1,6.292,302012,470137184,75000,-1
02674.wav,2673,2674,1179860740,48000,1,7.438,357001,350979424,75336,-1
02675.wav,2674,2675,1181757702,48000,1,1.241,59556,177447360,20276,-1
02676.wav,2675,2676,1182054053,48000,1,1.827,87678,210837776,32883,-1
02677.wav,2676,2677,1182167713,48000,1,7.100,340806,409310208,63935,-1
02678.wav,2677,2678,1182222434,48000,1,3.689,177050,405244928,45183,-1
02679.wav,2678,2679,1182688157,48000,1,3.639,174673,330686432,33024,-1
02680.wav,2679,2680,1184654576,48000,1,3.703,177746,44659872,38585,-1
02681.wav,2680,2681,1184964783,48000,1,2.211,106145,554060992,22049,-1
02682.wav,2681,2682,1185115884,48000,1,1.986,95316,505222208,17654,-1
02683.wav,2682,2683,1186003150,48000,1,3.907,187558,137165136,43570,-1
02684.wav,2683,2684,1186057871,48000,1,8.501,408051,111949312,107852,-1
02685.wav,2684,2685,1186810261,48000,1,7.470,358581,194999552,90249,-1
02686.wav,2685,2686,1187309426,48000,1,3.871,185827,422735824,38648,-1
02687.wav,2686,2687,1187346288,48000,1,5.863,281409,535704672,67811,-1
02688.wav,2687,2688,1187973653,48000,1,7.894,378901,107081408,93986,-1
02689.wav,2688,2689,1188195412,48000,1,2.848,136681,312772848,43300,-1
02690.wav,2689,2690,1188200138,48000,1,2.133,102373,242069520,24894,-1
02691.wav,2690,2691,1188212535,48000,1,1.274,61166,142526288,9505,-1
02692.wav,2691,2692,1188267256,48000,1,3.335,160059,115813504,39067,-1
02693.wav,2692,2693,1188735500,48000,1,8.154,391393,471750960,88292,-1
02694.wav,2693,2694,1189086124,48000,1,2.354,113008,712752,33762,-1
02695.wav,2694,2695,1189968683,48000,1,0.608,29180,354258624,12823,-1
02696.wav,2695,2696,1191388847,48000,1,7.294,350093,413036864,77438,-1
02697.wav,2696,2697,1192661681,48000,1,7.452,357690,374965344,89959,-1
02698.wav,2697,2698,1193182125,48000,1,1.664,79870,286556096,11551,-1
02699.wav,2698,2699,1193407945,48000,1,6.294,302097,57439952,45104,-1
02700.wav,2699,2700,1193462666,48000,1,8.649,415158,37449392,94556,-1
02701.wav,2700,2701,1193517387,48000,1,7.942,381217,16721744,82056,-1
02702.wav,2701,2702,1193537385,48000,1,6.244,299704,127829600,83118,-1
02703.wav,2702,2703,1193585170,48000,1,6.996,335800,276665552,79419,-1
02704.wav,2703,2704,1193996172,48000,1,2.250,108011,197824496,20860,-1
02705.wav,2704,2705,1194345517,48000,1,6.392,306835,229443888,75119,-1
02706.wav,2705,2706,1195214285,48000,1,3.268,156862,92807824,24546,-1
02707.wav,2706,2707,1195507888,48000,1,2.283,109575,100907776,19842,-1
02708.wav,2707,2708,1195859754,48000,1,8.638,414640,516937152,104717,-1
02709.wav,2708,2709,1197301924,48000,1,9.295,446143,434407856,135201,-1
02710.wav,2709,2710,1197677391,48000,1,3.064,147082,167369792,34656,-1
02711.wav,2710,2711,1198813640,48000,1,4.595,220576,415847344,36335,-1
02712.wav,2711,2712,1198964741,48000,1,6.747,323835,256514240,89004,-1
02713.wav,2712,2713,1199148902,48000,1,4.025,193203,282015568,44642,-1
02714.wav,2713,2714,1199450662,48000,1,1.761,84532,204371248,15711,-1
02715.wav,2714,2715,1199663431,48000,1,4.833,232004,355337936,51827,-1
02716.wav,2715,2716,1200073412,48000,1,6.264,300670,217176752,62673,-1
02717.wav,2716,2717,1200141195,48000,1,6.205,297858,378798800,87417,-1
02718.wav,2717,2718,1200312294,48000,1,5.763,276648,222907408,78623,-1
02719.wav,2718,2719,1200421736,48000,1,5.042,241993,213189968,60696,-1
02720.wav,2719,2720,1200422757,48000,1,10.560,506861,281599392,106361,-1
02721.wav,2720,2721,1200703298,48000,1,3.746,179801,22795248,40054,-1
02722.wav,2721,2722,1200887459,48000,1,6.371,305815,67666672,63355,-1
02723.wav,2722,2723,1200942180,48000,1,2.028,97334,50304640,17756,-1
02724.wav,2723,2724,1201120426,48000,1,7.874,377974,326503808,83652,-1
02725.wav,2724,2725,1201470289,48000,1,1.491,71564,353029312,36686,-1
02726.wav,2725,2726,1201934473,48000,1,8.853,424921,221546176,128760,-1
02727.wav,2726,2727,1202022448,48000,1,1.401,67228,396561536,10829,-1
02728.wav,2727,2728,1202361001,48000,1,0.654,31414,178290848,12485,-1
02729.wav,2728,2729,1202564359,48000,1,8.939,429094,38502816,101473,-1
02730.wav,2729,2730,1202619080,48000,1,2.956,141880,17752800,31275,-1
02731.wav,2730,2731,1203585071,48000,1,6.089,292275,162487776,53853,-1
02732.wav,2731,2732,1204761440,48000,1,3.098,148687,427826544,32893,-1
02733.wav,2732,2733,1205197266,48000,1,4.804,230587,478469008,59625,-1
02734.wav,2733,2734,1207033503,48000,1,3.863,185438,377485664,49321,-1
02735.wav,2734,2735,1207088224,48000,1,6.292,302007,372138896,99935,-1
02736.wav,2735,2736,1208839843,48000,1,5.426,260436,385412512,59770,-1
02737.wav,2736,2737,1209533428,48000,1,8.234,395233,235725856,98300,-1
02738.wav,2737,2738,1209579171,48000,1,4.513,216638,275877776,53599,-1
02739.wav,2738,2739,1209999151,48000,1,7.281,349508,132644560,69668,-1
02740.wav,2739,2740,1210122408,48000,1,6.196,297420,244606960,84928,-1
02741.wav,2740,2741,1210218035,48000,1,7.868,377665,48815088,81271,-1
02742.wav,2741,2742,1210665167,48000,1,2.328,111732,451197696,30031,-1
02743.wav,2742,2743,1211914933,48000,1,6.087,292162,126027648,63362,-1
02744.wav,2743,2744,1212081617,48000,1,5.510,264492,496421408,46621,-1
02745.wav,2744,2745,1214023635,48000,1,3.631,174298,566781536,37756,-1
02746.wav,2745,2746,1215275406,48000,1,8.252,396102,419500368,68603,-1
02747.wav,2746,2747,1215297325,48000,1,1.761,84510,423491280,12707,-1
02748.wav,2747,2748,1215850571,48000,1,8.039,385885,343091312,80577,-1
02749.wav,2748,2749,1216069455,48000,1,7.465,358318,320996752,94001,-1
02750.wav,2749,2750,1216131859,48000,1,5.771,277009,204916128,62532,-1
02751.wav,2750,2751,1216535178,48000,1,5.580,267851,218034496,57789,-1
02752.wav,2751,2752,1217191188,48000,1,2.065,99113,414557360,19829,-1
02753.wav,2752,2753,1217458667,48000,1,6.146,295018,34071616,66224,-1
02754.wav,2753,2754,1217694155,48000,1,1.611,77334,546590304,13805,-1
02755.wav,2754,2755,1217753291,48000,1,3.130,150227,188784304,28938,-1
02756.wav,2755,2756,1217766353,48000,1,4.049,194359,338465184,39973,-1
02757.wav,2756,2757,1218049415,48000,1,5.359,257214,509121504,64262,-1
02758.wav,2757,2758,1218156336,48000,1,4.977,238914,179720048,48915,-1
02759.wav,2758,2759,1218528200,48000,1,4.653,223324,539514640,45099,-1
02760.wav,2759,2760,1218973925,48000,1,5.770,276949,495127536,65515,-1
02761.wav,2760,2761,1219080846,48000,1,4.033,193568,20976992,45044,-1
02762.wav,2761,2762,1219100844,48000,1,7.244,347719,133902048,69559,-1
02763.wav,2762,2763,1219210286,48000,1,4.054,194597,87301248,40028,-1
02764.wav,2763,2764,1219394447,48000,1,6.414,307850,144096560,61197,-1
02765.wav,2764,2765,1219503889,48000,1,1.370,65761,98340000,8223,-1
02766.wav,2765,2766,1220401764,48000,1,2.076,99629,353398144,40121,-1
02767.wav,2766,2767,1222276135,48000,1,6.382,306349,372939472,81616,-1
02768.wav,2767,2768,1222612418,48000,1,7.132,342352,264500352,70766,-1
02769.wav,2768,2769,1223047177,48000,1,1.537,73791,492128784,14822,-1
02770.wav,2769,2770,1224027754,48000,1,4.914,235859,393759216,47869,-1
02771.wav,2770,2771,1224548198,48000,1,7.532,361558,304554960,91888,-1
02772.wav,2771,2772,1224675951,48000,1,5.063,243044,177206064,59357,-1
02773.wav,2772,2773,1224938181,48000,1,7.076,339648,47365376,86133,-1
02774.wav,2773,2774,1224952264,48000,1,7.256,348266,344203488,49408,-1
02775.wav,2774,2775,1225047623,48000,1,2.669,128118,2090720,25180,-1
02776.wav,2775,2776,1225116427,48000,1,7.418,356047,325290176,70872,-1
02777.wav,2776,2777,1225178084,48000,1,5.426,260469,199299760,70700,-1
02778.wav,2777,2778,1225636871,48000,1,4.511,216514,218287776,52790,-1
02779.wav,2778,2779,1226396197,48000,1,6.759,324453,95163088,61625,-1
02780.wav,2779,2780,1226505639,48000,1,9.808,470774,54514432,102822,-1
02781.wav,2780,2781,1226547849,48000,1,1.584,76052,396456688,12019,-1
02782.wav,2781,2782,1226633552,48000,1,2.346,112589,158758624,19660,-1
02783.wav,2782,2783,1226811762,48000,1,6.477,310896,500023520,72446,-1
02784.wav,2783,2784,1226866483,48000,1,2.166,103977,498401408,21721,-1
02785.wav,2784,2785,1229119635,48000,1,2.536,121705,467149648,23489,-1
02786.wav,2785,2786,1229193267,48000,1,5.045,242178,470425456,53751,-1
02787.wav,2786,2787,1229476129,48000,1,3.360,161302,462244464,31969,-1
02788.wav,2787,2788,1230920062,48000,1,3.390,162709,385990064,40472,-1
02789.wav,2788,2789,1231084225,48000,1,4.317,207238,371215760,57669,-1
02790.wav,2789,2790,1231727173,48000,1,3.606,173089,409433008,42861,-1
02791.wav,2790,2791,1232820781,48000,1,1.575,75602,481209904,12682,-1
02792.wav,2791,2792,1233575172,48000,1,5.833,279963,273904320,81225,-1
02793.wav,2792,2793,1233629893,48000,1,4.149,199176,259982000,57464,-1
02794.wav,2793,2794,1233995152,48000,1,2.979,143015,126749360,30714,-1
02795.wav,2794,2795,1234049873,48000,1,6.829,327771,104625280,72806,-1
02796.wav,2795,2796,1234104594,48000,1,8.022,385063,82447600,92021,-1
02797.wav,2796,2797,1234214036,48000,1,6.144,294898,44899664,68033,-1
02798.wav,2797,2798,1234469522,48000,1,4.372,209849,554439264,53833,-1
02799.wav,2798,2799,1236020376,48000,1,2.436,116947,79569728,23435,-1
02800.wav,2799,2800,1236138402,48000,1,7.702,369700,565568080,107380,-1
02801.wav,2800,2801,1236262800,48000,1,8.574,411561,520366384,115875,-1
02802.wav,2801,2802,1236322054,48000,1,1.293,62077,501609488,8458,-1
02803.wav,2802,2803,1236689990,48000,1,7.821,375424,173763648,101512,-1
02804.wav,2803,2804,1236869487,48000,1,5.863,281405,543051632,66750,-1
02805.wav,2804,2805,1237924977,48000,1,102.026,4897234,452459376,1651934,-1
02806.wav,2805,2806,1238294960,48000,1,8.381,402265,472049776,115909,-1
02807.wav,2806,2807,1238577822,48000,1,6.653,319334,464204368,80707,-1
02808.wav,2807,2808,1239271407,48000,1,1.947,93452,414990160,18336,-1
02809.wav,2808,2809,1239774374,48000,1,1.716,82360,546649968,13765,-1
02810.wav,2809,2810,1240531179,48000,1,6.257,300313,216639152,78144,-1
02811.wav,2810,2811,1240770061,48000,1,3.050,146408,222329296,33475,-1
02812.wav,2811,2812,1241090766,48000,1,1.671,80221,70624,23306,-1
02813.wav,2812,2813,1241269008,48000,1,6.550,314406,399412032,83933,-1
02814.wav,2813,2814,1241345226,48000,1,3.524,169171,66981248,32334,-1
02815.wav,2814,2815,1241454668,48000,1,3.272,157034,31412512,38144,-1
02816.wav,2815,2816,1241509389,48000,1,1.911,91719,6765888,16588,-1
02817.wav,2816,2817,1242860484,48000,1,3.589,172268,497647808,28208,-1
02818.wav,2817,2818,1242967405,48000,1,2.964,142283,57798832,32107,-1
02819.wav,2818,2819,1243042124,48000,1,6.414,307888,153091472,87907,-1
02820.wav,2819,2820,1243261008,48000,1,1.342,64405,63306080,8274,-1
02821.wav,2820,2821,1243315729,48000,1,6.435,308858,45862688,73706,-1
02822.wav,2821,2822,1243372971,48000,1,6.422,308240,493647776,60596,-1
02823.wav,2822,2823,1243390448,48000,1,7.373,353889,139488592,87258,-1
02824.wav,2823,2824,1243555632,48000,1,4.103,196932,198031008,49204,-1
02825.wav,2824,2825,1245012627,48000,1,3.569,171293,121847392,36301,-1
02826.wav,2825,2826,1245882153,48000,1,4.999,239964,448074688,55476,-1
02827.wav,2826,2827,1246635764,48000,1,1.934,92840,559754560,17573,-1
02828.wav,2827,2828,1247435528,48000,1,5.485,263301,331445472,64575,-1
02829.wav,2828,2829,1247784873,48000,1,6.313,303016,380806496,88915,-1
02830.wav,2829,2830,1247853677,48000,1,7.947,381451,460374976,95335,-1
02831.wav,2830,2831,1248524201,48000,1,5.443,261246,256810144,65362,-1
02832.wav,2831,2832,1249005507,48000,1,2.883,138396,552625888,31058,-1
02833.wav,2832,2833,1249297610,48000,1,9.374,449943,383394368,110160,-1
02834.wav,2833,2834,1249700655,48000,1,9.044,434120,379256544,116479,-1
02835.wav,2834,2835,1249871754,48000,1,5.716,274365,222986064,82331,-1
02836.wav,2835,2836,1249982217,48000,1,8.793,422053,281705792,92625,-1
02837.wav,2836,2837,1250282756,48000,1,6.562,315000,136007008,76183,-1
02838.wav,2837,2838,1250337477,48000,1,8.185,392873,109954880,90963,-1
02839.wav,2838,2839,1250392198,48000,1,6.116,293564,89578832,71873,-1
02840.wav,2839,2840,1250501640,48000,1,2.154,103382,50735360,18650,-1
02841.wav,2840,2841,1250816275,48000,1,3.785,181675,541852464,44521,-1
02842.wav,2841,2842,1252014377,48000,1,7.141,342785,76401024,78394,-1
02843.wav,2842,2843,1252069098,48000,1,1.602,76906,58922608,11735,-1
02844.wav,2843,2844,1253757497,48000,1,4.876,234067,489967360,76172,-1
02845.wav,2844,2845,1254320900,48000,1,5.456,261882,427977792,81355,-1
02846.wav,2845,2846,1254365643,48000,1,1.171,56193,177562624,21088,-1
02847.wav,2846,2847,1254661994,48000,1,1.956,93874,210969792,25344,-1
02848.wav,2847,2848,1254756726,48000,1,7.318,351284,478737312,96069,-1
02849.wav,2848,2849,1254983846,48000,1,8.863,425404,449609328,104029,-1
02850.wav,2849,2850,1255025505,48000,1,3.338,160211,376560112,42380,-1
02851.wav,2850,2851,1256059457,48000,1,6.696,321425,320055344,83633,-1
02852.wav,2851,2852,1256418606,48000,1,2.448,117520,426940064,21292,-1
02853.wav,2852,2853,1256818783,48000,1,3.865,185507,218771696,48361,-1
02854.wav,2853,2854,1257050729,48000,1,2.128,102168,357071872,21840,-1
02855.wav,2854,2855,1257066633,48000,1,2.928,140534,156968512,31359,-1
02856.wav,2855,2856,1257352289,48000,1,6.999,335963,303251440,82793,-1
02857.wav,2856,2857,1259906935,48000,1,2.780,133448,116229696,23230,-1
02858.wav,2857,2858,1260808079,48000,1,2.057,98749,242197344,29137,-1
02859.wav,2858,2859,1261419672,48000,1,4.171,200220,151318784,51309,-1
02860.wav,2859,2860,1261694065,48000,1,3.314,159087,871440,48205,-1
02861.wav,2860,2861,1264485521,48000,1,7.824,375563,391938144,85020,-1
02862.wav,2861,2862,1265102345,48000,1,7.530,361455,38087680,79855,-1
02863.wav,2862,2863,1265170128,48000,1,4.776,229236,283095712,51063,-1
02864.wav,2863,2864,1265467273,48000,1,1.603,76955,553108752,13671,-1
02865.wav,2864,2865,1265745293,48000,1,2.270,108938,187293920,19494,-1
02866.wav,2865,2866,1265857256,48000,1,8.522,409072,505677616,104968,-1
02867.wav,2866,2867,1266799243,48000,1,5.517,264798,113383328,62675,-1
02868.wav,2867,2868,1267072848,48000,1,10.456,501911,11109632,108908,-1
02869.wav,2868,2869,1267092846,48000,1,8.475,406819,122745120,104450,-1
02870.wav,2869,2870,1267147567,48000,1,6.304,302594,101565472,66520,-1
02871.wav,2870,2871,1267444712,48000,1,4.839,232290,522141328,45009,-1
02872.wav,2871,2872,1267608875,48000,1,8.537,409754,509488288,123647,-1
02873.wav,2872,2873,1267836590,48000,1,6.015,288706,312185984,72612,-1
02874.wav,2873,2874,1267958220,48000,1,8.736,419343,529752640,111218,-1
02875.wav,2874,2875,1268660304,48000,1,1.903,91364,134095664,17486,-1
02876.wav,2875,2876,1270212306,48000,1,1.215,58341,401713760,20097,-1
02877.wav,2876,2877,1271377829,48000,1,8.180,392653,384650480,96403,-1
02878.wav,2877,2878,1271835595,48000,1,7.121,341808,373112368,90683,-1
02879.wav,2878,2879,1273409989,48000,1,7.256,348288,239316736,110877,-1
02880.wav,2879,2880,1273813034,48000,1,5.110,245267,234047840,58707,-1
02881.wav,2880,2881,1274204038,48000,1,4.026,193270,39016592,33972,-1
02882.wav,2881,2882,1274333478,48000,1,4.653,223361,106119856,54151,-1
02883.wav,2882,2883,1274401261,48000,1,6.319,303314,306235664,77225,-1
02884.wav,2883,2884,1274442920,48000,1,10.085,484104,64421712,109176,-1
02885.wav,2884,2885,1274511724,48000,1,3.606,173084,344375184,26947,-1
02886.wav,2885,2886,1274630389,48000,1,3.093,148480,396657728,29168,-1
02887.wav,2886,2887,1274737544,48000,1,7.194,345321,199457840,84179,-1
02888.wav,2887,2888,1274901707,48000,1,6.748,323916,183507760,84493,-1
02889.wav,2888,2889,1274968942,48000,1,1.706,81891,178399488,25784,-1
02890.wav,2889,2890,1275955657,48000,1,6.938,333021,95412096,77495,-1
02891.wav,2890,2891,1276010378,48000,1,2.834,136041,72421680,29470,-1
02892.wav,2891,2892,1276119820,48000,1,5.470,262554,35130272,63603,-1
02893.wav,2892,2893,1276193012,48000,1,7.494,359707,162815760,79401,-1
02894.wav,2893,2894,1276598605,48000,1,8.504,408171,202698848,98199,-1
02895.wav,2894,2895,1277669932,48000,1,8.437,404952,166988576,94229,-1
02896.wav,2895,2896,1278553092,48000,1,3.689,177087,526828288,38359,-1
02897.wav,2896,2897,1278752727,48000,1,3.756,180266,470610608,48209,-1
02898.wav,2897,2898,1280130177,48000,1,2.415,115918,341392736,27552,-1
02899.wav,2898,2899,1281444670,48000,1,3.106,149084,23875296,36315,-1
02900.wav,2899,2900,1281462830,48000,1,0.743,35648,352695280,16107,-1
02901.wav,2900,2901,1284579323,48000,1,4.695,225369,455076320,52147,-1
02902.wav,2901,2902,1284994130,48000,1,1.711,82108,483703488,15353,-1
02903.wav,2902,2903,1285470394,48000,1,7.005,336251,120916032,75028,-1
02904.wav,2903,2904,1286549826,48000,1,7.251,348039,454744704,88859,-1
02905.wav,2904,2905,1287829596,48000,1,3.794,182124,372316160,47568,-1
02906.wav,2905,2906,1290740523,48000,1,3.224,154730,134859232,36957,-1
02907.wav,2906,2907,1290849965,48000,1,6.763,324638,88293296,76173,-1
02908.wav,2907,2908,1291014128,48000,1,5.008,240390,31673696,54037,-1
02909.wav,2908,2909,1291088847,48000,1,4.100,196788,117623456,41965,-1
02910.wav,2909,2910,1291268613,48000,1,4.550,218396,173290656,52430,-1
02911.wav,2910,2911,1291379056,48000,1,1.947,93446,552264224,18054,-1
02912.wav,2911,2912,1292190582,48000,1,3.697,177439,231331904,49240,-1
02913.wav,2912,2913,1292417423,48000,1,3.883,186398,97826704,47305,-1
02914.wav,2913,2914,1292472144,48000,1,7.935,380887,75430976,82533,-1
02915.wav,2914,2915,1292820468,48000,1,5.454,261783,63331664,63930,-1
02916.wav,2915,2916,1293009705,48000,1,2.598,124719,353613216,47808,-1
02917.wav,2916,2917,1293299253,48000,1,7.145,342971,203914976,92147,-1
02918.wav,2917,2918,1294319880,48000,1,1.962,94155,405111840,18496,-1
02919.wav,2918,2919,1295655118,48000,1,2.205,105859,492211920,31186,-1
02920.wav,2919,2920,1295847631,48000,1,5.011,240507,398770608,67102,-1
02921.wav,2920,2921,1296167879,48000,1,4.712,226153,259533392,46956,-1
02922.wav,2921,2922,1296352040,48000,1,7.693,369278,283407824,86239,-1
02923.wav,2922,2923,1296519745,48000,1,4.249,203953,546897856,45791,-1
02924.wav,2923,2924,1296591943,48000,1,5.923,284310,345246592,59928,-1
02925.wav,2924,2925,1296994988,48000,1,9.373,449913,331665648,93195,-1
02926.wav,2925,2926,1297258041,48000,1,6.124,293970,436387040,92601,-1
02927.wav,2926,2927,1297508496,48000,1,3.341,160377,355501696,42521,-1
02928.wav,2927,2928,1297932560,48000,1,5.457,261913,415992832,49926,-1
02929.wav,2928,2929,1298083661,48000,1,7.013,336608,257154944,76851,-1
02930.wav,2929,2930,1298090597,48000,1,5.619,269697,73070080,50140,-1
02931.wav,2930,2931,1298158380,48000,1,2.848,136709,292834352,30638,-1
02932.wav,2931,2932,1298254760,48000,1,6.585,316075,13050320,67836,-1
02933.wav,2932,2933,1298271364,48000,1,2.895,138952,550959296,31065,-1
02934.wav,2933,2934,1298384200,48000,1,3.695,177338,81699648,42731,-1
02935.wav,2934,2935,1298507725,48000,1,2.834,136037,340097888,33962,-1
02936.wav,2935,2936,1298617167,48000,1,9.062,434971,329466880,107644,-1
02937.wav,2936,2937,1298897708,48000,1,6.694,321296,181234432,86100,-1
02938.wav,2937,2938,1299431214,48000,1,7.053,338539,223145712,95975,-1
02939.wav,2938,2939,1299725838,48000,1,4.871,233829,302319424,46163,-1
02940.wav,2939,2940,1299842216,48000,1,6.396,307025,136300848,77872,-1
02941.wav,2940,2941,1299896937,48000,1,7.391,354791,110418608,74551,-1
02942.wav,2941,2942,1299951658,48000,1,3.390,162722,89717056,34216,-1
02943.wav,2942,2943,1300061100,48000,1,3.308,158774,50895744,25770,-1
02944.wav,2943,2944,1300115821,48000,1,1.787,85796,32221200,16248,-1
02945.wav,2944,2945,1300170542,48000,1,7.810,374885,7967952,78723,-1
02946.wav,2945,2946,1300522408,48000,1,8.320,399370,506421456,118911,-1
02947.wav,2946,2947,1301727576,48000,1,1.819,87335,467253792,16054,-1
02948.wav,2947,2948,1303880360,48000,1,5.943,285243,428405056,105174,-1
02949.wav,2948,2949,1304543306,48000,1,7.171,344208,449993824,117319,-1
02950.wav,2949,2950,1304694407,48000,1,5.333,255989,361357728,82737,-1
02951.wav,2950,2951,1305063750,48000,1,1.963,94224,422485776,14863,-1
02952.wav,2951,2952,1305269572,48000,1,5.747,275849,260712720,81750,-1
02953.wav,2952,2953,1305344291,48000,1,7.917,380026,300721120,97255,-1
02954.wav,2953,2954,1305857799,48000,1,4.250,204006,325602688,45609,-1
02955.wav,2954,2955,1306235563,48000,1,3.959,190028,567852560,57658,-1
02956.wav,2955,2956,1306313714,48000,1,2.756,132277,568622112,46872,-1
02957.wav,2956,2957,1306400341,48000,1,3.399,163137,567241584,34838,-1
02958.wav,2957,2958,1306626093,48000,1,3.329,159797,158334400,37895,-1
02959.wav,2958,2959,1307957200,48000,1,7.402,355276,516851136,85970,-1
02960.wav,2959,2960,1308103013,48000,1,6.169,296133,161113280,70574,-1
02961.wav,2960,2961,1308545427,48000,1,6.328,303751,537839472,79459,-1
02962.wav,2961,2962,1308793451,48000,1,5.165,247924,397837376,84832,-1
02963.wav,2962,2963,1308929995,48000,1,1.590,76302,501681728,11796,-1
02964.wav,2963,2964,1309872982,48000,1,7.361,353334,513866704,119622,-1
02965.wav,2964,2965,1310997229,48000,1,6.598,316726,426433216,79009,-1
02966.wav,2965,2966,1311599777,48000,1,2.730,131018,440368384,31763,-1
02967.wav,2966,2967,1312455483,48000,1,3.382,162321,266255776,32017,-1
02968.wav,2967,2968,1313682574,48000,1,3.171,152218,189845552,32629,-1
02969.wav,2968,2969,1314044981,48000,1,3.703,177721,392254416,37987,-1
02970.wav,2969,2970,1314620146,48000,1,6.663,319808,297852464,71887,-1
02971.wav,2970,2971,1314900687,48000,1,3.255,156228,63831280,34799,-1
02972.wav,2971,2972,1315010129,48000,1,10.330,495828,26799216,128510,-1
02973.wav,2972,2973,1315195311,48000,1,2.688,129020,198610032,23244,-1
02974.wav,2973,2974,1316358703,48000,1,5.407,259527,113488048,58822,-1
02975.wav,2974,2975,1316468145,48000,1,7.640,366737,71603104,91766,-1
02976.wav,2975,2976,1316577587,48000,1,6.449,309529,34338688,75453,-1
02977.wav,2976,2977,1316597585,48000,1,1.754,84211,148420144,15483,-1
02978.wav,2977,2978,1316816469,48000,1,6.110,293284,61401840,62057,-1
02979.wav,2978,2979,1317004172,48000,1,7.195,345340,522325696,73602,-1
02980.wav,2979,2980,1317647120,48000,1,4.548,218326,540060304,51633,-1
02981.wav,2980,2981,1319036332,48000,1,7.776,373246,475468688,96424,-1
02982.wav,2981,2982,1320163880,48000,1,4.781,229488,258079680,51288,-1
02983.wav,2982,2983,1320752107,48000,1,5.964,286269,324400224,60370,-1
02984.wav,2983,2984,1320809349,48000,1,2.382,114337,547453840,20815,-1
02985.wav,2984,2985,1320937289,48000,1,8.219,394488,385226112,93846,-1
02986.wav,2985,2986,1321511433,48000,1,4.318,207273,223838144,56513,-1
02987.wav,2986,2987,1322079662,48000,1,4.657,223534,250917168,50146,-1
02988.wav,2987,2988,1322141319,48000,1,2.153,103355,51278144,19970,-1
02989.wav,2988,2989,1322196040,48000,1,7.253,348136,32487120,75893,-1
02990.wav,2989,2990,1322250761,48000,1,5.705,273827,8660768,66358,-1
02991.wav,2990,2991,1322319565,48000,1,1.700,81581,326855616,14298,-1
02992.wav,2991,2992,1322322086,48000,1,1.692,81220,549749472,13053,-1
02993.wav,2992,2993,1322415213,48000,1,6.477,310908,311585056,75293,-1
02994.wav,2993,2994,1322841509,48000,1,8.824,423570,508541936,115408,-1
02995.wav,2994,2995,1323146674,48000,1,6.926,332471,394607344,108156,-1
02996.wav,2995,2996,1323372494,48000,1,2.794,134116,234117536,20848,-1
02997.wav,2996,2997,1323654056,48000,1,8.474,406751,77235568,91764,-1
02998.wav,2997,2998,1323708777,48000,1,4.295,206170,59221520,41563,-1
02999.wav,2998,2999,1324002380,48000,1,5.571,267390,64624320,56699,-1
03000.wav,2999,3000,1324057101,48000,1,3.124,149947,47602896,22201,-1
03001.wav,3000,3001,1324128426,48000,1,1.707,81940,553180752,15087,-1
03002.wav,3001,3002,1324645328,48000,1,8.131,390294,193856112,105277,-1
03003.wav,3002,3003,1325460396,48000,1,7.351,352846,114116192,77871,-1
03004.wav,3003,3004,1325699278,48000,1,7.860,377275,149774672,92723,-1
03005.wav,3004,3005,1325753999,48000,1,6.131,294267,124158048,66240,-1
03006.wav,3005,3006,1325960579,48000,1,8.277,397298,429739744,124894,-1
03007.wav,3006,3007,1326494085,48000,1,5.410,259689,438167360,85624,-1
03008.wav,3007,3008,1327229392,48000,1,3.758,180367,169140944,37235,-1
03009.wav,3008,3009,1328197654,48000,1,2.864,137484,155204768,31403,-1
03010.wav,3009,3010,1328312187,48000,1,5.431,260705,470929968,65389,-1
03011.wav,3010,3011,1328342084,48000,1,3.119,149704,366730944,48282,-1
03012.wav,3011,3012,1329340292,48000,1,2.433,116769,294773536,20588,-1
03013.wav,3012,3013,1329507997,48000,1,1.900,91180,550232144,16683,-1
03014.wav,3013,3014,1329674574,48000,1,3.083,147980,157108736,32247,-1
03015.wav,3014,3015,1329853800,48000,1,4.433,212762,324540288,49778,-1
03016.wav,3015,3016,1330038982,48000,1,7.206,345872,386333952,92123,-1
03017.wav,3016,3017,1330496748,48000,1,2.961,142126,373565216,43123,-1
03018.wav,3017,3018,1331126634,48000,1,4.614,221478,269076144,37781,-1
03019.wav,3018,3019,1331314337,48000,1,2.130,102237,553402432,20856,-1
03020.wav,3019,3020,1334138783,48000,1,6.016,288772,455351312,76613,-1
03021.wav,3020,3021,1334358184,48000,1,0.681,32687,177308640,12692,-1
03022.wav,3021,3022,1334429252,48000,1,4.836,232125,309672240,52733,-1
03023.wav,3022,3023,1337443777,48000,1,1.850,88794,367703248,21382,-1
03024.wav,3023,3024,1337564811,48000,1,7.305,350640,352506368,77105,-1
03025.wav,3024,3025,1340299983,48000,1,5.655,271438,135044064,63020,-1
03026.wav,3025,3026,1340354704,48000,1,4.839,232291,108999728,58719,-1
03027.wav,3026,3027,1340409425,48000,1,6.894,330910,88790016,75589,-1
03028.wav,3027,3028,1340464146,48000,1,2.117,101620,67104752,19551,-1
03029.wav,3028,3029,1340573588,48000,1,5.703,273767,31780592,66342,-1
03030.wav,3029,3030,1340593586,48000,1,2.406,115469,145037712,21615,-1
03031.wav,3030,3031,1340648307,48000,1,4.790,229906,117802672,42951,-1
03032.wav,3031,3032,1340800620,48000,1,2.471,118625,241889312,33745,-1
03033.wav,3032,3033,1341979404,48000,1,5.167,247995,498037056,51446,-1
03034.wav,3033,3034,1342161044,48000,1,8.441,405192,153408592,107197,-1
03035.wav,3034,3035,1342215765,48000,1,8.611,413318,128372656,103584,-1
03036.wav,3035,3036,1342509368,48000,1,4.729,226982,139966928,55778,-1
03037.wav,3036,3037,1342820247,48000,1,3.841,184376,401899728,36601,-1
03038.wav,3037,3038,1344159881,48000,1,5.353,256955,252251472,54420,-1
03039.wav,3038,3039,1345268552,48000,1,3.305,158636,215987568,42446,-1
03040.wav,3039,3040,1345672618,48000,1,5.591,268376,273564240,72925,-1
03041.wav,3040,3041,1345727339,48000,1,8.189,393092,259760800,100842,-1
03042.wav,3041,3042,1345847236,48000,1,7.343,352484,172750128,78292,-1
03043.wav,3042,3043,1345911500,48000,1,8.699,417560,283784832,85034,-1
03044.wav,3043,3044,1346079205,48000,1,2.473,118685,546995488,23552,-1
03045.wav,3044,3045,1346151403,48000,1,5.418,260049,345441152,33348,-1
03046.wav,3045,3046,1346246762,48000,1,1.228,58961,3478608,8701,-1
03047.wav,3046,3047,1346377223,48000,1,2.357,113152,200314816,22871,-1
03048.wav,3047,3048,1346425008,48000,1,7.954,381783,315461664,97026,-1
03049.wav,3048,3049,1346903793,48000,1,6.443,309251,381327216,84866,-1
03050.wav,3049,3050,1347633061,48000,1,1.742,83594,209806864,33130,-1
03051.wav,3050,3051,1347650057,48000,1,3.337,160190,73227632,27543,-1
03052.wav,3051,3052,1347717840,48000,1,4.734,227216,293172800,57204,-1
03053.wav,3052,3053,1347759499,48000,1,4.817,231229,35870992,56788,-1
03054.wav,3053,3054,1347814220,48000,1,6.880,330256,13345760,84517,-1
03055.wav,3054,3055,1347834218,48000,1,5.247,251874,124936960,67030,-1
03056.wav,3055,3056,1347888939,48000,1,7.630,366241,103116560,76395,-1
03057.wav,3056,3057,1347929412,48000,1,1.570,75373,248627520,21454,-1
03058.wav,3057,3058,1347998381,48000,1,2.746,131803,62209104,18406,-1
03059.wav,3058,3059,1348053102,48000,1,7.097,340650,42905872,81815,-1
03060.wav,3059,3060,1348186084,48000,1,6.463,310212,524997488,84014,-1
03061.wav,3060,3061,1348457168,48000,1,3.442,165228,181409008,34412,-1
03062.wav,3061,3062,1348514410,48000,1,7.493,359679,504104048,116702,-1
03063.wav,3062,3063,1349511118,48000,1,6.235,299300,89939392,73549,-1
03064.wav,3063,3064,1350277873,48000,1,3.769,180900,167273536,36811,-1
03065.wav,3064,3065,1350377450,48000,1,6.788,325836,562165376,73103,-1
03066.wav,3065,3066,1350675268,48000,1,2.633,126393,463838144,29264,-1
03067.wav,3066,3067,1352576967,48000,1,3.028,145324,373945344,35406,-1
03068.wav,3067,3068,1352858529,48000,1,3.665,175943,276283536,24030,-1
03069.wav,3068,3069,1352913250,48000,1,1.644,78901,265465360,13942,-1
03070.wav,3069,3070,1353097411,48000,1,9.423,452325,284871264,84540,-1
03071.wav,3070,3071,1353233481,48000,1,0.541,25973,1432464,11580,-1
03072.wav,3071,3072,1353261574,48000,1,5.743,275647,253290256,65564,-1
03073.wav,3072,3073,1353391014,48000,1,6.161,295733,289075872,73817,-1
03074.wav,3073,3074,1353638264,48000,1,4.928,236536,559909456,59252,-1
03075.wav,3074,3075,1354070771,48000,1,1.227,58906,352782560,27009,-1
03076.wav,3075,3076,1354075497,48000,1,2.110,101284,307277616,22074,-1
03077.wav,3076,3077,1354370245,48000,1,4.511,216514,216439520,51414,-1
03078.wav,3077,3078,1354623210,48000,1,6.766,324768,422500672,71333,-1
03079.wav,3078,3079,1354961483,48000,1,4.489,215472,178058336,47562,-1
03080.wav,3079,3080,1355000131,48000,1,2.323,111494,20373104,24432,-1
03081.wav,3080,3081,1355180898,48000,1,1.629,78174,547032992,12690,-1
03082.wav,3081,3082,1355253096,48000,1,3.209,154035,346646384,31512,-1
03083.wav,3082,3083,1355533637,48000,1,4.116,197583,192176304,44481,-1
03084.wav,3083,3084,1356185553,48000,1,6.034,289642,161874672,64593,-1
03085.wav,3084,3085,1356697029,48000,1,3.676,176448,96905872,37430,-1
03086.wav,3085,3086,1356915913,48000,1,4.695,225364,14592288,50266,-1
03087.wav,3086,3087,1357662473,48000,1,6.331,303885,166042864,63411,-1
03088.wav,3087,3088,1357958824,48000,1,3.463,166234,204085040,26566,-1
03089.wav,3088,3089,1358104887,48000,1,7.218,346455,538275024,94025,-1
03090.wav,3089,3090,1360820467,48000,1,3.209,154025,451363824,43179,-1
03091.wav,3090,3091,1360996834,48000,1,3.711,178143,207833008,42047,-1
03092.wav,3091,3092,1361751722,48000,1,1.079,51805,402282032,15873,-1
03093.wav,3092,3093,1362082726,48000,1,2.716,130357,406074272,29290,-1
03094.wav,3093,3094,1362603170,48000,1,5.396,258999,327233520,52495,-1
03095.wav,3094,3095,1363018735,48000,1,2.760,132498,552386112,28145,-1
03096.wav,3095,3096,1363265649,48000,1,2.473,118723,450903408,32319,-1
03097.wav,3096,3097,1363593900,48000,1,5.695,273364,528839600,64276,-1
03098.wav,3097,3098,1363723340,48000,1,6.568,315264,532067616,79856,-1
03099.wav,3098,3099,1363830261,48000,1,1.956,93886,232493056,22822,-1
03100.wav,3099,3100,1364460147,48000,1,2.035,97672,63950816,16766,-1
03101.wav,3100,3101,1364569589,48000,1,3.464,166264,27088480,33414,-1
03102.wav,3101,3102,1364589587,48000,1,4.033,193570,140590304,42140,-1
03103.wav,3102,3103,1365387178,48000,1,7.216,346386,484774640,79091,-1
03104.wav,3103,3104,1365575852,48000,1,5.417,260010,425835776,61236,-1
03105.wav,3104,3105,1365863442,48000,1,8.631,414292,138855376,106240,-1
03106.wav,3105,3106,1365918163,48000,1,3.935,188894,113615232,39321,-1
03107.wav,3106,3107,1366157045,48000,1,5.531,265467,148531120,60470,-1
03108.wav,3107,3108,1366563632,48000,1,4.070,195348,522642160,54502,-1
03109.wav,3108,3109,1367897807,48000,1,2.246,107797,423323696,20015,-1
03110.wav,3109,3110,1369572239,48000,1,8.047,386250,416465200,84053,-1
03111.wav,3110,3111,1369798059,48000,1,6.654,319407,293964672,66262,-1
03112.wav,3111,3112,1369911043,48000,1,3.113,149413,551466048,33609,-1
03113.wav,3112,3113,1370147404,48000,1,8.997,431835,340997568,80566,-1
03114.wav,3113,3114,1370243784,48000,1,5.690,273121,178740384,56705,-1
03115.wav,3114,3115,1370722569,48000,1,7.163,343804,227899888,117419,-1
03116.wav,3115,3116,1371407176,48000,1,6.281,301507,42472368,67992,-1
03117.wav,3116,3117,1371491563,48000,1,6.157,295519,559509760,97113,-1
03118.wav,3117,3118,1371591337,48000,1,4.892,234833,90649904,56127,-1
03119.wav,3118,3119,1371646058,48000,1,7.996,383799,68620976,86047,-1
03120.wav,3119,3120,1371700779,48000,1,3.217,154400,51516496,33445,-1
03121.wav,3120,3121,1371713841,48000,1,8.346,400600,292064816,81395,-1
03122.wav,3121,3122,1371755500,48000,1,7.439,357050,32692048,82316,-1
03123.wav,3122,3123,1371772104,48000,1,1.994,95699,553217280,19991,-1
03124.wav,3123,3124,1371810221,48000,1,4.583,219981,8993424,44145,-1
03125.wav,3124,3125,1372182085,48000,1,3.321,159416,519664752,28740,-1
03126.wav,3125,3126,1372236806,48000,1,2.468,118474,515719664,37361,-1
03127.wav,3126,3127,1372400969,48000,1,4.746,227790,508774528,47830,-1
03128.wav,3127,3128,1373213516,48000,1,6.542,314019,77537760,67354,-1
03129.wav,3128,3129,1373268237,48000,1,4.052,194474,59586432,43934,-1
03130.wav,3129,3130,1373561840,48000,1,2.159,103650,64766704,17702,-1
03131.wav,3130,3131,1375520039,48000,1,8.230,395039,430313024,134277,-1
03132.wav,3131,3132,1376854530,48000,1,7.150,343206,274687568,71001,-1
03133.wav,3132,3133,1376909251,48000,1,8.928,428546,262205808,91789,-1
03134.wav,3133,3134,1377258596,48000,1,7.298,350305,320459280,68775,-1
03135.wav,3134,3135,1378072643,48000,1,8.722,418677,211712224,102788,-1
03136.wav,3135,3136,1378098767,48000,1,7.565,363111,442113024,105003,-1
03137.wav,3136,3137,1378673932,48000,1,11.054,530581,417496992,105416,-1
03138.wav,3137,3138,1378886690,48000,1,7.678,368549,56594176,91031,-1
03139.wav,3138,3139,1378899752,48000,1,8.681,416711,294929808,97088,-1
03140.wav,3139,3140,1378921655,48000,1,2.336,112106,568818448,32432,-1
03141.wav,3140,3141,1378996132,48000,1,6.086,292119,15191856,67352,-1
03142.wav,3141,3142,1379234034,48000,1,2.763,132647,158489536,27709,-1
03143.wav,3142,3143,1379290756,48000,1,3.045,146139,186054768,30904,-1
03144.wav,3143,3144,1379529638,48000,1,8.082,387950,191768816,99420,-1
03145.wav,3144,3145,1380227307,48000,1,4.127,198109,220140880,38357,-1
03146.wav,3145,3146,1380693030,48000,1,5.759,276425,92090720,69699,-1
03147.wav,3146,3147,1380710954,48000,1,7.336,352147,161456048,87013,-1
03148.wav,3147,3148,1381172684,48000,1,3.106,149086,436354848,32159,-1
03149.wav,3148,3149,1381720117,48000,1,2.325,111594,467009600,18877,-1
03150.wav,3149,3150,1382021343,48000,1,6.825,327582,457740448,92412,-1
03151.wav,3150,3151,1382076064,48000,1,7.454,357772,456576128,95272,-1
03152.wav,3151,3152,1383031658,48000,1,2.943,141249,306659360,30789,-1
03153.wav,3152,3153,1383698243,48000,1,6.194,297317,455739040,85234,-1
03154.wav,3153,3154,1383772962,48000,1,3.037,145784,458821552,32905,-1
03155.wav,3154,3155,1385421263,48000,1,1.968,94472,481063376,17949,-1
03156.wav,3155,3156,1385435779,48000,1,4.879,234201,362420528,61531,-1
03157.wav,3156,3157,1385785124,48000,1,9.146,439009,402956288,86701,-1
03158.wav,3157,3158,1386277123,48000,1,3.582,171950,402135744,43364,-1
03159.wav,3158,3159,1386708613,48000,1,3.564,171079,316746112,34291,-1
03160.wav,3159,3160,1386948516,48000,1,4.658,223573,372557088,51364,-1
03161.wav,3160,3161,1388237264,48000,1,3.351,160855,149296336,40509,-1
03162.wav,3161,3162,1388291985,48000,1,5.111,245333,123852560,53517,-1
03163.wav,3162,3163,1388346706,48000,1,6.586,316136,102235280,77202,-1
03164.wav,3163,3164,1388922536,48000,1,1.918,92062,501472784,15790,-1
03165.wav,3164,3165,1389914164,48000,1,6.439,309082,109167456,75042,-1
03166.wav,3165,3166,1389968885,48000,1,12.042,578014,88917200,124362,-1
03167.wav,3166,3167,1390023606,48000,1,5.542,266028,67221696,66748,-1
03168.wav,3167,3168,1390153046,48000,1,5.932,284746,145102240,77652,-1
03169.wav,3168,3169,1390669075,48000,1,8.044,386118,512065648,129449,-1
03170.wav,3169,3170,1390676011,48000,1,6.996,335830,477025008,91302,-1
03171.wav,3170,3171,1392143434,48000,1,5.001,240050,351972672,52579,-1
03172.wav,3171,3172,1395012173,48000,1,2.880,138252,234839408,29825,-1
03173.wav,3172,3173,1395293735,48000,1,3.962,190174,78473568,39617,-1
03174.wav,3173,3174,1395403177,48000,1,3.775,181220,39460512,35103,-1
03175.wav,3174,3175,1395457898,48000,1,4.048,194297,19335520,45767,-1
03176.wav,3175,3176,1395470960,48000,1,8.699,417543,284229776,98567,-1
03177.wav,3176,3177,1395715601,48000,1,2.119,101717,210159856,29720,-1
03178.wav,3177,3178,1395806222,48000,1,4.591,220376,3607984,57046,-1
03179.wav,3178,3179,1395936683,48000,1,7.232,347119,200486928,88203,-1
03180.wav,3179,3180,1396862693,48000,1,5.365,257497,491118960,65216,-1
03181.wav,3180,3181,1397100075,48000,1,5.678,272560,114659664,62802,-1
03182.wav,3181,3182,1397338957,48000,1,2.622,125879,150497424,28997,-1
03183.wav,3182,3183,1397373680,48000,1,4.095,196560,13470368,45854,-1
03184.wav,3183,3184,1397393678,48000,1,6.465,310320,125257616,70921,-1
03185.wav,3184,3185,1397745544,48000,1,9.191,441152,525264544,121796,-1
03186.wav,3185,3186,1398080806,48000,1,3.250,155987,468714336,26392,-1
03187.wav,3186,3187,1400178986,48000,1,7.028,337358,443536032,106411,-1
03188.wav,3187,3188,1400754151,48000,1,6.043,290081,418404848,57968,-1
03189.wav,3188,3189,1400863593,48000,1,8.073,387496,410817280,81390,-1
03190.wav,3189,3190,1401199876,48000,1,8.268,396875,323613760,90321,-1
03191.wav,3190,3191,1401897545,48000,1,8.843,424446,365082560,135694,-1
03192.wav,3191,3192,1402068644,48000,1,10.138,486610,211429088,126521,-1
03193.wav,3192,3193,1402246890,48000,1,9.876,474051,403993536,98436,-1
03194.wav,3193,3194,1402472710,48000,1,6.860,329274,265552448,89606,-1
03195.wav,3194,3195,1402643809,48000,1,2.419,116123,24531104,18237,-1
03196.wav,3195,3196,1402821034,48000,1,3.479,167004,253649984,34523,-1
03197.wav,3196,3197,1402950474,48000,1,4.697,225460,289290768,39456,-1
03198.wav,3197,3198,1403411782,48000,1,1.817,87205,548567616,15079,-1
03199.wav,3198,3199,1403710821,48000,1,8.129,390192,240366384,120001,-1
03200.wav,3199,3200,1404113866,48000,1,7.935,380870,236535232,100604,-1
03201.wav,3200,3201,1404463211,48000,1,4.854,232976,301138624,54160,-1
03202.wav,3201,3202,1404689031,48000,1,6.982,335134,85483152,76134,-1
03203.wav,3202,3203,1404798473,48000,1,1.117,53599,48916576,14589,-1
03204.wav,3203,3204,1405147818,48000,1,5.121,245821,187701136,49804,-1
03205.wav,3204,3205,1406672054,48000,1,3.014,144653,500789344,34446,-1
03206.wav,3205,3206,1406966125,48000,1,0.873,41890,177374928,15911,-1
03207.wav,3206,3207,1407221933,48000,1,3.570,171382,168757424,37452,-1
03208.wav,3207,3208,1408104492,48000,1,3.265,156736,396247136,34494,-1
03209.wav,3208,3209,1409038603,48000,1,11.986,575346,563837600,132886,-1
03210.wav,3209,3210,1409053559,48000,1,7.745,371752,474224384,92149,-1
03211.wav,3210,3211,1409280679,48000,1,6.557,314725,445629808,98865,-1
03212.wav,3211,3212,1409667115,48000,1,3.093,148476,156706528,31639,-1
03213.wav,3212,3213,1410431009,48000,1,11.421,548207,343475488,96570,-1
03214.wav,3213,3214,1410704614,48000,1,7.917,379995,314355184,84605,-1
03215.wav,3214,3215,1410763749,48000,1,0.681,32705,314126096,11421,-1
03216.wav,3215,3216,1411574403,48000,1,5.084,244048,266530336,62019,-1
03217.wav,3216,3217,1412287986,48000,1,7.386,354541,118567264,86883,-1
03218.wav,3217,3218,1412578195,48000,1,1.540,73910,552432896,12131,-1
03219.wav,3218,3219,1413153360,48000,1,7.089,340288,529272384,79485,-1
03220.wav,3219,3220,1413282800,48000,1,6.333,303982,532392832,69728,-1
03221.wav,3220,3221,1413389721,48000,1,7.603,364939,232575504,84352,-1
03222.wav,3221,3222,1413408561,48000,1,2.594,124519,241991888,30451,-1
03223.wav,3222,3223,1413800723,48000,1,6.405,307430,154306592,76800,-1
03224.wav,3223,3224,1414149047,48000,1,6.711,322136,140776560,84778,-1
03225.wav,3224,3225,1416591615,48000,1,3.811,182909,176334464,42016,-1
03226.wav,3225,3226,1416967036,48000,1,4.666,223966,403458704,57687,-1
03227.wav,3226,3227,1418364353,48000,1,6.454,309814,560649440,107197,-1
03228.wav,3227,3228,1419131699,48000,1,4.638,222609,416613120,47603,-1
03229.wav,3228,3229,1419399178,48000,1,4.776,229263,36203216,48950,-1
03230.wav,3229,3230,1419466961,48000,1,2.518,120843,282282240,22908,-1
03231.wav,3230,3231,1419606098,48000,1,2.445,117363,395933632,28884,-1
03232.wav,3231,3232,1420154089,48000,1,3.378,162134,504754000,45458,-1
03233.wav,3232,3233,1420241002,48000,1,1.032,49520,209965504,21405,-1
03234.wav,3233,3234,1420245728,48000,1,1.855,89053,170033696,15751,-1
03235.wav,3234,3235,1420685074,48000,1,2.062,98965,219989296,19146,-1
03236.wav,3235,3236,1421150797,48000,1,3.658,175604,90706064,42457,-1
03237.wav,3236,3237,1421369681,48000,1,7.944,381330,9151632,94024,-1
03238.wav,3237,3238,1421444400,48000,1,3.808,182803,99985056,39976,-1
03239.wav,3238,3239,1421499121,48000,1,3.289,157864,79156592,32111,-1
03240.wav,3239,3240,1421609584,48000,1,4.855,233029,188302144,48455,-1
03241.wav,3240,3241,1422088369,48000,1,5.497,263861,239602480,74412,-1
03242.wav,3241,3242,1422405102,48000,1,6.788,325819,245685312,97166,-1
03243.wav,3242,3243,1422812788,48000,1,1.104,53002,401517040,17073,-1
03244.wav,3243,3244,1423011858,48000,1,5.948,285510,106520304,66401,-1
03245.wav,3244,3245,1426468711,48000,1,2.987,143355,262430448,25588,-1
03246.wav,3245,3246,1426543430,48000,1,6.891,330778,301675056,79412,-1
03247.wav,3246,3247,1426819556,48000,1,6.528,313323,544183648,107312,-1
03248.wav,3247,3248,1426988134,48000,1,8.539,409890,6142880,92779,-1
03249.wav,3248,3249,1427243620,48000,1,1.894,90894,553667568,18490,-1
03250.wav,3249,3250,1427295820,48000,1,9.868,473642,333164080,107284,-1
03251.wav,3250,3251,1427569424,48000,1,0.513,24617,178221008,9945,-1
03252.wav,3251,3252,1427925706,48000,1,4.723,226722,214636752,58307,-1
03253.wav,3252,3253,1428220330,48000,1,8.357,401151,285460112,83009,-1
03254.wav,3253,3254,1428336708,48000,1,6.294,302131,97448800,71317,-1
03255.wav,3254,3255,1428459212,48000,1,9.313,447044,295292608,97742,-1
03256.wav,3255,3256,1428555592,48000,1,7.999,383970,15413008,92766,-1
03257.wav,3256,3257,1428793494,48000,1,7.622,365850,162189920,80699,-1
03258.wav,3257,3258,1430143048,48000,1,3.664,175851,137503888,34521,-1
03259.wav,3258,3259,1430197769,48000,1,5.433,260797,112370464,67098,-1
03260.wav,3259,3260,1430270414,48000,1,5.711,274117,166370752,57231,-1
03261.wav,3260,3261,1430361932,48000,1,3.525,169194,52378976,35109,-1
03262.wav,3261,3262,1430566765,48000,1,4.098,196692,204231184,41008,-1
03263.wav,3262,3263,1431133778,48000,1,6.443,309282,475325232,82029,-1
03264.wav,3263,3264,1431153574,48000,1,2.329,111791,526657168,26368,-1
03265.wav,3264,3265,1431580803,48000,1,7.866,377572,458239488,103428,-1
03266.wav,3265,3266,1431635524,48000,1,7.296,350188,457016416,84851,-1
03267.wav,3266,3267,1433332422,48000,1,7.286,349738,458944272,98978,-1
03268.wav,3267,3268,1433428408,48000,1,4.725,226813,451545648,70722,-1
03269.wav,3268,3269,1433496585,48000,1,4.168,200045,457209536,47274,-1
03270.wav,3269,3270,1434002946,48000,1,2.445,117344,255715008,28786,-1
03271.wav,3270,3271,1434068038,48000,1,2.076,99636,307017568,19430,-1
03272.wav,3271,3272,1434349419,48000,1,2.479,118992,568351600,32296,-1
03273.wav,3272,3273,1434359663,48000,1,1.624,77971,402419200,25177,-1
03274.wav,3273,3274,1434995239,48000,1,4.596,220587,362482096,49064,-1
03275.wav,3274,3275,1435873590,48000,1,2.647,127057,451069952,32620,-1
03276.wav,3275,3276,1436026864,48000,1,3.766,180777,177265456,43137,-1
03277.wav,3276,3277,1437796724,48000,1,3.703,177757,149527024,36198,-1
03278.wav,3277,3278,1437906166,48000,1,2.738,131437,102535104,24647,-1
03279.wav,3278,3279,1438015608,48000,1,2.458,118008,61892608,23389,-1
03280.wav,3279,3280,1438203311,48000,1,9.096,436585,524145216,79188,-1
03281.wav,3280,3281,1439236242,48000,1,3.587,172177,489211504,47841,-1
03282.wav,3281,3282,1440505748,48000,1,1.897,91044,423421712,16682,-1
03283.wav,3282,3283,1442434115,48000,1,6.409,307613,460914864,79834,-1
03284.wav,3283,3284,1443449900,48000,1,13.095,628567,9693552,131925,-1
03285.wav,3284,3285,1443801766,48000,1,5.759,276414,507391568,85757,-1
03286.wav,3285,3286,1444853195,48000,1,4.532,217524,78547968,51319,-1
03287.wav,3286,3287,1445226365,48000,1,3.347,160645,466884784,33072,-1
03288.wav,3287,3288,1445310961,48000,1,5.925,284391,29049424,66343,-1
03289.wav,3288,3289,1445496143,48000,1,8.142,390839,200631504,95657,-1
03290.wav,3289,3290,1446768977,48000,1,7.893,378885,73484272,84360,-1
03291.wav,3290,3291,1446898417,48000,1,2.328,111759,150676256,22763,-1
03292.wav,3291,3292,1447007859,48000,1,2.764,132652,103460640,27383,-1
03293.wav,3292,3293,1447062580,48000,1,6.521,312986,81918304,74754,-1
03294.wav,3293,3294,1447305004,48000,1,10.064,483064,525578672,134931,-1
03295.wav,3294,3295,1447342915,48000,1,1.948,93489,347898672,17112,-1
03296.wav,3295,3296,1448255600,48000,1,1.916,91961,492059088,16462,-1
03297.wav,3296,3297,1448337935,48000,1,6.459,310022,490462304,94338,-1
03298.wav,3297,3298,1448972684,48000,1,5.832,279950,174969280,79850,-1
03299.wav,3298,3299,1449738446,48000,1,4.908,235599,443903424,76639,-1
03300.wav,3299,3300,1449780105,48000,1,9.521,457021,374723776,117974,-1
03301.wav,3300,3301,1449889547,48000,1,6.883,330381,358353040,109359,-1
03302.wav,3301,3302,1450355270,48000,1,6.459,310018,279960912,85539,-1
03303.wav,3302,3303,1450423053,48000,1,8.495,407763,411234832,83236,-1
03304.wav,3303,3304,1450930435,48000,1,6.588,316241,186146000,69350,-1
03305.wav,3304,3305,1451052939,48000,1,5.748,275885,324775392,61904,-1
03306.wav,3305,3306,1451866986,48000,1,4.324,207562,220552720,49558,-1
03307.wav,3306,3307,1452032170,48000,1,4.403,211352,265694448,40705,-1
03308.wav,3307,3308,1452052168,48000,1,2.598,124694,305488304,26945,-1
03309.wav,3308,3309,1452203269,48000,1,3.803,182523,24631344,31452,-1
03310.wav,3309,3310,1452551593,48000,1,3.256,156276,10593952,25178,-1
03311.wav,3310,3311,1452626312,48000,1,4.496,215810,100857232,50501,-1
03312.wav,3311,3312,1453270281,48000,1,6.115,293534,240486432,57810,-1
03313.wav,3312,3313,1454248491,48000,1,4.346,208608,85771264,53258,-1
03314.wav,3313,3314,1454303212,48000,1,5.956,285896,65983584,63561,-1
03315.wav,3314,3315,1454328058,48000,1,1.768,84851,467091408,13037,-1
03316.wav,3315,3316,1454597836,48000,1,6.687,320989,201781200,73302,-1
03317.wav,3316,3317,1455639599,48000,1,3.747,179840,306809872,45287,-1
03318.wav,3317,3318,1458885064,48000,1,0.673,32302,402250672,11669,-1
03319.wav,3318,3319,1459226575,48000,1,4.562,218964,158072784,52314,-1
03320.wav,3319,3320,1459347521,48000,1,8.991,431559,291615360,72903,-1
03321.wav,3320,3321,1459402242,48000,1,6.042,289992,287420080,66681,-1
03322.wav,3321,3322,1459861029,48000,1,2.913,139846,323732176,27909,-1
03323.wav,3322,3323,1459990469,48000,1,7.319,351331,343740432,80884,-1
03324.wav,3323,3324,1460703495,48000,1,5.825,279592,160555200,59796,-1
03325.wav,3324,3325,1461530477,48000,1,1.458,69984,501561552,11464,-1
03326.wav,3325,3326,1461902167,48000,1,2.675,128409,99799040,18643,-1
03327.wav,3326,3327,1462199312,48000,1,6.473,310701,518494992,67474,-1
03328.wav,3327,3328,1462842260,48000,1,6.516,312772,532766896,80053,-1
03329.wav,3328,3329,1463293027,48000,1,3.783,181594,564888272,54614,-1
03330.wav,3329,3330,1463708507,48000,1,5.109,245232,140920816,62593,-1
03331.wav,3330,3331,1464340041,48000,1,4.569,219312,565926272,48092,-1
03332.wav,3331,3332,1464904317,48000,1,3.981,191104,406707408,42216,-1
03333.wav,3332,3333,1465565741,48000,1,5.369,257704,398400000,71578,-1
03334.wav,3333,3334,1467445901,48000,1,5.197,249454,5180256,45302,-1
03335.wav,3334,3335,1467753587,48000,1,1.787,85793,332074048,15273,-1
03336.wav,3335,3336,1467756108,48000,1,2.629,126190,552011664,27729,-1
03337.wav,3336,3337,1468323542,48000,1,0.612,29360,210303328,13452,-1
03338.wav,3337,3338,1468903917,48000,1,7.909,379646,55626272,81812,-1
03339.wav,3338,3339,1468916979,48000,1,7.069,339296,294176864,82452,-1
03340.wav,3339,3340,1468958638,48000,1,2.623,125884,36388000,25926,-1
03341.wav,3340,3341,1469013359,48000,1,5.030,241419,14357648,58895,-1
03342.wav,3341,3342,1469033357,48000,1,4.858,233182,125947904,52253,-1
03343.wav,3342,3343,1469088078,48000,1,4.503,216155,103864880,52389,-1
03344.wav,3343,3344,1469713549,48000,1,1.577,75702,504871392,18200,-1
03345.wav,3344,3345,1470189813,48000,1,4.492,215617,224369776,43323,-1
03346.wav,3345,3346,1470600815,48000,1,7.436,356924,136728624,82519,-1
03347.wav,3346,3347,1471417383,48000,1,8.590,412312,480908560,90053,-1
03348.wav,3347,3348,1474309612,48000,1,3.271,156988,414522544,34784,-1
03349.wav,3348,3349,1475274760,48000,1,5.462,262171,179672208,47799,-1
03350.wav,3349,3350,1475527725,48000,1,7.042,338026,395842272,91313,-1
03351.wav,3350,3351,1476396493,48000,1,3.234,155214,304227152,24952,-1
03352.wav,3351,3352,1476454756,48000,1,1.583,75975,553801376,14158,-1
03353.wav,3352,3353,1476492873,48000,1,6.704,321793,30644160,75266,-1
03354.wav,3353,3354,1476547594,48000,1,5.031,241497,6269056,60007,-1
03355.wav,3354,3355,1476678055,48000,1,1.760,84456,202334064,16609,-1
03356.wav,3355,3356,1476983725,48000,1,5.192,249208,245195680,76227,-1
03357.wav,3356,3357,1477136842,48000,1,8.967,430413,218988352,117423,-1
03358.wav,3357,3358,1477191563,48000,1,4.794,230126,212188704,51331,-1
03359.wav,3358,3359,1477950889,48000,1,6.115,293533,74804912,65651,-1
03360.wav,3359,3360,1478005610,48000,1,4.707,225943,57017840,38684,-1
03361.wav,3360,3361,1478115052,48000,1,7.453,357763,15920768,85885,-1
03362.wav,3361,3362,1478189771,48000,1,6.960,334070,104877584,74283,-1
03363.wav,3362,3363,1478353934,48000,1,6.913,331836,45174640,80943,-1
03364.wav,3363,3364,1478408655,48000,1,4.161,199718,25654128,50350,-1
03365.wav,3364,3365,1478777998,48000,1,4.127,198091,203149088,50622,-1
03366.wav,3365,3366,1478942161,48000,1,2.422,116242,193363328,25871,-1
03367.wav,3366,3367,1479829874,48000,1,2.828,135742,168877520,29573,-1
03368.wav,3367,3368,1481366083,48000,1,6.245,299777,407351472,56356,-1
03369.wav,3368,3369,1482275056,48000,1,2.767,132833,156860384,30999,-1
03370.wav,3369,3370,1482529475,48000,1,11.234,539253,376913504,138476,-1
03371.wav,3370,3371,1482891882,48000,1,4.656,223479,459229968,56864,-1
03372.wav,3371,3372,1483733505,48000,1,2.875,137998,12011152,29380,-1
03373.wav,3372,3373,1483804830,48000,1,1.715,82341,549851344,14318,-1
03374.wav,3373,3374,1483986470,48000,1,11.114,533469,339297760,107123,-1
03375.wav,3374,3375,1485204583,48000,1,5.754,276212,301983344,61249,-1
03376.wav,3375,3376,1485246242,48000,1,6.234,299250,41039248,69376,-1
03377.wav,3376,3377,1485300963,48000,1,2.415,115912,22290960,22333,-1
03378.wav,3377,3378,1485716528,48000,1,10.312,495000,494527712,97188,-1
03379.wav,3378,3379,1486017103,48000,1,5.180,248628,481648656,66720,-1
03380.wav,3379,3380,1487067623,48000,1,2.483,119173,560343904,26623,-1
03381.wav,3380,3381,1487150744,48000,1,5.430,260626,555473456,65318,-1
03382.wav,3381,3382,1491097662,48000,1,2.578,123722,319568896,21305,-1
03383.wav,3382,3383,1492133323,48000,1,8.891,426773,311181824,95020,-1
03384.wav,3383,3384,1492790476,48000,1,9.765,468728,91826432,96646,-1
03385.wav,3384,3385,1492845197,48000,1,7.745,371736,69525632,87353,-1
03386.wav,3385,3386,1492899918,48000,1,4.547,218250,52330256,48681,-1
03387.wav,3386,3387,1493009360,48000,1,3.486,167321,9931952,38888,-1
03388.wav,3387,3388,1493401102,48000,1,2.481,119072,241732976,29727,-1
03389.wav,3388,3389,1493429009,48000,1,2.695,129348,548287600,24631,-1
03390.wav,3389,3390,1493488145,48000,1,8.363,401420,195270448,77086,-1
03391.wav,3390,3391,1494131093,48000,1,2.677,128495,235160656,23491,-1
03392.wav,3391,3392,1494414155,48000,1,8.644,414913,487317488,127188,-1
03393.wav,3392,3393,1494596816,48000,1,7.128,342149,131349408,80171,-1
03394.wav,3393,3394,1494870421,48000,1,4.507,216339,29300304,47193,-1
03395.wav,3394,3395,1495055603,48000,1,9.969,478517,201012752,116776,-1
03396.wav,3395,3396,1495420729,48000,1,1.246,59825,401641968,18922,-1
03397.wav,3396,3397,1498066731,48000,1,7.846,376599,413339072,85358,-1
03398.wav,3397,3398,1498870550,48000,1,43.070,2067357,397156752,619152,-1
03399.wav,3398,3399,1499297906,48000,1,4.844,232532,444234560,49945,-1
03400.wav,3399,3400,1499339565,48000,1,7.411,355712,375340544,85771,-1
03401.wav,3400,3401,1499449007,48000,1,9.060,434904,358629168,117962,-1
03402.wav,3401,3402,1500195271,48000,1,7.211,346137,16932736,73825,-1
03403.wav,3402,3403,1500233543,48000,1,0.666,31980,209664288,14732,-1
03404.wav,3403,3404,1500529894,48000,1,1.333,63999,248387200,16827,-1
03405.wav,3404,3405,1500797581,48000,1,8.817,423226,388195040,155710,-1
03406.wav,3405,3406,1501262283,48000,1,4.070,195364,237946912,39050,-1
03407.wav,3406,3407,1501544472,48000,1,4.145,198937,565974400,46967,-1
03408.wav,3407,3408,1501892169,48000,1,8.210,394099,92971296,103399,-1
03409.wav,3408,3409,1502001611,48000,1,6.068,291265,52903744,67745,-1
03410.wav,3409,3410,1502069394,48000,1,4.047,194275,289673744,38240,-1
03411.wav,3410,3411,1502405677,48000,1,8.427,404501,185311008,85595,-1
03412.wav,3411,3412,1503551307,48000,1,6.770,324970,174319744,87732,-1
03413.wav,3412,3413,1503698509,48000,1,5.952,285678,133405312,57926,-1
03414.wav,3413,3414,1503761515,48000,1,2.035,97687,526748016,23924,-1
03415.wav,3414,3415,1503807951,48000,1,2.665,127939,86240608,26050,-1
03416.wav,3415,3416,1504972101,48000,1,5.002,240079,460225712,61540,-1
03417.wav,3416,3417,1506675979,48000,1,1.796,86225,307116928,15820,-1
03418.wav,3417,3418,1506819079,48000,1,10.204,489771,379017312,130274,-1
03419.wav,3418,3419,1507798310,48000,1,6.950,333609,326587504,86704,-1
03420.wav,3419,3420,1507907752,48000,1,8.124,389961,317117024,84474,-1
03421.wav,3420,3421,1508625419,48000,1,9.891,474786,392652816,79282,-1
03422.wav,3421,3422,1508906981,48000,1,6.392,306829,291771520,79083,-1
03423.wav,3422,3423,1508961702,48000,1,6.257,300339,287860512,68039,-1
03424.wav,3423,3424,1508974764,48000,1,4.326,207664,420365760,41091,-1
03425.wav,3424,3425,1509132801,48000,1,5.704,273796,76333600,67384,-1
03426.wav,3425,3426,1510262955,48000,1,7.193,345262,165337632,70488,-1
03427.wav,3426,3427,1511089937,48000,1,127.147,6103076,501857680,1387721,-1
03428.wav,3427,3428,1511813493,48000,1,5.638,270610,515097456,75086,-1
03429.wav,3428,3429,1512401720,48000,1,5.969,286530,533107152,70337,-1
03430.wav,3429,3430,1515288713,48000,1,7.581,363883,564370096,72472,-1
03431.wav,3430,3431,1516211312,48000,1,8.627,414109,236091856,113394,-1
03432.wav,3431,3432,1517005361,48000,1,4.798,230282,5366224,59818,-1
03433.wav,3432,3433,1518538096,48000,1,2.319,111305,151298976,19772,-1
03434.wav,3433,3434,1518700905,48000,1,6.022,289060,209432176,64255,-1
03435.wav,3434,3435,1518811701,48000,1,3.542,170032,44338336,38428,-1
03436.wav,3435,3436,1520498289,48000,1,2.124,101973,423164256,17119,-1
03437.wav,3436,3437,1520508599,48000,1,6.383,306395,120349440,67070,-1
03438.wav,3437,3438,1520565841,48000,1,7.426,356453,498607552,76721,-1
03439.wav,3438,3439,1520836842,48000,1,0.428,20544,210698352,8111,-1
03440.wav,3439,3440,1522117453,48000,1,8.089,388293,408896288,82806,-1
03441.wav,3440,3441,1522692618,48000,1,4.887,234564,325052000,48206,-1
03442.wav,3441,3442,1522892625,48000,1,6.088,292236,471237584,66359,-1
03443.wav,3442,3443,1523279923,48000,1,7.093,340440,427304304,69397,-1
03444.wav,3443,3444,1523869072,48000,1,2.492,119622,414577232,25524,-1
03445.wav,3444,3445,1524834220,48000,1,5.261,252507,179833232,45226,-1
03446.wav,3445,3446,1525076644,48000,1,8.398,403089,529582064,105434,-1
03447.wav,3446,3447,1525196627,48000,1,7.148,343111,378199744,115869,-1
03448.wav,3447,3448,1525651809,48000,1,5.740,275531,495293008,55208,-1
03449.wav,3448,3449,1525888170,48000,1,2.035,97682,87465152,18604,-1
03450.wav,3449,3450,1525938476,48000,1,5.977,286917,545146000,114625,-1
03451.wav,3450,3451,1526072331,48000,1,6.096,292626,144214560,68278,-1
03452.wav,3451,3452,1527228787,48000,1,12.178,584566,230457216,117125,-1
03453.wav,3452,3453,1527858673,48000,1,4.062,194993,62886432,43250,-1
03454.wav,3453,3454,1529358085,48000,1,6.628,318157,404952160,62649,-1
03455.wav,3454,3455,1530479818,48000,1,6.350,304822,447115824,94410,-1
03456.wav,3455,3456,1530906797,48000,1,0.585,28084,211134320,11370,-1
03457.wav,3456,3457,1531054983,48000,1,6.323,303497,421539792,65907,-1
03458.wav,3457,3458,1531443986,48000,1,2.557,122720,567706176,28323,-1
03459.wav,3458,3459,1531796832,48000,1,4.544,218128,549223776,41942,-1
03460.wav,3459,3460,1531834516,48000,1,0.871,41802,158238720,14344,-1
03461.wav,3460,3461,1531902564,48000,1,5.700,273579,309564368,57878,-1
03462.wav,3461,3462,1532314755,48000,1,6.584,316046,218340608,90304,-1
03463.wav,3462,3463,1532553637,48000,1,7.880,378252,226765504,110648,-1
03464.wav,3463,3464,1532773542,48000,1,4.292,206015,267069200,47338,-1
03465.wav,3464,3465,1533012424,48000,1,3.048,146294,279161504,28105,-1
03466.wav,3465,3466,1533238244,48000,1,1.490,71537,35118016,12213,-1
03467.wav,3466,3467,1533292965,48000,1,8.808,422772,12090128,104862,-1
03468.wav,3467,3468,1533311436,48000,1,6.246,299797,160883072,57295,-1
03469.wav,3468,3469,1533361769,48000,1,2.409,115652,327678848,21877,-1
03470.wav,3469,3470,1533773166,48000,1,1.710,82084,436166240,18751,-1
03471.wav,3470,3471,1534805702,48000,1,2.672,128265,41290992,27605,-1
03472.wav,3471,3472,1535293962,48000,1,4.741,227568,425560352,41032,-1
03473.wav,3472,3473,1536627083,48000,1,6.962,334157,560370560,89499,-1
03474.wav,3473,3474,1538343400,48000,1,6.355,305022,454833600,67879,-1
03475.wav,3474,3475,1538925501,48000,1,5.519,264892,330874928,63636,-1
03476.wav,3475,3476,1539439009,48000,1,7.760,372471,355071488,92961,-1
03477.wav,3476,3477,1540891920,48000,1,6.647,319041,45003008,65341,-1
03478.wav,3477,3478,1541444867,48000,1,4.091,196376,170156000,39492,-1
03479.wav,3478,3479,1541523018,48000,1,1.424,68360,501361648,8751,-1
03480.wav,3479,3480,1542769585,48000,1,2.449,117571,554228256,22401,-1
03481.wav,3480,3481,1542940684,48000,1,3.847,184638,520683104,33849,-1
03482.wav,3481,3482,1543047605,48000,1,6.041,289969,195632080,73990,-1
03483.wav,3482,3483,1543102326,48000,1,5.113,245432,190123248,57924,-1
03484.wav,3483,3484,1544449879,48000,1,5.754,276171,142710592,65074,-1
03485.wav,3484,3485,1544972844,48000,1,5.608,269186,472353296,76976,-1
03486.wav,3485,3486,1545247470,48000,1,7.639,366654,485945088,109345,-1
03487.wav,3486,3487,1545255706,48000,1,6.235,299299,464285120,86412,-1
03488.wav,3487,3488,1546711946,48000,1,4.147,199065,310656736,49215,-1
03489.wav,3488,3489,1548899025,48000,1,7.383,354396,375773904,103326,-1
03490.wav,3489,3490,1548953746,48000,1,4.668,224054,370236656,66751,-1
03491.wav,3490,3491,1549083186,48000,1,4.195,201379,391229952,56207,-1
03492.wav,3491,3492,1549124845,48000,1,5.261,252519,215278992,59570,-1
03493.wav,3492,3493,1549432531,48000,1,1.694,81309,419093376,14627,-1
03494.wav,3493,3494,1549590568,48000,1,3.516,168773,75407008,23927,-1
03495.wav,3494,3495,1549658351,48000,1,5.601,268856,297111344,61987,-1
03496.wav,3495,3496,1549993613,48000,1,11.077,531698,45997280,121439,-1
03497.wav,3496,3497,1550007696,48000,1,3.023,145115,342639520,28847,-1
03498.wav,3497,3498,1550048334,48000,1,4.254,204189,26011936,42937,-1
03499.wav,3498,3499,1550050855,48000,1,3.783,181573,493797024,25165,-1
03500.wav,3499,3500,1550358541,48000,1,2.174,104367,553460880,21485,-1
03501.wav,3500,3501,1550454921,48000,1,3.635,174478,505560720,51266,-1
03502.wav,3501,3502,1551451629,48000,1,6.607,317123,93317152,70288,-1
03503.wav,3502,3503,1551506350,48000,1,8.427,404495,70888544,95030,-1
03504.wav,3503,3504,1551615792,48000,1,7.233,347193,33963792,71089,-1
03505.wav,3504,3505,1553790257,48000,1,5.377,258081,307336448,61843,-1
03506.wav,3505,3506,1554531561,48000,1,6.073,291503,460682288,81651,-1
03507.wav,3506,3507,1554626920,48000,1,4.682,224715,355453440,48209,-1
03508.wav,3507,3508,1554853761,48000,1,2.887,138578,267372032,30189,-1
03509.wav,3508,3509,1555050984,48000,1,2.033,97573,415974576,18224,-1
03510.wav,3509,3510,1555147364,48000,1,4.887,234582,270551184,41977,-1
03511.wav,3510,3511,1555735591,48000,1,8.705,417856,329239024,100733,-1
03512.wav,3511,3512,1555975494,48000,1,5.839,280287,383625360,77441,-1
03513.wav,3512,3513,1556433260,48000,1,7.055,338648,372840048,70460,-1
03514.wav,3513,3514,1556604359,48000,1,6.996,335798,219833952,69302,-1
03515.wav,3514,3515,1556885921,48000,1,5.155,247437,41975104,51677,-1
03516.wav,3515,3516,1557248328,48000,1,8.280,397452,337238400,96640,-1
03517.wav,3516,3517,1557288966,48000,1,4.409,211647,7919056,48858,-1
03518.wav,3517,3518,1557583590,48000,1,3.440,165134,184597040,29552,-1
03519.wav,3518,3519,1557640832,48000,1,5.444,261331,506166992,96070,-1
03520.wav,3519,3520,1557651373,48000,1,3.411,163747,328724272,34597,-1
03521.wav,3520,3521,1558746982,48000,1,4.388,210640,58934384,40775,-1
03522.wav,3521,3522,1558856424,48000,1,7.356,353072,17985312,79877,-1
03523.wav,3522,3523,1559822415,48000,1,3.353,160920,168543888,34553,-1
03524.wav,3523,3524,1559923436,48000,1,8.529,409375,238070400,96234,-1
03525.wav,3524,3525,1560435381,48000,1,6.126,294054,490154256,91345,-1
03526.wav,3525,3526,1560498601,48000,1,5.474,262739,113738080,67751,-1
03527.wav,3526,3527,1560553322,48000,1,8.089,388267,94581232,89364,-1
03528.wav,3527,3528,1560998784,48000,1,6.905,331432,428224080,98584,-1
03529.wav,3528,3529,1561434610,48000,1,6.820,327356,479014592,89783,-1
03530.wav,3529,3530,1561590960,48000,1,0.964,46285,247958400,16828,-1
03531.wav,3530,3531,1561861544,48000,1,3.362,161380,351685984,39653,-1
03532.wav,3531,3532,1562267597,48000,1,2.867,137627,156375616,32220,-1
03533.wav,3532,3533,1563350392,48000,1,4.105,197038,469667664,46465,-1
03534.wav,3533,3534,1564303778,48000,1,6.070,291348,258640976,74088,-1
03535.wav,3534,3535,1565077187,48000,1,6.700,321584,385538736,83192,-1
03536.wav,3535,3536,1568206998,48000,1,6.215,298300,104278704,72014,-1
03537.wav,3536,3537,1568316440,48000,1,4.903,235339,62524224,60452,-1
03538.wav,3537,3538,1572840305,48000,1,9.463,454203,380531664,145210,-1
03539.wav,3538,3539,1572841484,48000,1,1.258,60381,209731536,28385,-1
03540.wav,3539,3540,1572846210,48000,1,2.323,111489,169875152,23184,-1
03541.wav,3540,3541,1573137835,48000,1,1.141,54779,248534688,20473,-1
03542.wav,3541,3542,1573279528,48000,1,6.929,332576,208807920,82615,-1
03543.wav,3542,3543,1573428532,48000,1,5.701,273635,414616256,49943,-1
03544.wav,3543,3544,1573579633,48000,1,5.429,260592,254445264,55645,-1
03545.wav,3544,3545,1573641290,48000,1,3.956,189899,53456320,36192,-1
03546.wav,3545,3546,1573696011,48000,1,5.315,255130,34226864,66552,-1
03547.wav,3546,3547,1573708400,48000,1,6.140,294702,558640688,87345,-1
03548.wav,3547,3548,1573750732,48000,1,6.723,322714,11296544,66288,-1
03549.wav,3548,3549,1574636104,48000,1,8.078,387746,530045296,100744,-1
03550.wav,3549,3550,1574765544,48000,1,6.753,324165,539792400,82753,-1
03551.wav,3550,3551,1574927186,48000,1,4.054,194589,222105664,38229,-1
03552.wav,3551,3552,1575263469,48000,1,6.328,303763,40270064,74455,-1
03553.wav,3552,3553,1575338188,48000,1,3.785,181663,134113184,44573,-1
03554.wav,3553,3554,1575392909,48000,1,2.556,122691,108494592,26053,-1
03555.wav,3554,3555,1575413270,48000,1,0.728,34939,401371840,13089,-1
03556.wav,3555,3556,1575447630,48000,1,2.665,127919,87804528,30308,-1
03557.wav,3556,3557,1575573676,48000,1,2.835,136081,553864544,29211,-1
03558.wav,3557,3558,1575686512,48000,1,5.933,284785,117309024,72270,-1
03559.wav,3558,3559,1577547573,48000,1,4.048,194287,139159184,43728,-1
03560.wav,3559,3560,1578808103,48000,1,4.023,193086,413544544,36935,-1
03561.wav,3560,3561,1579212169,48000,1,9.092,436425,432720176,116489,-1
03562.wav,3561,3562,1579786313,48000,1,8.270,396946,324236064,81145,-1
03563.wav,3562,3563,1579842055,48000,1,4.254,204180,368890480,55787,-1
03564.wav,3563,3564,1580039278,48000,1,5.338,256217,447361424,52661,-1
03565.wav,3564,3565,1580169906,48000,1,1.338,64203,177927920,23160,-1
03566.wav,3565,3566,1580190379,48000,1,7.359,353223,359799024,104284,-1
03567.wav,3566,3567,1580265098,48000,1,3.852,184896,394429280,50124,-1
03568.wav,3567,3568,1580614443,48000,1,5.968,286445,421788528,52143,-1
03569.wav,3568,3569,1581018509,48000,1,9.104,436986,434034064,159194,-1
03570.wav,3569,3570,1581079145,48000,1,1.899,91155,306379984,15893,-1
03571.wav,3570,3571,1581230246,48000,1,6.994,335705,27852112,84534,-1
03572.wav,3571,3572,1581284967,48000,1,3.417,164029,2546272,36355,-1
03573.wav,3572,3573,1581356292,48000,1,4.347,208655,549265760,52910,-1
03574.wav,3573,3574,1581415428,48000,1,8.204,393799,199618176,101002,-1
03575.wav,3574,3575,1582571884,48000,1,5.894,282914,279294048,65010,-1
03576.wav,3575,3576,1582633541,48000,1,5.768,276887,95710768,63226,-1
03577.wav,3576,3577,1582688262,48000,1,8.893,426856,72524352,97261,-1
03578.wav,3577,3578,1582852425,48000,1,7.923,380307,12322096,93960,-1
03579.wav,3578,3579,1582870896,48000,1,6.907,331560,165723200,68928,-1
03580.wav,3579,3580,1583276489,48000,1,3.556,170703,202866032,44342,-1
03581.wav,3580,3581,1583495373,48000,1,9.959,478009,180465808,106026,-1
03582.wav,3581,3582,1583754056,48000,1,1.428,68547,526493024,11575,-1
03583.wav,3582,3583,1584439881,48000,1,3.202,153705,135454592,34186,-1
03584.wav,3583,3584,1584494602,48000,1,4.890,234699,109442960,54277,-1
03585.wav,3584,3585,1584549323,48000,1,2.776,133232,89272240,25744,-1
03586.wav,3585,3586,1585293567,48000,1,6.594,316494,207000416,85805,-1
03587.wav,3586,3587,1585430611,48000,1,5.406,259498,470854016,75913,-1
03588.wav,3587,3588,1585713473,48000,1,3.912,187789,462711536,44198,-1
03589.wav,3588,3589,1586668520,48000,1,1.557,74724,306885424,11647,-1
03590.wav,3589,3590,1586733342,48000,1,4.349,208768,317750192,45576,-1
03591.wav,3590,3591,1586949901,48000,1,2.522,121041,568066288,30702,-1
03592.wav,3591,3592,1587419183,48000,1,2.362,113382,566726144,26271,-1
03593.wav,3592,3593,1587964517,48000,1,8.807,422740,409584960,92908,-1
03594.wav,3593,3594,1588437065,48000,1,0.897,43042,402714864,15952,-1
03595.wav,3594,3595,1588474072,48000,1,3.073,147490,450777040,43489,-1
03596.wav,3595,3596,1589703074,48000,1,3.886,186535,288937392,38162,-1
03597.wav,3596,3597,1589757795,48000,1,2.485,119281,280898576,21557,-1
03598.wav,3597,3598,1589872585,48000,1,6.735,323257,425062944,65331,-1
03599.wav,3598,3599,1590291301,48000,1,5.664,271855,345677968,56280,-1
03600.wav,3599,3600,1590975908,48000,1,6.084,292011,218571296,66710,-1
03601.wav,3600,3601,1591672014,48000,1,4.647,223048,483718880,45994,-1
03602.wav,3601,3602,1592148278,48000,1,2.387,114599,121089424,24008,-1
03603.wav,3602,3603,1592257720,48000,1,6.430,308632,79784912,76598,-1
03604.wav,3603,3604,1592500144,48000,1,7.898,379109,520814224,122706,-1
03605.wav,3604,3605,1593106230,48000,1,1.765,84712,423240800,13538,-1
03606.wav,3605,3606,1593143092,48000,1,7.937,380984,536671440,92081,-1
03607.wav,3606,3607,1593444783,48000,1,2.325,111594,210801920,35809,-1
03608.wav,3607,3608,1594532304,48000,1,6.302,302475,472685408,81355,-1
03609.wav,3608,3609,1597007405,48000,1,2.342,112433,222508528,25604,-1
03610.wav,3609,3610,1597576366,48000,1,2.223,106700,555157056,21676,-1
03611.wav,3610,3611,1597826847,48000,1,3.470,166555,466657616,34697,-1
03612.wav,3611,3612,1598684305,48000,1,6.994,335705,215462672,76202,-1
03613.wav,3612,3613,1598868466,48000,1,4.965,238337,231515696,73125,-1
03614.wav,3613,3614,1599095307,48000,1,5.411,259734,97947952,66201,-1
03615.wav,3614,3615,1599150028,48000,1,4.051,194442,75683616,27626,-1
03616.wav,3615,3616,1599204749,48000,1,3.611,173319,58168432,41582,-1
03617.wav,3616,3617,1599217811,48000,1,7.834,376039,297282256,91981,-1
03618.wav,3617,3618,1599443631,48000,1,4.295,206145,83262848,47701,-1
03619.wav,3618,3619,1599498352,48000,1,2.257,108347,63406640,20474,-1
03620.wav,3619,3620,1599607794,48000,1,5.467,262431,26237520,41283,-1
03621.wav,3620,3621,1599627792,48000,1,8.241,395591,139869840,97048,-1
03622.wav,3621,3622,1599863280,48000,1,2.016,96779,554095616,20544,-1
03623.wav,3622,3623,1599918001,48000,1,3.189,153055,553525024,32440,-1
03624.wav,3623,3624,1599943397,48000,1,1.897,91072,347736016,17599,-1
03625.wav,3624,3625,1600956368,48000,1,4.241,203554,113049328,51854,-1
03626.wav,3625,3626,1601011089,48000,1,6.176,296457,93498768,71790,-1
03627.wav,3626,3627,1601252492,48000,1,5.365,257521,501110832,51059,-1
03628.wav,3627,3628,1601601837,48000,1,8.426,404432,521655872,126925,-1
03629.wav,3628,3629,1602858825,48000,1,3.551,170463,409161376,27184,-1
03630.wav,3629,3630,1603543432,48000,1,7.383,354387,315300304,89308,-1
03631.wav,3630,3631,1603793203,48000,1,13.015,624743,561607488,124892,-1
03632.wav,3631,3632,1604186380,48000,1,5.480,263020,355654416,53773,-1
03633.wav,3632,3633,1604836264,48000,1,9.287,445792,293027776,101539,-1
03634.wav,3633,3634,1604949248,48000,1,1.557,74750,551013344,12097,-1
03635.wav,3634,3635,1605185609,48000,1,8.619,413707,340131888,89305,-1
03636.wav,3635,3636,1605242851,48000,1,1.853,88939,552687792,17325,-1
03637.wav,3636,3637,1605349772,48000,1,4.039,193855,324317248,36709,-1
03638.wav,3637,3638,1605870216,48000,1,6.148,295110,217468512,75843,-1
03639.wav,3638,3639,1606381107,48000,1,1.609,77255,436262272,15865,-1
03640.wav,3639,3640,1606403722,48000,1,6.065,291098,302414688,67394,-1
03641.wav,3640,3641,1606738984,48000,1,4.051,194450,50960768,35095,-1
03642.wav,3641,3642,1606807788,48000,1,8.468,406445,337494736,94523,-1
03643.wav,3642,3643,1606848426,48000,1,5.235,251269,8046720,50040,-1
03644.wav,3643,3644,1606981408,48000,1,5.013,240630,513439648,70106,-1
03645.wav,3644,3645,1607143050,48000,1,5.079,243773,184869280,49848,-1
03646.wav,3645,3646,1607268075,48000,1,3.088,148206,548089792,33923,-1
03647.wav,3646,3647,1607567114,48000,1,4.620,221781,238896928,51379,-1
03648.wav,3647,3648,1607970159,48000,1,8.010,384459,232880496,72312,-1
03649.wav,3648,3649,1608240081,48000,1,4.181,200674,306523168,41282,-1
03650.wav,3649,3650,1608251721,48000,1,6.921,332190,76544256,84443,-1
03651.wav,3650,3651,1608306442,48000,1,3.816,183151,59066384,31169,-1
03652.wav,3651,3652,1608381161,48000,1,5.141,246776,154537952,56332,-1
03653.wav,3652,3653,1608490603,48000,1,6.462,310181,105918320,80915,-1
03654.wav,3653,3654,1610558244,48000,1,6.113,293426,428612976,95263,-1
03655.wav,3654,3655,1611372291,48000,1,2.473,118709,361543056,30641,-1
03656.wav,3655,3656,1611485546,48000,1,1.607,77114,401999712,24188,-1
03657.wav,3656,3657,1611827057,48000,1,3.646,174990,157773792,40472,-1
03658.wav,3657,3658,1611892735,48000,1,6.432,308742,274280304,73255,-1
03659.wav,3658,3659,1611947456,48000,1,9.666,463984,260979328,121563,-1
03660.wav,3659,3660,1612371520,48000,1,7.183,344790,346482080,74414,-1
03661.wav,3660,3661,1612939749,48000,1,9.204,441794,366398128,130776,-1
03662.wav,3661,3662,1613136972,48000,1,3.006,144281,441023248,27112,-1
03663.wav,3662,3663,1613288073,48000,1,12.326,591657,357610336,163924,-1
03664.wav,3663,3664,1613303977,48000,1,7.191,345148,160000768,71185,-1
03665.wav,3664,3665,1613765707,48000,1,2.251,108035,435907744,27091,-1
03666.wav,3665,3666,1613863238,48000,1,6.602,316901,258715104,69448,-1
03667.wav,3666,3667,1614052808,48000,1,2.454,117787,170277232,26639,-1
03668.wav,3667,3668,1614130959,48000,1,1.539,73892,501429808,11040,-1
03669.wav,3668,3669,1614157862,48000,1,5.494,263711,323502208,64675,-1
03670.wav,3669,3670,1615223311,48000,1,5.888,282629,538126656,64567,-1
03671.wav,3670,3671,1616089558,48000,1,4.667,224020,143339504,55668,-1
03672.wav,3671,3672,1616144279,48000,1,4.351,208857,116566480,51993,-1
03673.wav,3672,3673,1616550866,48000,1,5.907,283530,513986368,71098,-1
03674.wav,3673,3674,1617711737,48000,1,6.168,296070,126448672,76251,-1
03675.wav,3674,3675,1620722865,48000,1,5.139,246661,392459344,41648,-1
03676.wav,3675,3676,1621688013,48000,1,5.387,258580,27024912,63524,-1
03677.wav,3676,3677,1622094600,48000,1,9.611,461326,505782624,138042,-1
03678.wav,3677,3678,1623036587,48000,1,6.186,296915,113546912,68288,-1
03679.wav,3678,3679,1623267860,48000,1,5.555,266658,558994176,75176,-1
03680.wav,3679,3680,1623275469,48000,1,3.068,147268,148506880,24208,-1
03681.wav,3680,3681,1623384911,48000,1,6.541,313949,101842000,78379,-1
03682.wav,3681,3682,1623682056,48000,1,11.966,574382,522429024,131382,-1
03683.wav,3682,3683,1623898419,48000,1,5.875,282010,186470608,64045,-1
03684.wav,3683,3684,1624711404,48000,1,2.198,105491,558085504,20710,-1
03685.wav,3684,3685,1624897648,48000,1,7.776,373261,134377024,82334,-1
03686.wav,3685,3686,1625714216,48000,1,4.665,223922,475721872,62065,-1
03687.wav,3686,3687,1627040584,48000,1,2.064,99051,452054320,20073,-1
03688.wav,3687,3688,1627942528,48000,1,5.745,275748,176376512,56974,-1
03689.wav,3688,3689,1628648104,48000,1,5.242,251611,278440512,51104,-1
03690.wav,3689,3690,1628997449,48000,1,6.118,293655,326869952,65703,-1
03691.wav,3690,3691,1629598738,48000,1,5.631,270270,447624640,79624,-1
03692.wav,3691,3692,1629749839,48000,1,5.481,263094,360085296,64098,-1
03693.wav,3692,3693,1629824558,48000,1,6.590,316304,394867600,78197,-1
03694.wav,3693,3694,1630325004,48000,1,8.823,423498,259378736,111090,-1
03695.wav,3694,3695,1630331940,48000,1,5.378,258143,77336032,55507,-1
03696.wav,3695,3696,1630386661,48000,1,8.065,387102,59411248,99457,-1
03697.wav,3696,3697,1630399723,48000,1,4.632,222325,299289072,45067,-1
03698.wav,3697,3698,1630496103,48000,1,3.109,149234,18765248,33751,-1
03699.wav,3698,3699,1630680264,48000,1,3.299,158335,64734992,31674,-1
03700.wav,3699,3700,1630789706,48000,1,5.026,241244,28224528,59416,-1
03701.wav,3700,3701,1631323212,48000,1,7.356,353078,193973344,99073,-1
03702.wav,3701,3702,1631589765,48000,1,7.579,363802,400360144,121879,-1
03703.wav,3702,3703,1632247722,48000,1,2.580,123842,72687216,22336,-1
03704.wav,3703,3704,1632302443,48000,1,2.095,100575,54819040,19616,-1
03705.wav,3704,3705,1632377162,48000,1,6.557,314757,149889264,77170,-1
03706.wav,3705,3706,1632411885,48000,1,3.962,190163,12747040,46242,-1
03707.wav,3706,3707,1632430356,48000,1,2.607,125142,168728928,28461,-1
03708.wav,3707,3708,1632431883,48000,1,8.497,407840,124377040,93287,-1
03709.wav,3708,3709,1632486604,48000,1,3.469,166519,102726016,37085,-1
03710.wav,3709,3710,1634198901,48000,1,0.833,39962,248053008,15047,-1
03711.wav,3710,3711,1634875538,48000,1,3.776,181256,156571168,41059,-1
03712.wav,3711,3712,1634990071,48000,1,3.848,184708,471102912,38235,-1
03713.wav,3712,3713,1635217191,48000,1,5.669,272112,441984560,75738,-1
03714.wav,3713,3714,1635272933,48000,1,5.353,256928,462845984,65049,-1
03715.wav,3714,3715,1635792356,48000,1,1.708,82001,417358656,14164,-1
03716.wav,3715,3716,1637523977,48000,1,5.386,258549,409913408,60646,-1
03717.wav,3716,3717,1637578698,48000,1,5.180,248660,405515232,50175,-1
03718.wav,3717,3718,1638270241,48000,1,3.754,180192,188638320,43443,-1
03719.wav,3718,3719,1638749026,48000,1,5.136,246516,239822256,60655,-1
03720.wav,3719,3720,1640816667,48000,1,8.514,408650,455518320,109074,-1
03721.wav,3720,3721,1641583501,48000,1,1.268,60873,247629456,20486,-1
03722.wav,3721,3722,1641707738,48000,1,3.702,177700,121276800,42814,-1
03723.wav,3722,3723,1641762459,48000,1,4.161,199727,100672928,40533,-1
03724.wav,3723,3724,1642114325,48000,1,5.368,257673,516559952,53595,-1
03725.wav,3724,3725,1642260138,48000,1,1.995,95768,155933120,20626,-1
03726.wav,3725,3726,1642903548,48000,1,6.823,327485,402881680,74562,-1
03727.wav,3726,3727,1644764609,48000,1,7.005,336218,406895104,79892,-1
03728.wav,3727,3728,1645454151,48000,1,1.747,83860,169965488,13365,-1
03729.wav,3728,3729,1645810060,48000,1,1.980,95021,548931328,17275,-1
03730.wav,3729,3730,1645978638,48000,1,1.334,64011,186791472,8709,-1
03731.wav,3730,3731,1646566865,48000,1,3.113,149437,222705168,31702,-1
03732.wav,3731,3732,1646701835,48000,1,3.941,189148,244777696,64469,-1
03733.wav,3732,3733,1647142030,48000,1,5.321,255426,67162768,58889,-1
03734.wav,3733,3734,1647839699,48000,1,3.594,172492,189767760,36036,-1
03735.wav,3734,3735,1648021211,48000,1,1.242,59623,401440752,20000,-1
03736.wav,3735,3736,1648321005,48000,1,3.472,166651,531084016,33423,-1
03737.wav,3736,3737,1648654767,48000,1,4.618,221661,98124032,50404,-1
03738.wav,3737,3738,1648709488,48000,1,5.697,273441,75738896,65668,-1
03739.wav,3738,3739,1648838928,48000,1,9.464,454260,153515824,110570,-1
03740.wav,3739,3740,1649057812,48000,1,4.697,225468,63568384,55089,-1
03741.wav,3740,3741,1649112533,48000,1,5.892,282810,46593904,55006,-1
03742.wav,3741,3742,1650333167,48000,1,1.631,78268,484372304,16575,-1
03743.wav,3742,3743,1652405223,48000,1,5.815,279129,259918960,63002,-1
03744.wav,3743,3744,1652829287,48000,1,6.421,308217,345474544,58523,-1
03745.wav,3744,3745,1653130376,48000,1,1.549,74341,248172032,25276,-1
03746.wav,3745,3746,1654169904,48000,1,7.330,351855,416095760,73802,-1
03747.wav,3746,3747,1654266284,48000,1,4.443,213263,271207728,44665,-1
03748.wav,3747,3748,1654676265,48000,1,9.083,435972,62227552,75670,-1
03749.wav,3748,3749,1654858378,48000,1,1.153,55367,313053408,19818,-1
03750.wav,3749,3750,1655094414,48000,1,8.182,392750,384177184,104755,-1
03751.wav,3750,3751,1655135052,48000,1,6.932,332733,181524240,66653,-1
03752.wav,3751,3752,1655320234,48000,1,6.146,295028,227085616,63271,-1
03753.wav,3752,3753,1655778000,48000,1,5.604,268997,213653184,75957,-1
03754.wav,3753,3754,1656243723,48000,1,6.092,292396,67994048,55448,-1
03755.wav,3754,3755,1656361997,48000,1,1.956,93889,526588432,20299,-1
03756.wav,3755,3756,1656759752,48000,1,6.521,313021,506654224,92722,-1
03757.wav,3756,3757,1659276461,48000,1,1.297,62252,306959248,10821,-1
03758.wav,3757,3758,1660117704,48000,1,7.971,382609,428786720,115179,-1
03759.wav,3758,3759,1660179361,48000,1,4.739,227487,327093152,52294,-1
03760.wav,3759,3760,1660583427,48000,1,2.966,142370,369287072,30317,-1
03761.wav,3760,3761,1661506916,48000,1,7.349,352757,261260256,80737,-1
03762.wav,3761,3762,1661930980,48000,1,6.532,313557,346677936,69845,-1
03763.wav,3762,3763,1662204585,48000,1,4.072,195454,315977952,42827,-1
03764.wav,3763,3764,1662799748,48000,1,8.914,427890,237483424,110663,-1
03765.wav,3764,3765,1662863437,48000,1,7.984,383236,164607712,93641,-1
03766.wav,3765,3766,1663149093,48000,1,5.492,263598,303406832,71477,-1
03767.wav,3766,3767,1663374913,48000,1,6.718,322469,97028032,76941,-1
03768.wav,3767,3768,1663429634,48000,1,3.305,158653,74081712,27169,-1
03769.wav,3768,3769,1665649018,48000,1,1.800,86419,143472320,16377,-1
03770.wav,3769,3770,1665703739,48000,1,1.601,76843,116684896,14190,-1
03771.wav,3770,3771,1666110326,48000,1,3.297,158266,514270272,43012,-1
03772.wav,3771,3772,1666157027,48000,1,6.531,313500,563665584,77985,-1
03773.wav,3772,3773,1666405253,48000,1,1.216,58387,313822640,23355,-1
03774.wav,3773,3774,1669226333,48000,1,7.463,358222,331056320,78096,-1
03775.wav,3774,3775,1670508145,48000,1,2.050,98377,232515920,20243,-1
03776.wav,3775,3776,1671192752,48000,1,5.695,273337,46876048,63291,-1
03777.wav,3776,3777,1671247473,48000,1,8.789,421864,27121936,100545,-1
03778.wav,3777,3778,1672541326,48000,1,4.837,232163,139067776,55236,-1
03779.wav,3778,3779,1672551338,48000,1,2.352,112895,347819200,21402,-1
03780.wav,3779,3780,1672834929,48000,1,3.125,149985,148677520,34412,-1
03781.wav,3780,3781,1672999092,48000,1,2.914,139889,80866384,23118,-1
03782.wav,3781,3782,1673056334,48000,1,4.213,202230,496038128,51505,-1
03783.wav,3782,3783,1673241516,48000,1,8.973,430707,522780592,107866,-1
03784.wav,3783,3784,1673269417,48000,1,5.930,284625,173921312,65805,-1
03785.wav,3784,3785,1673437324,48000,1,1.821,87402,210390880,27715,-1
03786.wav,3785,3786,1673884464,48000,1,5.601,268825,540670576,62725,-1
03787.wav,3786,3787,1674750711,48000,1,1.312,62962,144565904,8799,-1
03788.wav,3787,3788,1675826059,48000,1,5.494,263735,357007232,64597,-1
03789.wav,3788,3789,1676138314,48000,1,2.023,97087,204007168,21920,-1
03790.wav,3789,3790,1676250123,48000,1,2.353,112960,416590864,22214,-1
03791.wav,3790,3791,1676401224,48000,1,3.844,184533,258396336,38129,-1
03792.wav,3791,3792,1677509895,48000,1,8.375,402003,217544400,110996,-1
03793.wav,3792,3793,1677848435,48000,1,6.432,308732,399563216,88568,-1
03794.wav,3793,3794,1677927023,48000,1,2.626,126034,413912736,27079,-1
03795.wav,3794,3795,1678317006,48000,1,5.564,267090,251482400,58966,-1
03796.wav,3795,3796,1678391725,48000,1,8.902,427299,292241712,99851,-1
03797.wav,3796,3797,1678433384,48000,1,5.702,273685,32774400,59583,-1
03798.wav,3797,3798,1679959183,48000,1,9.613,461425,299577024,99307,-1
03799.wav,3798,3799,1680075561,48000,1,3.546,170191,130674720,33319,-1
03800.wav,3799,3800,1680239724,48000,1,1.809,86854,64823600,15545,-1
03801.wav,3800,3801,1680403887,48000,1,4.579,219786,2743344,53533,-1
03802.wav,3801,3802,1681752461,48000,1,3.784,181640,95902160,43353,-1
03803.wav,3802,3803,1681807182,48000,1,8.273,397126,72786160,91134,-1
03804.wav,3803,3804,1682100785,48000,1,6.337,304178,81540576,76650,-1
03805.wav,3804,3805,1684284804,48000,1,5.758,276361,316293568,64657,-1
03806.wav,3805,3806,1684434998,48000,1,2.888,138641,157946544,32666,-1
03807.wav,3806,3807,1685002471,48000,1,8.343,400454,389598752,118261,-1
03808.wav,3807,3808,1685351816,48000,1,6.295,302155,417753136,68888,-1
03809.wav,3808,3809,1685393475,48000,1,5.815,279134,279773200,59113,-1
03810.wav,3809,3810,1685448196,48000,1,6.741,323566,271771840,75647,-1
03811.wav,3810,3811,1685911918,48000,1,6.865,329533,160307920,77424,-1
03812.wav,3811,3812,1685926981,48000,1,1.372,65871,341774160,9113,-1
03813.wav,3812,3813,1685981702,48000,1,5.683,272784,335523408,55053,-1
03814.wav,3813,3814,1686276326,48000,1,5.185,248888,386738368,69364,-1
03815.wav,3814,3815,1686373648,48000,1,1.655,79428,435987264,16845,-1
03816.wav,3815,3816,1686850470,48000,1,6.009,288422,225536944,70884,-1
03817.wav,3816,3817,1687370914,48000,1,4.313,207007,92219376,48607,-1
03818.wav,3817,3818,1687774980,48000,1,4.568,219260,192878608,53241,-1
03819.wav,3818,3819,1687897484,48000,1,5.220,250575,333705344,51528,-1
03820.wav,3819,3820,1690376127,48000,1,7.956,381868,456110960,95125,-1
03821.wav,3820,3821,1691269719,48000,1,5.406,259467,500505424,60210,-1
03822.wav,3821,3822,1691819598,48000,1,2.421,116227,157459488,22915,-1
03823.wav,3822,3823,1692688828,48000,1,3.373,161928,263722144,26615,-1
03824.wav,3823,3824,1692998033,48000,1,4.764,228690,427026112,46134,-1
03825.wav,3824,3825,1693681121,48000,1,7.922,380248,368003856,120778,-1
03826.wav,3825,3826,1695134032,48000,1,7.986,383339,61810560,82015,-1
03827.wav,3826,3827,1696592048,48000,1,7.711,370149,109284816,80059,-1
03828.wav,3827,3828,1696646769,48000,1,2.800,134387,89193648,28832,-1
03829.wav,3828,3829,1696701490,48000,1,5.613,269435,67288480,64324,-1
03830.wav,3829,3830,1696756211,48000,1,4.304,206594,49844224,44359,-1
03831.wav,3830,3831,1696830930,48000,1,2.529,121388,145299840,27160,-1
03832.wav,3831,3832,1696885651,48000,1,4.194,201297,118057712,47078,-1
03833.wav,3832,3833,1697319345,48000,1,2.367,113623,558190784,26726,-1
03834.wav,3833,3834,1697346959,48000,1,5.483,263196,512340560,74758,-1
03835.wav,3834,3835,1697880465,48000,1,6.878,330123,531364256,80510,-1
03836.wav,3835,3836,1698453109,48000,1,7.207,345937,128693728,85267,-1
03837.wav,3836,3837,1698507830,48000,1,2.800,134382,105614976,25423,-1
03838.wav,3837,3838,1699648525,48000,1,1.832,87951,452154448,19385,-1
03839.wav,3838,3839,1699658787,48000,1,8.600,412800,564564256,90643,-1
03840.wav,3839,3840,1702555431,48000,1,1.685,80859,549373344,12997,-1
03841.wav,3840,3841,1702794313,48000,1,2.319,111328,551846240,23005,-1
03842.wav,3841,3842,1703421678,48000,1,6.385,306467,214015792,84028,-1
03843.wav,3842,3843,1703496397,48000,1,8.901,427254,240653664,133466,-1
03844.wav,3843,3844,1703832680,48000,1,2.582,123917,96184544,25746,-1
03845.wav,3844,3845,1703887401,48000,1,6.004,288200,73416848,67392,-1
03846.wav,3845,3846,1703942122,48000,1,6.100,292821,55179120,76003,-1
03847.wav,3846,3847,1703955184,48000,1,5.879,282183,293565696,64332,-1
03848.wav,3847,3848,1704051564,48000,1,5.382,258322,13565152,63420,-1
03849.wav,3848,3849,1704290446,48000,1,7.400,355178,43201776,88801,-1
03850.wav,3849,3850,1704361771,48000,1,2.511,120542,552759184,28124,-1
03851.wav,3850,3851,1704416017,48000,1,6.915,331931,312333952,72953,-1
03852.wav,3851,3852,1704423428,48000,1,2.243,107650,525437408,22947,-1
03853.wav,3852,3853,1704694512,48000,1,4.048,194293,181807040,42923,-1
03854.wav,3853,3854,1704879694,48000,1,2.611,125319,227298288,25720,-1
03855.wav,3854,3855,1705564301,48000,1,3.740,179501,42195968,39149,-1
03856.wav,3855,3856,1705693741,48000,1,5.707,273924,111134048,72633,-1
03857.wav,3856,3857,1705803183,48000,1,3.191,153168,68128880,23303,-1
03858.wav,3857,3858,1705987344,48000,1,6.199,297535,119023312,72624,-1
03859.wav,3858,3859,1706096786,48000,1,5.518,264854,78818752,59132,-1
03860.wav,3859,3860,1706393931,48000,1,3.409,163614,515276240,31510,-1
03861.wav,3860,3861,1706614794,48000,1,7.638,366602,562554608,84266,-1
03862.wav,3861,3862,1708814311,48000,1,2.307,110716,373980784,21618,-1
03863.wav,3862,3863,1709150594,48000,1,4.996,239820,265642096,52306,-1
03864.wav,3863,3864,1709922982,48000,1,5.359,257211,337833952,63247,-1
03865.wav,3864,3865,1709977703,48000,1,10.499,503964,334398880,102700,-1
03866.wav,3865,3866,1710034945,48000,1,2.243,107666,550330688,20904,-1
03867.wav,3866,3867,1711024717,48000,1,9.274,445173,412090528,81133,-1
03868.wav,3867,3868,1711066376,48000,1,8.100,388811,261703312,89652,-1
03869.wav,3868,3869,1711195816,48000,1,2.700,129588,290106864,21994,-1
03870.wav,3869,3870,1711531078,48000,1,3.294,158097,29762688,35879,-1
03871.wav,3870,3871,1712422897,48000,1,6.813,327037,168105792,67673,-1
03872.wav,3871,3872,1713056877,48000,1,4.259,204435,294502752,38387,-1
03873.wav,3872,3873,1713153257,48000,1,8.041,385989,14852032,95602,-1
03874.wav,3873,3874,1714191442,48000,1,1.360,65300,247742480,20694,-1
03875.wav,3874,3875,1714196168,48000,1,3.925,188423,204801056,30946,-1
03876.wav,3875,3876,1714868079,48000,1,3.515,168726,156057664,41818,-1
03877.wav,3876,3877,1715731443,48000,1,5.566,267178,474407728,71092,-1
03878.wav,3877,3878,1715958563,48000,1,4.929,236595,445923904,50305,-1
03879.wav,3878,3879,1716014305,48000,1,5.714,274294,465548640,62150,-1
03880.wav,3879,3880,1716344999,48000,1,1.985,95296,157302128,18706,-1
03881.wav,3880,3881,1716430056,48000,1,4.894,234890,310390832,50729,-1
03882.wav,3881,3882,1716979453,48000,1,2.896,139031,323704128,28014,-1
03883.wav,3882,3883,1717382498,48000,1,4.972,238669,314528048,53612,-1
03884.wav,3883,3884,1717677122,48000,1,7.755,372248,365508752,103685,-1
03885.wav,3884,3885,1718252287,48000,1,4.950,237586,266592400,60342,-1
03886.wav,3885,3886,1719256079,48000,1,2.005,96234,552488032,18937,-1
03887.wav,3886,3887,1720588049,48000,1,5.764,276696,105853008,65278,-1
03888.wav,3887,3888,1720806933,48000,1,9.771,468997,27393856,110691,-1
03889.wav,3888,3889,1720826931,48000,1,3.060,146881,140886464,34317,-1
03890.wav,3889,3890,1722113848,48000,1,4.767,228826,306447216,49929,-1
03891.wav,3890,3891,1722394389,48000,1,6.530,313422,148885600,76399,-1
03892.wav,3891,3892,1722503831,48000,1,4.555,218617,102048080,39519,-1
03893.wav,3892,3893,1722800976,48000,1,7.575,363613,523434176,86166,-1
03894.wav,3893,3894,1724833136,48000,1,5.077,243713,476409536,60234,-1
03895.wav,3894,3895,1725104014,48000,1,2.448,117502,542781568,19857,-1
03896.wav,3895,3896,1725446692,48000,1,1.466,70379,169698928,12336,-1
03897.wav,3896,3897,1725738317,48000,1,1.800,86400,248336096,22213,-1
03898.wav,3897,3898,1726203108,48000,1,1.976,94857,550138800,18173,-1
03899.wav,3898,3899,1726774731,48000,1,4.293,206045,182126480,38614,-1
03900.wav,3899,3900,1727191859,48000,1,2.336,112130,373411744,28670,-1
03901.wav,3900,3901,1727308237,48000,1,7.426,356433,224188112,90065,-1
03902.wav,3901,3902,1727466319,48000,1,2.505,120235,313195040,37246,-1
03903.wav,3902,3903,1727848040,48000,1,3.178,152533,173393408,34800,-1
03904.wav,3903,3904,1727876466,48000,1,4.154,199401,251855936,54289,-1
03905.wav,3904,3905,1727938123,48000,1,3.574,171538,51871536,36470,-1
03906.wav,3905,3906,1727992844,48000,1,5.884,282451,32834016,55017,-1
03907.wav,3906,3907,1728177005,48000,1,6.100,292818,79188736,70874,-1
03908.wav,3907,3908,1728474150,48000,1,7.501,360047,516301712,102609,-1
03909.wav,3908,3909,1729062377,48000,1,4.411,211745,534642560,52544,-1
03910.wav,3909,3910,1729169298,48000,1,12.851,616865,234400448,182510,-1
03911.wav,3910,3911,1729615023,48000,1,7.566,363163,19002112,89938,-1
03912.wav,3911,3912,1729635021,48000,1,3.490,167513,130778320,32337,-1
03913.wav,3912,3913,1729689742,48000,1,4.270,204972,106586752,46752,-1
03914.wav,3913,3914,1729853905,48000,1,2.686,128926,48231904,28632,-1
03915.wav,3914,3915,1729856426,48000,1,6.102,292891,494762928,59526,-1
03916.wav,3915,3916,1729908626,48000,1,4.966,238352,28449024,61806,-1
03917.wav,3916,3917,1733104936,48000,1,3.979,191007,412711888,33019,-1
03918.wav,3917,3918,1733146595,48000,1,3.886,186506,262537360,41589,-1
03919.wav,3918,3919,1733844264,48000,1,2.826,135668,316358272,27174,-1
03920.wav,3919,3920,1733973704,48000,1,6.279,301413,333335184,55134,-1
03921.wav,3920,3921,1734309987,48000,1,8.233,395172,212083920,104747,-1
03922.wav,3921,3922,1735191817,48000,1,6.420,308173,289868224,76638,-1
03923.wav,3922,3923,1735233476,48000,1,4.461,214132,15684288,49942,-1
03924.wav,3923,3924,1735471378,48000,1,4.546,218227,165090160,52980,-1
03925.wav,3924,3925,1735527079,48000,1,9.239,443468,25424544,118925,-1
03926.wav,3925,3926,1735653125,48000,1,2.326,111670,549126368,21937,-1
03927.wav,3926,3927,1735712261,48000,1,5.389,258655,197016800,65202,-1
03928.wav,3927,3928,1735876424,48000,1,7.026,337231,182663008,73880,-1
03929.wav,3928,3929,1736409930,48000,1,4.579,219791,225795072,52394,-1
03930.wav,3929,3930,1736800934,48000,1,8.330,399840,24173120,92362,-1
03931.wav,3930,3931,1736875653,48000,1,4.076,195625,112462352,41146,-1
03932.wav,3931,3932,1737039816,48000,1,2.594,124516,52476144,24407,-1
03933.wav,3932,3933,1737628043,48000,1,2.361,113340,195837296,25624,-1
03934.wav,3933,3934,1737682764,48000,1,7.199,345549,190621552,78470,-1
03935.wav,3934,3935,1737867946,48000,1,7.379,354191,240049136,113848,-1
03936.wav,3935,3936,1738372934,48000,1,1.794,86121,402802336,27826,-1
03937.wav,3936,3937,1739013194,48000,1,1.741,83564,313970048,26367,-1
03938.wav,3937,3938,1740019665,48000,1,2.686,128923,566399856,23998,-1
03939.wav,3938,3939,1741673123,48000,1,7.776,373242,362616560,108739,-1
03940.wav,3939,3940,1742610695,48000,1,9.544,458089,431635984,149256,-1
03941.wav,3940,3941,1742997638,48000,1,5.634,270409,208448512,70612,-1
03942.wav,3941,3942,1743253477,48000,1,3.941,189145,309622288,49909,-1
03943.wav,3942,3943,1743479463,48000,1,6.524,313134,376469488,90577,-1
03944.wav,3943,3944,1743534184,48000,1,4.881,234287,370303440,61768,-1
03945.wav,3944,3945,1744529329,48000,1,2.286,109713,124108000,17685,-1
03946.wav,3945,3946,1745209521,48000,1,6.827,327695,503245440,80918,-1
03947.wav,3946,3947,1745914126,48000,1,5.708,273998,489470688,68547,-1
03948.wav,3947,3948,1746390390,48000,1,5.437,260974,145415776,59181,-1
03949.wav,3948,3949,1746445111,48000,1,2.943,141242,118380080,26820,-1
03950.wav,3949,3950,1746499832,48000,1,5.407,259537,99012480,66018,-1
03951.wav,3950,3951,1746796977,48000,1,5.296,254186,517673520,63425,-1
03952.wav,3951,3952,1746851698,48000,1,3.504,168198,514721600,36810,-1
03953.wav,3952,3953,1746906419,48000,1,7.449,357574,512949168,133810,-1
03954.wav,3953,3954,1747576656,48000,1,7.244,347692,426546336,61636,-1
03955.wav,3954,3955,1749111999,48000,1,5.569,267303,461052304,74852,-1
03956.wav,3955,3956,1749629415,48000,1,1.799,86332,542637344,14272,-1
03957.wav,3956,3957,1750176848,48000,1,2.767,132812,554895072,30614,-1
03958.wav,3957,3958,1751249517,48000,1,4.322,207473,235057040,50926,-1
03959.wav,3958,3959,1751701863,48000,1,0.918,44056,178646640,17141,-1
03960.wav,3959,3960,1751879403,48000,1,5.862,281381,65498608,53552,-1
03961.wav,3960,3961,1752114891,48000,1,2.936,140908,549386384,28961,-1
03962.wav,3961,3962,1752174027,48000,1,8.853,424921,200882304,92701,-1
03963.wav,3962,3963,1752543879,48000,1,1.579,75792,347560784,10730,-1
03964.wav,3963,3964,1753337419,48000,1,8.330,399830,114897984,93837,-1
03965.wav,3964,3965,1753446861,48000,1,2.879,138169,73625920,24546,-1
03966.wav,3965,3966,1753514644,48000,1,5.677,272477,293773488,63088,-1
03967.wav,3966,3967,1753556303,48000,1,4.726,226859,35978208,50955,-1
03968.wav,3967,3968,1753631022,48000,1,9.251,444068,125493584,102799,-1
03969.wav,3968,3969,1754311214,48000,1,5.960,286096,504470272,79430,-1
03970.wav,3969,3970,1755253201,48000,1,5.625,270019,111467264,67339,-1
03971.wav,3970,3971,1755402766,48000,1,123.158,5911593,204978704,1676474,-1
03972.wav,3971,3972,1755546804,48000,1,8.164,391858,119439536,97465,-1
03973.wav,3972,3973,1756416330,48000,1,6.316,303160,444044960,92845,-1
03974.wav,3973,3974,1756567431,48000,1,7.468,358452,358528112,101021,-1
03975.wav,3974,3975,1758710054,48000,1,5.952,285673,265735200,62763,-1
03976.wav,3975,3976,1759537163,48000,1,7.928,380548,334664384,94987,-1
03977.wav,3976,3977,1759594405,48000,1,2.048,98304,550351632,27221,-1
03978.wav,3977,3978,1760351210,48000,1,2.834,136054,236945040,21834,-1
03979.wav,3978,3979,1760700555,48000,1,3.812,182979,301380752,40667,-1
03980.wav,3979,3980,1760755276,48000,1,3.825,183623,290214800,40998,-1
03981.wav,3980,3981,1760796935,48000,1,6.023,289114,20577920,72023,-1
03982.wav,3981,3982,1760816933,48000,1,3.861,185314,133284912,50097,-1
03983.wav,3982,3983,1760926375,48000,1,4.466,214380,86045024,48922,-1
03984.wav,3983,3984,1761035817,48000,1,2.226,106866,49172864,22253,-1
03985.wav,3984,3985,1761090538,48000,1,3.251,156035,29923408,27990,-1
03986.wav,3985,3986,1761145259,48000,1,8.102,388890,5823792,92566,-1
03987.wav,3986,3987,1762603275,48000,1,2.134,102413,56185296,19226,-1
03988.wav,3987,3988,1764427539,48000,1,1.273,61097,157569440,8544,-1
03989.wav,3988,3989,1765290903,48000,1,5.947,285476,474718800,55823,-1
03990.wav,3989,3990,1765573765,48000,1,6.934,332847,465922416,87246,-1
03991.wav,3990,3991,1765904459,48000,1,4.256,204277,159493792,44726,-1
03992.wav,3991,3992,1766941958,48000,1,9.156,439484,314743664,108709,-1
03993.wav,3992,3993,1768105350,48000,1,5.712,274163,270150288,66620,-1
03994.wav,3993,3994,1768160071,48000,1,5.679,272598,254906816,54914,-1
03995.wav,3994,3995,1768931917,48000,1,6.895,330970,514916048,80631,-1
03996.wav,3995,3996,1769349554,48000,1,3.111,149335,204054000,31003,-1
03997.wav,3996,3997,1770314193,48000,1,3.026,145258,494110288,25587,-1
03998.wav,3997,3998,1771008679,48000,1,7.528,361366,309765728,88665,-1
03999.wav,3998,3999,1772091688,48000,1,3.685,176903,481547472,39775,-1
04000.wav,3999,4000,1773204380,48000,1,1.878,90122,403516432,18509,-1
04001.wav,4000,4001,1774431471,48000,1,7.906,379467,332128928,94756,-1
04002.wav,4001,4002,1775233477,48000,1,2.590,124301,556747168,28152,-1
04003.wav,4002,4003,1775704305,48000,1,5.776,277268,282348336,59426,-1
04004.wav,4003,4004,1776867697,48000,1,9.367,449616,224413136,119769,-1
04005.wav,4004,4005,1777510645,48000,1,2.841,136356,292780560,22750,-1
04006.wav,4005,4006,1777684265,48000,1,1.996,95788,498553040,17940,-1
04007.wav,4006,4007,1777736465,48000,1,5.918,284080,79316432,71851,-1
04008.wav,4007,4008,1778621837,48000,1,3.919,188122,534768192,46458,-1
04009.wav,4008,4009,1779010320,48000,1,8.525,409200,78015808,106929,-1
04010.wav,4009,4010,1779194481,48000,1,6.360,305301,130831360,80709,-1
04011.wav,4010,4011,1779249202,48000,1,6.527,313317,106750432,81929,-1
04012.wav,4011,4012,1779641066,48000,1,1.425,68416,451877728,11345,-1
04013.wav,4012,4013,1780361673,48000,1,3.500,168000,457936,44979,-1
04014.wav,4013,4014,1781500040,48000,1,4.444,213323,347060992,54292,-1
04015.wav,4014,4015,1782944937,48000,1,8.003,384153,277610176,94770,-1
04016.wav,4015,4016,1782959020,48000,1,8.274,397140,435616928,118082,-1
04017.wav,4016,4017,1783056900,48000,1,5.013,240625,544991424,63816,-1
04018.wav,4017,4018,1783296803,48000,1,3.012,144571,549538768,31381,-1
04019.wav,4018,4019,1783587885,48000,1,4.426,212459,328527072,46169,-1
04020.wav,4019,4020,1783991951,48000,1,6.727,322877,369811632,89504,-1
04021.wav,4020,4021,1784121391,48000,1,8.468,406443,390103872,76253,-1
04022.wav,4021,4022,1784163050,48000,1,9.547,458248,214810464,140808,-1
04023.wav,4022,4023,1784347211,48000,1,9.430,452641,230315360,94921,-1
04024.wav,4023,4024,1784457674,48000,1,8.443,405255,285944944,112925,-1
04025.wav,4024,4025,1784470736,48000,1,8.563,411025,418080672,88241,-1
04026.wav,4025,4026,1784567116,48000,1,6.112,293380,271907712,70203,-1
04027.wav,4026,4027,1784628773,48000,1,6.057,290723,74920736,65603,-1
04028.wav,4027,4028,1784696556,48000,1,7.717,370425,295883936,86285,-1
04029.wav,4028,4029,1784738215,48000,1,5.109,245237,37074928,42160,-1
04030.wav,4029,4030,1784751277,48000,1,3.254,156199,290000144,32095,-1
04031.wav,4030,4031,1784867655,48000,1,2.661,127726,104951904,21516,-1
04032.wav,4031,4032,1785030838,48000,1,2.904,139387,168403888,31511,-1
04033.wav,4032,4033,1785031818,48000,1,2.123,101908,45303424,15152,-1
04034.wav,4033,4034,1785045901,48000,1,4.145,198968,342144640,37758,-1
04035.wav,4034,4035,1785271721,48000,1,5.070,243345,197130704,59747,-1
04036.wav,4035,4036,1785435884,48000,1,1.926,92442,182736928,16351,-1
04037.wav,4036,4037,1785621066,48000,1,4.199,201529,229094064,31256,-1
04038.wav,4037,4038,1786158277,48000,1,5.239,251467,350783712,56862,-1
04039.wav,4038,4039,1786209293,48000,1,4.948,237482,305370720,59084,-1
04040.wav,4039,4040,1786489834,48000,1,5.252,252096,92484864,53343,-1
04041.wav,4040,4041,1786653997,48000,1,6.120,293748,33779680,53849,-1
04042.wav,4041,4042,1788952940,48000,1,2.567,123240,157412128,25521,-1
04043.wav,4042,4043,1789569766,48000,1,7.034,337638,459339152,95399,-1
04044.wav,4043,4044,1790089189,48000,1,6.388,306614,415386064,74030,-1
04045.wav,4044,4045,1790240290,48000,1,2.395,114955,255978112,20991,-1
04046.wav,4045,4046,1790657418,48000,1,10.270,492967,430745984,135502,-1
04047.wav,4046,4047,1791807748,48000,1,2.515,120700,263800512,16428,-1
04048.wav,4047,4048,1791924126,48000,1,7.012,336579,41156336,51116,-1
04049.wav,4048,4049,1792982639,48000,1,5.844,280510,511863456,77501,-1
04050.wav,4049,4050,1794183983,48000,1,0.700,33600,247487968,12585,-1
04051.wav,4050,4051,1794860620,48000,1,2.988,143418,155609968,35341,-1
04052.wav,4051,4052,1796356437,48000,1,3.514,168657,517959408,48220,-1
04053.wav,4052,4053,1796472815,48000,1,8.819,423331,477566736,106130,-1
04054.wav,4053,4054,1797576261,48000,1,3.558,170785,207950272,45111,-1
04055.wav,4054,4055,1797711955,48000,1,2.426,116432,542903264,25197,-1
04056.wav,4055,4056,1798054633,48000,1,2.966,142357,169774384,27661,-1
04057.wav,4056,4057,1800106893,48000,1,1.712,82181,548322000,12653,-1
04058.wav,4057,4058,1800166029,48000,1,9.380,450236,195429632,113979,-1
04059.wav,4058,4059,1800220750,48000,1,6.983,335176,189992224,51180,-1
04060.wav,4059,4060,1800808977,48000,1,2.991,143554,235224048,21438,-1
04061.wav,4060,4061,1800964972,48000,1,1.328,63741,1313424,22378,-1
04062.wav,4061,4062,1801158322,48000,1,8.940,429120,300229312,93603,-1
04063.wav,4062,4063,1801274700,48000,1,6.003,288143,131767040,67970,-1
04064.wav,4063,4064,1801329421,48000,1,4.827,231709,107448720,62793,-1
04065.wav,4064,4065,1801384142,48000,1,2.965,142322,84516976,30637,-1
04066.wav,4065,4066,1801603026,48000,1,4.089,196277,4249968,44642,-1
04067.wav,4066,4067,1801733487,48000,1,4.320,207369,201271056,39072,-1
04068.wav,4067,4068,1801842929,48000,1,6.684,320822,187586336,75705,-1
04069.wav,4068,4069,1802365894,48000,1,9.306,446672,485815808,129242,-1
04070.wav,4069,4070,1802951600,48000,1,5.634,270439,96666896,58533,-1
04071.wav,4070,4071,1803190482,48000,1,5.145,246950,125652528,52117,-1
04072.wav,4071,4072,1803299924,48000,1,3.683,176760,82139328,35497,-1
04073.wav,4072,4073,1805108785,48000,1,8.085,388089,500096000,92727,-1
04074.wav,4073,4074,1805574508,48000,1,7.003,336156,479883008,83681,-1
04075.wav,4074,4075,1805975790,48000,1,4.477,214900,444450480,55969,-1
04076.wav,4075,4076,1806017449,48000,1,5.845,280566,375619408,96723,-1
04077.wav,4076,4077,1806550955,48000,1,9.037,433755,418998752,94578,-1
04078.wav,4077,4078,1806572874,48000,1,4.469,214515,422842304,39849,-1
04079.wav,4078,4079,1807126120,48000,1,1.870,89758,342622736,16752,-1
04080.wav,4079,4080,1807222500,48000,1,5.771,276991,178958960,59463,-1
04081.wav,4080,4081,1807458860,48000,1,1.531,73476,312865312,27010,-1
04082.wav,4081,4082,1807475465,48000,1,3.823,183491,388423888,39422,-1
04083.wav,4082,4083,1807810727,48000,1,7.518,360876,217834208,105460,-1
04084.wav,4083,4084,1808104330,48000,1,7.657,367537,221195216,97523,-1
04085.wav,4084,4085,1808466737,48000,1,9.268,444855,414013968,88034,-1
04086.wav,4085,4086,1808679495,48000,1,6.292,302031,53009616,64960,-1
04087.wav,4086,4087,1808734216,48000,1,5.051,242462,33877024,49966,-1
04088.wav,4087,4088,1808962479,48000,1,1.807,86742,526434816,14895,-1
04089.wav,4088,4089,1809096623,48000,1,7.090,340336,334923152,85523,-1
04090.wav,4089,4090,1809910670,48000,1,3.716,178382,237023648,50216,-1
04091.wav,4090,4091,1810301674,48000,1,4.273,205092,40139104,43084,-1
04092.wav,4091,4092,1810649998,48000,1,2.604,124976,30205232,24451,-1
04093.wav,4092,4093,1812627606,48000,1,3.863,185416,566576208,59812,-1
04094.wav,4093,4094,1812725859,48000,1,4.035,193657,246583904,50176,-1
04095.wav,4094,4095,1813662147,48000,1,8.700,417607,403298816,102825,-1
04096.wav,4095,4096,1815077483,48000,1,5.630,270235,446480144,96849,-1
04097.wav,4096,4097,1815303303,48000,1,5.478,262940,392964960,62390,-1
04098.wav,4097,4098,1815463919,48000,1,8.066,387150,163956848,73353,-1
04099.wav,4098,4099,1815639586,48000,1,8.094,388499,288053856,98647,-1
04100.wav,4099,4100,1815652648,48000,1,11.409,547621,420606784,101640,-1
04101.wav,4100,4101,1815871532,48000,1,12.126,582049,404492928,116266,-1
04102.wav,4101,4102,1815974848,48000,1,6.046,290204,17850048,64675,-1
04103.wav,4102,4103,1815987910,48000,1,3.053,146525,283170880,21991,-1
04104.wav,4103,4104,1816098373,48000,1,8.633,414389,323961296,100707,-1
04105.wav,4104,4105,1816153094,48000,1,4.170,200177,318902960,51628,-1
04106.wav,4105,4106,1816337255,48000,1,8.790,421917,330129376,96178,-1
04107.wav,4106,4107,1816617796,48000,1,7.021,337024,183113984,72899,-1
04108.wav,4107,4108,1816940839,48000,1,2.502,120097,167471152,25938,-1
04109.wav,4108,4109,1817907234,48000,1,3.483,167175,550631056,34976,-1
04110.wav,4109,4110,1818436656,48000,1,7.502,360084,519057056,89670,-1
04111.wav,4110,4111,1819005735,48000,1,2.241,107550,313591792,33972,-1
04112.wav,4111,4112,1820468816,48000,1,4.266,204761,469548304,42959,-1
04113.wav,4112,4113,1820733737,48000,1,1.615,77536,353111504,33552,-1
04114.wav,4113,4114,1822237356,48000,1,1.976,94845,542742176,16682,-1
04115.wav,4114,4115,1822784789,48000,1,2.961,142143,555066416,33338,-1
04116.wav,4115,4116,1823993452,48000,1,3.153,151346,552099296,31979,-1
04117.wav,4116,4117,1824036674,48000,1,3.824,183556,355023424,48023,-1
04118.wav,4117,4118,1825151820,48000,1,2.497,119842,347635520,26169,-1
04119.wav,4118,4119,1825325422,48000,1,7.224,346756,104206320,72337,-1
04120.wav,4119,4120,1825380143,48000,1,4.338,208247,82373792,46501,-1
04121.wav,4120,4121,1825489585,48000,1,3.354,161000,44411392,33151,-1
04122.wav,4121,4122,1826261100,48000,1,4.021,193003,561146000,55382,-1
04123.wav,4122,4123,1826307174,48000,1,5.903,283358,491582624,62765,-1
04124.wav,4123,4124,1826764940,48000,1,5.277,253308,483464224,71370,-1
04125.wav,4124,4125,1826947601,48000,1,1.856,89071,91220960,16361,-1
04126.wav,4125,4126,1827002322,48000,1,7.885,378492,69166272,79210,-1
04127.wav,4126,4127,1827111764,48000,1,5.891,282789,33200224,63818,-1
04128.wav,4127,4128,1827186483,48000,1,3.783,181577,120427456,45774,-1
04129.wav,4128,4129,1828181297,48000,1,7.430,356641,535000368,88637,-1
04130.wav,4129,4130,1828571280,48000,1,7.507,360336,486606736,110933,-1
04131.wav,4130,4131,1829035147,48000,1,3.701,177639,241497872,47014,-1
04132.wav,4131,4132,1829570509,48000,1,3.877,186111,471377632,44511,-1
04133.wav,4132,4133,1831122121,48000,1,6.785,325700,338670640,73680,-1
04134.wav,4133,4134,1831874511,48000,1,6.068,291259,378397136,68530,-1
04135.wav,4134,4135,1832045610,48000,1,6.183,296783,222005648,99981,-1
04136.wav,4135,4136,1832156073,48000,1,6.673,320314,281472272,92954,-1
04137.wav,4136,4137,1832265515,48000,1,5.301,254430,262970816,61268,-1
04138.wav,4137,4138,1832280612,48000,1,1.896,90992,354116768,30714,-1
04139.wav,4138,4139,1832396371,48000,1,3.323,159483,557596784,42996,-1
04140.wav,4139,4140,1832416947,48000,1,6.208,297975,350167632,64593,-1
04141.wav,4140,4141,1833263723,48000,1,9.347,448662,194698224,102417,-1
04142.wav,4141,4142,1833722510,48000,1,4.181,200691,215124720,44563,-1
04143.wav,4142,4143,1833906671,48000,1,8.612,413394,230574384,80501,-1
04144.wav,4143,4144,1834242954,48000,1,2.676,128444,57200432,15764,-1
04145.wav,4144,4145,1834372394,48000,1,7.475,358816,127571104,80547,-1
04146.wav,4145,4146,1834427115,48000,1,6.097,292675,104973456,65631,-1
04147.wav,4146,4147,1834536557,48000,1,1.864,89474,62941184,14776,-1
04148.wav,4147,4148,1834831181,48000,1,6.903,331332,197416448,86702,-1
04149.wav,4148,4149,1834888423,48000,1,7.225,346816,509867904,90541,-1
04150.wav,4149,4150,1835015342,48000,1,6.774,325143,203443472,76824,-1
04151.wav,4150,4151,1836233455,48000,1,5.703,273761,147421024,69426,-1
04152.wav,4151,4152,1836528948,48000,1,5.551,266435,436479680,87232,-1
04153.wav,4152,4153,1838512400,48000,1,7.903,379362,159692640,83589,-1
04154.wav,4153,4154,1839293441,48000,1,2.451,117649,176433520,23798,-1
04155.wav,4154,4155,1839648649,48000,1,9.938,477022,415532848,93129,-1
04156.wav,4155,4156,1839773395,48000,1,4.341,208383,560252224,55862,-1
04157.wav,4156,4157,1839987453,48000,1,1.473,70707,550743328,10721,-1
04158.wav,4157,4158,1840094374,48000,1,6.819,327308,322536720,83137,-1
04159.wav,4158,4159,1840223814,48000,1,4.953,237724,339525264,49729,-1
04160.wav,4159,4160,1840908421,48000,1,6.822,327455,217059920,106752,-1
04161.wav,4160,4161,1843289926,48000,1,5.421,260219,75926768,61250,-1
04162.wav,4161,4162,1843344647,48000,1,8.304,398607,58528928,87861,-1
04163.wav,4162,4163,1846032275,48000,1,5.335,256085,477979520,72465,-1
04164.wav,4163,4164,1846410496,48000,1,4.315,207125,360672832,61074,-1
04165.wav,4164,4165,1849780210,48000,1,7.993,383649,190224016,90765,-1
04166.wav,4165,4166,1849919827,48000,1,3.097,148649,557942400,34170,-1
04167.wav,4166,4167,1850261516,48000,1,5.825,279600,536510704,67287,-1
04168.wav,4167,4168,1850368437,48000,1,6.066,291171,235313568,52128,-1
04169.wav,4168,4169,1850834160,48000,1,2.465,118329,132030992,23335,-1
04170.wav,4169,4170,1850943602,48000,1,6.036,289722,84598064,56173,-1
04171.wav,4170,4171,1850998323,48000,1,7.185,344895,65722816,89778,-1
04172.wav,4171,4172,1851127763,48000,1,4.473,214686,142845696,41977,-1
04173.wav,4172,4173,1851162486,48000,1,3.476,166849,4748128,28810,-1
04174.wav,4173,4174,1851925354,48000,1,6.668,320066,486131952,105682,-1
04175.wav,4174,4175,1852084229,48000,1,2.784,133622,481260528,27020,-1
04176.wav,4175,4176,1852249007,48000,1,2.399,115137,451969744,27735,-1
04177.wav,4176,4177,1852456339,48000,1,3.070,147365,115350448,37307,-1
04178.wav,4177,4178,1852749942,48000,1,5.259,252442,125704688,61169,-1
04179.wav,4178,4179,1852916626,48000,1,6.256,300295,496250320,60043,-1
04180.wav,4179,4180,1852969614,48000,1,0.565,27136,632784,9952,-1
04181.wav,4180,4181,1854107981,48000,1,3.912,187793,347329856,44514,-1
04182.wav,4181,4182,1855133968,48000,1,9.460,454094,480373888,117076,-1
04183.wav,4182,4183,1855576909,48000,1,4.894,234935,376132512,49747,-1
04184.wav,4183,4184,1855686351,48000,1,7.156,343474,359324608,125065,-1
04185.wav,4184,4185,1855761070,48000,1,5.919,284097,391286192,78136,-1
04186.wav,4185,4186,1856432615,48000,1,7.241,347559,17256496,76995,-1
04187.wav,4186,4187,1856726218,48000,1,4.988,239434,26104576,59790,-1
04188.wav,4187,4188,1856767238,48000,1,0.524,25158,248744896,10929,-1
04189.wav,4188,4189,1858000073,48000,1,4.655,223450,24887392,46857,-1
04190.wav,4189,4190,1858368395,48000,1,5.086,244114,122085280,50826,-1
04191.wav,4190,4191,1858984529,48000,1,6.226,298859,245863600,87539,-1
04192.wav,4191,4192,1859363209,48000,1,6.143,294852,538788064,71256,-1
04193.wav,4192,4193,1859990574,48000,1,6.209,298037,108255264,63818,-1
04194.wav,4193,4194,1860045295,48000,1,8.066,387159,86648528,88382,-1
04195.wav,4194,4195,1860100016,48000,1,3.363,161433,66213120,32141,-1
04196.wav,4195,4196,1860284177,48000,1,4.754,228206,116810144,60782,-1
04197.wav,4196,4197,1860338898,48000,1,2.199,105559,98232192,21217,-1
04198.wav,4197,4198,1860546292,48000,1,6.520,312966,545358112,91409,-1
04199.wav,4198,4199,1860911627,48000,1,4.204,201789,561552784,54663,-1
04200.wav,4199,4200,1862591721,48000,1,5.500,264007,438786816,87474,-1
04201.wav,4200,4201,1863337985,48000,1,7.666,367952,281798464,71261,-1
04202.wav,4201,4202,1863447427,48000,1,4.394,210931,264244064,36562,-1
04203.wav,4202,4203,1864849701,48000,1,4.345,208574,221843072,73153,-1
04204.wav,4203,4204,1864862763,48000,1,1.615,77525,393510832,13650,-1
04205.wav,4204,4205,1865023379,48000,1,3.051,146457,167842080,34622,-1
04206.wav,4205,4206,1865424866,48000,1,4.069,195293,59031104,35237,-1
04207.wav,4206,4207,1865479587,48000,1,2.057,98745,38757072,17918,-1
04208.wav,4207,4208,1865534308,48000,1,10.207,489925,18257120,110428,-1
04209.wav,4208,4209,1865660354,48000,1,2.695,129337,548041248,26530,-1
04210.wav,4209,4210,1865787273,48000,1,1.948,93497,343846288,15934,-1
04211.wav,4210,4211,1866013093,48000,1,4.863,233408,199053760,51789,-1
04212.wav,4211,4212,1866601320,48000,1,6.250,299979,238241968,74906,-1
04213.wav,4212,4213,1866791924,48000,1,1.175,56408,247568304,18658,-1
04214.wav,4213,4214,1866796650,48000,1,1.950,93590,204637696,15680,-1
04215.wav,4214,4215,1867005386,48000,1,5.713,274211,302734768,67095,-1
04216.wav,4215,4216,1867113265,48000,1,5.636,270542,490391664,70602,-1
04217.wav,4216,4217,1867285927,48000,1,3.187,152993,72114496,33007,-1
04218.wav,4217,4218,1867395369,48000,1,3.801,182444,34625728,41015,-1
04219.wav,4218,4219,1867450090,48000,1,4.720,226576,11833040,49038,-1
04220.wav,4219,4220,1867468561,48000,1,3.407,163554,155787408,40967,-1
04221.wav,4220,4221,1868639064,48000,1,4.427,212505,533730320,51294,-1
04222.wav,4221,4222,1870311138,48000,1,7.750,372009,461865584,109842,-1
04223.wav,4222,4223,1870406497,48000,1,10.771,517027,357406016,150885,-1
04224.wav,4223,4224,1871755071,48000,1,8.313,399028,385621968,111664,-1
04225.wav,4224,4225,1873082626,48000,1,6.746,323791,330610992,75403,-1
04226.wav,4225,4226,1873137347,48000,1,3.989,191453,326970720,44172,-1
04227.wav,4226,4227,1873552912,48000,1,7.881,378299,552131312,99210,-1
04228.wav,4227,4228,1874134127,48000,1,6.728,322941,311957216,86612,-1
04229.wav,4228,4229,1874830161,48000,1,4.118,197645,126407664,40963,-1
04230.wav,4229,4230,1875359252,48000,1,1.556,74706,554034448,13052,-1
04231.wav,4230,4231,1875517289,48000,1,2.640,126744,468740768,26465,-1
04232.wav,4231,4232,1876324400,48000,1,2.617,125605,483679040,24411,-1
04233.wav,4232,4233,1876745943,48000,1,1.393,66882,120748832,10921,-1
04234.wav,4233,4234,1876803185,48000,1,6.621,317799,499134288,61164,-1
04235.wav,4234,4235,1877097809,48000,1,7.482,359123,520014848,121402,-1
04236.wav,4235,4236,1877825375,48000,1,4.596,220619,454111344,47986,-1
04237.wav,4236,4237,1879129969,48000,1,6.965,334299,471536208,82978,-1
04238.wav,4237,4238,1879180815,48000,1,3.967,190417,423057616,45236,-1
04239.wav,4238,4239,1880066801,48000,1,1.082,51923,312970832,18589,-1
04240.wav,4239,4240,1880106416,48000,1,6.527,313314,414736448,70120,-1
04241.wav,4240,4241,1880202796,48000,1,2.523,121127,269826880,18856,-1
04242.wav,4241,4242,1880386284,48000,1,8.052,386496,558807248,127950,-1
04243.wav,4242,4243,1880900341,48000,1,2.623,125884,558433984,28441,-1
04244.wav,4243,4244,1880957513,48000,1,1.404,67386,995184,23042,-1
04245.wav,4244,4245,1881071564,48000,1,4.071,195422,180113696,48313,-1
04246.wav,4245,4246,1881313988,48000,1,8.527,409283,530344384,98150,-1
04247.wav,4246,4247,1881605070,48000,1,6.982,335126,222211664,117598,-1
04248.wav,4247,4248,1881886632,48000,1,4.833,231997,60795760,50184,-1
04249.wav,4248,4249,1881996074,48000,1,3.856,185074,21184944,28798,-1
04250.wav,4249,4250,1882180235,48000,1,7.073,339500,66687984,80506,-1
04251.wav,4250,4251,1882584301,48000,1,5.028,241330,187983984,49584,-1
04252.wav,4251,4252,1883466131,48000,1,2.072,99462,230846672,18002,-1
04253.wav,4252,4253,1883747693,48000,1,5.709,274023,75206288,52270,-1
04254.wav,4253,4254,1884150738,48000,1,4.619,221690,45519968,48205,-1
04255.wav,4254,4255,1884225457,48000,1,4.798,230286,139303568,53806,-1
04256.wav,4255,4256,1885552111,48000,1,5.990,287524,175124656,72120,-1
04257.wav,4256,4257,1886717162,48000,1,9.415,451917,447500752,123842,-1
04258.wav,4257,4258,1887237606,48000,1,3.529,169397,422280208,31562,-1
04259.wav,4258,4259,1887696393,48000,1,6.986,335305,434308096,99723,-1
04260.wav,4259,4260,1888071860,48000,1,6.912,331794,164308000,84314,-1
04261.wav,4260,4261,1889359210,48000,1,4.955,237864,256367264,53403,-1
04262.wav,4261,4262,1889475588,48000,1,5.536,265740,35412000,61546,-1
04263.wav,4262,4263,1889548780,48000,1,2.257,108337,167631248,23560,-1
04264.wav,4263,4264,1890004679,48000,1,2.061,98907,547406128,18026,-1
04265.wav,4264,4265,1890132619,48000,1,4.801,230465,382986352,71645,-1
04266.wav,4265,4266,1891043046,48000,1,4.916,235955,41763152,45662,-1
04267.wav,4266,4267,1891097767,48000,1,6.311,302927,22728880,66325,-1
04268.wav,4267,4268,1891172486,48000,1,7.800,374392,109497280,73883,-1
04269.wav,4268,4269,1891227207,48000,1,2.919,140104,89352624,29503,-1
04270.wav,4269,4270,1891281928,48000,1,3.775,181219,67503600,33050,-1
04271.wav,4270,4271,1891322051,48000,1,1.536,73722,204495040,12916,-1
04272.wav,4271,4272,1891391370,48000,1,5.856,281073,32059664,62338,-1
04273.wav,4272,4273,1891613676,48000,1,3.163,151800,313687760,42805,-1
04274.wav,4273,4274,1893341678,48000,1,3.035,145681,353257888,46333,-1
04275.wav,4274,4275,1893893837,48000,1,1.622,77879,396732208,19539,-1
04276.wav,4275,4276,1893910420,48000,1,9.110,437273,556924208,135974,-1
04277.wav,4276,4277,1894232390,48000,1,1.766,84787,178475904,26157,-1
04278.wav,4277,4278,1894697122,48000,1,1.375,66000,405426048,11483,-1
04279.wav,4278,4279,1895591735,48000,1,5.689,273085,478268416,68319,-1
04280.wav,4279,4280,1895818855,48000,1,6.954,333791,449125696,107624,-1
04281.wav,4280,4281,1896545121,48000,1,10.031,481485,260241488,122918,-1
04282.wav,4281,4282,1896894466,48000,1,4.107,197129,319862144,41269,-1
04283.wav,4282,4283,1896969185,48000,1,7.949,381528,345898784,86265,-1
04284.wav,4283,4284,1897566150,48000,1,5.582,267936,173085520,59477,-1
04285.wav,4284,4285,1897653792,48000,1,2.159,103618,218713664,20262,-1
04286.wav,4285,4286,1898935604,48000,1,5.249,251955,79861552,52447,-1
04287.wav,4286,4287,1899232749,48000,1,2.681,128682,516451024,37678,-1
04288.wav,4287,4288,1899820976,48000,1,8.065,387121,536832480,97214,-1
04289.wav,4288,4289,1900393620,48000,1,6.944,333300,132385296,82131,-1
04290.wav,4289,4290,1900557783,48000,1,2.237,107376,65866768,21032,-1
04291.wav,4290,4291,1900687223,48000,1,5.522,265044,142991072,60066,-1
04292.wav,4291,4292,1901195232,48000,1,4.276,205235,562948704,42662,-1
04293.wav,4292,4293,1901210188,48000,1,7.220,346574,472855248,82572,-1
04294.wav,4293,4294,1902145168,48000,1,6.481,311086,398545296,79838,-1
04295.wav,4294,4295,1902229897,48000,1,2.736,131338,542444928,28972,-1
04296.wav,4295,4296,1902777330,48000,1,2.025,97187,554699600,18941,-1
04297.wav,4296,4297,1905004312,48000,1,2.887,138554,557772272,37477,-1
04298.wav,4297,4298,1905094710,48000,1,7.153,343325,445021520,108880,-1
04299.wav,4298,4299,1905362189,48000,1,6.058,290765,215538912,68546,-1
04300.wav,4299,4300,1905425742,48000,1,3.449,165533,558217552,38211,-1
04301.wav,4300,4301,1905895024,48000,1,3.808,182767,567056416,40527,-1
04302.wav,4301,4302,1905895695,48000,1,5.214,250269,297402800,54303,-1
04303.wav,4302,4303,1906230957,48000,1,2.579,123802,46488336,21812,-1
04304.wav,4303,4304,1906285678,48000,1,2.066,99186,26455920,19943,-1
04305.wav,4304,4305,1906288199,48000,1,4.391,210763,493885536,40402,-1
04306.wav,4305,4306,1906470860,48000,1,3.935,188897,198233200,42471,-1
04307.wav,4306,4307,1906635023,48000,1,5.425,260395,182974720,65984,-1
04308.wav,4307,4308,1907579531,48000,1,7.224,346776,138305536,90498,-1
04309.wav,4308,4309,1907634252,48000,1,3.985,191298,113101216,37985,-1
04310.wav,4309,4310,1907688973,48000,1,5.140,246705,93570592,57603,-1
04311.wav,4310,4311,1907798415,48000,1,2.361,113344,53141136,21998,-1
04312.wav,4311,4312,1907873134,48000,1,6.591,316346,148084416,85978,-1
04313.wav,4312,4313,1907907857,48000,1,3.149,151133,10954736,37280,-1
04314.wav,4313,4314,1907930376,48000,1,3.646,174986,501161936,36697,-1
04315.wav,4314,4315,1907982576,48000,1,7.555,362661,101236816,87062,-1
04316.wav,4315,4316,1908922669,48000,1,7.228,346934,539153632,85859,-1
04317.wav,4316,4317,1910864264,48000,1,3.131,150267,355831504,47043,-1
04318.wav,4317,4318,1911972935,48000,1,3.654,175371,329801824,37773,-1
04319.wav,4318,4319,1912273153,48000,1,1.783,85584,353725648,28955,-1
04320.wav,4319,4320,1912897445,48000,1,8.452,405718,281869760,85090,-1
04321.wav,4320,4321,1913006887,48000,1,4.160,199704,264413152,44214,-1
04322.wav,4321,4322,1913081606,48000,1,4.128,198124,302599824,40826,-1
04323.wav,4322,4323,1913355211,48000,1,4.329,207773,250504784,41067,-1
04324.wav,4323,4324,1914170279,48000,1,2.697,129480,212444320,30747,-1
04325.wav,4324,4325,1914422223,48000,1,5.513,264643,393629888,55811,-1
04326.wav,4325,4326,1914648043,48000,1,8.767,420805,233093664,117651,-1
04327.wav,4326,4327,1914758506,48000,1,7.153,343345,288418720,79264,-1
04328.wav,4327,4328,1914918566,48000,1,1.822,87472,492293152,22381,-1
04329.wav,4328,4329,1914929605,48000,1,4.356,209077,76703200,46163,-1
04330.wav,4329,4330,1914984326,48000,1,3.943,189244,59097600,41300,-1
04331.wav,4330,4331,1915223208,48000,1,2.635,126504,83702928,27130,-1
04332.wav,4331,4332,1915442092,48000,1,7.455,357848,1677152,87754,-1
04333.wav,4332,4333,1915681995,48000,1,1.654,79389,187492576,14101,-1
04334.wav,4333,4334,1916790666,48000,1,4.246,203815,94882576,39534,-1
04335.wav,4334,4335,1917206231,48000,1,7.702,369680,499698624,83257,-1
04336.wav,4335,4336,1917294766,48000,1,9.146,439021,426172416,94536,-1
04337.wav,4336,4337,1917671954,48000,1,7.857,377131,479491536,99971,-1
04338.wav,4337,4338,1918504941,48000,1,5.890,282728,159071280,70131,-1
04339.wav,4338,4339,1919870598,48000,1,3.800,182418,462208144,36273,-1
04340.wav,4339,4340,1919965957,48000,1,7.417,355992,357802176,106197,-1
04341.wav,4340,4341,1920390021,48000,1,8.258,396391,416746512,90821,-1
04342.wav,4341,4342,1922108580,48000,1,4.842,232432,264843968,57225,-1
04343.wav,4342,4343,1922642086,48000,1,6.903,331353,330719488,79753,-1
04344.wav,4343,4344,1922822163,48000,1,5.358,257166,116618512,66349,-1
04345.wav,4344,4345,1923112372,48000,1,2.136,102551,552245072,19108,-1
04346.wav,4345,4346,1924444342,48000,1,6.200,297590,104500432,65936,-1
04347.wav,4346,4347,1924556305,48000,1,5.894,282911,496468064,65248,-1
04348.wav,4347,4348,1924608505,48000,1,4.863,233427,44698496,51811,-1
04349.wav,4348,4349,1924692170,48000,1,1.794,86109,481357984,18247,-1
04350.wav,4349,4350,1925076749,48000,1,4.263,204623,469064416,50784,-1
04351.wav,4350,4351,1925663789,48000,1,3.627,174101,567316576,33617,-1
04352.wav,4351,4352,1926532871,48000,1,3.781,181483,565430384,54088,-1
04353.wav,4352,4353,1928712750,48000,1,7.543,362073,311375152,89385,-1
04354.wav,4353,4354,1929375179,48000,1,0.725,34785,248803232,12306,-1
04355.wav,4354,4355,1929665876,48000,1,5.852,280899,414865472,53313,-1
04356.wav,4355,4356,1929878634,48000,1,4.080,195858,53947424,48024,-1
04357.wav,4356,4357,1929988076,48000,1,6.032,289543,11555136,55295,-1
04358.wav,4357,4358,1930004680,48000,1,2.445,117344,550592096,22931,-1
04359.wav,4358,4359,1931002888,48000,1,6.906,331492,540494608,78269,-1
04360.wav,4359,4360,1931446092,48000,1,5.336,256109,60873424,60178,-1
04361.wav,4360,4361,1931555534,48000,1,8.069,387313,21450912,95592,-1
04362.wav,4361,4362,1931849137,48000,1,3.306,158697,31379696,32769,-1
04363.wav,4362,4363,1931981098,48000,1,6.908,331570,498215088,73292,-1
04364.wav,4363,4364,1932962155,48000,1,0.948,45509,241776,16763,-1
04365.wav,4364,4365,1933252432,48000,1,2.770,132942,97695632,22747,-1
04366.wav,4365,4366,1935045447,48000,1,7.146,343014,413837872,74831,-1
04367.wav,4366,4367,1935154889,48000,1,1.872,89854,405094000,17806,-1
04368.wav,4367,4368,1936276622,48000,1,6.368,305663,447876368,87255,-1
04369.wav,4368,4369,1936722347,48000,1,6.339,304259,407505648,74954,-1
04370.wav,4369,4370,1937077607,48000,1,3.486,167330,299446848,50646,-1
04371.wav,4370,4371,1937297512,48000,1,4.710,226094,324185504,50525,-1
04372.wav,4371,4372,1937352233,48000,1,10.842,520400,319327792,87133,-1
04373.wav,4372,4373,1937354754,48000,1,2.043,98075,546845744,17153,-1
04374.wav,4373,4374,1937426952,48000,1,6.549,314347,344642288,74414,-1
04375.wav,4374,4375,1937631320,48000,1,2.923,140297,167991984,30228,-1
04376.wav,4375,4376,1937832518,48000,1,2.607,125160,551598064,24769,-1
04377.wav,4376,4377,1939035048,48000,1,3.705,177860,35688304,33281,-1
04378.wav,4377,4378,1939089769,48000,1,4.101,196824,12843248,49491,-1
04379.wav,4378,4379,1939219209,48000,1,4.173,200298,81491712,48818,-1
04380.wav,4379,4380,1939404591,48000,1,2.342,112410,204721040,21023,-1
04381.wav,4380,4381,1939677996,48000,1,3.449,165550,186800224,38435,-1
04382.wav,4381,4382,1940677225,48000,1,7.584,364050,135812176,90519,-1
04383.wav,4382,4383,1940841388,48000,1,3.426,164435,67730064,28048,-1
04384.wav,4383,4384,1940896109,48000,1,3.091,148354,50416384,26877,-1
04385.wav,4384,4385,1941553422,48000,1,3.193,153241,157203744,31501,-1
04386.wav,4385,4386,1941950817,48000,1,5.298,254298,462953712,65259,-1
04387.wav,4386,4387,1942687664,48000,1,4.314,207048,542218128,47928,-1
04388.wav,4387,4388,1943862348,48000,1,5.873,281884,352289984,67411,-1
04389.wav,4388,4389,1944427681,48000,1,2.261,108552,278780912,19128,-1
04390.wav,4389,4390,1946237032,48000,1,1.262,60568,177748832,21506,-1
04391.wav,4390,4391,1946275680,48000,1,3.604,172979,19822624,40984,-1
04392.wav,4391,4392,1946583366,48000,1,7.406,355465,336052560,73781,-1
04393.wav,4392,4393,1947461102,48000,1,3.104,148989,155307856,34171,-1
04394.wav,4393,4394,1947909358,48000,1,4.673,224297,483856048,67489,-1
04395.wav,4394,4395,1948385622,48000,1,3.541,169961,121384944,42302,-1
04396.wav,4395,4396,1948388143,48000,1,7.008,336388,500359872,77284,-1
04397.wav,4396,4397,1948495064,48000,1,7.817,375193,80008064,82427,-1
04398.wav,4397,4398,1948737488,48000,1,6.137,294568,521210480,57948,-1
04399.wav,4398,4399,1948792209,48000,1,3.682,176722,516676080,51726,-1
04400.wav,4399,4400,1950246683,48000,1,2.782,133536,143167712,24045,-1
04401.wav,4400,4401,1950655115,48000,1,2.707,129937,169617344,27079,-1
04402.wav,4401,4402,1950754692,48000,1,7.337,352186,563150384,85943,-1
04403.wav,4402,4403,1950769648,48000,1,7.770,372944,473257072,88121,-1
04404.wav,4403,4404,1951052510,48000,1,5.466,262377,464689328,65133,-1
04405.wav,4404,4405,1952072379,48000,1,6.641,318789,318382928,72638,-1
04406.wav,4405,4406,1952144773,48000,1,4.630,222227,172562704,56857,-1
04407.wav,4406,4407,1953565454,48000,1,1.772,85065,1075424,29496,-1
04408.wav,4407,4408,1953929356,48000,1,2.520,120950,31914112,25472,-1
04409.wav,4408,4409,1954879990,48000,1,6.572,315455,391808320,68909,-1
04410.wav,4409,4410,1955105810,48000,1,6.811,326918,231860032,112325,-1
04411.wav,4410,4411,1955280332,48000,1,7.185,344885,209578112,78646,-1
04412.wav,4411,4412,1955442093,48000,1,2.835,136082,58447952,22740,-1
04413.wav,4412,4413,1955551535,48000,1,2.170,104180,17563584,20195,-1
04414.wav,4413,4414,1955571533,48000,1,1.350,64819,128593072,8554,-1
04415.wav,4414,4415,1955735696,48000,1,8.844,424523,63623520,107579,-1
04416.wav,4415,4416,1955790417,48000,1,3.296,158190,46676496,33050,-1
04417.wav,4416,4417,1955865136,48000,1,4.897,235070,140120576,51603,-1
04418.wav,4417,4418,1956139762,48000,1,4.095,196538,187259552,34323,-1
04419.wav,4418,4419,1957138991,48000,1,4.709,226019,138601776,48489,-1
04420.wav,4419,4420,1957193712,48000,1,3.174,152335,113353680,29602,-1
04421.wav,4420,4421,1957303154,48000,1,3.192,153235,71309616,32105,-1
04422.wav,4421,4422,1957432594,48000,1,3.456,165893,148237664,39379,-1
04423.wav,4422,4423,1957487315,48000,1,9.724,466774,122335136,103138,-1
04424.wav,4423,4424,1957542036,48000,1,8.140,390722,101348032,91367,-1
04425.wav,4424,4425,1959726055,48000,1,2.462,118177,321439344,24377,-1
04426.wav,4425,4426,1960059342,48000,1,1.020,48970,312649872,13436,-1
04427.wav,4426,4427,1960259561,48000,1,6.335,304078,381817888,90862,-1
04428.wav,4427,4428,1960847788,48000,1,3.128,150132,416228800,28232,-1
04429.wav,4428,4429,1961183050,48000,1,6.999,335961,282121456,81838,-1
04430.wav,4429,4430,1961422953,48000,1,1.579,75796,340380320,13237,-1
04431.wav,4430,4431,1961480195,48000,1,1.591,76358,552745648,13500,-1
04432.wav,4431,4432,1961532395,48000,1,9.859,473222,329935840,100921,-1
04433.wav,4432,4433,1961812936,48000,1,4.852,232879,181676288,49848,-1
04434.wav,4433,4434,1962737446,48000,1,1.695,81379,23332368,14884,-1
04435.wav,4434,4435,1962914671,48000,1,10.280,493457,250584304,111952,-1
04436.wav,4435,4436,1963157095,48000,1,2.363,113409,549725952,23478,-1
04437.wav,4436,4437,1963270952,48000,1,7.203,345758,192591712,76707,-1
04438.wav,4437,4438,1963929992,48000,1,3.643,174881,204593792,34439,-1
04439.wav,4438,4439,1964207503,48000,1,8.412,403754,233610352,100493,-1
04440.wav,4439,4440,1964502127,48000,1,6.204,297781,304646880,74925,-1
04441.wav,4440,4441,1964782668,48000,1,2.778,133348,83768960,28350,-1
04442.wav,4441,4442,1964837389,48000,1,1.436,68919,64411152,10520,-1
04443.wav,4442,4443,1965132013,48000,1,2.311,110950,199370496,22019,-1
04444.wav,4443,4444,1966501778,48000,1,1.975,94786,396832592,23759,-1
04445.wav,4444,4445,1966795588,48000,1,6.166,295982,428970816,93892,-1
04446.wav,4445,4446,1967294371,48000,1,5.816,279152,207682144,68587,-1
04447.wav,4446,4447,1968064401,48000,1,6.140,294739,163362800,54830,-1
04448.wav,4447,4448,1968184800,48000,1,6.236,299304,261557040,76734,-1
04449.wav,4448,4449,1968773027,48000,1,2.593,124486,325757104,25855,-1
04450.wav,4449,4450,1969011909,48000,1,7.714,370274,332440512,86452,-1
04451.wav,4450,4451,1969374316,48000,1,4.664,223893,441331184,58768,-1
04452.wav,4451,4452,1969525417,48000,1,1.345,64542,358222192,10761,-1
04453.wav,4452,4453,1969641795,48000,1,6.264,300689,214361024,109621,-1
04454.wav,4453,4454,1969949481,48000,1,7.546,362231,417008752,63041,-1
04455.wav,4454,4455,1970271681,48000,1,8.417,404036,14751760,100228,-1
04456.wav,4455,4456,1970343006,48000,1,2.598,124700,550171728,26559,-1
04457.wav,4456,4457,1970449927,48000,1,7.570,363337,317578528,88860,-1
04458.wav,4457,4458,1970566305,48000,1,6.632,318352,185978848,75888,-1
04459.wav,4458,4459,1970621026,48000,1,6.603,316967,178832752,74651,-1
04460.wav,4459,4460,1971873389,48000,1,5.714,274252,425663840,63091,-1
04461.wav,4460,4461,1972326902,48000,1,4.979,238983,143636464,64211,-1
04462.wav,4461,4462,1972381623,48000,1,3.469,166529,116699120,34411,-1
04463.wav,4462,4463,1973334219,48000,1,0.778,37347,352863120,13342,-1
04464.wav,4463,4464,1974115765,48000,1,4.447,213432,496533344,51201,-1
04465.wav,4464,4465,1974636209,48000,1,3.690,177110,469354864,46706,-1
04466.wav,4465,4466,1974837838,48000,1,2.063,99038,542554064,16275,-1
04467.wav,4466,4467,1975385271,48000,1,1.521,72991,554775456,12590,-1
04468.wav,4467,4468,1977752302,48000,1,1.931,92677,347507248,15312,-1
04469.wav,4468,4469,1977941961,48000,1,2.903,139362,553122464,31402,-1
04470.wav,4469,4470,1978278786,48000,1,6.958,333985,367433664,76344,-1
04471.wav,4470,4471,1978698766,48000,1,9.088,436242,237986000,84356,-1
04472.wav,4471,4472,1979232272,48000,1,2.240,107507,306429792,17390,-1
04473.wav,4472,4473,1979328652,48000,1,5.149,247173,94474080,54725,-1
04474.wav,4473,4474,1979438094,48000,1,10.880,522251,54136336,101215,-1
04475.wav,4474,4475,1980135763,48000,1,1.893,90847,186594176,17535,-1
04476.wav,4475,4476,1980562348,48000,1,8.223,394689,540922304,103326,-1
04477.wav,4476,4477,1981189713,48000,1,5.883,282387,108715504,75100,-1
04478.wav,4477,4478,1981538037,48000,1,3.814,183085,98638544,34125,-1
04479.wav,4478,4479,1984881094,48000,1,2.279,109400,353803936,34526,-1
04480.wav,4479,4480,1984994890,48000,1,7.954,381814,251692192,96211,-1
04481.wav,4480,4481,1985180072,48000,1,4.840,232307,330512048,61041,-1
04482.wav,4481,4482,1985836082,48000,1,8.047,386274,448130208,102805,-1
04483.wav,4482,4483,1986287722,48000,1,5.713,274239,234274608,55744,-1
04484.wav,4483,4484,1986507627,48000,1,1.983,95165,273144112,16197,-1
04485.wav,4484,4485,1987041133,48000,1,6.548,314289,335860848,69943,-1
04486.wav,4485,4486,1987081771,48000,1,3.268,156873,2873120,34862,-1
04487.wav,4486,4487,1987526507,48000,1,1.778,85368,492386992,14472,-1
04488.wav,4487,4488,1988485066,48000,1,6.948,333498,72877328,79973,-1
04489.wav,4488,4489,1988614506,48000,1,4.429,212595,150244752,48218,-1
04490.wav,4489,4490,1989021093,48000,1,4.743,227656,524446976,54160,-1
04491.wav,4490,4491,1989349419,48000,1,5.655,271462,503720128,82562,-1
04492.wav,4491,4492,1990144620,48000,1,4.348,208710,169447584,53802,-1
04493.wav,4492,4493,1990291406,48000,1,6.052,290478,110123408,64248,-1
04494.wav,4493,4494,1991112882,48000,1,4.059,194853,159308256,48301,-1
04495.wav,4494,4495,1991454535,48000,1,5.334,256022,442572608,84659,-1
04496.wav,4495,4496,1992769028,48000,1,6.684,320838,324664752,72367,-1
04497.wav,4496,4497,1992954210,48000,1,2.113,101441,386862992,16996,-1
04498.wav,4497,4498,1993598965,48000,1,2.105,101034,467400128,21802,-1
04499.wav,4498,4499,1993761321,48000,1,3.020,144968,410311056,19871,-1
04500.wav,4499,4500,1993816042,48000,1,3.645,174957,405660528,42702,-1
04501.wav,4500,4501,1994979434,48000,1,8.096,388621,376706864,116768,-1
04502.wav,4501,4502,1994986370,48000,1,5.747,275858,239953200,95903,-1
04503.wav,4502,4503,1995609320,48000,1,4.532,217545,274232224,48041,-1
04504.wav,4503,4504,1996313925,48000,1,6.854,328992,201376736,75039,-1
04505.wav,4504,4505,1997947603,48000,1,5.738,275436,500703712,65388,-1
04506.wav,4505,4506,1998271730,48000,1,2.561,122949,567458752,25546,-1
04507.wav,4506,4507,1998440971,48000,1,8.897,427049,351771360,89689,-1
04508.wav,4507,4508,1998497482,48000,1,4.373,209904,158570448,50437,-1
04509.wav,4508,4509,1999329879,48000,1,9.965,478302,488019280,150202,-1
04510.wav,4509,4510,1999729119,48000,1,6.725,322818,431403712,104093,-1
04511.wav,4510,4511,2000359005,48000,1,8.724,418754,368182992,104481,-1
04512.wav,4511,4512,2000611970,48000,1,4.763,228628,464895744,56348,-1
04513.wav,4512,4513,2004024843,48000,1,7.916,379982,512675392,138231,-1
04514.wav,4513,4514,2004684711,48000,1,1.930,92625,481118256,15981,-1
04515.wav,4514,4515,2004849489,48000,1,2.004,96180,451819536,18916,-1
04516.wav,4515,4516,2005404598,48000,1,5.106,245103,26590096,61505,-1
04517.wav,4516,4517,2005424596,48000,1,5.884,282419,140232224,62786,-1
04518.wav,4517,4518,2005570096,48000,1,1.165,55902,362256,19228,-1
04519.wav,4518,4519,2005589780,48000,1,6.321,303411,198506128,86997,-1
04520.wav,4519,4520,2007104017,48000,1,3.403,163348,499297968,27607,-1
04521.wav,4520,4521,2009751238,48000,1,3.729,178992,218526064,45192,-1
04522.wav,4521,4522,2010407248,48000,1,5.460,262067,416314064,44803,-1
04523.wav,4522,4523,2010455010,48000,1,7.961,382143,349941104,76480,-1
04524.wav,4523,4524,2010558349,48000,1,2.646,126990,257981600,26134,-1
04525.wav,4524,4525,2010674727,48000,1,4.622,221857,35927824,50345,-1
04526.wav,4525,4526,2010729448,48000,1,5.789,277849,13724464,61772,-1
04527.wav,4526,4527,2010746052,48000,1,1.660,79664,551200496,13816,-1
04528.wav,4527,4528,2010982413,48000,1,6.507,312330,340540448,77898,-1
04529.wav,4528,4529,2011039655,48000,1,2.687,128974,552787344,26228,-1
04530.wav,4529,4530,2011372396,48000,1,4.255,204228,181937920,44246,-1
04531.wav,4530,4531,2011557578,48000,1,7.059,338843,227394864,117079,-1
04532.wav,4531,4532,2011905902,48000,1,6.023,289085,223631152,90775,-1
04533.wav,4532,4533,2012371625,48000,1,8.016,384789,111285632,103813,-1
04534.wav,4533,4534,2012645230,48000,1,8.170,392179,8430976,104968,-1
04535.wav,4534,4535,2012665228,48000,1,6.736,323339,119284960,88700,-1
04536.wav,4535,4536,2013017094,48000,1,6.899,331143,519308144,118301,-1
04537.wav,4536,4537,2013235978,48000,1,9.712,466184,508233152,127308,-1
04538.wav,4537,4538,2013363918,48000,1,4.023,193092,239427648,57250,-1
04539.wav,4538,4539,2013590569,48000,1,6.415,307929,401260320,91731,-1
04540.wav,4539,4540,2014048525,48000,1,5.217,250405,77062944,51514,-1
04541.wav,4540,4541,2015602658,48000,1,6.441,309187,404171312,54820,-1
04542.wav,4541,4542,2016888554,48000,1,9.798,470281,437803712,120803,-1
04543.wav,4542,4543,2017689539,48000,1,4.377,210108,274534096,52475,-1
04544.wav,4543,4544,2017873700,48000,1,4.666,223967,290161376,40992,-1
04545.wav,4544,4545,2017997225,48000,1,4.731,227097,434715040,58244,-1
04546.wav,4545,4546,2018844973,48000,1,0.641,30745,177868592,11208,-1
04547.wav,4546,4547,2019159596,48000,1,5.585,268061,388906800,58754,-1
04548.wav,4547,4548,2019386437,48000,1,3.358,161207,303478352,34740,-1
04549.wav,4548,4549,2019612257,48000,1,4.146,198997,97318064,38129,-1
04550.wav,4549,4550,2019666978,48000,1,2.217,106418,74266320,18751,-1
04551.wav,4550,4551,2019721699,48000,1,4.199,201544,56099408,41136,-1
04552.wav,4551,4552,2019776420,48000,1,1.193,57276,36809568,7845,-1
04553.wav,4552,4553,2019844203,48000,1,8.220,394565,282518816,102371,-1
04554.wav,4553,4554,2020069043,48000,1,2.340,112305,155470176,22921,-1
04555.wav,4554,4555,2020084106,48000,1,12.796,614197,341472880,108084,-1
04556.wav,4555,4556,2021398599,48000,1,7.426,356450,23911648,88241,-1
04557.wav,4556,4557,2022409327,48000,1,4.815,231117,474602528,59445,-1
04558.wav,4557,4558,2022680205,48000,1,4.565,219142,541604352,51035,-1
04559.wav,4558,4559,2024355006,48000,1,6.701,321636,365811392,109612,-1
04560.wav,4559,4560,2024533252,48000,1,4.864,233488,455128512,58838,-1
04561.wav,4560,4561,2025288010,48000,1,75.491,3623574,481715408,1136700,-1
04562.wav,4561,4562,2025573119,48000,1,4.104,196984,322320400,45071,-1
04563.wav,4562,4563,2026421651,48000,1,73.830,3543826,555538816,1001821,-1
04564.wav,4563,4564,2026745489,48000,1,8.062,386955,232811264,69194,-1
04565.wav,4564,4565,2026845953,48000,1,4.851,232865,263270768,53018,-1
04566.wav,4565,4566,2027430096,48000,1,6.077,291712,47062112,54069,-1
04567.wav,4566,4567,2029072273,48000,1,3.382,162339,149000256,34908,-1
04568.wav,4567,4568,2029126994,48000,1,3.398,163119,123631312,31952,-1
04569.wav,4568,4569,2029181715,48000,1,2.987,143369,102145792,23519,-1
04570.wav,4569,4570,2029236436,48000,1,9.846,472604,80919248,104317,-1
04571.wav,4570,4571,2029291157,48000,1,2.785,133668,61704592,24881,-1
04572.wav,4571,4572,2029478860,48000,1,6.875,330015,523655344,74530,-1
04573.wav,4572,4573,2030121808,48000,1,6.544,314133,541394288,76903,-1
04574.wav,4573,4574,2030749173,48000,1,2.852,136916,108952560,32202,-1
04575.wav,4574,4575,2030988055,48000,1,2.976,142830,144867312,33684,-1
04576.wav,4575,4576,2031042776,48000,1,2.502,120075,117665456,17785,-1
04577.wav,4576,4577,2031511020,48000,1,10.353,496965,476557088,115457,-1
04578.wav,4577,4578,2031781297,48000,1,2.839,136282,422704496,31285,-1
04579.wav,4578,4579,2032667283,48000,1,1.301,62464,312749264,23548,-1
04580.wav,4579,4580,2032672009,48000,1,2.010,96468,242052384,17101,-1
04581.wav,4580,4581,2033557995,48000,1,1.357,65134,689440,23270,-1
04582.wav,4581,4582,2034440554,48000,1,0.673,32299,354244336,14241,-1
04583.wav,4582,4583,2034554350,48000,1,7.590,364332,252075632,80985,-1
04584.wav,4583,4584,2034629069,48000,1,7.853,376961,292598544,96436,-1
04585.wav,4584,4585,2034725449,48000,1,5.687,272956,9321408,65257,-1
04586.wav,4585,4586,2034965352,48000,1,7.718,370468,188350640,85772,-1
04587.wav,4586,4587,2035444137,48000,1,8.194,393333,239723104,99114,-1
04588.wav,4587,4588,2035663021,48000,1,1.947,93472,215934896,19206,-1
04589.wav,4588,4589,2035737740,48000,1,5.742,275600,240935760,93908,-1
04590.wav,4589,4590,2036012366,48000,1,8.126,390037,280722432,94066,-1
04591.wav,4590,4591,2036067087,48000,1,4.987,239384,273305072,56708,-1
04592.wav,4591,4592,2036196527,48000,1,4.985,239258,299772512,43932,-1
04593.wav,4592,4593,2036238186,48000,1,4.437,212959,39262160,49209,-1
04594.wav,4593,4594,2036367626,48000,1,6.631,318275,106671120,79277,-1
04595.wav,4594,4595,2036534310,48000,1,2.422,116276,494840832,23296,-1
04596.wav,4595,4596,2036603114,48000,1,2.154,103387,553195872,21368,-1
04597.wav,4596,4597,2036606508,48000,1,8.054,386604,141992560,101786,-1
04598.wav,4597,4598,2036766753,48000,1,4.541,217979,175973072,55926,-1
04599.wav,4598,4599,2037022592,48000,1,3.215,154314,245558544,47235,-1
04600.wav,4599,4600,2037404099,48000,1,3.627,174080,484988192,50763,-1
04601.wav,4600,4601,2037935084,48000,1,7.395,354957,114471280,81642,-1
04602.wav,4601,4602,2037989805,48000,1,2.293,110059,96000608,21332,-1
04603.wav,4602,4603,2038044526,48000,1,5.355,257045,73120256,53784,-1
04604.wav,4603,4604,2038228687,48000,1,9.762,468588,124765168,106159,-1
04605.wav,4604,4605,2038283408,48000,1,3.719,178533,103078592,37933,-1
04606.wav,4605,4606,2040522148,48000,1,2.396,115019,316385488,20573,-1
04607.wav,4606,4607,2040672342,48000,1,7.554,362611,163680512,70817,-1
04608.wav,4607,4608,2041013995,48000,1,7.834,376019,442987568,127549,-1
04609.wav,4608,4609,2041069737,48000,1,6.875,329989,463547328,93366,-1
04610.wav,4609,4610,2042739490,48000,1,7.105,341049,228987968,106053,-1
04611.wav,4610,4611,2043307719,48000,1,1.461,70122,265454352,10970,-1
04612.wav,4611,4612,2043656043,48000,1,7.021,337026,253202752,87463,-1
04613.wav,4612,4613,2043662979,48000,1,2.511,120523,70117856,24993,-1
04614.wav,4613,4614,2043827142,48000,1,4.886,234540,10209696,55807,-1
04615.wav,4614,4615,2043922533,48000,1,1.600,76813,204358432,12784,-1
04616.wav,4615,4616,2044134828,48000,1,2.971,142631,334087680,23740,-1
04617.wav,4616,4617,2044360648,48000,1,9.496,455811,190900368,76725,-1
04618.wav,4617,4618,2045285158,48000,1,6.120,293779,60410832,65486,-1
04619.wav,4618,4619,2045942160,48000,1,1.687,80963,352999200,30077,-1
04620.wav,4619,4620,2046494319,48000,1,1.362,65393,396552080,9416,-1
04621.wav,4620,4621,2046832872,48000,1,1.803,86562,178260496,30309,-1
04622.wav,4621,4622,2048056942,48000,1,6.703,321743,162421008,66733,-1
04623.wav,4622,4623,2048351007,48000,1,1.565,75119,362844432,16481,-1
04624.wav,4623,4624,2049514399,48000,1,5.370,257758,326136928,56210,-1
04625.wav,4624,4625,2049918465,48000,1,8.016,384785,368371584,95713,-1
04626.wav,4625,4626,2050644354,48000,1,4.417,212006,176457360,55068,-1
04627.wav,4626,4627,2050787233,48000,1,7.424,356329,272464976,86902,-1
04628.wav,4627,4628,2053122995,48000,1,6.484,311256,118431728,74490,-1
04629.wav,4628,4629,2053413204,48000,1,3.337,160162,552347264,38811,-1
04630.wav,4629,4630,2053529582,48000,1,8.731,419070,514758448,110546,-1
04631.wav,4630,4631,2054243570,48000,1,3.011,144540,241365680,31170,-1
04632.wav,4631,4632,2054635732,48000,1,3.696,177432,154045456,43555,-1
04633.wav,4632,4633,2054745174,48000,1,2.813,135032,105744272,30631,-1
04634.wav,4633,4634,2055137038,48000,1,2.451,117643,451158016,39639,-1
04635.wav,4634,4635,2059733741,48000,1,7.960,382065,240787168,102581,-1
04636.wav,4635,4636,2059769196,48000,1,2.204,105804,423471328,19911,-1
04637.wav,4636,4637,2060063088,48000,1,4.020,192938,271443344,37004,-1
04638.wav,4637,4638,2060070024,48000,1,5.769,276890,96544848,66966,-1
04639.wav,4638,4639,2060117809,48000,1,6.276,301252,258131008,71320,-1
04640.wav,4639,4640,2060124745,48000,1,4.802,230508,73650512,55620,-1
04641.wav,4640,4641,2060288908,48000,1,6.959,334045,13880528,77569,-1
04642.wav,4641,4642,2060541873,48000,1,7.598,364692,340766192,72922,-1
04643.wav,4642,4643,2060599115,48000,1,4.051,194436,552826160,40202,-1
04644.wav,4643,4644,2061931085,48000,1,7.276,349246,111573040,86473,-1
04645.wav,4644,4645,2061985806,48000,1,5.976,286830,90422704,66016,-1
04646.wav,4645,4646,2062040527,48000,1,7.174,344352,68241024,82510,-1
04647.wav,4646,4647,2062095248,48000,1,7.548,362293,51359472,84126,-1
04648.wav,4647,4648,2062149969,48000,1,5.214,250277,32563056,39152,-1
04649.wav,4648,4649,2062169967,48000,1,3.819,183301,146254288,34906,-1
04650.wav,4649,4650,2062224688,48000,1,7.476,358846,119686688,88101,-1
04651.wav,4650,4651,2062576554,48000,1,4.785,229658,519460704,40882,-1
04652.wav,4651,4652,2063219502,48000,1,3.247,155857,534113104,35996,-1
04653.wav,4652,4653,2065736262,48000,1,4.663,223844,253875904,56923,-1
04654.wav,4653,4654,2065914508,48000,1,10.331,495888,429864672,140560,-1
04655.wav,4654,4655,2066728555,48000,1,1.959,94036,361933968,20519,-1
04656.wav,4655,4656,2066803274,48000,1,6.553,314558,394945840,89469,-1
04657.wav,4656,4657,2067303720,48000,1,5.616,269565,262033232,75277,-1
04658.wav,4657,4658,2067420098,48000,1,6.343,304484,40072128,66942,-1
04659.wav,4658,4659,2067433160,48000,1,7.233,347197,290357600,72299,-1
04660.wav,4659,4660,2067519048,48000,1,1.539,73849,492114288,14463,-1
04661.wav,4660,4661,2067713701,48000,1,2.851,136830,49219472,29861,-1
04662.wav,4661,4662,2067768422,48000,1,8.132,390350,30085376,100289,-1
04663.wav,4662,4663,2067953604,48000,1,7.022,337033,201973264,84466,-1
04664.wav,4663,4664,2068719056,48000,1,6.319,303296,389194784,60783,-1
04665.wav,4664,4665,2068945897,48000,1,5.774,277173,303566016,60485,-1
04666.wav,4665,4666,2069226438,48000,1,6.179,296577,74384784,61569,-1
04667.wav,4666,4667,2069281159,48000,1,7.002,336077,56264880,79101,-1
04668.wav,4667,4668,2069294221,48000,1,3.434,164809,294794160,39586,-1
04669.wav,4668,4669,2070969558,48000,1,7.659,367638,488548352,106099,-1
04670.wav,4669,4670,2070978057,48000,1,3.835,184087,137208752,37674,-1
04671.wav,4670,4671,2071019720,48000,1,1.977,94916,396438304,18348,-1
04672.wav,4671,4672,2071032778,48000,1,9.476,454830,112156224,105424,-1
04673.wav,4672,4673,2071105423,48000,1,2.674,128339,158731872,26717,-1
04674.wav,4673,4674,2071863278,48000,1,6.189,297072,398187680,74878,-1
04675.wav,4674,4675,2072251649,48000,1,4.529,217380,466127056,50862,-1
04676.wav,4675,4676,2072470533,48000,1,5.929,284609,456403680,71294,-1
04677.wav,4676,4677,2072989956,48000,1,7.934,380829,404325456,65098,-1
04678.wav,4677,4678,2073271518,48000,1,3.515,168727,318864352,38561,-1
04679.wav,4678,4679,2073591506,48000,1,1.649,79139,467138176,11437,-1
04680.wav,4679,4680,2074837955,48000,1,8.215,394335,255049600,105770,-1
04681.wav,4680,4681,2076350692,48000,1,5.859,281232,275046096,65295,-1
04682.wav,4681,4682,2076405413,48000,1,6.840,328326,263413632,81024,-1
04683.wav,4682,4683,2077064275,48000,1,3.995,191764,141057120,51815,-1
04684.wav,4683,4684,2077292652,48000,1,1.901,91231,481192080,17786,-1
04685.wav,4684,4685,2080793925,48000,1,1.777,85279,501595760,13692,-1
04686.wav,4685,4686,2081070480,48000,1,4.295,206166,476826704,40932,-1
04687.wav,4686,4687,2083281262,48000,1,7.553,362529,244943952,100615,-1
04688.wav,4687,4688,2084059089,48000,1,7.359,353249,268714496,91205,-1
04689.wav,4688,4689,2084120746,48000,1,5.226,250830,69114768,51468,-1
04690.wav,4689,4690,2084230188,48000,1,6.057,290716,33102544,64977,-1
04691.wav,4690,4691,2084301513,48000,1,2.721,130621,550466368,29835,-1
04692.wav,4691,4692,2084485674,48000,1,3.301,158447,554131408,39171,-1
04693.wav,4692,4693,2085562637,48000,1,1.289,61890,50624,19963,-1
04694.wav,4693,4694,2085688204,48000,1,7.531,361499,78252720,96411,-1
04695.wav,4694,4695,2085742925,48000,1,3.320,159342,59857216,27045,-1
04696.wav,4695,4696,2086145970,48000,1,5.695,273358,28774272,62077,-1
04697.wav,4696,4697,2086165968,48000,1,8.407,403548,142112832,82628,-1
04698.wav,4697,4698,2086200691,48000,1,3.182,152744,3487344,36560,-1
04699.wav,4698,4699,2086331152,48000,1,8.770,420954,200337728,99250,-1
04700.wav,4699,4700,2086963559,48000,1,5.727,274900,485337856,78384,-1
04701.wav,4700,4701,2087257162,48000,1,5.484,263232,490800480,70068,-1
04702.wav,4701,4702,2088140013,48000,1,7.119,341707,525081536,105503,-1
04703.wav,4702,4703,2090376232,48000,1,6.628,318129,367260608,93089,-1
04704.wav,4703,4704,2090547331,48000,1,7.905,379424,212370400,73881,-1
04705.wav,4704,4705,2090560393,48000,1,5.006,240304,382027296,58996,-1
04706.wav,4705,4706,2090779277,48000,1,2.032,97533,354522704,25484,-1
04707.wav,4706,4707,2090799275,48000,1,7.101,340851,390266608,88417,-1
04708.wav,4707,4708,2090840934,48000,1,7.074,339540,215029904,94779,-1
04709.wav,4708,4709,2091148620,48000,1,3.731,179092,418254880,38376,-1
04710.wav,4709,4710,2091374440,48000,1,6.298,302327,296050208,62521,-1
04711.wav,4710,4711,2091649066,48000,1,8.009,384416,318132768,75538,-1
04712.wav,4711,4712,2091949605,48000,1,7.678,368553,197268208,96561,-1
04713.wav,4712,4713,2092073130,48000,1,11.680,560663,387472512,132004,-1
04714.wav,4713,4714,2092463113,48000,1,6.512,312598,211275568,54260,-1
04715.wav,4714,4715,2093681226,48000,1,7.285,349657,185168176,84558,-1
04716.wav,4715,4716,2094105290,48000,1,6.808,326783,240271920,94424,-1
04717.wav,4716,4717,2094508335,48000,1,10.697,513445,236205296,94932,-1
04718.wav,4717,4718,2095083500,48000,1,9.382,450330,85118112,101462,-1
04719.wav,4718,4719,2095138221,48000,1,5.223,250709,65931936,51610,-1
04720.wav,4719,4720,2095288146,48000,1,2.539,121891,541823568,28862,-1
04721.wav,4720,4721,2096891819,48000,1,5.999,287937,560175360,76818,-1
04722.wav,4721,4722,2097335302,48000,1,4.168,200049,430935520,46516,-1
04723.wav,4722,4723,2097910467,48000,1,3.267,156823,362956336,47391,-1
04724.wav,4723,4724,2098430860,48000,1,5.402,259301,310963584,63825,-1
04725.wav,4724,4725,2098833956,48000,1,6.285,301668,249313200,78802,-1
04726.wav,4725,4726,2098837514,48000,1,2.100,100800,177534560,28020,-1
04727.wav,4726,4727,2098848039,48000,1,5.989,287468,432371280,80054,-1
04728.wav,4727,4728,2099133865,48000,1,1.372,65838,210947376,22370,-1
04729.wav,4728,4729,2099299679,48000,1,6.142,294796,184074064,65444,-1
04730.wav,4729,4730,2099477925,48000,1,6.733,323168,368467344,114693,-1
04731.wav,4730,4731,2099675148,48000,1,3.316,159180,445384272,31162,-1
04732.wav,4731,4732,2100182530,48000,1,4.511,216520,291346928,35528,-1
04733.wav,4732,4733,2100346693,48000,1,3.579,171795,272594304,40614,-1
04734.wav,4733,4734,2101538504,48000,1,2.144,102899,156948448,20030,-1
04735.wav,4734,4735,2102151470,48000,1,6.400,307193,489660416,95190,-1
04736.wav,4735,4736,2102737176,48000,1,5.079,243768,99411568,51763,-1
04737.wav,4736,4737,2103677269,48000,1,8.825,423617,532147504,102384,-1
04738.wav,4737,4738,2104068273,48000,1,7.782,373555,497356736,78874,-1
04739.wav,4738,4739,2105279950,48000,1,3.070,147380,242166240,31070,-1
04740.wav,4739,4740,2106165936,48000,1,1.671,80204,842224,29181,-1
04741.wav,4740,4741,2106784777,48000,1,1.392,66826,548334688,10600,-1
04742.wav,4741,4742,2108280910,48000,1,9.403,451329,4550368,108685,-1
04743.wav,4742,4743,2108814416,48000,1,2.710,130067,189202896,20898,-1
04744.wav,4743,4744,2109574763,48000,1,5.014,240662,115249904,50954,-1
04745.wav,4744,4745,2109738926,48000,1,8.603,412953,55331200,92515,-1
04746.wav,4745,4746,2109848844,48000,1,8.707,417925,174056320,110207,-1
04747.wav,4746,4747,2109864972,48000,1,1.862,89399,551499696,16715,-1
04748.wav,4747,4748,2110436595,48000,1,2.601,124855,186967072,22412,-1
04749.wav,4748,4749,2111435824,48000,1,4.847,232637,136601616,54939,-1
04750.wav,4749,4750,2112136014,48000,1,5.274,253164,519693536,73028,-1
04751.wav,4750,4751,2112190735,48000,1,4.669,224095,515757072,55144,-1
04752.wav,4751,4752,2112252392,48000,1,6.069,291318,480155680,79080,-1
04753.wav,4752,4753,2113968167,48000,1,2.693,129248,324837328,26911,-1
04754.wav,4753,4754,2114153349,48000,1,5.789,277885,388526176,83175,-1
04755.wav,4754,4755,2114684177,48000,1,1.261,60534,401694000,19721,-1
04756.wav,4755,4756,2114947398,48000,1,7.737,371396,265956160,96792,-1
04757.wav,4756,4757,2115295722,48000,1,3.968,190443,253932864,55121,-1
04758.wav,4757,4758,2115719786,48000,1,6.364,305496,338097424,65311,-1
04759.wav,4758,4759,2116109769,48000,1,4.559,218842,179395424,48604,-1
04760.wav,4759,4760,2116362734,48000,1,8.454,405798,395304192,91311,-1
04761.wav,4760,4761,2116992620,48000,1,4.704,225791,290657056,42446,-1
04762.wav,4761,4762,2117214025,48000,1,2.055,98623,543903824,17512,-1
04763.wav,4762,4763,2117460864,48000,1,7.120,341738,517235616,101484,-1
04764.wav,4763,4764,2117513064,48000,1,5.792,277993,202156240,73002,-1
04765.wav,4764,4765,2117861388,48000,1,4.513,216635,194339776,50844,-1
04766.wav,4765,4766,2117916109,48000,1,4.052,194501,189328608,51548,-1
04767.wav,4766,4767,2117971851,48000,1,2.685,128872,218960240,28073,-1
04768.wav,4767,4768,2119102260,48000,1,2.105,101063,396638064,19622,-1
04769.wav,4768,4769,2119440813,48000,1,2.069,99301,178368368,31085,-1
04770.wav,4769,4770,2120664883,48000,1,5.496,263790,162749552,66166,-1
04771.wav,4770,4771,2121755367,48000,1,4.995,239783,446776864,71974,-1
04772.wav,4771,4772,2121811109,48000,1,6.153,295367,466272160,84810,-1
04773.wav,4772,4773,2121975272,48000,1,8.182,392756,457832896,104652,-1
04774.wav,4773,4774,2122141803,48000,1,4.245,203782,166942448,46090,-1
04775.wav,4774,4775,2122426912,48000,1,3.103,148929,272712128,34861,-1
04776.wav,4775,4776,2122778778,48000,1,2.105,101038,548022256,18958,-1
04777.wav,4776,4777,2122830978,48000,1,6.745,323782,318986400,74669,-1
04778.wav,4777,4778,2122905697,48000,1,2.397,115050,343821360,24885,-1
04779.wav,4778,4779,2124998442,48000,1,7.651,367226,209225904,77715,-1
04780.wav,4779,4780,2125757488,48000,1,6.304,302596,533574656,76778,-1
04781.wav,4780,4781,2125934701,48000,1,0.726,34839,352682432,12813,-1
04782.wav,4781,4782,2126081251,48000,1,3.822,183455,40654896,39716,-1
04783.wav,4782,4783,2126135972,48000,1,4.039,193878,21794992,41359,-1
04784.wav,4783,4784,2126231052,48000,1,2.129,102184,402639600,29568,-1
04785.wav,4784,4785,2126623735,48000,1,5.077,243712,141224032,53181,-1
04786.wav,4785,4786,2127139764,48000,1,6.902,331286,511370208,78365,-1
04787.wav,4786,4787,2127985753,48000,1,2.576,123643,554586432,28329,-1
04788.wav,4787,4788,2128191193,48000,1,6.205,297841,149336880,63755,-1
04789.wav,4788,4789,2128245914,48000,1,6.483,311188,123935408,69334,-1
04790.wav,4789,4790,2129577460,48000,1,7.132,342353,427115712,78185,-1
04791.wav,4790,4791,2130629940,48000,1,4.897,235060,477116352,53360,-1
04792.wav,4791,4792,2131103447,48000,1,2.010,96503,566943856,18863,-1
04793.wav,4792,4793,2131832207,48000,1,7.432,356747,294426112,76604,-1
04794.wav,4793,4794,2131932671,48000,1,3.944,189296,319435456,40054,-1
04795.wav,4794,4795,2131941649,48000,1,3.690,177102,282407808,39105,-1
04796.wav,4795,4796,2132377137,48000,1,2.521,121027,423569680,24655,-1
04797.wav,4796,4797,2132407372,48000,1,3.469,166523,196101184,39858,-1
04798.wav,4797,4798,2132477676,48000,1,3.271,157026,553955984,35940,-1
04799.wav,4798,4799,2133516043,48000,1,7.521,360990,136968256,90861,-1
04800.wav,4799,4800,2133625485,48000,1,8.771,421021,91414896,100862,-1
04801.wav,4800,4801,2133680206,48000,1,6.467,310418,69245520,76845,-1
04802.wav,4801,4802,2133789648,48000,1,3.208,153968,33395504,29732,-1
04803.wav,4802,4803,2133806252,48000,1,2.064,99049,553251280,20595,-1
04804.wav,4803,4804,2133864367,48000,1,7.176,344458,120561904,87402,-1
04805.wav,4804,4805,2134216233,48000,1,9.274,445164,519906384,108431,-1
04806.wav,4805,4806,2136248393,48000,1,5.593,268470,471465120,71049,-1
04807.wav,4806,4807,2137481576,48000,1,1.415,67908,353588576,24597,-1
04808.wav,4807,4808,2139825229,48000,1,2.888,138633,328629408,30077,-1
04809.wav,4808,4809,2140119853,48000,1,5.957,285916,382328160,71459,-1
04810.wav,4809,4810,2140126989,48000,1,2.149,103141,492193696,18178,-1
04811.wav,4810,4811,2140132915,48000,1,5.323,255487,443642480,76700,-1
04812.wav,4811,4812,2140174574,48000,1,7.534,361645,374434528,99207,-1
04813.wav,4812,4813,2140708080,48000,1,3.547,170248,418462848,34559,-1
04814.wav,4813,4814,2140933900,48000,1,5.092,244397,296444608,57092,-1
04815.wav,4814,4815,2141030280,48000,1,5.290,253938,16425456,55229,-1
04816.wav,4815,4816,2141043342,48000,1,3.886,186517,282917312,31170,-1
04817.wav,4816,4817,2141159720,48000,1,6.624,317967,82760256,79685,-1
04818.wav,4817,4818,2141214441,48000,1,2.966,142351,63063888,23124,-1
04819.wav,4818,4819,2141449929,48000,1,3.036,145720,549168112,30104,-1
04820.wav,4819,4820,2141509065,48000,1,7.466,358350,197639136,96115,-1
04821.wav,4820,4821,2141591499,48000,1,4.951,237667,425368768,48410,-1
04822.wav,4821,4822,2141693226,48000,1,4.665,223944,203551200,53289,-1
04823.wav,4822,4823,2141858410,48000,1,2.251,108043,229312288,23102,-1
04824.wav,4823,4824,2142097292,48000,1,3.748,179920,237741616,34563,-1
04825.wav,4824,4825,2142261455,48000,1,5.017,240822,220377696,50000,-1
04826.wav,4825,4826,2142597738,48000,1,7.789,373856,24562320,68988,-1
04827.wav,4826,4827,2142911339,48000,1,3.129,150186,147614032,33293,-1
04828.wav,4827,4828,2142946062,48000,1,2.518,120863,10527248,25209,-1
04829.wav,4828,4829,2142966060,48000,1,7.109,341224,121490192,82632,-1
04830.wav,4829,4830,2143130223,48000,1,5.138,246627,60988544,53454,-1
04831.wav,4830,4831,2143627661,48000,1,1.684,80835,396514160,21583,-1
04832.wav,4831,4832,2145554145,48000,1,6.871,329805,366062736,92993,-1
04833.wav,4832,4833,2146199447,48000,1,2.518,120846,467229088,24660,-1
04834.wav,4833,4834,2146326533,48000,1,5.335,256076,415674704,55494,-1
04835.wav,4834,4835,2146477634,48000,1,6.576,315654,256238720,72838,-1
04836.wav,4835,4836,2147251043,48000,1,3.372,161836,382841056,42585,-1
04837.wav,4836,4837,2147469927,48000,1,10.755,516231,363398928,130281,-1
04838.wav,4837,4838,2147990371,48000,1,8.567,411203,275301728,99023,-1
04839.wav,4838,4839,2148216191,48000,1,8.874,425937,22578336,101764,-1
04840.wav,4839,4840,2148523877,48000,1,2.872,137846,336699264,27020,-1
04841.wav,4840,4841,2148635840,48000,1,2.307,110742,549667728,20276,-1
04842.wav,4841,4842,2149741990,48000,1,6.656,319489,291417680,69706,-1
04843.wav,4842,4843,2149796711,48000,1,6.966,334346,287261840,67016,-1
04844.wav,4843,4844,2150077252,48000,1,6.202,297677,38217456,60038,-1
04845.wav,4844,4845,2150707434,48000,1,2.999,143970,567824848,27673,-1
04846.wav,4845,4846,2150785585,48000,1,3.759,180428,568563008,59066,-1
04847.wav,4846,4847,2150872212,48000,1,2.993,143677,567211712,29827,-1
04848.wav,4847,4848,2151097964,48000,1,3.454,165805,158296080,38287,-1
04849.wav,4848,4849,2152187194,48000,1,6.848,328710,145654624,80315,-1
04850.wav,4849,4850,2152274333,48000,1,7.169,344115,427525616,79223,-1
04851.wav,4850,4851,2152710159,48000,1,7.427,356488,478112192,82247,-1
04852.wav,4851,4852,2153009483,48000,1,5.731,275107,310498128,65287,-1
04853.wav,4852,4853,2153401866,48000,1,1.679,80612,501666768,14921,-1
04854.wav,4853,4854,2154012890,48000,1,1.829,87803,319847120,14983,-1
04855.wav,4854,4855,2155298786,48000,1,1.989,95486,406688416,18959,-1
04856.wav,4855,4856,2156458094,48000,1,7.792,373996,190434752,96741,-1
04857.wav,4856,4857,2157046321,48000,1,5.891,282782,235375616,60896,-1
04858.wav,4857,4858,2157840370,48000,1,9.104,436996,4957424,115974,-1
04859.wav,4858,4859,2158095856,48000,1,3.016,144775,553599104,34097,-1
04860.wav,4859,4860,2158150577,48000,1,1.471,70614,552000704,10920,-1
04861.wav,4860,4861,2158170578,48000,1,0.870,41738,151984,13995,-1
04862.wav,4861,4862,2159298386,48000,1,4.700,225603,55535440,44726,-1
04863.wav,4862,4863,2159482547,48000,1,2.758,132391,103773488,28555,-1
04864.wav,4863,4864,2159646710,48000,1,7.355,353024,43866256,77166,-1
04865.wav,4864,4865,2162213134,48000,1,3.805,182636,444847344,40458,-1
04866.wav,4865,4866,2162254793,48000,1,8.920,428159,376359440,110012,-1
04867.wav,4866,4867,2162364235,48000,1,8.927,428499,359610448,149633,-1
04868.wav,4867,4868,2163363464,48000,1,7.019,336903,342909696,64907,-1
04869.wav,4868,4869,2163582348,48000,1,7.101,340857,320918608,78107,-1
04870.wav,4869,4870,2164677957,48000,1,7.021,336999,24942752,83504,-1
04871.wav,4870,4871,2164704081,48000,1,10.250,492023,414389936,101617,-1
04872.wav,4871,4872,2165669229,48000,1,5.139,246659,179526256,55408,-1
04873.wav,4872,4873,2166041093,48000,1,8.194,393300,538945536,92062,-1
04874.wav,4873,4874,2166668458,48000,1,3.461,166113,108439104,35344,-1
04875.wav,4874,4875,2166723179,48000,1,3.141,150750,86932560,32306,-1
04876.wav,4875,4876,2166777900,48000,1,3.823,183513,66245296,38592,-1
04877.wav,4876,4877,2166780421,48000,1,6.398,307125,496662960,55361,-1
04878.wav,4877,4878,2167197549,48000,1,2.107,101123,553686096,21909,-1
04879.wav,4878,4879,2167475569,48000,1,3.552,170519,189420720,34229,-1
04880.wav,4879,4880,2168159081,48000,1,5.873,281884,351473712,67189,-1
04881.wav,4880,4881,2168290637,48000,1,3.628,174145,97520160,34028,-1
04882.wav,4881,4882,2169269605,48000,1,7.983,383194,439076592,109367,-1
04883.wav,4882,4883,2170713538,48000,1,5.653,271347,326724224,58695,-1
04884.wav,4883,4884,2170768259,48000,1,3.566,171170,321792896,39991,-1
04885.wav,4884,4885,2171445455,48000,1,1.467,70436,177661632,23581,-1
04886.wav,4885,4886,2171540647,48000,1,4.994,239698,393577776,52070,-1
04887.wav,4886,4887,2171701263,48000,1,6.555,314617,169064224,76677,-1
04888.wav,4887,4888,2171741806,48000,1,1.455,69846,211080624,22166,-1
04889.wav,4888,4889,2171760552,48000,1,7.817,375237,407125056,88144,-1
04890.wav,4889,4890,2172465157,48000,1,4.933,236807,343936528,46402,-1
04891.wav,4890,4891,2172669525,48000,1,2.718,130487,155173616,31119,-1
04892.wav,4891,4892,2173279204,48000,1,8.076,387653,238499104,87126,-1
04893.wav,4892,4893,2173608551,48000,1,5.008,240377,266866368,40866,-1
04894.wav,4893,4894,2173683270,48000,1,9.713,466200,302868816,104390,-1
04895.wav,4894,4895,2174018532,48000,1,3.031,145478,54337824,26685,-1
04896.wav,4895,4896,2174073253,48000,1,10.989,527483,34740752,117887,-1
04897.wav,4896,4897,2174146445,48000,1,2.794,134117,157075808,32886,-1
04898.wav,4897,4898,2174380939,48000,1,4.809,230824,339185888,47012,-1
04899.wav,4898,4899,2175316948,48000,1,6.459,310020,533865152,77122,-1
04900.wav,4899,4900,2176110997,48000,1,8.566,411184,494262240,86262,-1
04901.wav,4900,4901,2176706160,48000,1,6.560,314887,470048240,88906,-1
04902.wav,4901,4902,2179577065,48000,1,5.460,262083,208596096,57099,-1
04903.wav,4902,4903,2179815231,48000,1,7.580,363846,327014928,78185,-1
04904.wav,4903,4904,2182037136,48000,1,1.543,74063,554047536,13422,-1
04905.wav,4904,4905,2182664501,48000,1,2.096,100608,225276224,20609,-1
04906.wav,4905,4906,2183130224,48000,1,6.986,335343,111860032,89241,-1
04907.wav,4906,4907,2183239666,48000,1,5.133,246367,69437408,58492,-1
04908.wav,4907,4908,2183294387,48000,1,5.433,260777,52169552,54511,-1
04909.wav,4908,4909,2183369106,48000,1,2.669,128098,146608960,29790,-1
04910.wav,4909,4910,2183403829,48000,1,3.580,171818,9825520,35816,-1
04911.wav,4910,4911,2183423827,48000,1,6.670,320163,120788768,75252,-1
04912.wav,4911,4912,2183478548,48000,1,2.621,125817,100325872,27167,-1
04913.wav,4912,4913,2183533269,48000,1,5.597,268666,79441104,66756,-1
04914.wav,4913,4914,2183755695,48000,1,5.511,264530,507477360,59828,-1
04915.wav,4914,4915,2183882614,48000,1,10.106,485088,194899088,100427,-1
04916.wav,4915,4916,2184057702,48000,1,4.579,219811,556617472,50283,-1
04917.wav,4916,4917,2184418641,48000,1,7.484,359221,535609184,95443,-1
04918.wav,4917,4918,2184808624,48000,1,6.762,324579,486979728,97525,-1
04919.wav,4918,4919,2185272491,48000,1,2.206,105865,241868816,20458,-1
04920.wav,4919,4920,2185807853,48000,1,3.955,189846,471702112,48812,-1
04921.wav,4920,4921,2186935401,48000,1,7.180,344663,254816192,90588,-1
04922.wav,4921,4922,2187292118,48000,1,3.630,174216,401857072,42621,-1
04923.wav,4922,4923,2188741741,48000,1,7.271,349032,277813856,78178,-1
04924.wav,4923,4924,2188796462,48000,1,8.613,413418,268073696,109653,-1
04925.wav,4924,4925,2188967561,48000,1,8.535,409686,31284784,94865,-1
04926.wav,4925,4926,2189022282,48000,1,5.547,266243,6696384,69470,-1
04927.wav,4926,4927,2189918195,48000,1,4.313,207041,390895120,48372,-1
04928.wav,4927,4928,2190144015,48000,1,4.547,218236,230864720,55252,-1
04929.wav,4928,4929,2190309199,48000,1,10.078,483756,280046496,106880,-1
04930.wav,4929,4930,2190425577,48000,1,3.041,145954,75258592,30588,-1
04931.wav,4930,4931,2190493360,48000,1,4.805,230655,296815120,63911,-1
04932.wav,4931,4932,2190555017,48000,1,6.003,288124,152577024,74743,-1
04933.wav,4932,4933,2190602802,48000,1,5.552,266508,282948528,44199,-1
04934.wav,4933,4934,2190609738,48000,1,5.135,246493,127773680,55879,-1
04935.wav,4934,4935,2190719180,48000,1,6.025,289215,82979456,72433,-1
04936.wav,4935,4936,2190828622,48000,1,3.578,171731,45596432,37149,-1
04937.wav,4936,4937,2190903341,48000,1,7.613,365414,139357408,90661,-1
04938.wav,4937,4938,2191289930,48000,1,8.604,412969,505308976,132347,-1
04939.wav,4938,4939,2191591104,48000,1,8.502,408110,206796944,101226,-1
04940.wav,4939,4940,2191656752,48000,1,5.380,258251,237879216,67663,-1
04941.wav,4940,4941,2192104932,48000,1,0.949,45562,209790544,16274,-1
04942.wav,4941,4942,2192231917,48000,1,7.081,339888,112705600,81974,-1
04943.wav,4942,4943,2192341359,48000,1,8.061,386922,70544800,104963,-1
04944.wav,4943,4944,2192401283,48000,1,1.473,70699,248605664,21815,-1
04945.wav,4944,4945,2192525520,48000,1,6.259,300424,121706816,71097,-1
04946.wav,4945,4946,2194726663,48000,1,5.943,285265,247331712,77946,-1
04947.wav,4946,4947,2194749744,48000,1,3.293,158085,167236448,37053,-1
04948.wav,4947,4948,2195366570,48000,1,6.288,301828,460060576,75721,-1
04949.wav,4948,4949,2195688770,48000,1,7.937,380968,267212560,80059,-1
04950.wav,4949,4950,2195756553,48000,1,3.132,150342,406417120,26397,-1
04951.wav,4950,4951,2196170122,48000,1,5.803,278521,424854144,53334,-1
04952.wav,4951,4952,2196224797,48000,1,2.338,112222,550767600,23063,-1
04953.wav,4952,4953,2196331718,48000,1,7.598,364727,322844832,85060,-1
04954.wav,4953,4954,2196461158,48000,1,5.641,270746,339818592,63185,-1
04955.wav,4954,4955,2196682563,48000,1,1.480,71061,547443072,10734,-1
04956.wav,4955,4956,2196810503,48000,1,11.437,548979,383130336,150358,-1
04957.wav,4956,4957,2197213548,48000,1,5.421,260208,378733184,65573,-1
04958.wav,4957,4958,2197494089,48000,1,7.595,364544,213108112,81816,-1
04959.wav,4958,4959,2197679271,48000,1,3.469,166501,302176816,28021,-1
04960.wav,4959,4960,2197705352,48000,1,0.679,32598,1419104,13319,-1
04961.wav,4960,4961,2197720930,48000,1,1.455,69860,41853280,11440,-1
04962.wav,4961,4962,2197733992,48000,1,8.112,389390,290943056,90220,-1
04963.wav,4962,4963,2197952876,48000,1,3.723,178700,249872736,45947,-1
04964.wav,4963,4964,2197959812,48000,1,3.999,191967,67625824,40815,-1
04965.wav,4964,4965,2198014533,48000,1,6.711,322125,50230144,74449,-1
04966.wav,4965,4966,2198195300,48000,1,1.822,87449,549688048,15838,-1
04967.wav,4966,4967,2198542642,48000,1,1.324,63548,352759392,23128,-1
04968.wav,4967,4968,2198547368,48000,1,2.399,115142,307254336,23233,-1
04969.wav,4968,4969,2199433354,48000,1,2.309,110842,178025664,32630,-1
04970.wav,4969,4970,2199581991,48000,1,6.898,331115,58752048,75076,-1
04971.wav,4970,4971,2199691433,48000,1,3.579,171798,17714448,38315,-1
04972.wav,4971,4972,2200170218,48000,1,6.903,331362,198764320,81779,-1
04973.wav,4972,4973,2200657424,48000,1,4.205,201825,161829008,45626,-1
04974.wav,4973,4974,2206498860,48000,1,3.368,161652,537072736,32635,-1
04975.wav,4974,4975,2206605781,48000,1,6.218,298458,235634032,91782,-1
04976.wav,4975,4976,2207126225,48000,1,3.949,189538,107849744,37561,-1
04977.wav,4976,4977,2207180946,48000,1,8.145,390948,84830224,81043,-1
04978.wav,4977,4978,2207235667,48000,1,2.330,111857,65887840,24046,-1
04979.wav,4978,4979,2207365107,48000,1,3.640,174704,143127760,39910,-1
04980.wav,4979,4980,2207399830,48000,1,5.373,257925,5225600,59071,-1
04981.wav,4980,4981,2207737520,48000,1,2.543,122062,450876112,27263,-1
04982.wav,4981,4982,2207933336,48000,1,6.837,328195,189223840,86941,-1
04983.wav,4982,4983,2208987286,48000,1,2.661,127714,126000192,27420,-1
04984.wav,4983,4984,2209042007,48000,1,4.160,199686,103917312,46962,-1
04985.wav,4984,4985,2209553210,48000,1,6.579,315802,439589872,85473,-1
04986.wav,4985,4986,2211998414,48000,1,3.357,161145,391672848,28686,-1
04987.wav,4986,4987,2212347759,48000,1,1.645,78964,419487120,13214,-1
04988.wav,4987,4988,2212369678,48000,1,2.561,122917,423300368,23296,-1
04989.wav,4988,4989,2213196529,48000,1,7.314,351049,314215152,71509,-1
04990.wav,4989,4990,2213498089,48000,1,3.243,155656,229953824,29798,-1
04991.wav,4990,4991,2213675314,48000,1,5.733,275169,379862288,72606,-1
04992.wav,4991,4992,2214237417,48000,1,4.882,234326,25059248,58654,-1
04993.wav,4992,4993,2214421578,48000,1,4.671,224228,71260928,48643,-1
04994.wav,4993,4994,2214476299,48000,1,3.623,173890,53233856,38786,-1
04995.wav,4994,4995,2214602345,48000,1,1.624,77959,550550912,13652,-1
04996.wav,4995,4996,2214880365,48000,1,6.593,316482,185461152,63626,-1
04997.wav,4996,4997,2216282639,48000,1,7.652,367312,87222640,78561,-1
04998.wav,4997,4998,2216337360,48000,1,6.152,295288,66413056,68111,-1
04999.wav,4998,4999,2218829065,48000,1,10.268,492844,439446192,143647,-1
05000.wav,4999,5000,2220033095,48000,1,3.522,169065,250545888,38377,-1
05001.wav,5000,5001,2220113573,48000,1,1.871,89808,211192256,34057,-1
05002.wav,5001,5002,2220848163,48000,1,4.654,223412,212506624,54386,-1
05003.wav,5002,5003,2221325927,48000,1,6.706,321899,233319744,97906,-1
05004.wav,5003,5004,2221449452,48000,1,11.660,559701,421309328,106537,-1
05005.wav,5004,5005,2221716931,48000,1,4.906,235494,38841600,55789,-1
05006.wav,5005,5006,2221771652,48000,1,4.211,202148,18481632,49468,-1
05007.wav,5006,5007,2221955813,48000,1,5.306,254690,64294704,50632,-1
05008.wav,5007,5008,2222119976,48000,1,9.843,472468,1975472,115216,-1
05009.wav,5008,5009,2222250437,48000,1,3.009,144443,199271056,28668,-1
05010.wav,5009,5010,2222414600,48000,1,2.926,140463,183223968,21585,-1
05011.wav,5010,5011,2222737704,48000,1,5.769,276915,350912288,67089,-1
05012.wav,5011,5012,2223393526,48000,1,1.890,90699,568797360,21048,-1
05013.wav,5012,5013,2223468550,48000,1,8.349,400756,95068576,94466,-1
05014.wav,5013,5014,2223632713,48000,1,9.559,458843,34997264,97860,-1
05015.wav,5014,5015,2223705905,48000,1,2.931,140703,158460976,28517,-1
05016.wav,5015,5016,2223884115,48000,1,7.306,350677,499938896,84584,-1
05017.wav,5016,5017,2224111498,48000,1,5.307,254757,202474080,61914,-1
05018.wav,5017,5018,2225182825,48000,1,6.632,318326,161386400,69616,-1
05019.wav,5018,5019,2225644555,48000,1,2.919,140117,436316928,37888,-1
05020.wav,5019,5020,2226191988,48000,1,1.974,94749,466990976,18581,-1
05021.wav,5020,5021,2227503529,48000,1,2.791,133949,306623776,35548,-1
05022.wav,5021,5022,2227568351,48000,1,7.355,353058,317417008,79259,-1
05023.wav,5022,5023,2227992415,48000,1,5.351,256830,385939424,50600,-1
05024.wav,5023,5024,2228211299,48000,1,6.849,328775,364077696,89512,-1
05025.wav,5024,5025,2228854247,48000,1,5.449,261535,405290144,59415,-1
05026.wav,5025,5026,2229319970,48000,1,4.170,200182,330799280,43697,-1
05027.wav,5026,5027,2230647525,48000,1,6.779,325391,273831968,72319,-1
05028.wav,5027,5028,2230748994,48000,1,1.803,86564,402109088,26624,-1
05029.wav,5028,5029,2231012784,48000,1,8.103,388932,151777888,94448,-1
05030.wav,5029,5030,2231067505,48000,1,4.356,209090,126697072,52243,-1
05031.wav,5030,5031,2233394407,48000,1,1.443,69257,501462512,10235,-1
05032.wav,5031,5032,2234062719,48000,1,6.428,308568,454365248,73567,-1
05033.wav,5032,5033,2234074481,48000,1,6.896,331031,484583888,81022,-1
05034.wav,5033,5034,2234368084,48000,1,4.909,235643,487548752,55225,-1
05035.wav,5034,5035,2235367313,48000,1,7.619,365707,471949488,100246,-1
05036.wav,5035,5036,2235650175,48000,1,4.956,237870,464144448,59883,-1
05037.wav,5036,5037,2236682564,48000,1,1.762,84554,550615072,15951,-1
05038.wav,5037,5038,2237887302,48000,1,6.318,303267,400131088,88408,-1
05039.wav,5038,5039,2238178697,48000,1,7.471,358584,40406016,79529,-1
05040.wav,5039,5040,2238233418,48000,1,4.945,237373,21612384,60511,-1
05041.wav,5040,5041,2238355922,48000,1,10.107,485113,268499088,126216,-1
05042.wav,5041,5042,2239930316,48000,1,1.890,90730,97794864,13772,-1
05043.wav,5042,5043,2240039758,48000,1,7.487,359354,57712096,86693,-1
05044.wav,5043,5044,2240114477,48000,1,7.272,349074,152996064,95375,-1
05045.wav,5044,5045,2240169198,48000,1,4.022,193034,127996960,43428,-1
05046.wav,5045,5046,2240187472,48000,1,2.483,119174,210118784,41027,-1
05047.wav,5046,5047,2240388082,48000,1,10.273,493099,45744624,118024,-1
05048.wav,5047,5048,2240442803,48000,1,2.909,139640,25982480,29424,-1
05049.wav,5048,5049,2240627985,48000,1,5.332,255923,197961456,69520,-1
05050.wav,5049,5050,2241736656,48000,1,5.318,255276,137959360,62062,-1
05051.wav,5050,5051,2242030259,48000,1,4.860,233273,147829056,57931,-1
05052.wav,5051,5052,2242954506,48000,1,5.640,270743,447997920,76727,-1
05053.wav,5052,5053,2243693834,48000,1,4.450,213595,409125120,36220,-1
05054.wav,5053,5054,2244159557,48000,1,6.357,305152,335799424,61384,-1
05055.wav,5054,5055,2244309204,48000,1,2.542,122040,169248992,26785,-1
05056.wav,5055,5056,2245316013,48000,1,7.991,383549,406563472,77389,-1
05057.wav,5056,5057,2245541833,48000,1,2.362,113384,270470928,17636,-1
05058.wav,5057,5058,2245596554,48000,1,6.142,294839,256753072,57029,-1
05059.wav,5058,5059,2246130060,48000,1,3.974,190766,329099360,28604,-1
05060.wav,5059,5060,2246410601,48000,1,8.662,415757,180933376,98044,-1
05061.wav,5060,5061,2247409830,48000,1,7.594,364523,109859392,95449,-1
05062.wav,5061,5062,2247464551,48000,1,4.093,196473,89537568,41224,-1
05063.wav,5062,5063,2247573993,48000,1,3.369,161726,50696768,38555,-1
05064.wav,5063,5064,2248035301,48000,1,4.565,219122,505961360,69976,-1
05065.wav,5064,5065,2248117666,48000,1,7.953,381758,176029040,96203,-1
05066.wav,5065,5066,2249305286,48000,1,4.750,228011,246700896,49671,-1
05067.wav,5066,5067,2250879745,48000,1,6.471,310591,410175296,72266,-1
05068.wav,5067,5068,2251437996,48000,1,0.818,39247,177359472,15410,-1
05069.wav,5068,5069,2251858976,48000,1,1.466,70370,369166944,11588,-1
05070.wav,5069,5070,2252576363,48000,1,4.690,225120,396172016,75082,-1
05071.wav,5070,5071,2252795527,48000,1,3.865,185541,409188592,33725,-1
05072.wav,5071,5072,2253480134,48000,1,5.733,275161,315756160,58745,-1
05073.wav,5072,5073,2254138986,48000,1,2.785,133666,156677600,28889,-1
05074.wav,5073,5074,2255235620,48000,1,0.773,37094,314112496,13561,-1
05075.wav,5074,5075,2255470093,48000,1,5.574,267548,516786800,64290,-1
05076.wav,5075,5076,2256058320,48000,1,7.516,360757,537405696,90541,-1
05077.wav,5076,5077,2256984364,48000,1,2.254,108177,354329504,39364,-1
05078.wav,5077,5078,2257880432,48000,1,1.637,78593,241976864,14986,-1
05079.wav,5078,5079,2260733286,48000,1,2.261,108530,549646144,21538,-1
05080.wav,5079,5080,2261783694,48000,1,6.532,313520,232008400,72613,-1
05081.wav,5080,5081,2261995267,48000,1,3.077,147679,176512464,36557,-1
05082.wav,5081,5082,2262133039,48000,1,2.024,97138,297762560,18788,-1
05083.wav,5082,5083,2262413580,48000,1,1.457,69918,63731136,9327,-1
05084.wav,5083,5084,2262523022,48000,1,3.879,186179,26545664,44386,-1
05085.wav,5084,5085,2263829937,48000,1,2.688,129032,306395920,33833,-1
05086.wav,5085,5086,2263926317,48000,1,5.879,282182,93875872,63895,-1
05087.wav,5086,5087,2264110478,48000,1,3.960,190062,148277088,50826,-1
05088.wav,5087,5088,2264165199,48000,1,7.176,344457,122661632,83456,-1
05089.wav,5088,5089,2264329362,48000,1,3.769,180905,61294624,31564,-1
05090.wav,5089,5090,2264330383,48000,1,4.117,197621,193190896,50501,-1
05091.wav,5090,5091,2264712873,48000,1,1.967,94412,209940768,24690,-1
05092.wav,5091,5092,2264717599,48000,1,1.862,89370,170021744,11905,-1
05093.wav,5092,5093,2265009224,48000,1,1.837,88177,248718304,26545,-1
05094.wav,5093,5094,2265605738,48000,1,5.736,275346,495348256,48573,-1
05095.wav,5094,5095,2266026260,48000,1,4.234,203242,144282880,44863,-1
05096.wav,5095,5096,2266080981,48000,1,1.740,83508,117121680,13807,-1
05097.wav,5096,5097,2267284659,48000,1,0.890,42735,401501056,15950,-1
05098.wav,5097,5098,2269133768,48000,1,2.543,122067,213839328,25701,-1
05099.wav,5098,5099,2269780258,48000,1,1.603,76937,550427568,12855,-1
05100.wav,5099,5100,2269948836,48000,1,7.203,345758,192668464,75303,-1
05101.wav,5100,5101,2270407623,48000,1,6.649,319137,212631936,68293,-1
05102.wav,5101,5102,2270659567,48000,1,6.720,322572,394152496,81676,-1
05103.wav,5102,5103,2270885387,48000,1,10.365,497539,233956272,91533,-1
05104.wav,5103,5104,2271105292,48000,1,7.846,376596,272945008,98681,-1
05105.wav,5104,5105,2271166949,48000,1,4.813,231004,77011312,51598,-1
05106.wav,5105,5106,2271234732,48000,1,5.219,250520,298809760,45980,-1
05107.wav,5106,5107,2271276391,48000,1,2.640,126705,38992384,24162,-1
05108.wav,5107,5108,2271569994,48000,1,2.339,112278,47554160,23463,-1
05109.wav,5108,5109,2271624715,48000,1,6.239,299451,27751312,76179,-1
05110.wav,5109,5110,2271679436,48000,1,6.975,334799,2457424,71962,-1
05111.wav,5110,5111,2271809897,48000,1,4.437,212983,199410464,47338,-1
05112.wav,5111,5112,2271974060,48000,1,7.438,357020,183423824,83891,-1
05113.wav,5112,5113,2272041295,48000,1,0.567,27228,178210224,10747,-1
05114.wav,5113,5114,2272507566,48000,1,5.311,254930,226876192,52098,-1
05115.wav,5114,5115,2273028010,48000,1,7.609,365219,95319424,92631,-1
05116.wav,5115,5116,2273265365,48000,1,6.979,334998,162116688,73190,-1
05117.wav,5116,5117,2274742285,48000,1,4.120,197775,166325584,45135,-1
05118.wav,5117,5118,2275038636,48000,1,3.549,170342,204188096,43049,-1
05119.wav,5118,5119,2275115649,48000,1,3.860,185272,434658640,56361,-1
05120.wav,5119,5120,2275625445,48000,1,1.477,70900,526643328,13806,-1
05121.wav,5120,5121,2276107942,48000,1,6.797,326278,462374240,88961,-1
05122.wav,5121,5122,2276778466,48000,1,7.635,366472,259120480,99205,-1
05123.wav,5122,5123,2277202530,48000,1,5.030,241419,341343744,48946,-1
05124.wav,5123,5124,2277900279,48000,1,3.396,162990,451510704,34900,-1
05125.wav,5124,5125,2278694248,48000,1,4.986,239339,252605136,65321,-1
05126.wav,5125,5126,2278821290,48000,1,2.335,112070,568325488,26075,-1
05127.wav,5126,5127,2278831534,48000,1,1.405,67417,402396304,22856,-1
05128.wav,5127,5128,2279566954,48000,1,5.837,280176,173690288,73325,-1
05129.wav,5128,5129,2280345461,48000,1,2.227,106878,451038016,31895,-1
05130.wav,5129,5130,2283622179,48000,1,8.618,413661,454639056,105610,-1
05131.wav,5130,5131,2284145972,48000,1,7.137,342561,399305536,106456,-1
05132.wav,5131,5132,2284956670,48000,1,7.037,337773,367510048,87588,-1
05133.wav,5132,5133,2284977619,48000,1,1.866,89549,423405920,15753,-1
05134.wav,5133,5134,2285209635,48000,1,2.563,123012,464371568,24631,-1
05135.wav,5134,5135,2287812876,48000,1,6.439,309090,134783184,76003,-1
05136.wav,5135,5136,2287867597,48000,1,4.712,226191,108898480,54035,-1
05137.wav,5136,5137,2287977039,48000,1,3.135,150479,67026080,32179,-1
05138.wav,5137,5138,2288031760,48000,1,6.782,325517,49705344,72445,-1
05139.wav,5138,5139,2288086481,48000,1,6.831,327909,31611376,62278,-1
05140.wav,5139,5140,2289489776,48000,1,2.422,116236,97808672,17990,-1
05141.wav,5140,5141,2289492297,48000,1,2.434,116826,497690288,25153,-1
05142.wav,5141,5142,2289728658,48000,1,7.308,350807,128155792,79219,-1
05143.wav,5142,5143,2289838100,48000,1,4.001,192049,83118048,35112,-1
05144.wav,5143,5144,2292513966,48000,1,3.574,171572,448295936,29803,-1
05145.wav,5144,5145,2292727471,48000,1,1.523,73100,492045440,13614,-1
05146.wav,5145,5146,2293185511,48000,1,1.766,84770,273210432,16799,-1
05147.wav,5146,5147,2293424393,48000,1,7.535,361679,283326240,81538,-1
05148.wav,5147,5148,2293664296,48000,1,3.994,191700,345207792,38762,-1
05149.wav,5148,5149,2293937901,48000,1,3.552,170509,315151632,41993,-1
05150.wav,5149,5150,2294416686,48000,1,2.443,117257,381034080,28658,-1
05151.wav,5150,5151,2294807690,48000,1,8.171,392197,267402256,92431,-1
05152.wav,5151,5152,2295101293,48000,1,8.216,394391,270593200,88215,-1
05153.wav,5152,5153,2295162950,48000,1,5.088,244202,73028288,41754,-1
05154.wav,5153,5154,2295340175,48000,1,5.368,257641,282060256,61159,-1
05155.wav,5154,5155,2295401832,48000,1,5.496,263808,103018384,60173,-1
05156.wav,5155,5156,2295456553,48000,1,6.910,331690,81617264,82342,-1
05157.wav,5156,5157,2295634799,48000,1,3.149,151175,335081008,37061,-1
05158.wav,5157,5158,2295970061,48000,1,4.562,218986,181185312,49073,-1
05159.wav,5158,5159,2296027303,48000,1,5.695,273354,503920000,102174,-1
05160.wav,5159,5160,2296894571,48000,1,4.935,236861,23129328,55536,-1
05161.wav,5160,5161,2296914569,48000,1,3.181,152671,136264352,36457,-1
05162.wav,5161,5162,2296969290,48000,1,7.054,338612,110332000,86574,-1
05163.wav,5162,5163,2297078732,48000,1,4.683,224767,67880976,46353,-1
05164.wav,5163,5164,2297375877,48000,1,1.813,87018,513424368,15242,-1
05165.wav,5164,5165,2297790766,48000,1,5.025,241218,161719984,48516,-1
05166.wav,5165,5166,2298775630,48000,1,7.250,348017,154454272,83647,-1
05167.wav,5166,5167,2298799929,48000,1,1.805,86650,467076304,15060,-1
05168.wav,5167,5168,2300111470,48000,1,1.972,94662,306792416,17417,-1
05169.wav,5168,5169,2300774467,48000,1,8.271,396999,253110240,92471,-1
05170.wav,5169,5170,2301253252,48000,1,6.611,317309,334008896,78745,-1
05171.wav,5170,5171,2301615659,48000,1,6.463,310207,449904960,88818,-1
05172.wav,5171,5172,2301712039,48000,1,3.296,158185,370810320,34532,-1
05173.wav,5172,5173,2301883138,48000,1,8.096,388587,216338656,100827,-1
05174.wav,5173,5174,2302341925,48000,1,2.208,105992,260687168,25517,-1
05175.wav,5174,5175,2302416644,48000,1,4.365,209510,300679424,41660,-1
05176.wav,5175,5176,2302458303,48000,1,6.681,320681,39870272,61166,-1
05177.wav,5176,5177,2302513024,48000,1,5.134,246422,20180592,47672,-1
05178.wav,5177,5178,2302991809,48000,1,2.811,134922,201499712,23076,-1
05179.wav,5178,5179,2303046530,48000,1,6.131,294305,192059568,72080,-1
05180.wav,5179,5180,2303356935,48000,1,0.668,32085,402239456,11177,-1
05181.wav,5180,5181,2303698446,48000,1,2.958,141999,158040608,32143,-1
05182.wav,5181,5182,2303984102,48000,1,3.040,145937,303372672,34128,-1
05183.wav,5182,5183,2305175366,48000,1,5.260,252488,160492128,63025,-1
05184.wav,5183,5184,2305617780,48000,1,6.704,321786,537763664,75771,-1
05185.wav,5184,5185,2306002348,48000,1,1.655,79446,501546640,14865,-1
05186.wav,5185,5186,2306992036,48000,1,9.166,439967,563390160,106804,-1
05187.wav,5186,5187,2307006992,48000,1,4.898,235089,473785856,63187,-1
05188.wav,5187,5188,2308309723,48000,1,9.785,469662,318583664,105049,-1
05189.wav,5188,5189,2310221421,48000,1,3.159,151653,7576144,32349,-1
05190.wav,5189,5190,2310713554,48000,1,6.365,305536,312105568,80374,-1
05191.wav,5190,5191,2311343154,48000,1,6.638,318648,232257120,67636,-1
05192.wav,5191,5192,2311808877,48000,1,8.703,417728,128954400,116615,-1
05193.wav,5192,5193,2312082482,48000,1,4.693,225286,26753712,45472,-1
05194.wav,5193,5194,2312267664,48000,1,2.213,106222,198593168,16818,-1
05195.wav,5194,5195,2312795413,48000,1,0.786,37725,210289312,13977,-1
05196.wav,5195,5196,2312900071,48000,1,3.348,160725,484664944,39412,-1
05197.wav,5196,5197,2313376335,48000,1,7.422,356251,138693104,83919,-1
05198.wav,5197,5198,2313485777,48000,1,1.328,63760,94127728,7566,-1
05199.wav,5198,5199,2313540498,48000,1,5.077,243673,71550160,52907,-1
05200.wav,5199,5200,2313595219,48000,1,8.340,400332,53584080,97124,-1
05201.wav,5200,5201,2313724659,48000,1,5.483,263162,123009472,56386,-1
05202.wav,5201,5202,2313779380,48000,1,4.194,201316,101725840,42196,-1
05203.wav,5202,5203,2313781901,48000,1,3.555,170645,499325616,31544,-1
05204.wav,5203,5204,2314076525,48000,1,3.585,172074,522295424,30225,-1
05205.wav,5204,5205,2314719473,48000,1,6.648,319125,539976064,84201,-1
05206.wav,5205,5206,2318009642,48000,1,6.769,324926,385116976,109103,-1
05207.wav,5206,5207,2318467408,48000,1,3.654,175396,373224112,56039,-1
05208.wav,5207,5208,2318583786,48000,1,6.791,325990,223745184,92917,-1
05209.wav,5208,5209,2318762032,48000,1,6.166,295962,413581520,65608,-1
05210.wav,5209,5210,2319152015,48000,1,6.910,331683,250823456,93677,-1
05211.wav,5210,5211,2319323114,48000,1,9.550,458380,8558656,102076,-1
05212.wav,5211,5212,2319563017,48000,1,3.831,183882,188260848,41261,-1
05213.wav,5212,5213,2319617738,48000,1,6.055,290661,185008544,65647,-1
05214.wav,5213,5214,2319913862,48000,1,3.939,189060,508492416,49482,-1
05215.wav,5214,5215,2319967083,48000,1,8.530,409431,212802368,75564,-1
05216.wav,5215,5216,2320041802,48000,1,2.461,118109,239484944,23142,-1
05217.wav,5216,5217,2320794192,48000,1,7.247,347880,299035344,79530,-1
05218.wav,5217,5218,2320890572,48000,1,7.155,343446,18650704,88181,-1
05219.wav,5218,5219,2320910570,48000,1,5.492,263627,130252896,56088,-1
05220.wav,5219,5220,2320965291,48000,1,2.769,132889,106174048,27254,-1
05221.wav,5220,5221,2321184175,48000,1,12.017,576806,27936688,123292,-1
05222.wav,5221,5222,2321369357,48000,1,5.238,251424,199782512,66190,-1
05223.wav,5222,5223,2321426599,48000,1,4.759,228426,511045360,72740,-1
05224.wav,5223,5224,2321717681,48000,1,8.909,427620,193745280,110793,-1
05225.wav,5224,5225,2322727593,48000,1,7.802,374508,310152240,82570,-1
05226.wav,5225,5226,2322771631,48000,1,7.911,379736,149681024,93611,-1
05227.wav,5226,5227,2322826352,48000,1,3.215,154317,124125728,32286,-1
05228.wav,5227,5228,2323032932,48000,1,5.795,278175,429651904,87793,-1
05229.wav,5228,5229,2323566438,48000,1,7.203,345739,438070432,96881,-1
05230.wav,5229,5230,2324380485,48000,1,7.464,358276,412409696,71851,-1
05231.wav,5230,5231,2325119813,48000,1,8.716,418373,316197504,96022,-1
05232.wav,5231,5232,2325611660,48000,1,4.874,233955,441870144,47228,-1
05233.wav,5232,5233,2325837480,48000,1,3.217,154416,389085648,42801,-1
05234.wav,5233,5234,2326173763,48000,1,5.623,269881,285091312,75173,-1
05235.wav,5234,5235,2326186825,48000,1,3.197,153439,417185408,36459,-1
05236.wav,5235,5236,2326412645,48000,1,6.934,332848,294706000,67497,-1
05237.wav,5236,5237,2326687271,48000,1,4.305,206641,317795808,37637,-1
05238.wav,5237,5238,2326746927,48000,1,2.606,125073,156829376,30961,-1
05239.wav,5238,5239,2326987810,48000,1,6.848,328708,196461456,71090,-1
05240.wav,5239,5240,2327337155,48000,1,1.883,90379,228450432,16406,-1
05241.wav,5240,5241,2329882823,48000,1,3.393,162849,60081232,30828,-1
05242.wav,5241,5242,2331211136,48000,1,7.375,354000,455253104,98161,-1
05243.wav,5242,5243,2332893951,48000,1,3.703,177754,370947664,51228,-1
05244.wav,5243,5244,2334145577,48000,1,5.712,274178,173220784,69828,-1
05245.wav,5244,5245,2335914320,48000,1,3.289,157880,81023600,36698,-1
05246.wav,5245,5246,2336204529,48000,1,1.917,92000,548863920,15160,-1
05247.wav,5246,5247,2336373107,48000,1,6.325,303615,186636032,69467,-1
05248.wav,5247,5248,2336961334,48000,1,6.378,306136,222534176,98473,-1
05249.wav,5248,5249,2337245417,48000,1,4.609,221247,495915808,32790,-1
05250.wav,5249,5250,2337536499,48000,1,2.496,119791,67081296,23421,-1
05251.wav,5250,5251,2337872973,48000,1,1.968,94472,241716832,16108,-1
05252.wav,5251,5252,2339051757,48000,1,10.341,496345,497936992,100029,-1
05253.wav,5252,5253,2339892600,48000,1,1.938,93035,401612752,29180,-1
05254.wav,5253,5254,2341822982,48000,1,2.286,109707,548178192,20759,-1
05255.wav,5254,5255,2342073426,48000,1,6.377,306079,448466000,66286,-1
05256.wav,5255,5256,2342744971,48000,1,7.993,383652,273474592,89616,-1
05257.wav,5256,5257,2342970791,48000,1,3.475,166807,19164176,30551,-1
05258.wav,5257,5258,2343390440,48000,1,2.087,100195,549353600,19706,-1
05259.wav,5258,5259,2343629322,48000,1,2.484,119237,551728336,25477,-1
05260.wav,5259,5260,2343852621,48000,1,5.034,241620,189153936,48924,-1
05261.wav,5260,5261,2344612968,48000,1,4.004,192182,114576144,46628,-1
05262.wav,5261,5262,2344667689,48000,1,1.889,90671,96058096,18488,-1
05263.wav,5262,5263,2344705414,48000,1,0.346,16612,209656800,7451,-1
05264.wav,5263,5264,2344722410,48000,1,5.905,283464,73174080,53505,-1
05265.wav,5264,5265,2344906571,48000,1,5.435,260884,124871360,65565,-1
05266.wav,5265,5266,2345001765,48000,1,0.526,25252,248377168,9990,-1
05267.wav,5266,5267,2345016013,48000,1,7.219,346489,81784368,93210,-1
05268.wav,5267,5268,2345070734,48000,1,6.286,301733,62135056,74015,-1
05269.wav,5268,5269,2345258437,48000,1,7.739,371453,524877504,119940,-1
05270.wav,5269,5270,2346474029,48000,1,4.276,205262,136378752,51120,-1
05271.wav,5270,5271,2346528750,48000,1,5.391,258770,110796928,65946,-1
05272.wav,5271,5272,2346767632,48000,1,2.589,124254,145878272,28573,-1
05273.wav,5272,5273,2347350226,48000,1,4.604,220995,166680064,47519,-1
05274.wav,5273,5274,2347449803,48000,1,4.888,234617,562117040,48290,-1
05275.wav,5274,5275,2347897701,48000,1,7.599,364736,354386944,102657,-1
05276.wav,5275,5276,2348233386,48000,1,1.516,72762,526736688,11293,-1
05277.wav,5276,5277,2348767490,48000,1,4.254,204211,318041104,38110,-1
05278.wav,5277,5278,2349191554,48000,1,7.332,351923,387265408,104985,-1
05279.wav,5278,5279,2349295175,48000,1,6.640,318713,208233984,72554,-1
05280.wav,5279,5280,2349410438,48000,1,5.067,243218,364612720,65533,-1
05281.wav,5280,5281,2350169764,48000,1,8.376,402062,284774832,96390,-1
05282.wav,5281,5282,2350279206,48000,1,5.817,279231,269181520,63282,-1
05283.wav,5282,5283,2350463367,48000,1,2.782,133520,289048304,27533,-1
05284.wav,5283,5284,2350508220,48000,1,2.623,125913,451705920,29244,-1
05285.wav,5284,5285,2350812712,48000,1,5.915,283902,334111456,50944,-1
05286.wav,5285,5286,2351147850,48000,1,1.861,89311,307101088,15807,-1
05287.wav,5286,5287,2351439475,48000,1,1.556,74699,402532464,23930,-1
05288.wav,5287,5288,2351976104,48000,1,4.840,232323,300867184,49605,-1
05289.wav,5288,5289,2352325449,48000,1,8.152,391292,346556528,89813,-1
05290.wav,5289,5290,2352496548,48000,1,4.667,224020,202956496,56563,-1
05291.wav,5290,5291,2353824103,48000,1,3.797,182264,74039968,41707,-1
05292.wav,5291,5292,2353874193,48000,1,9.135,438501,426343056,90119,-1
05293.wav,5292,5293,2354006737,48000,1,5.703,273749,170431536,68603,-1
05294.wav,5293,5294,2354734826,48000,1,5.755,276232,165274752,62838,-1
05295.wav,5294,5295,2355966463,48000,1,1.611,77330,432357872,13371,-1
05296.wav,5295,5296,2356551496,48000,1,2.190,105098,563497008,19407,-1
05297.wav,5296,5297,2356566452,48000,1,6.732,323114,473936672,82279,-1
05298.wav,5297,5298,2358276642,48000,1,2.038,97823,314055824,28016,-1
05299.wav,5298,5299,2359087296,48000,1,5.863,281403,266446528,59444,-1
05300.wav,5299,5300,2360611532,48000,1,8.005,384222,530870176,95241,-1
05301.wav,5300,5301,2360795693,48000,1,7.194,345318,531975264,92308,-1
05302.wav,5301,5302,2361186697,48000,1,5.725,274807,497241072,58601,-1
05303.wav,5302,5303,2361313616,48000,1,3.106,149085,154089056,37388,-1
05304.wav,5303,5304,2361368337,48000,1,7.217,346402,129245424,69844,-1
05305.wav,5304,5305,2361423058,48000,1,2.954,141811,105774944,26677,-1
05306.wav,5305,5306,2361587221,48000,1,4.144,198922,46822912,30989,-1
05307.wav,5306,5307,2362935795,48000,1,6.311,302947,138777056,78273,-1
05308.wav,5307,5308,2363284119,48000,1,4.303,206544,123195648,47194,-1
05309.wav,5308,5309,2363341361,48000,1,10.775,517224,499405776,72088,-1
05310.wav,5309,5310,2364970160,48000,1,1.715,82312,423150560,13657,-1
05311.wav,5310,5311,2365308713,48000,1,0.491,23578,210689552,8764,-1
05312.wav,5311,5312,2365668145,48000,1,6.971,334606,475864528,92720,-1
05313.wav,5312,5313,2366740972,48000,1,2.950,141616,271554832,25437,-1
05314.wav,5313,5314,2366795693,48000,1,3.101,148856,258287520,32926,-1
05315.wav,5314,5315,2366870412,48000,1,4.381,210298,293914752,49883,-1
05316.wav,5315,5316,2367038117,48000,1,1.831,87899,550066736,15465,-1
05317.wav,5316,5317,2367219757,48000,1,7.593,364447,340912176,85354,-1
05318.wav,5317,5318,2367794922,48000,1,8.875,425988,227765568,134279,-1
05319.wav,5318,5319,2368143246,48000,1,1.820,87347,224006976,20439,-1
05320.wav,5319,5320,2368479529,48000,1,5.552,266516,42416752,55574,-1
05321.wav,5320,5321,2368492591,48000,1,3.941,189176,291222064,41045,-1
05322.wav,5321,5322,2368608969,48000,1,8.091,388357,111681088,91848,-1
05323.wav,5322,5323,2368663690,48000,1,5.629,270181,90581136,68732,-1
05324.wav,5323,5324,2368718411,48000,1,5.244,251694,68567280,53651,-1
05325.wav,5324,5325,2368902572,48000,1,7.604,364995,119827616,84246,-1
05326.wav,5325,5326,2369177198,48000,1,5.365,257517,185074224,52120,-1
05327.wav,5326,5327,2369254438,48000,1,5.454,261800,519576352,88353,-1
05328.wav,5327,5328,2369897386,48000,1,7.183,344797,534149136,80893,-1
05329.wav,5328,5329,2370285869,48000,1,6.891,330774,77458704,79012,-1
05330.wav,5329,5330,2370340590,48000,1,6.144,294924,59510752,75642,-1
05331.wav,5330,5331,2370470030,48000,1,4.684,224835,130574016,55124,-1
05332.wav,5331,5332,2370524751,48000,1,7.963,382244,106262032,98941,-1
05333.wav,5332,5333,2370579472,48000,1,7.822,375458,83936640,97593,-1
05334.wav,5333,5334,2370691435,48000,1,7.623,365916,494624944,82637,-1
05335.wav,5334,5335,2370763633,48000,1,6.906,331481,141614560,75180,-1
05336.wav,5335,5336,2373981604,48000,1,4.322,207440,262162544,43224,-1
05337.wav,5336,5337,2374220486,48000,1,1.999,95973,276997040,20046,-1
05338.wav,5337,5338,2374234569,48000,1,5.819,279326,434918736,89092,-1
05339.wav,5338,5339,2374460389,48000,1,5.911,283722,336338928,61120,-1
05340.wav,5339,5340,2374569831,48000,1,5.962,286159,325782992,62466,-1
05341.wav,5340,5341,2374744365,48000,1,5.940,285131,526892032,79118,-1
05342.wav,5341,5342,2374973897,48000,1,5.732,275128,366779264,75252,-1
05343.wav,5342,5343,2374978939,48000,1,2.817,135224,560756672,29702,-1
05344.wav,5343,5344,2375378668,48000,1,0.444,21288,211125856,8420,-1
05345.wav,5344,5345,2375396940,48000,1,9.928,476565,389270128,113148,-1
05346.wav,5345,5346,2375746285,48000,1,7.279,349376,417418800,78149,-1
05347.wav,5346,5347,2375799855,48000,1,51.706,2481907,436566944,858653,-1
05348.wav,5347,5348,2375915857,48000,1,2.159,103638,567685280,20850,-1
05349.wav,5348,5349,2375959043,48000,1,11.343,544466,56471600,122532,-1
05350.wav,5349,5350,2375972105,48000,1,6.344,304489,294857088,72680,-1
05351.wav,5350,5351,2375994008,48000,1,2.862,137380,568383936,36464,-1
05352.wav,5351,5352,2376136268,48000,1,6.497,311843,276380640,66501,-1
05353.wav,5352,5353,2376306387,48000,1,0.483,23182,158228752,9935,-1
05354.wav,5353,5354,2376601991,48000,1,6.547,314246,191707920,60864,-1
05355.wav,5354,5355,2376896615,48000,1,4.241,203563,228686192,46654,-1
05356.wav,5355,5356,2377655941,48000,1,7.292,350024,137321296,88812,-1
05357.wav,5356,5357,2377783307,48000,1,5.356,257084,160837712,45327,-1
05358.wav,5357,5358,2378169449,48000,1,5.455,261836,192821488,57073,-1
05359.wav,5358,5359,2378245037,48000,1,2.910,139668,436125488,40709,-1
05360.wav,5359,5360,2379093696,48000,1,6.669,320135,457657200,83208,-1
05361.wav,5360,5361,2379148417,48000,1,6.546,314225,456498144,77952,-1
05362.wav,5361,5362,2379683144,48000,1,5.404,259399,559833056,76358,-1
05363.wav,5362,5363,2380441775,48000,1,6.967,334423,352437552,68770,-1
05364.wav,5363,5364,2381515839,48000,1,8.076,387635,255336848,101565,-1
05365.wav,5364,5365,2382508132,48000,1,9.538,457826,362281376,139110,-1
05366.wav,5365,5366,2383083297,48000,1,5.474,262748,263565104,52255,-1
05367.wav,5366,5367,2384255667,48000,1,5.660,271699,193499776,65292,-1
05368.wav,5367,5368,2385309617,48000,1,9.053,434548,149195232,101070,-1
05369.wav,5368,5369,2385528501,48000,1,4.760,228470,61764288,46225,-1
05370.wav,5369,5370,2385916738,48000,1,3.036,145746,170130080,25881,-1
05371.wav,5370,5371,2385994889,48000,1,1.513,72602,501351488,10128,-1
05372.wav,5371,5372,2386931796,48000,1,3.823,183496,135123712,37508,-1
05373.wav,5372,5373,2387280120,48000,1,1.721,82609,117918560,14947,-1
05374.wav,5373,5374,2388316593,48000,1,10.422,500238,491371504,135282,-1
05375.wav,5374,5375,2390791694,48000,1,4.396,211002,252398560,64699,-1
05376.wav,5375,5376,2391975084,48000,1,4.905,235443,241076512,80125,-1
05377.wav,5376,5377,2392084526,48000,1,1.949,93534,234816480,22887,-1
05378.wav,5377,5378,2392420809,48000,1,6.518,312858,59913712,66908,-1
05379.wav,5378,5379,2392455814,48000,1,7.066,339150,350551408,71567,-1
05380.wav,5379,5380,2392475530,48000,1,4.703,225741,39407088,53387,-1
05381.wav,5380,5381,2392543313,48000,1,8.926,428466,284140128,89601,-1
05382.wav,5381,5382,2392714412,48000,1,4.104,196988,65283904,44315,-1
05383.wav,5382,5383,2392823854,48000,1,4.956,237900,28836384,61535,-1
05384.wav,5383,5384,2393641443,48000,1,9.745,467749,485558864,133700,-1
05385.wav,5384,5385,2393935046,48000,1,5.175,248384,491048160,70761,-1
05386.wav,5385,5386,2394466031,48000,1,3.834,184032,125219488,38096,-1
05387.wav,5386,5387,2394520752,48000,1,3.599,172728,103303568,41449,-1
05388.wav,5387,5388,2394817897,48000,1,5.572,267478,525187072,77439,-1
05389.wav,5388,5389,2397009263,48000,1,8.028,385341,562268272,93230,-1
05390.wav,5389,5390,2397054116,48000,1,5.994,287706,367353744,79888,-1
05391.wav,5390,5391,2397347719,48000,1,6.751,324066,369901168,71867,-1
05392.wav,5391,5392,2397457161,48000,1,5.287,253754,354665904,51267,-1
05393.wav,5392,5393,2397826504,48000,1,2.774,133151,418380624,24179,-1
05394.wav,5393,5394,2399264522,48000,1,1.470,70555,408591840,11518,-1
05395.wav,5394,5395,2399817199,48000,1,6.632,318354,545449568,87316,-1
05396.wav,5395,5396,2400372172,48000,1,8.506,408310,334318976,79867,-1
05397.wav,5396,5397,2400597992,48000,1,11.122,533872,191556784,102708,-1
05398.wav,5397,5398,2401186219,48000,1,6.637,318557,236439232,95968,-1
05399.wav,5398,5399,2401577223,48000,1,4.646,223010,39979792,49037,-1
05400.wav,5399,5400,2401761384,48000,1,4.630,222236,85441680,41430,-1
05401.wav,5400,5401,2402056008,48000,1,7.075,339586,203013104,89217,-1
05402.wav,5401,5402,2403328842,48000,1,3.808,182776,97159008,39068,-1
05403.wav,5402,5403,2403873798,48000,1,4.126,198038,207786832,46142,-1
05404.wav,5403,5404,2404013186,48000,1,4.558,218777,430982080,64995,-1
05405.wav,5404,5405,2404294286,48000,1,2.710,130069,168514016,29837,-1
05406.wav,5405,5406,2406062831,48000,1,1.044,50108,247938144,20209,-1
05407.wav,5406,5407,2406353032,48000,1,9.279,445376,445501392,128369,-1
05408.wav,5407,5408,2406408774,48000,1,6.783,325586,465354864,75693,-1
05409.wav,5408,5409,2406739468,48000,1,2.854,136982,156342224,33351,-1
05410.wav,5409,5410,2407037639,48000,1,6.697,321436,411841760,62353,-1
05411.wav,5410,5411,2409286216,48000,1,3.465,166303,556775360,39999,-1
05412.wav,5411,5412,2409415060,48000,1,7.821,375423,99624432,90343,-1
05413.wav,5412,5413,2409712205,48000,1,4.537,217764,518214608,48201,-1
05414.wav,5413,5414,2410225713,48000,1,6.069,291295,529202016,70326,-1
05415.wav,5414,5415,2410462074,48000,1,3.872,185847,232536208,39250,-1
05416.wav,5415,5416,2410480914,48000,1,1.512,72585,241806544,11967,-1
05417.wav,5416,5417,2410746157,48000,1,4.457,213955,497510480,41362,-1
05418.wav,5417,5418,2411091960,48000,1,2.942,141230,64084512,29801,-1
05419.wav,5418,5419,2416362089,48000,1,5.331,255869,73741504,61502,-1
05420.wav,5419,5420,2416416810,48000,1,5.141,246764,55471488,63917,-1
05421.wav,5420,5421,2416526252,48000,1,6.182,296724,14133616,59102,-1
05422.wav,5421,5422,2416542856,48000,1,4.182,200746,551516448,43262,-1
05423.wav,5422,5423,2416710413,48000,1,1.535,73699,62418160,11128,-1
05424.wav,5423,5424,2416765134,48000,1,2.950,141608,43808384,28188,-1
05425.wav,5424,5425,2416779217,48000,1,3.134,150413,341078176,32079,-1
05426.wav,5425,5426,2417313355,48000,1,0.524,25129,209721152,10345,-1
05427.wav,5426,5427,2417318081,48000,1,2.684,128849,169844624,30495,-1
05428.wav,5427,5428,2417354382,48000,1,4.096,196603,228017344,36789,-1
05429.wav,5428,5429,2417609706,48000,1,1.330,63849,248510048,24602,-1
05430.wav,5429,5430,2417702706,48000,1,4.321,207431,224083104,43083,-1
05431.wav,5430,5431,2418168429,48000,1,2.065,99116,111840816,19179,-1
05432.wav,5431,5432,2418332592,48000,1,5.037,241779,51711440,56169,-1
05433.wav,5432,5433,2418462032,48000,1,7.873,377922,120113344,100037,-1
05434.wav,5433,5434,2418519274,48000,1,3.284,157650,498525216,27792,-1
05435.wav,5434,5435,2418868619,48000,1,8.135,390503,516050096,115612,-1
05436.wav,5435,5436,2419023396,48000,1,5.470,262539,246341104,76223,-1
05437.wav,5436,5437,2419032782,48000,1,3.250,155994,508932304,39606,-1
05438.wav,5437,5438,2419885141,48000,1,0.404,19369,401364256,7544,-1
05439.wav,5438,5439,2420029490,48000,1,4.763,228637,130708080,46288,-1
05440.wav,5439,5440,2420323093,48000,1,2.247,107862,141742160,21761,-1
05441.wav,5440,5441,2421822505,48000,1,12.298,590301,414186304,113670,-1
05442.wav,5441,5442,2423040618,48000,1,7.833,375972,395533856,127586,-1
05443.wav,5442,5443,2423541064,48000,1,7.482,359145,262351328,79079,-1
05444.wav,5443,5444,2423755791,48000,1,1.849,88748,307193184,16387,-1
05445.wav,5444,5445,2423779946,48000,1,1.920,92148,277128944,14499,-1
05446.wav,5445,5446,2423794029,48000,1,2.504,120172,435023952,20694,-1
05447.wav,5446,5447,2423891909,48000,1,8.037,385794,544063760,119844,-1
05448.wav,5447,5448,2423909386,48000,1,1.735,83281,304138752,12634,-1
05449.wav,5448,5449,2424005766,48000,1,5.569,267312,30406880,65834,-1
05450.wav,5449,5450,2424300390,48000,1,4.263,204608,187847040,46463,-1
05451.wav,5450,5451,2424368173,48000,1,5.937,284959,333095264,68769,-1
05452.wav,5451,5452,2424641777,48000,1,0.550,26400,177916848,11036,-1
05453.wav,5452,5453,2424956400,48000,1,7.809,374849,389717056,130768,-1
05454.wav,5453,5454,2425182220,48000,1,2.305,110638,230140128,21688,-1
05455.wav,5454,5455,2425518503,48000,1,5.754,276169,56729584,64902,-1
05456.wav,5455,5456,2425586286,48000,1,4.687,224970,289799056,52371,-1
05457.wav,5456,5457,2425647943,48000,1,4.556,218705,127054432,55807,-1
05458.wav,5457,5458,2425921548,48000,1,2.645,126969,25335936,24945,-1
05459.wav,5458,5459,2425922569,48000,1,5.122,245851,186085712,60253,-1
05460.wav,5459,5460,2426106730,48000,1,6.196,297415,196844400,74009,-1
05461.wav,5460,5461,2427342767,48000,1,7.508,360382,165640688,82470,-1
05462.wav,5461,5462,2428225927,48000,1,1.575,75582,526477504,15475,-1
05463.wav,5462,5463,2428653156,48000,1,7.903,379341,458134976,104473,-1
05464.wav,5463,5464,2428707877,48000,1,8.040,385939,456907392,108984,-1
05465.wav,5464,5465,2429227300,48000,1,10.976,526862,404755280,100255,-1
05466.wav,5465,5466,2429508862,48000,1,1.531,73500,319144224,13155,-1
05467.wav,5466,5467,2430924198,48000,1,3.575,171577,415148320,34703,-1
05468.wav,5467,5468,2431140391,48000,1,2.083,99975,306868368,17015,-1
05469.wav,5468,5469,2431263002,48000,1,2.195,105344,550666064,21042,-1
05470.wav,5469,5470,2431421772,48000,1,2.675,128396,568033552,32695,-1
05471.wav,5470,5471,2431891054,48000,1,2.692,129195,566697408,28694,-1
05472.wav,5471,5472,2432642757,48000,1,3.643,174876,263748800,28766,-1
05473.wav,5472,5473,2432759135,48000,1,9.159,439638,40863936,103885,-1
05474.wav,5473,5474,2432813856,48000,1,8.197,393455,22041792,92273,-1
05475.wav,5474,5475,2432908936,48000,1,0.604,29006,402704976,9842,-1
05476.wav,5475,5476,2432945943,48000,1,2.477,118889,450746576,30422,-1
05477.wav,5476,5477,2434869077,48000,1,2.869,137698,149498016,28966,-1
05478.wav,5477,5478,2434923798,48000,1,4.665,223937,124057376,50582,-1
05479.wav,5478,5479,2435132919,48000,1,6.574,315562,423594368,67131,-1
05480.wav,5479,5480,2437578101,48000,1,2.027,97293,423224336,16430,-1
05481.wav,5480,5481,2437916654,48000,1,1.557,74748,210779200,22679,-1
05482.wav,5481,5482,2438610555,48000,1,7.878,378143,319475552,80219,-1
05483.wav,5482,5483,2439782925,48000,1,7.004,336198,225165200,110985,-1
05484.wav,5483,5484,2440484136,48000,1,4.101,196845,553271920,50689,-1
05485.wav,5484,5485,2440522253,48000,1,8.665,415925,9608448,85062,-1
05486.wav,5485,5486,2440648299,48000,1,2.644,126926,547817408,23238,-1
05487.wav,5486,5487,2442048237,48000,1,1.606,77086,555143168,13852,-1
05488.wav,5487,5488,2442089711,48000,1,6.996,335809,19434848,82752,-1
05489.wav,5488,5489,2442273872,48000,1,2.427,116505,65453920,20276,-1
05490.wav,5489,5490,2442298718,48000,1,2.558,122793,466632912,24664,-1
05491.wav,5490,5491,2443731888,48000,1,6.138,294621,114830928,67021,-1
05492.wav,5491,5492,2443786609,48000,1,6.678,320525,96210336,73961,-1
05493.wav,5492,5493,2444025491,48000,1,3.169,152098,125400512,24643,-1
05494.wav,5493,5494,2444377357,48000,1,8.331,399888,525460400,118225,-1
05495.wav,5494,5495,2444415268,48000,1,2.601,124837,347710096,25877,-1
05496.wav,5495,5496,2445590978,48000,1,4.469,214492,175664000,51746,-1
05497.wav,5496,5497,2446852458,48000,1,5.437,260955,374638816,84915,-1
05498.wav,5497,5498,2447034437,48000,1,3.700,177619,350063232,42417,-1
05499.wav,5498,5499,2447036619,48000,1,5.188,249018,390824432,70646,-1
05500.wav,5499,5500,2447385964,48000,1,8.291,397962,418624832,77870,-1
05501.wav,5500,5501,2447427623,48000,1,6.969,334507,279869920,90951,-1
05502.wav,5501,5502,2447961129,48000,1,1.450,69576,342611824,10869,-1
05503.wav,5502,5503,2448125292,48000,1,3.599,172729,324737152,38197,-1
05504.wav,5503,5504,2448310474,48000,1,7.076,339664,387874544,109407,-1
05505.wav,5504,5505,2448939339,48000,1,7.121,341821,220471696,80979,-1
05506.wav,5505,5506,2449350341,48000,1,3.355,161023,112671280,34284,-1
05507.wav,5506,5507,2449405062,48000,1,3.051,146434,92783408,24375,-1
05508.wav,5507,5508,2449459783,48000,1,6.851,328857,70408240,78067,-1
05509.wav,5508,5509,2449582287,48000,1,2.733,131161,289482160,19515,-1
05510.wav,5509,5510,2450043595,48000,1,3.003,144133,548582736,29738,-1
05511.wav,5510,5511,2450115793,48000,1,4.090,196298,346869936,40658,-1
05512.wav,5511,5512,2450745679,48000,1,6.165,295925,236749184,67557,-1
05513.wav,5512,5513,2450852978,48000,1,2.283,109588,436236880,25347,-1
05514.wav,5513,5514,2451211402,48000,1,4.571,219398,133223616,47644,-1
05515.wav,5514,5515,2451430286,48000,1,5.194,249335,49019104,68090,-1
05516.wav,5515,5516,2451617989,48000,1,4.259,204427,517041904,60177,-1
05517.wav,5516,5517,2454331972,48000,1,8.172,392259,378624480,108662,-1
05518.wav,5517,5518,2454722976,48000,1,4.776,229250,264062320,48525,-1
05519.wav,5518,5519,2455311203,48000,1,2.819,135324,326476224,27544,-1
05520.wav,5519,5520,2455912492,48000,1,6.373,305883,445974256,94932,-1
05521.wav,5520,5521,2455957417,48000,1,0.750,36020,401987312,12367,-1
05522.wav,5521,5522,2456298928,48000,1,3.419,164118,157734752,39000,-1
05523.wav,5522,5523,2456487657,48000,1,8.619,413715,420008144,63751,-1
05524.wav,5523,5524,2456755136,48000,1,5.557,266757,38384384,60396,-1
05525.wav,5524,5525,2457062822,48000,1,7.112,341352,343661968,78424,-1
05526.wav,5525,5526,2457775848,48000,1,4.871,233829,159950112,50623,-1
05527.wav,5526,5527,2458524679,48000,1,3.046,146205,170249840,27353,-1
05528.wav,5527,5528,2458602830,48000,1,1.383,66382,501419472,10297,-1
05529.wav,5528,5529,2458865078,48000,1,4.970,238546,145816496,61740,-1
05530.wav,5529,5530,2459914613,48000,1,6.463,310238,532685856,81005,-1
05531.wav,5530,5531,2461023284,48000,1,5.131,246306,526187056,70704,-1
05532.wav,5531,5532,2462184035,48000,1,5.383,258376,398968976,73570,-1
05533.wav,5532,5533,2462551835,48000,1,2.613,125444,323304432,26200,-1
05534.wav,5533,5534,2463544128,48000,1,7.648,367102,408202256,78188,-1
05535.wav,5534,5535,2464773740,48000,1,2.056,98669,553647344,20180,-1
05536.wav,5535,5536,2465812107,48000,1,8.239,395496,115398960,92288,-1
05537.wav,5536,5537,2465921549,48000,1,2.553,122566,73921120,22665,-1
05538.wav,5537,5538,2466030991,48000,1,4.088,196212,36342704,45263,-1
05539.wav,5538,5539,2466085712,48000,1,8.412,403790,14256656,100956,-1
05540.wav,5539,5540,2466215152,48000,1,6.357,305113,82174864,65984,-1
05541.wav,5540,5541,2466324594,48000,1,6.111,293314,44097552,63267,-1
05542.wav,5541,5542,2466728660,48000,1,5.800,278404,182165136,63896,-1
05543.wav,5542,5543,2467782610,48000,1,8.026,385253,90900064,88469,-1
05544.wav,5543,5544,2467837331,48000,1,5.213,250203,68904896,53171,-1
05545.wav,5544,5545,2468021492,48000,1,2.097,100636,120263056,17859,-1
05546.wav,5545,5546,2468076213,48000,1,3.331,159906,100136160,28448,-1
05547.wav,5546,5547,2469183275,48000,1,3.849,184756,558037968,47502,-1
05548.wav,5547,5548,2470848459,48000,1,6.532,313530,374049088,92302,-1
05549.wav,5548,5549,2471533066,48000,1,5.133,246407,254190576,46685,-1
05550.wav,5549,5550,2471957130,48000,1,7.327,351697,338395296,69846,-1
05551.wav,5550,5551,2471998789,48000,1,4.161,199709,185418096,43022,-1
05552.wav,5551,5552,2472233062,48000,1,0.955,45854,672960,16444,-1
05553.wav,5552,5553,2472292392,48000,1,3.961,190143,186429184,41381,-1
05554.wav,5553,5554,2472709520,48000,1,3.836,184132,377730032,38644,-1
05555.wav,5554,5555,2473100524,48000,1,4.096,196612,262578992,41380,-1
05556.wav,5555,5556,2473175243,48000,1,5.446,261424,301882448,68061,-1
05557.wav,5556,5557,2473339406,48000,1,8.729,418985,277350352,99275,-1
05558.wav,5557,5558,2473346180,48000,1,3.716,178390,176549056,45969,-1
05559.wav,5558,5559,2473451369,48000,1,10.069,483336,544674352,112984,-1
05560.wav,5559,5560,2473452390,48000,1,2.754,132191,547173632,28172,-1
05561.wav,5560,5561,2473455784,48000,1,2.572,123477,66391632,21383,-1
05562.wav,5561,5562,2473510505,48000,1,3.048,146306,49307696,30755,-1
05563.wav,5562,5563,2473565226,48000,1,6.630,318251,30571088,73038,-1
05564.wav,5563,5564,2474208174,48000,1,6.641,318758,186359872,69275,-1
05565.wav,5564,5565,2474968521,48000,1,3.986,191330,97618144,37151,-1
05566.wav,5565,5566,2475077963,48000,1,3.408,163582,56988560,29240,-1
05567.wav,5566,5567,2475187405,48000,1,10.050,482385,15839392,81340,-1
05568.wav,5567,5568,2475207403,48000,1,7.140,342740,127261040,76128,-1
05569.wav,5568,5569,2476902227,48000,1,3.716,178357,168692592,36294,-1
05570.wav,5569,5570,2477784786,48000,1,3.517,168839,395999632,55258,-1
05571.wav,5570,5571,2478267337,48000,1,5.326,255661,457139296,70202,-1
05572.wav,5571,5572,2478567876,48000,1,4.661,223706,421168736,47660,-1
05573.wav,5572,5573,2478670772,48000,1,0.514,24670,248043552,9420,-1
05574.wav,5573,5574,2478732039,48000,1,3.107,149148,409052592,25469,-1
05575.wav,5574,5575,2479307204,48000,1,2.509,120422,325179216,25082,-1
05576.wav,5575,5576,2479347409,48000,1,3.143,150885,156532784,38352,-1
05577.wav,5576,5577,2479416646,48000,1,3.297,158264,314905488,35206,-1
05578.wav,5577,5578,2480286435,48000,1,6.223,298722,266907280,67215,-1
05579.wav,5578,5579,2480361154,48000,1,4.554,218581,303028768,35448,-1
05580.wav,5579,5580,2480805858,48000,1,3.550,170394,11974400,36718,-1
05581.wav,5580,5581,2481743430,48000,1,4.259,204441,216857328,37844,-1
05582.wav,5581,5582,2481994832,48000,1,3.757,180344,534073312,39756,-1
05583.wav,5582,5583,2482373316,48000,1,5.352,256895,22233664,57262,-1
05584.wav,5583,5584,2482788881,48000,1,4.198,201504,494495200,32477,-1
05585.wav,5584,5585,2483377108,48000,1,7.717,370398,511749680,113739,-1
05586.wav,5585,5586,2484835124,48000,1,5.340,256342,524256416,58123,-1
05587.wav,5586,5587,2485679068,48000,1,4.279,205370,403593616,52303,-1
05588.wav,5587,5588,2486867284,48000,1,3.415,163907,477405504,38797,-1
05589.wav,5588,5589,2488476138,48000,1,2.039,97856,552983344,19478,-1
05590.wav,5589,5590,2488751617,48000,1,4.951,237654,311808304,67243,-1
05591.wav,5590,5591,2489808108,48000,1,3.125,149987,112126336,29842,-1
05592.wav,5591,5592,2489862829,48000,1,4.930,236657,91773664,52734,-1
05593.wav,5592,5593,2489926022,48000,1,2.355,113058,169948240,17215,-1
05594.wav,5593,5594,2489972271,48000,1,9.271,445008,52224096,106118,-1
05595.wav,5594,5595,2490026992,48000,1,6.754,324209,33425280,66334,-1
05596.wav,5595,5596,2490615219,48000,1,2.415,115938,189935680,22000,-1
05597.wav,5596,5597,2491096525,48000,1,4.994,239701,535871264,54299,-1
05598.wav,5597,5598,2491192905,48000,1,5.618,269656,484434512,70218,-1
05599.wav,5598,5599,2491203446,48000,1,3.881,186300,235108000,52611,-1
05600.wav,5599,5600,2491669169,48000,1,5.719,274498,131284304,65062,-1
05601.wav,5600,5601,2491723890,48000,1,7.491,359590,107237184,92034,-1
05602.wav,5601,5602,2491849648,48000,1,5.968,286485,174903072,66175,-1
05603.wav,5602,5603,2491962772,48000,1,4.237,203374,142535840,54679,-1
05604.wav,5603,5604,2492017493,48000,1,3.093,148467,115852608,35224,-1
05605.wav,5604,5605,2492493082,48000,1,1.487,71369,401418928,21784,-1
05606.wav,5605,5606,2495139084,48000,1,8.380,402258,413241520,97511,-1
05607.wav,5606,5607,2496596079,48000,1,4.008,192400,390943536,44632,-1
05608.wav,5607,5608,2496599621,48000,1,3.696,177407,559396192,44974,-1
05609.wav,5608,5609,2496637738,48000,1,5.224,250745,215211520,67432,-1
05610.wav,5609,5610,2496821899,48000,1,6.142,294812,230920016,87959,-1
05611.wav,5610,5611,2496945424,48000,1,8.555,410620,418881664,84865,-1
05612.wav,5611,5612,2497041804,48000,1,2.198,105489,272147888,15570,-1
05613.wav,5612,5613,2497054866,48000,1,10.518,504854,411577968,105932,-1
05614.wav,5613,5614,2497158182,48000,1,8.602,412885,57586800,100740,-1
05615.wav,5614,5615,2497171244,48000,1,6.598,316709,296985632,79883,-1
05616.wav,5615,5616,2497212903,48000,1,5.541,265976,37588368,62437,-1
05617.wav,5616,5617,2497335407,48000,1,3.865,185518,276822752,42550,-1
05618.wav,5617,5618,2497506506,48000,1,2.425,116398,45722912,21672,-1
05619.wav,5618,5619,2497602247,48000,1,2.686,128938,248137616,34376,-1
05620.wav,5619,5620,2498498799,48000,1,7.091,340391,220928640,71053,-1
05621.wav,5620,5621,2498855080,48000,1,6.470,310559,137841776,69455,-1
05622.wav,5621,5622,2498964522,48000,1,6.620,317745,92895824,75437,-1
05623.wav,5622,5623,2499019243,48000,1,3.071,147426,70736800,30839,-1
05624.wav,5623,5624,2499183406,48000,1,5.341,256347,10634016,55798,-1
05625.wav,5624,5625,2500770862,48000,1,6.863,329444,133335056,70215,-1
05626.wav,5625,5626,2500833868,48000,1,1.831,87868,526571232,17167,-1
05627.wav,5626,5627,2503488387,48000,1,9.408,451573,383280736,113600,-1
05628.wav,5627,5628,2503748332,48000,1,1.659,79642,306947232,11984,-1
05629.wav,5628,5629,2503863687,48000,1,5.593,268445,172901056,71275,-1
05630.wav,5629,5630,2503891432,48000,1,10.793,518084,378886256,131021,-1
05631.wav,5630,5631,2504029713,48000,1,3.276,157227,568189712,36597,-1
05632.wav,5631,5632,2504171973,48000,1,8.883,426399,213328496,114681,-1
05633.wav,5632,5633,2504411876,48000,1,4.238,203415,291096448,45547,-1
05634.wav,5633,5634,2504630760,48000,1,6.275,301209,249918720,88316,-1
05635.wav,5634,5635,2506034055,48000,1,7.729,370971,287783440,77039,-1
05636.wav,5635,5636,2506205154,48000,1,3.087,148188,76300992,32562,-1
05637.wav,5636,5637,2506272937,48000,1,2.760,132456,298124400,35163,-1
05638.wav,5637,5638,2506369317,48000,1,1.843,88450,17784112,15346,-1
05639.wav,5638,5639,2507335308,48000,1,5.538,265821,164545824,61847,-1
05640.wav,5639,5640,2507948274,48000,1,6.916,331958,489872320,94997,-1
05641.wav,5640,5641,2508442705,48000,1,7.888,378618,398320048,79910,-1
05642.wav,5641,5642,2508831125,48000,1,6.742,323626,518790608,112346,-1
05643.wav,5642,5643,2508885846,48000,1,7.407,355527,514996720,100697,-1
05644.wav,5643,5644,2508947503,48000,1,6.360,305290,478587040,79945,-1
05645.wav,5644,5645,2510783740,48000,1,5.452,261711,377573248,74617,-1
05646.wav,5645,5646,2510877124,48000,1,1.319,63298,313797504,25094,-1
05647.wav,5646,5647,2512111295,48000,1,6.536,313706,323330672,78027,-1
05648.wav,5647,5648,2513283665,48000,1,9.512,456575,235987792,104023,-1
05649.wav,5648,5649,2513858830,48000,1,6.508,312408,84973856,79692,-1
05650.wav,5649,5650,2513968272,48000,1,2.214,106282,48896400,20140,-1
05651.wav,5650,5651,2514504299,48000,1,8.861,425335,513559488,126409,-1
05652.wav,5651,5652,2514656178,48000,1,4.567,219236,555351408,50458,-1
05653.wav,5652,5653,2515719891,48000,1,6.800,326400,104027248,70718,-1
05654.wav,5653,5654,2515829333,48000,1,2.759,132441,62473136,29007,-1
05655.wav,5654,5655,2517023209,48000,1,1.432,68724,347810016,9144,-1
05656.wav,5655,5656,2517159409,48000,1,4.778,229340,483218560,59890,-1
05657.wav,5656,5657,2517526231,48000,1,2.251,108027,146483952,24240,-1
05658.wav,5657,5658,2517638194,48000,1,4.033,193565,498571024,36488,-1
05659.wav,5658,5659,2517909195,48000,1,1.887,90571,210362080,28768,-1
05660.wav,5659,5660,2518450478,48000,1,3.348,160700,445361184,23047,-1
05661.wav,5660,5661,2519135085,48000,1,6.154,295409,411683936,61078,-1
05662.wav,5661,5662,2520353198,48000,1,8.520,408938,380057552,136499,-1
05663.wav,5662,5663,2520407919,48000,1,7.653,367341,374141424,82093,-1
05664.wav,5663,5664,2520915301,48000,1,6.938,333007,25217952,82246,-1
05665.wav,5664,5665,2521092526,48000,1,5.319,255323,254351920,53058,-1
05666.wav,5665,5666,2521516590,48000,1,5.668,272048,338603904,66696,-1
05667.wav,5666,5667,2522148997,48000,1,5.903,283328,529514112,67909,-1
05668.wav,5667,5668,2522272522,48000,1,6.009,288428,559321664,74495,-1
05669.wav,5668,5669,2522851081,48000,1,1.505,72222,134010640,11494,-1
05670.wav,5669,5670,2523124686,48000,1,6.343,304466,30815200,56411,-1
05671.wav,5670,5671,2523199405,48000,1,9.344,448497,116994272,100672,-1
05672.wav,5671,5672,2523254126,48000,1,3.116,149588,98348256,25890,-1
05673.wav,5672,5673,2523592303,48000,1,6.026,289237,425969808,65010,-1
05674.wav,5673,5674,2523658192,48000,1,8.066,387153,194522496,99356,-1
05675.wav,5674,5675,2524267760,48000,1,2.332,111946,557858976,26761,-1
05676.wav,5675,5676,2524582702,48000,1,5.462,262185,74986384,50499,-1
05677.wav,5676,5677,2524712142,48000,1,6.057,290718,152338320,69305,-1
05678.wav,5677,5678,2524766863,48000,1,4.181,200671,127421024,44425,-1
05679.wav,5678,5679,2527552171,48000,1,3.193,153256,447085680,30103,-1
05680.wav,5679,5680,2527777991,48000,1,9.203,441724,393917568,110406,-1
05681.wav,5680,5681,2528072615,48000,1,2.577,123683,422239552,26511,-1
05682.wav,5681,5682,2528223716,48000,1,3.100,148811,272842064,24174,-1
05683.wav,5682,5683,2528531402,48000,1,6.854,329014,433543696,101617,-1
05684.wav,5683,5684,2528811943,48000,1,5.997,287856,330376864,61601,-1
05685.wav,5684,5685,2528906869,48000,1,3.625,174006,157912992,33505,-1
05686.wav,5685,5686,2529092484,48000,1,7.920,380141,183286384,71329,-1
05687.wav,5686,5687,2529216009,48000,1,6.851,328850,371962000,73800,-1
05688.wav,5687,5688,2529865893,48000,1,3.027,145318,306132784,32088,-1
05689.wav,5688,5689,2529920614,48000,1,7.099,340758,303171728,79678,-1
05690.wav,5689,5690,2530383789,48000,1,6.579,315771,160240240,67637,-1
05691.wav,5690,5691,2530618283,48000,1,4.423,212295,339488144,37088,-1
05692.wav,5691,5692,2530789382,48000,1,8.830,423818,202536032,83873,-1
05693.wav,5692,5693,2530845519,48000,1,1.811,86937,435972736,14483,-1
05694.wav,5693,5694,2531008266,48000,1,5.995,287768,180195712,69510,-1
05695.wav,5694,5695,2531878055,48000,1,7.457,357916,41207488,83465,-1
05696.wav,5695,5696,2535010287,48000,1,7.186,344908,311098928,82853,-1
05697.wav,5696,5697,2537215967,48000,1,4.000,192003,288807536,46788,-1
05698.wav,5697,5698,2538219759,48000,1,3.432,164758,554493136,40338,-1
05699.wav,5698,5699,2539606450,48000,1,6.338,304215,146754080,84326,-1
05700.wav,5699,5700,2539770613,48000,1,6.300,302399,79613856,77429,-1
05701.wav,5700,5701,2539888639,48000,1,6.761,324515,565725552,102687,-1
05702.wav,5701,5702,2540013037,48000,1,8.113,389433,520554880,128179,-1
05703.wav,5702,5703,2540119958,48000,1,7.271,348994,195543648,88387,-1
05704.wav,5703,5704,2540655985,48000,1,8.230,395062,536206208,103067,-1
05705.wav,5704,5705,2541045968,48000,1,5.675,272387,487604016,74078,-1
05706.wav,5705,5706,2541228629,48000,1,1.979,95008,131911664,18161,-1
05707.wav,5706,5707,2541522232,48000,1,5.952,285692,142639488,71070,-1
05708.wav,5707,5708,2541576953,48000,1,5.120,245781,115917328,56086,-1
05709.wav,5708,5709,2541791216,48000,1,2.185,104871,558167840,22902,-1
05710.wav,5709,5710,2542045197,48000,1,8.126,390068,472247600,105652,-1
05711.wav,5710,5711,2544120396,48000,1,1.887,90600,452139056,15352,-1
05712.wav,5711,5712,2544814922,48000,1,3.029,145384,301950544,32764,-1
05713.wav,5712,5713,2546155539,48000,1,8.907,427541,391116848,113063,-1
05714.wav,5713,5714,2546381359,48000,1,6.540,313917,231122208,98469,-1
05715.wav,5714,5715,2546717642,48000,1,7.150,343201,57830976,79458,-1
05716.wav,5715,5716,2546847082,48000,1,4.466,214382,128040432,54409,-1
05717.wav,5716,5717,2546901803,48000,1,6.558,314782,105267104,69077,-1
05718.wav,5717,5718,2547065966,48000,1,2.741,131562,45968384,28859,-1
05719.wav,5718,5719,2547123208,48000,1,1.865,89540,493782048,14943,-1
05720.wav,5719,5720,2547140685,48000,1,3.444,165309,139659056,34164,-1
05721.wav,5720,5721,2547305869,48000,1,6.588,316229,198080256,87864,-1
05722.wav,5721,5722,2547430894,48000,1,2.288,109844,553437360,23479,-1
05723.wav,5722,5723,2547527274,48000,1,8.344,400525,505441360,119323,-1
05724.wav,5723,5724,2548176285,48000,1,4.692,225206,566112080,51333,-1
05725.wav,5724,5725,2548414540,48000,1,1.619,77714,138090080,11765,-1
05726.wav,5725,5726,2548762864,48000,1,8.035,385670,121925008,96327,-1
05727.wav,5726,5727,2548817585,48000,1,4.755,228263,101035200,59698,-1
05728.wav,5727,5728,2550159885,48000,1,5.595,268545,352106976,65007,-1
05729.wav,5728,5729,2551603914,48000,1,7.885,378479,460578432,103822,-1
05730.wav,5729,5730,2552219717,48000,1,3.220,154547,270528576,22565,-1
05731.wav,5730,5731,2552274438,48000,1,10.754,516202,256934144,116130,-1
05732.wav,5731,5732,2552753223,48000,1,6.157,295524,335008720,72248,-1
05733.wav,5732,5733,2552807944,48000,1,6.338,304211,329169520,69463,-1
05734.wav,5733,5734,2553731433,48000,1,8.430,404636,213580592,72548,-1
05735.wav,5734,5735,2553841896,48000,1,3.990,191526,264201424,42593,-1
05736.wav,5735,5736,2553958274,48000,1,7.343,352479,41900864,74199,-1
05737.wav,5736,5737,2554190220,48000,1,4.727,226914,250172496,50488,-1
05738.wav,5737,5738,2554713185,48000,1,6.355,305021,506096176,70769,-1
05739.wav,5738,5739,2555298891,48000,1,2.454,117768,215645152,18027,-1
05740.wav,5739,5740,2555764614,48000,1,5.310,254887,76479456,64768,-1
05741.wav,5740,5741,2555928777,48000,1,6.031,289501,17914768,70498,-1
05742.wav,5741,5742,2556407562,48000,1,3.446,165418,198938512,42601,-1
05743.wav,5742,5743,2556894768,48000,1,2.107,101116,168092304,13442,-1
05744.wav,5743,5744,2557480976,48000,1,2.120,101752,346980528,21803,-1
05745.wav,5744,5745,2557570954,48000,1,3.455,165854,113699456,38582,-1
05746.wav,5745,5746,2558041240,48000,1,2.635,126475,499477904,25859,-1
05747.wav,5746,5747,2558071137,48000,1,5.210,250067,428149424,74615,-1
05748.wav,5747,5748,2558442310,48000,1,6.137,294593,172366176,74215,-1
05749.wav,5748,5749,2558506963,48000,1,6.261,300515,478932352,82202,-1
05750.wav,5749,5750,2558663313,48000,1,2.171,104205,247704768,37665,-1
05751.wav,5750,5751,2558885184,48000,1,7.451,357632,361073872,92566,-1
05752.wav,5751,5752,2559339950,48000,1,2.813,135047,156026080,31552,-1
05753.wav,5752,5753,2560103297,48000,1,4.099,196766,321463760,43658,-1
05754.wav,5753,5754,2560800966,48000,1,4.068,195270,357175744,39599,-1
05755.wav,5754,5755,2560816870,48000,1,1.747,83846,157285632,16456,-1
05756.wav,5755,5756,2561376131,48000,1,6.616,317568,258562336,78596,-1
05757.wav,5756,5757,2561577869,48000,1,5.627,270086,209366416,65716,-1
05758.wav,5757,5758,2561670755,48000,1,4.583,219990,323408736,48435,-1
05759.wav,5758,5759,2563657172,48000,1,7.641,366748,116252960,89439,-1
05760.wav,5759,5760,2564063759,48000,1,3.822,183434,513824384,42276,-1
05761.wav,5760,5761,2565169909,48000,1,4.260,204485,151370128,41213,-1
05762.wav,5761,5762,2565790554,48000,1,8.316,399191,440056976,115856,-1
05763.wav,5762,5763,2566261103,48000,1,3.154,151389,491645424,37617,-1
05764.wav,5763,5764,2569495530,48000,1,4.823,231489,187313456,61244,-1
05765.wav,5764,5765,2569918563,48000,1,1.900,91177,169681760,17123,-1
05766.wav,5765,5766,2570210188,48000,1,1.582,75938,248313040,23022,-1
05767.wav,5766,5767,2570604201,48000,1,5.340,256311,94011376,54470,-1
05768.wav,5767,5768,2570658922,48000,1,7.149,343172,71462144,87977,-1
05769.wav,5768,5769,2570768364,48000,1,4.296,206194,34187232,39590,-1
05770.wav,5769,5770,2570897804,48000,1,3.177,152507,101632032,28902,-1
05771.wav,5770,5771,2570952525,48000,1,4.783,229577,80641920,57281,-1
05772.wav,5771,5772,2571008267,48000,1,4.913,235817,193316784,46507,-1
05773.wav,5772,5773,2571023850,48000,1,2.005,96226,554272544,20108,-1
05774.wav,5773,5774,2571062988,48000,1,5.438,261002,188813280,55631,-1
05775.wav,5774,5775,2571359112,48000,1,8.382,402354,509698064,116219,-1
05776.wav,5775,5776,2571466033,48000,1,3.811,182916,179947856,39074,-1
05777.wav,5776,5777,2571708457,48000,1,8.534,409636,529943536,101716,-1
05778.wav,5777,5778,2571938190,48000,1,2.627,126114,313155152,39851,-1
05779.wav,5778,5779,2572227880,48000,1,5.865,281541,488911648,75434,-1
05780.wav,5779,5780,2572335822,48000,1,7.720,370546,40182224,87795,-1
05781.wav,5780,5781,2572519983,48000,1,5.760,276467,87741984,62506,-1
05782.wav,5781,5782,2572574704,48000,1,4.458,214000,66615456,45697,-1
05783.wav,5782,5783,2572758865,48000,1,7.710,370075,117228352,80633,-1
05784.wav,5783,5784,2573591908,48000,1,6.090,292329,207486272,66428,-1
05785.wav,5784,5785,2574271602,48000,1,2.368,113682,152497184,23173,-1
05786.wav,5785,5786,2576284522,48000,1,5.713,274208,432647216,72917,-1
05787.wav,5786,5787,2576803945,48000,1,2.225,106796,328790832,21661,-1
05788.wav,5787,5788,2576914408,48000,1,11.205,537847,368760096,130339,-1
05789.wav,5788,5789,2577085507,48000,1,6.971,334618,212700272,69344,-1
05790.wav,5789,5790,2577337451,48000,1,7.433,356806,394309184,120061,-1
05791.wav,5790,5791,2577865242,48000,1,4.432,212734,559696048,58472,-1
05792.wav,5791,5792,2577912616,48000,1,8.384,402421,298907296,88734,-1
05793.wav,5792,5793,2578170926,48000,1,6.849,328762,425493024,67283,-1
05794.wav,5793,5794,2578247878,48000,1,2.770,132976,47577664,25196,-1
05795.wav,5794,5795,2578651944,48000,1,3.493,167661,183612944,38593,-1
05796.wav,5795,5796,2578836105,48000,1,2.805,134656,193720064,25184,-1
05797.wav,5796,5797,2579185450,48000,1,5.194,249335,227014032,71552,-1
05798.wav,5797,5798,2579705894,48000,1,6.536,313745,95641680,69044,-1
05799.wav,5798,5799,2579870057,48000,1,6.646,318985,35280880,74931,-1
05800.wav,5799,5800,2579924778,48000,1,3.566,171167,12278784,43266,-1
05801.wav,5800,5801,2579943249,48000,1,8.204,393795,165001376,88744,-1
05802.wav,5801,5802,2580219402,48000,1,3.419,164095,185713648,39102,-1
05803.wav,5802,5803,2580348842,48000,1,5.612,269384,202797088,68910,-1
05804.wav,5803,5804,2581566955,48000,1,4.193,201246,109395632,47285,-1
05805.wav,5804,5805,2582502964,48000,1,8.189,393091,470745520,108463,-1
05806.wav,5805,5806,2582785826,48000,1,9.401,451229,462581856,129645,-1
05807.wav,5806,5807,2582844805,48000,1,1.394,66896,402782224,20072,-1
05808.wav,5807,5808,2583485065,48000,1,1.448,69523,313945936,24077,-1
05809.wav,5808,5809,2584229759,48000,1,6.149,295176,386194352,97212,-1
05810.wav,5809,5810,2584491536,48000,1,3.445,165367,566363296,36521,-1
05811.wav,5810,5811,2585023808,48000,1,6.249,299932,265169040,80427,-1
05812.wav,5811,5812,2585036870,48000,1,5.739,275466,409520768,64159,-1
05813.wav,5812,5813,2585317411,48000,1,5.280,253445,268951216,57355,-1
05814.wav,5813,5814,2586016101,48000,1,3.919,188121,369006496,35125,-1
05815.wav,5814,5815,2586775427,48000,1,7.077,339706,288854368,82988,-1
05816.wav,5815,5816,2589220631,48000,1,6.979,334975,121007728,81658,-1
05817.wav,5816,5817,2589275352,48000,1,3.714,178285,100523520,36638,-1
05818.wav,5817,5818,2590215445,48000,1,7.688,369000,536578032,93371,-1
05819.wav,5818,5819,2590517136,48000,1,2.259,108414,210527920,44652,-1
05820.wav,5819,5820,2591589701,48000,1,5.908,283566,562696000,57736,-1
05821.wav,5820,5821,2591604657,48000,1,2.192,105227,472663264,22105,-1
05822.wav,5821,5822,2594101286,48000,1,2.631,126276,542610832,26467,-1
05823.wav,5822,5823,2594648719,48000,1,3.292,158030,554860288,34749,-1
05824.wav,5823,5824,2594890411,48000,1,2.364,113476,549607904,22728,-1
05825.wav,5824,5825,2596170181,48000,1,9.601,460853,497795152,83535,-1
05826.wav,5825,5826,2596173734,48000,1,0.973,46683,178626512,20090,-1
05827.wav,5826,5827,2596222381,48000,1,8.595,412563,75584704,98880,-1
05828.wav,5827,5828,2596277102,48000,1,5.911,283742,58106688,61709,-1
05829.wav,5828,5829,2596331823,48000,1,7.148,343092,37762960,75863,-1
05830.wav,5829,5830,2596406542,48000,1,4.260,204468,128303232,48991,-1
05831.wav,5830,5831,2596515984,48000,1,5.293,254055,83202144,60670,-1
05832.wav,5831,5832,2596625426,48000,1,2.912,139780,46400896,24660,-1
05833.wav,5832,5833,2596680147,48000,1,5.145,246944,26175600,61882,-1
05834.wav,5833,5834,2597015750,48000,1,1.402,67303,347551264,9485,-1
05835.wav,5834,5835,2597974000,48000,1,7.845,376561,138138240,96906,-1
05836.wav,5835,5836,2599191850,48000,1,4.536,217725,448359920,34355,-1
05837.wav,5836,5837,2601094570,48000,1,6.014,288673,381130896,88639,-1
05838.wav,5837,5838,2601258733,48000,1,3.186,152914,355619488,34889,-1
05839.wav,5838,5839,2601833898,48000,1,10.852,520911,257442224,120154,-1
05840.wav,5839,5840,2601908617,48000,1,5.433,260787,292960112,67628,-1
05841.wav,5840,5841,2602021601,48000,1,2.260,108480,550990400,22898,-1
05842.wav,5841,5842,2602312683,48000,1,7.050,338419,335209648,65259,-1
05843.wav,5842,5843,2602367404,48000,1,5.306,254686,329747888,53900,-1
05844.wav,5843,5844,2603010352,48000,1,5.998,287923,379671408,74547,-1
05845.wav,5844,5845,2603453460,48000,1,1.764,84680,436055312,24542,-1
05846.wav,5845,5846,2603572455,48000,1,6.082,291950,23184896,67025,-1
05847.wav,5846,5847,2603647174,48000,1,6.558,314804,110671408,70067,-1
05848.wav,5847,5848,2603701895,48000,1,5.142,246839,89834272,64143,-1
05849.wav,5848,5849,2604215403,48000,1,8.677,416479,184763040,106197,-1
05850.wav,5849,5850,2604738508,48000,1,5.998,287917,351609472,76477,-1
05851.wav,5850,5851,2605508235,48000,1,5.893,282858,129597824,61124,-1
05852.wav,5851,5852,2608293543,48000,1,6.484,311241,450257840,86859,-1
05853.wav,5852,5853,2608899410,48000,1,1.296,62193,157558960,10433,-1
05854.wav,5853,5854,2609717478,48000,1,3.747,179848,315897584,40859,-1
05855.wav,5854,5855,2610360426,48000,1,4.387,210598,357556944,53346,-1
05856.wav,5855,5856,2610376330,48000,1,4.769,228923,159446352,47408,-1
05857.wav,5856,5857,2612295664,48000,1,8.687,416956,538033056,93554,-1
05858.wav,5857,5858,2613216632,48000,1,5.683,272763,116495104,71332,-1
05859.wav,5858,5859,2613821425,48000,1,2.275,109206,204029120,24840,-1
05860.wav,5859,5860,2615471218,48000,1,7.288,349846,468767280,104285,-1
05861.wav,5860,5861,2616563559,48000,1,3.736,179318,481507392,40034,-1
05862.wav,5861,5862,2616728337,48000,1,3.035,145684,452229776,32518,-1
05863.wav,5862,5863,2618370383,48000,1,7.652,367292,297967344,94716,-1
05864.wav,5863,5864,2618705645,48000,1,3.006,144312,46772384,23422,-1
05865.wav,5864,5865,2619888106,48000,1,6.404,307396,400961680,78041,-1
05866.wav,5865,5866,2620163661,48000,1,2.688,129036,94135328,22499,-1
05867.wav,5866,5867,2620273103,48000,1,5.259,252440,53800896,44368,-1
05868.wav,5867,5868,2620340213,48000,1,4.761,228524,558935232,58911,-1
05869.wav,5868,5869,2620402543,48000,1,5.467,262421,123126848,68763,-1
05870.wav,5869,5870,2620459785,48000,1,5.041,241961,499357200,48529,-1
05871.wav,5870,5871,2620511985,48000,1,7.170,344166,80743552,86416,-1
05872.wav,5871,5872,2621843082,48000,1,8.753,420157,495655360,78750,-1
05873.wav,5872,5873,2622024722,48000,1,2.699,129572,108559184,26773,-1
05874.wav,5873,5874,2624112937,48000,1,1.543,74044,451865584,12097,-1
05875.wav,5874,5875,2624687526,48000,1,2.725,130780,385394320,18149,-1
05876.wav,5875,5876,2624833544,48000,1,2.346,112601,420608,37290,-1
05877.wav,5876,5877,2625611015,48000,1,4.173,200311,291170352,51668,-1
05878.wav,5877,5878,2625829899,48000,1,3.241,155547,251082624,37053,-1
05879.wav,5878,5879,2626015081,48000,1,5.013,240638,330462784,49231,-1
05880.wav,5879,5880,2626896911,48000,1,6.618,317672,394778448,89112,-1
05881.wav,5880,5881,2627191535,48000,1,11.780,565419,422311808,123558,-1
05882.wav,5881,5882,2627459014,48000,1,4.017,192794,59363104,48109,-1
05883.wav,5882,5883,2627807338,48000,1,7.857,377141,47772624,97805,-1
05884.wav,5883,5884,2627821421,48000,1,3.146,150997,344576000,35360,-1
05885.wav,5884,5885,2627862059,48000,1,5.481,263100,28158976,65511,-1
05886.wav,5885,5886,2627916780,48000,1,2.741,131571,2654224,29093,-1
05887.wav,5886,5887,2628170531,48000,1,5.744,275714,206931456,68921,-1
05888.wav,5887,5888,2628211404,48000,1,2.694,129300,183740240,20416,-1
05889.wav,5888,5889,2629429517,48000,1,5.217,250416,35541120,48989,-1
05890.wav,5889,5890,2629449515,48000,1,2.215,106327,149867440,21782,-1
05891.wav,5890,5891,2629502709,48000,1,3.213,154216,168368416,35437,-1
05892.wav,5891,5892,2629504236,48000,1,8.545,410173,124286384,90612,-1
05893.wav,5892,5893,2631271254,48000,1,1.475,70792,247816560,22062,-1
05894.wav,5893,5894,2631947891,48000,1,2.926,140460,156213696,35393,-1
05895.wav,5894,5895,2633365155,48000,1,4.472,214662,317858144,40481,-1
05896.wav,5895,5896,2633424811,48000,1,2.312,110983,157387296,24800,-1
05897.wav,5896,5897,2633439874,48000,1,1.953,93757,341748256,17702,-1
05898.wav,5897,5898,2633789219,48000,1,1.920,92182,386492192,22579,-1
05899.wav,5898,5899,2633953382,48000,1,4.117,197593,371273472,54897,-1
05900.wav,5899,5900,2635064574,48000,1,1.606,77075,553423328,13995,-1
05901.wav,5900,5901,2635410377,48000,1,10.042,482003,333481984,103248,-1
05902.wav,5901,5902,2636560707,48000,1,8.171,392221,60164480,98681,-1
05903.wav,5902,5903,2636670149,48000,1,2.308,110784,19733200,21977,-1
05904.wav,5903,5904,2636745428,48000,1,121.396,5827005,348093264,1664999,-1
05905.wav,5904,5905,2638780091,48000,1,6.557,314729,121203712,73044,-1
05906.wav,5905,5906,2639131957,48000,1,2.711,130145,521089456,24350,-1
05907.wav,5906,5907,2639332491,48000,1,3.950,189594,155565664,44271,-1
05908.wav,5907,5908,2641139293,48000,1,7.197,345452,372449648,107393,-1
05909.wav,5908,5909,2641164117,48000,1,4.720,226566,473028496,53097,-1
05910.wav,5909,5910,2641836962,48000,1,7.521,361026,406820496,74567,-1
05911.wav,5910,5911,2642183826,48000,1,2.431,116685,542878560,24664,-1
05912.wav,5911,5912,2642526504,48000,1,1.655,79438,169760656,13681,-1
05913.wav,5912,5913,2642882413,48000,1,4.830,231862,548900976,30316,-1
05914.wav,5913,5914,2643320129,48000,1,2.703,129747,245429184,27740,-1
05915.wav,5914,5915,2644050220,48000,1,1.864,89467,135107120,16556,-1
05916.wav,5915,5916,2644159662,48000,1,4.583,219978,88865648,51516,-1
05917.wav,5916,5917,2644378546,48000,1,9.055,434636,7093424,108229,-1
05918.wav,5917,5918,2644398544,48000,1,2.023,97114,117901072,17447,-1
05919.wav,5918,5919,2644453265,48000,1,8.691,417151,98755072,102959,-1
05920.wav,5919,5920,2644546131,48000,1,1.237,59376,313280720,21221,-1
05921.wav,5920,5921,2645436843,48000,1,1.504,72189,1288176,25202,-1
05922.wav,5921,5922,2645500279,48000,1,7.144,342889,231588864,104365,-1
05923.wav,5922,5923,2645727120,48000,1,2.322,111433,98102432,21558,-1
05924.wav,5923,5924,2646075444,48000,1,6.559,314815,83351488,76410,-1
05925.wav,5924,5925,2646259605,48000,1,6.307,302755,140022752,72608,-1
05926.wav,5925,5926,2647405520,48000,1,4.674,224375,484308976,63288,-1
05927.wav,5926,5927,2648902411,48000,1,6.596,316623,360477776,101237,-1
05928.wav,5927,5928,2648964815,48000,1,51.045,2450183,492739184,843690,-1
05929.wav,5928,5929,2649368134,48000,1,8.479,407007,280816544,81993,-1
05930.wav,5929,5930,2649422855,48000,1,6.833,327971,273746176,85755,-1
05931.wav,5930,5931,2650291623,48000,1,7.542,362005,183833792,72535,-1
05932.wav,5931,5932,2650307206,48000,1,2.746,131830,551775504,29359,-1
05933.wav,5932,5933,2650654030,48000,1,9.133,438403,381627328,121803,-1
05934.wav,5933,5934,2651044745,48000,1,4.099,196762,422811920,30350,-1
05935.wav,5934,5935,2651338637,48000,1,7.137,342578,271111840,95843,-1
05936.wav,5935,5936,2651455015,48000,1,5.072,243452,55123920,55155,-1
05937.wav,5936,5937,2651468077,48000,1,9.008,432384,293230048,96938,-1
05938.wav,5937,5938,2651633261,48000,1,5.835,280099,327942816,60856,-1
05939.wav,5938,5939,2651635782,48000,1,3.012,144571,549975280,31024,-1
05940.wav,5939,5940,2651803339,48000,1,4.919,236096,42987728,53264,-1
05941.wav,5940,5941,2651804360,48000,1,4.360,209265,188937840,46818,-1
05942.wav,5941,5942,2651874664,48000,1,1.815,87134,552705152,16195,-1
05943.wav,5942,5943,2651913802,48000,1,3.483,167186,178701280,39067,-1
05944.wav,5943,5944,2651926864,48000,1,6.638,318632,329839632,59668,-1
05945.wav,5944,5945,2651930731,48000,1,1.439,69070,312851840,13429,-1
05946.wav,5945,5946,2653035535,48000,1,6.156,295479,302640688,63606,-1
05947.wav,5946,5947,2653077194,48000,1,1.554,74573,42139696,11874,-1
05948.wav,5947,5948,2653131915,48000,1,1.291,61966,23323536,8796,-1
05949.wav,5948,5949,2653151913,48000,1,5.412,259791,136429904,62511,-1
05950.wav,5949,5950,2653206634,48000,1,4.988,239430,110914800,63068,-1
05951.wav,5950,5951,2653261355,48000,1,2.486,119347,90061104,24129,-1
05952.wav,5951,5952,2653434350,48000,1,1.747,83842,526421088,13693,-1
05953.wav,5952,5953,2653480239,48000,1,3.890,186718,8362768,42269,-1
05954.wav,5953,5954,2653500237,48000,1,4.179,200583,118654192,46194,-1
05955.wav,5954,5955,2655012974,48000,1,3.617,173616,154594320,42467,-1
05956.wav,5955,5956,2656437667,48000,1,12.464,598254,403766592,120932,-1
05957.wav,5956,5957,2656731270,48000,1,6.056,290697,405703264,60458,-1
05958.wav,5957,5958,2656941891,48000,1,5.469,262509,175715792,59957,-1
05959.wav,5958,5959,2657011811,48000,1,2.851,136835,253468096,33138,-1
05960.wav,5959,5960,2657099477,48000,1,2.995,143753,566539712,36460,-1
05961.wav,5960,5961,2657190057,48000,1,2.831,135875,428760656,26020,-1
05962.wav,5961,5962,2657388501,48000,1,2.354,112971,559968752,22011,-1
05963.wav,5962,5963,2657668842,48000,1,8.090,388303,440620576,114897,-1
05964.wav,5963,5964,2657853003,48000,1,3.204,153792,450642560,43632,-1
05965.wav,5964,5965,2658373447,48000,1,9.973,478686,422572048,106171,-1
05966.wav,5965,5966,2658469827,48000,1,7.164,343863,280993280,77287,-1
05967.wav,5966,5967,2658579269,48000,1,6.001,288053,261180736,79478,-1
05968.wav,5967,5968,2658653988,48000,1,6.641,318781,300992736,77325,-1
05969.wav,5968,5969,2658750368,48000,1,4.648,223086,20472544,49297,-1
05970.wav,5969,5970,2659167496,48000,1,7.912,379771,325648336,87190,-1
05971.wav,5970,5971,2659229153,48000,1,7.285,349664,201618704,67231,-1
05972.wav,5971,5972,2659283874,48000,1,4.417,211996,192220832,53828,-1
05973.wav,5972,5973,2659406378,48000,1,6.634,318421,332223728,77637,-1
05974.wav,5973,5974,2659935790,48000,1,5.995,287746,163880416,76398,-1
05975.wav,5974,5975,2660447266,48000,1,2.418,116068,97009024,18964,-1
05976.wav,5975,5976,2660556708,48000,1,4.144,198920,55755808,44346,-1
05977.wav,5976,5977,2660666150,48000,1,4.333,207979,14691120,38606,-1
05978.wav,5977,5978,2661412710,48000,1,2.983,143203,167435424,35685,-1
05979.wav,5978,5979,2661855124,48000,1,10.957,525939,538460880,135590,-1
05980.wav,5979,5980,2663244336,48000,1,8.287,397773,474036048,107743,-1
05981.wav,5980,5981,2663477606,48000,1,4.932,236754,313545824,45927,-1
05982.wav,5981,5982,2663527198,48000,1,2.886,138536,465323856,30971,-1
05983.wav,5982,5983,2665205608,48000,1,0.961,46110,353095968,15495,-1
05984.wav,5983,5984,2665765180,48000,1,2.525,121210,266506016,24282,-1
05985.wav,5984,5985,2666353407,48000,1,7.809,374824,327286048,80469,-1
05986.wav,5985,5986,2666709227,48000,1,2.817,135211,542715504,26633,-1
05987.wav,5986,5987,2667256660,48000,1,2.189,105050,555043920,22455,-1
05988.wav,5987,5988,2667344137,48000,1,6.849,328773,529011184,84848,-1
05989.wav,5988,5989,2668155663,48000,1,8.428,404549,83575728,99051,-1
05990.wav,5989,5990,2668210384,48000,1,6.234,299210,64017008,67470,-1
05991.wav,5990,5991,2669623691,48000,1,2.506,120312,347616160,19322,-1
05992.wav,5991,5992,2669723121,48000,1,2.175,104423,94198272,19250,-1
05993.wav,5992,5993,2669777842,48000,1,5.725,274816,71949584,64320,-1
05994.wav,5993,5994,2669832563,48000,1,7.647,367067,53995488,84518,-1
05995.wav,5994,5995,2669887711,48000,1,7.016,336780,174559648,86025,-1
05996.wav,5995,5996,2670016724,48000,1,1.535,73675,101994624,9272,-1
05997.wav,5996,5997,2670313869,48000,1,7.140,342705,522696704,83854,-1
05998.wav,5997,5998,2670819492,48000,1,5.218,250443,176125280,65923,-1
05999.wav,5998,5999,2671935027,48000,1,2.905,139462,498288416,30561,-1
06000.wav,5999,6000,2672346029,48000,1,2.229,107013,476075584,19912,-1
06001.wav,6000,6001,2673322476,48000,1,4.524,217150,416549296,41536,-1
06002.wav,6001,6002,2673507018,48000,1,2.951,141672,241460480,37350,-1
06003.wav,6002,6003,2673825443,48000,1,1.979,95011,546755792,17837,-1
06004.wav,6003,6004,2674466729,48000,1,5.116,245558,400294784,65316,-1
06005.wav,6004,6005,2674821130,48000,1,4.197,201470,224027456,55615,-1
06006.wav,6005,6006,2675212134,48000,1,5.217,250396,23493568,62177,-1
06007.wav,6006,6007,2675389359,48000,1,7.799,374336,251397616,84748,-1
06008.wav,6007,6008,2675465099,48000,1,6.192,297208,346801504,68385,-1
06009.wav,6008,6009,2676682191,48000,1,4.081,195906,234203392,41103,-1
06010.wav,6009,6010,2676752483,48000,1,1.672,80278,354092656,24079,-1
06011.wav,6010,6011,2676868242,48000,1,2.811,134913,557567360,29383,-1
06012.wav,6011,6012,2676963753,48000,1,6.002,288085,77636080,73386,-1
06013.wav,6012,6013,2677018474,48000,1,6.292,302031,59630400,72047,-1
06014.wav,6013,6014,2677202635,48000,1,5.125,246006,106361008,58839,-1
06015.wav,6014,6015,2677366798,48000,1,5.384,258446,48096544,63706,-1
06016.wav,6015,6016,2677421519,48000,1,2.447,117456,28283984,26899,-1
06017.wav,6016,6017,2677606701,48000,1,4.313,207028,199978976,50004,-1
06018.wav,6017,6018,2679008975,48000,1,5.090,244317,150148496,52191,-1
06019.wav,6018,6019,2679118417,48000,1,3.803,182527,102778992,42260,-1
06020.wav,6019,6020,2679270276,48000,1,8.357,401125,430508288,133695,-1
06021.wav,6020,6021,2680617829,48000,1,4.363,209422,412583920,41759,-1
06022.wav,6021,6022,2681507351,48000,1,1.923,92297,157652208,18830,-1
06023.wav,6022,6023,2681849004,48000,1,8.725,418806,442302528,89341,-1
06024.wav,6023,6024,2681904746,48000,1,3.887,186579,463107232,52068,-1
06025.wav,6024,6025,2682424169,48000,1,4.463,214218,417715056,38039,-1
06026.wav,6025,6026,2682520549,48000,1,5.949,285536,271703568,68239,-1
06027.wav,6026,6027,2682984271,48000,1,5.358,257171,159632128,60470,-1
06028.wav,6027,6028,2683977544,48000,1,3.415,163918,220179280,44568,-1
06029.wav,6028,6029,2684436331,48000,1,2.254,108169,269164992,16491,-1
06030.wav,6029,6030,2684497988,48000,1,5.214,250262,69806800,59203,-1
06031.wav,6030,6031,2684697093,48000,1,5.885,282481,176595072,71298,-1
06032.wav,6031,6032,2687448480,48000,1,5.746,275790,456034432,76484,-1
06033.wav,6032,6033,2687523199,48000,1,3.328,159759,458854496,38654,-1
06034.wav,6033,6034,2688892413,48000,1,5.946,285420,355275856,62047,-1
06035.wav,6034,6035,2689535361,48000,1,2.681,128695,403114752,28039,-1
06036.wav,6035,6036,2689578799,48000,1,5.832,279942,244691920,85740,-1
06037.wav,6036,6037,2690123588,48000,1,3.299,158353,431226096,35099,-1
06038.wav,6037,6038,2691665135,48000,1,5.638,270636,242226528,79842,-1
06039.wav,6038,6039,2692222989,48000,1,2.468,118451,554318656,27032,-1
06040.wav,6039,6040,2693427019,48000,1,3.710,178101,489085280,29844,-1
06041.wav,6040,6041,2693719122,48000,1,5.615,269524,89123456,70147,-1
06042.wav,6041,6042,2693883285,48000,1,5.086,244137,31939616,53341,-1
06043.wav,6042,6043,2693938006,48000,1,2.865,137506,7337664,25854,-1
06044.wav,6043,6044,2693958004,48000,1,8.266,396754,117956464,101206,-1
06045.wav,6044,6045,2694391698,48000,1,2.852,136910,557916208,26148,-1
06046.wav,6045,6046,2695470741,48000,1,6.204,297814,153757376,80708,-1
06047.wav,6046,6047,2695525462,48000,1,7.852,376880,128601664,92018,-1
06048.wav,6047,6048,2696720878,48000,1,2.441,117173,451938944,30757,-1
06049.wav,6048,6049,2697441485,48000,1,1.735,83280,607424,25322,-1
06050.wav,6049,6050,2698003084,48000,1,4.214,202251,328930144,46240,-1
06051.wav,6050,6051,2698579852,48000,1,4.205,201855,347278464,51352,-1
06052.wav,6051,6052,2699221197,48000,1,7.743,371660,284407760,86223,-1
06053.wav,6052,6053,2699501738,48000,1,7.093,340443,28940592,91178,-1
06054.wav,6053,6054,2700494031,48000,1,6.976,334849,213929680,86078,-1
06055.wav,6054,6055,2700850312,48000,1,9.121,437821,114722512,108380,-1
06056.wav,6055,6056,2700959754,48000,1,3.766,180774,73375376,41433,-1
06057.wav,6056,6057,2701143915,48000,1,6.542,313996,125328576,71896,-1
06058.wav,6057,6058,2701198636,48000,1,3.598,172701,103417680,42926,-1
06059.wav,6058,6059,2701308078,48000,1,1.992,95616,62303264,14684,-1
06060.wav,6059,6060,2701712144,48000,1,7.320,351357,186872528,70843,-1
06061.wav,6060,6061,2701766865,48000,1,6.796,326224,181726176,80822,-1
06062.wav,6061,6062,2702766094,48000,1,4.598,220723,111082992,51023,-1
06063.wav,6062,6063,2703004976,48000,1,7.584,364055,145962272,87718,-1
06064.wav,6063,6064,2705004834,48000,1,6.132,294350,318208352,62732,-1
06065.wav,6064,6065,2705647782,48000,1,4.355,209041,365267040,52378,-1
06066.wav,6065,6066,2706700711,48000,1,6.708,321969,289330256,61958,-1
06067.wav,6066,6067,2708255107,48000,1,2.433,116779,40028864,23983,-1
06068.wav,6067,6068,2708439268,48000,1,6.609,317244,85627184,71532,-1
06069.wav,6068,6069,2708843334,48000,1,9.318,447258,192274704,115277,-1
06070.wav,6069,6070,2709247400,48000,1,2.840,136300,218911072,24345,-1
06071.wav,6070,6071,2709495250,48000,1,3.122,149850,167808336,33712,-1
06072.wav,6071,6072,2710006726,48000,1,3.326,159643,97230976,33520,-1
06073.wav,6072,6073,2710061447,48000,1,2.451,117665,74172368,26031,-1
06074.wav,6073,6074,2710422291,48000,1,6.826,327640,500883216,67873,-1
06075.wav,6074,6075,2710704395,48000,1,5.047,242265,196141088,58334,-1
06076.wav,6075,6076,2711263795,48000,1,1.249,59932,247547888,20369,-1
06077.wav,6076,6077,2711268521,48000,1,1.388,66610,204628272,9377,-1
06078.wav,6077,6078,2711804567,48000,1,5.274,253164,488482224,66087,-1
06079.wav,6078,6079,2711940432,48000,1,3.074,147565,155753248,34128,-1
06080.wav,6079,6080,2713030916,48000,1,7.083,339998,445814080,109781,-1
06081.wav,6080,6081,2713086658,48000,1,4.227,202877,465499424,49181,-1
06082.wav,6081,6082,2713606081,48000,1,4.223,202701,419854928,34514,-1
06083.wav,6082,6083,2714454851,48000,1,3.267,156817,314497440,30564,-1
06084.wav,6083,6084,2714749475,48000,1,2.338,112230,365483120,25596,-1
06085.wav,6084,6085,2716146381,48000,1,4.888,234620,173865200,56078,-1
06086.wav,6085,6086,2716903597,48000,1,5.967,286430,529419744,69383,-1
06087.wav,6086,6087,2717139958,48000,1,6.946,333392,232753264,57956,-1
06088.wav,6087,6088,2717550960,48000,1,5.698,273520,154383424,70802,-1
06089.wav,6088,6089,2717605681,48000,1,5.280,253429,129477280,60357,-1
06090.wav,6089,6090,2717824565,48000,1,6.499,311965,47000288,61792,-1
06091.wav,6090,6091,2718530818,48000,1,5.512,264590,565852576,73653,-1
06092.wav,6091,6092,2719521463,48000,1,7.267,348806,123453424,82310,-1
06093.wav,6092,6093,2719873329,48000,1,8.020,384973,523340304,93839,-1
06094.wav,6093,6094,2721905489,48000,1,8.104,389000,476310560,98943,-1
06095.wav,6094,6095,2723220740,48000,1,2.420,116155,551559744,21129,-1
06096.wav,6095,6096,2723652686,48000,1,5.669,272092,422999552,58030,-1
06097.wav,6096,6097,2723847084,48000,1,2.218,106448,182106480,19966,-1
06098.wav,6097,6098,2724032266,48000,1,1.937,92986,228108160,15968,-1
06099.wav,6098,6099,2724538672,48000,1,0.373,17908,312963536,7259,-1
06100.wav,6099,6100,2724716873,48000,1,1.239,59455,42595776,9162,-1
06101.wav,6100,6101,2724771594,48000,1,2.006,96286,23602592,18453,-1
06102.wav,6101,6102,2724901034,48000,1,4.329,207814,90835376,47927,-1
06103.wav,6102,6103,2724955755,48000,1,7.533,361604,68817648,87215,-1
06104.wav,6103,6104,2725023538,48000,1,7.365,353527,292377552,77776,-1
06105.wav,6104,6105,2725139916,48000,1,4.135,198467,120213424,49595,-1
06106.wav,6105,6106,2725372212,48000,1,2.566,123180,558407776,26171,-1
06107.wav,6106,6107,2725546503,48000,1,7.710,370078,516187168,114499,-1
06108.wav,6107,6108,2726523213,48000,1,3.053,146554,77981008,34760,-1
06109.wav,6108,6109,2726871537,48000,1,7.633,366364,64908368,82460,-1
06110.wav,6109,6110,2727000977,48000,1,6.251,300062,141809568,54297,-1
06111.wav,6110,6111,2727798568,48000,1,2.592,124414,484934848,30052,-1
06112.wav,6111,6112,2730471913,48000,1,4.574,219534,435118320,55260,-1
06113.wav,6112,6113,2730697733,48000,1,3.061,146922,336548480,33646,-1
06114.wav,6113,6114,2731295979,48000,1,7.121,341831,208952272,85567,-1
06115.wav,6114,6115,2731408464,48000,1,6.162,295774,442726672,99675,-1
06116.wav,6115,6116,2731634284,48000,1,3.071,147405,389932480,44097,-1
06117.wav,6116,6117,2731860104,48000,1,8.647,415074,230227616,69550,-1
06118.wav,6117,6118,2732209449,48000,1,5.173,248325,295542240,61038,-1
06119.wav,6118,6119,2732305829,48000,1,6.932,332739,15607952,76290,-1
06120.wav,6119,6120,2732543731,48000,1,7.356,353092,164230384,77570,-1
06121.wav,6120,6121,2732558794,48000,1,7.171,344201,342008384,69651,-1
06122.wav,6121,6122,2732908139,48000,1,4.938,237045,386880032,54255,-1
06123.wav,6122,6123,2733893285,48000,1,4.457,213948,137538448,53297,-1
06124.wav,6123,6124,2734020651,48000,1,3.424,164362,167591776,39430,-1
06125.wav,6124,6125,2734057448,48000,1,10.564,507053,69945664,101978,-1
06126.wav,6125,6126,2734112169,48000,1,4.171,200194,52432224,43881,-1
06127.wav,6126,6127,2734166890,48000,1,6.534,313609,33591840,67153,-1
06128.wav,6127,6128,2734406793,48000,1,4.675,224405,193018368,59515,-1
06129.wav,6128,6129,2734700396,48000,1,4.359,209227,195787504,49754,-1
06130.wav,6129,6130,2734755117,48000,1,7.125,342021,190531536,89980,-1
06131.wav,6130,6131,2735331040,48000,1,7.551,362454,458342960,95977,-1
06132.wav,6131,6132,2735793922,48000,1,2.466,118347,204473040,21965,-1
06133.wav,6132,6133,2735874997,48000,1,6.045,290182,426961392,64679,-1
06134.wav,6133,6134,2736085547,48000,1,1.224,58749,313665888,21830,-1
06135.wav,6134,6135,2737246822,48000,1,3.423,164327,457256848,34003,-1
06136.wav,6135,6136,2737813549,48000,1,1.909,91635,353229392,28459,-1
06137.wav,6136,6137,2737993086,48000,1,4.250,204006,327546496,45801,-1
06138.wav,6137,6138,2740018310,48000,1,2.699,129541,316780448,26019,-1
06139.wav,6138,6139,2741126981,48000,1,3.790,181931,280422176,41212,-1
06140.wav,6139,6140,2741181702,48000,1,4.323,207510,272341312,42294,-1
06141.wav,6140,6141,2741546961,48000,1,5.906,283485,149606208,74778,-1
06142.wav,6141,6142,2743517464,48000,1,9.635,462488,118272224,107814,-1
06143.wav,6142,6143,2743978772,48000,1,8.888,426630,512813664,135467,-1
06144.wav,6143,6144,2743985708,48000,1,4.362,209391,477264912,49544,-1
06145.wav,6144,6145,2746114959,48000,1,3.652,175310,241647344,47569,-1
06146.wav,6145,6146,2746701768,48000,1,2.518,120850,542419968,24913,-1
06147.wav,6146,6147,2747249201,48000,1,2.756,132302,554668592,30961,-1
06148.wav,6147,6148,2747326183,48000,1,3.715,178326,547840688,43570,-1
06149.wav,6148,6149,2747619786,48000,1,2.034,97620,548252944,17379,-1
06150.wav,6149,6150,2747889036,48000,1,7.858,377190,425187888,78953,-1
06151.wav,6150,6151,2748321870,48000,1,7.822,375441,234958368,98625,-1
06152.wav,6151,6152,2748603432,48000,1,4.019,192890,78660544,39681,-1
06153.wav,6152,6153,2748712874,48000,1,8.263,396640,39576896,86831,-1
06154.wav,6153,6154,2748767595,48000,1,7.157,343527,19569584,82027,-1
06155.wav,6154,6155,2749006477,48000,1,4.106,197099,48571616,44967,-1
06156.wav,6155,6156,2749061198,48000,1,2.738,131429,29115808,29417,-1
06157.wav,6156,6157,2749115919,48000,1,4.698,225516,3854224,57849,-1
06158.wav,6157,6158,2749371405,48000,1,2.609,125236,553557504,28326,-1
06159.wav,6158,6159,2749426126,48000,1,2.129,102179,551883328,21163,-1
06160.wav,6159,6160,2749476183,48000,1,2.388,114633,557746336,25900,-1
06161.wav,6160,6161,2750366895,48000,1,2.032,97520,567038496,17873,-1
06162.wav,6161,6162,2750683377,48000,1,2.703,129740,13824912,31002,-1
06163.wav,6162,6163,2750812817,48000,1,7.709,370035,81993104,85702,-1
06164.wav,6163,6164,2750922259,48000,1,4.612,221354,43365408,50398,-1
06165.wav,6164,6165,2753639784,48000,1,6.071,291423,358462432,65644,-1
06166.wav,6165,6166,2754063848,48000,1,5.933,284764,418744848,61519,-1
06167.wav,6166,6167,2754173290,48000,1,7.874,377938,411419472,72116,-1
06168.wav,6167,6168,2755617223,48000,1,6.401,307263,220716256,87894,-1
06169.wav,6168,6169,2755802405,48000,1,8.143,390876,305515296,93088,-1
06170.wav,6169,6170,2755953506,48000,1,2.867,137620,24705792,26149,-1
06171.wav,6170,6171,2756130731,48000,1,5.338,256202,253813056,62811,-1
06172.wav,6171,6172,2756260171,48000,1,3.453,165741,289557824,27933,-1
06173.wav,6172,6173,2756554795,48000,1,6.134,294425,337897232,67390,-1
06174.wav,6173,6174,2757998728,48000,1,7.567,363197,85951776,93212,-1
06175.wav,6174,6175,2758053449,48000,1,6.821,327419,66047184,55559,-1
06176.wav,6175,6176,2758348073,48000,1,3.873,185881,201854544,40701,-1
06177.wav,6176,6177,2758751118,48000,1,1.966,94375,189310816,17753,-1
06178.wav,6177,6178,2759307020,48000,1,7.616,365580,310301744,89041,-1
06179.wav,6178,6179,2759620907,48000,1,2.728,130953,74285104,24856,-1
06180.wav,6179,6180,2761175040,48000,1,4.221,202622,403258384,40391,-1
06181.wav,6180,6181,2762098529,48000,1,5.522,265054,317063472,53514,-1
06182.wav,6181,6182,2762363256,48000,1,4.729,226975,474662016,56740,-1
06183.wav,6182,6183,2762590376,48000,1,3.071,147432,446189344,34023,-1
06184.wav,6183,6184,2762646118,48000,1,4.316,207158,465873984,48392,-1
06185.wav,6184,6185,2762976812,48000,1,3.877,186085,159031392,39855,-1
06186.wav,6185,6186,2763152479,48000,1,7.839,376285,287633776,87494,-1
06187.wav,6186,6187,2763165541,48000,1,7.729,370968,420253440,76413,-1
06188.wav,6187,6188,2763665987,48000,1,6.335,304066,318794544,69774,-1
06189.wav,6188,6189,2764014311,48000,1,8.678,416532,314635840,107789,-1
06190.wav,6189,6190,2764308935,48000,1,5.339,256263,365921040,85198,-1
06191.wav,6190,6191,2765177703,48000,1,5.621,269791,270089232,61023,-1
06192.wav,6191,6192,2765949549,48000,1,8.281,397477,518622448,136641,-1
06193.wav,6192,6193,2766592497,48000,1,5.354,257013,532939552,59408,-1
06194.wav,6193,6194,2767386546,48000,1,1.735,83260,494096016,14228,-1
06195.wav,6194,6195,2767458744,48000,1,1.743,83663,140983456,14618,-1
06196.wav,6195,6196,2769164041,48000,1,2.223,106690,481335408,22530,-1
06197.wav,6196,6197,2769793223,48000,1,3.452,165687,172440432,41219,-1
06198.wav,6197,6198,2772763596,48000,1,8.330,399853,14416576,88465,-1
06199.wav,6198,6199,2772947757,48000,1,4.038,193843,62429328,43765,-1
06200.wav,6199,6200,2773002478,48000,1,5.277,253311,44228160,55046,-1
06201.wav,6200,6201,2773406544,48000,1,3.261,156535,182229072,29255,-1
06202.wav,6201,6202,2773463786,48000,1,9.352,448900,504967280,132685,-1
06203.wav,6202,6203,2773847050,48000,1,0.838,40211,248788832,14358,-1
06204.wav,6203,6204,2774277833,48000,1,5.527,265304,483138096,80423,-1
06205.wav,6204,6205,2774456618,48000,1,6.952,333681,351260896,68985,-1
06206.wav,6205,6206,2774644655,48000,1,3.718,178443,146439728,44191,-1
06207.wav,6206,6207,2776560437,48000,1,2.185,104898,142094384,18402,-1
06208.wav,6207,6208,2776615158,48000,1,2.240,107496,115619488,20874,-1
06209.wav,6208,6209,2777434026,48000,1,0.723,34710,227632,14102,-1
06210.wav,6209,6210,2777930409,48000,1,10.753,516154,405973856,100381,-1
06211.wav,6210,6211,2779387404,48000,1,5.983,287174,378017936,94906,-1
06212.wav,6211,6212,2779390946,48000,1,4.863,233446,559263200,58426,-1
06213.wav,6212,6213,2779778408,48000,1,5.806,278676,262693488,55757,-1
06214.wav,6213,6214,2780017290,48000,1,5.973,286705,277545056,65084,-1
06215.wav,6214,6215,2780031373,48000,1,5.443,261253,435531744,85144,-1
06216.wav,6215,6216,2780129253,48000,1,6.696,321413,544893584,97794,-1
06217.wav,6216,6217,2780130274,48000,1,4.361,209324,547230368,54375,-1
06218.wav,6217,6218,2780146730,48000,1,6.805,326637,304389136,81981,-1
06219.wav,6218,6219,2780369156,48000,1,1.477,70890,549528416,10309,-1
06220.wav,6219,6220,2780476077,48000,1,2.570,123340,316406096,25265,-1
06221.wav,6220,6221,2780776616,48000,1,5.570,267375,194446944,75505,-1
06222.wav,6221,6222,2780954862,48000,1,1.345,64548,381908784,10633,-1
06223.wav,6222,6223,2781193744,48000,1,7.899,379156,390009872,93965,-1
06224.wav,6223,6224,2781235403,48000,1,4.772,229049,214736512,73911,-1
06225.wav,6224,6225,2781530027,48000,1,7.274,349149,285869648,75257,-1
06226.wav,6225,6226,2781865289,48000,1,3.970,190541,16058272,31827,-1
06227.wav,6226,6227,2781933072,48000,1,6.528,313358,276447184,82712,-1
06228.wav,6227,6228,2782103191,48000,1,3.156,151490,167954928,37024,-1
06229.wav,6228,6229,2782528235,48000,1,3.034,145656,203199744,35729,-1
06230.wav,6229,6230,2782692398,48000,1,6.970,334549,193422304,77437,-1
06231.wav,6230,6231,2783041743,48000,1,9.281,445497,226132784,131700,-1
06232.wav,6231,6232,2783616908,48000,1,6.328,303723,70167088,70911,-1
06233.wav,6232,6233,2783671629,48000,1,3.475,166798,52551584,26551,-1
06234.wav,6233,6234,2783876462,48000,1,1.890,90714,204704704,16301,-1
06235.wav,6234,6235,2784890500,48000,1,8.944,429299,458714624,106884,-1
06236.wav,6235,6236,2785649826,48000,1,2.999,143957,433499632,44026,-1
06237.wav,6236,6237,2785874602,48000,1,5.353,256966,208379488,68980,-1
06238.wav,6237,6238,2786025293,48000,1,1.666,79987,157188096,15601,-1
06239.wav,6238,6239,2786806282,48000,1,7.887,378555,457438192,103613,-1
06240.wav,6239,6240,2787159535,48000,1,4.399,211158,542167120,50975,-1
06241.wav,6240,6241,2787203201,48000,1,7.180,344643,279081904,79568,-1
06242.wav,6241,6242,2787312643,48000,1,5.389,258685,255917440,60630,-1
06243.wav,6242,6243,2787555067,48000,1,2.073,99522,549876640,19157,-1
06244.wav,6243,6244,2788880101,48000,1,2.708,129984,263777600,22868,-1
06245.wav,6244,6245,2788996479,48000,1,2.134,102438,41137760,18541,-1
06246.wav,6245,6246,2789051200,48000,1,2.534,121643,22313328,24794,-1
06247.wav,6246,6247,2789228425,48000,1,6.986,335350,249128720,82229,-1
06248.wav,6247,6248,2789468328,48000,1,7.097,340676,326299840,84308,-1
06249.wav,6248,6249,2790708903,48000,1,2.163,103839,177720000,28793,-1
06250.wav,6249,6250,2791932973,48000,1,3.759,180418,155267344,40474,-1
06251.wav,6250,6251,2795126986,48000,1,2.088,100229,169597200,20100,-1
06252.wav,6251,6252,2795743812,48000,1,4.304,206593,461268880,51179,-1
06253.wav,6252,6253,2797881330,48000,1,3.945,189383,235184192,39822,-1
06254.wav,6253,6254,2797980153,48000,1,2.452,117697,558573520,28254,-1
06255.wav,6254,6255,2798037325,48000,1,0.916,43992,1060832,14549,-1
06256.wav,6255,6256,2798175954,48000,1,4.552,218480,305047488,48305,-1
06257.wav,6256,6257,2798347053,48000,1,9.281,445505,131655008,111989,-1
06258.wav,6257,6258,2798401774,48000,1,7.161,343724,107365792,82884,-1
06259.wav,6258,6259,2798511216,48000,1,3.755,180258,65624992,41265,-1
06260.wav,6259,6260,2798620658,48000,1,3.356,161094,29347536,36969,-1
06261.wav,6260,6261,2798675379,48000,1,7.492,359619,4168640,81281,-1
06262.wav,6261,6262,2798695377,48000,1,2.080,99856,115887872,20722,-1
06263.wav,6262,6263,2800023953,48000,1,4.561,218906,96611856,54999,-1
06264.wav,6263,6264,2800614701,48000,1,3.004,144214,526110672,28656,-1
06265.wav,6264,6265,2801024200,48000,1,6.826,327657,247095872,84703,-1
06266.wav,6265,6266,2801244587,48000,1,4.949,237548,491871984,60623,-1
06267.wav,6266,6267,2802556296,48000,1,2.786,133724,316718640,27433,-1
06268.wav,6267,6268,2802646861,48000,1,8.937,428973,479791264,91699,-1
06269.wav,6268,6269,2803048143,48000,1,7.052,338506,444354896,95549,-1
06270.wav,6269,6270,2803089802,48000,1,7.071,339421,375522640,96735,-1
06271.wav,6270,6271,2803144523,48000,1,1.808,86806,370219808,16811,-1
06272.wav,6271,6272,2803199244,48000,1,6.059,290843,358842192,61536,-1
06273.wav,6272,6273,2803273963,48000,1,8.738,419433,390988208,128606,-1
06274.wav,6273,6274,2803719688,48000,1,6.707,321955,272163504,79565,-1
06275.wav,6274,6275,2804531213,48000,1,0.712,34159,312636656,13174,-1
06276.wav,6275,6276,2804588456,48000,1,3.554,170583,182838080,34561,-1
06277.wav,6276,6277,2805005584,48000,1,5.233,251207,374002448,46598,-1
06278.wav,6277,6278,2805176683,48000,1,8.564,411050,221074912,120258,-1
06279.wav,6278,6279,2805287146,48000,1,2.900,139182,276356080,24524,-1
06280.wav,6279,6280,2805512966,48000,1,7.231,347079,24731984,82518,-1
06281.wav,6280,6281,2805635470,48000,1,8.648,415109,269431136,77208,-1
06282.wav,6281,6282,2805642406,48000,1,8.338,400214,93158224,97792,-1
06283.wav,6282,6283,2805936009,48000,1,3.591,172351,100927664,40197,-1
06284.wav,6283,6284,2806114255,48000,1,6.043,290075,337964656,52722,-1
06285.wav,6284,6285,2806798862,48000,1,5.376,258063,216580624,58490,-1
06286.wav,6285,6286,2807503467,48000,1,2.199,105538,108139360,20375,-1
06287.wav,6286,6287,2807558188,48000,1,6.318,303274,86266704,77186,-1
06288.wav,6287,6288,2807612909,48000,1,3.427,164497,66118176,35723,-1
06289.wav,6288,6289,2808401863,48000,1,2.253,108124,204574032,19723,-1
06290.wav,6289,6290,2809309807,48000,1,8.833,423985,151872368,97899,-1
06291.wav,6290,6291,2810973649,48000,1,2.910,139667,396801952,30598,-1
06292.wav,6291,6292,2811308644,48000,1,6.801,326452,250083120,89342,-1
06293.wav,6292,6293,2811439105,48000,1,5.871,281825,337100192,58278,-1
06294.wav,6293,6294,2811897892,48000,1,8.099,388774,372608496,112353,-1
06295.wav,6294,6295,2812149836,48000,1,6.547,314243,446382816,97295,-1
06296.wav,6295,6296,2812362594,48000,1,8.486,407314,221730416,112617,-1
06297.wav,6296,6297,2812375656,48000,1,7.110,341299,392878560,86357,-1
06298.wav,6297,6298,2812536272,48000,1,6.716,322371,163290032,72729,-1
06299.wav,6298,6299,2812595561,48000,1,3.082,147930,406975040,32280,-1
06300.wav,6299,6300,2812657218,48000,1,4.489,215453,291850640,45160,-1
06301.wav,6300,6301,2812711939,48000,1,7.101,340862,287977088,76736,-1
06302.wav,6301,6302,2814013192,48000,1,2.510,120487,167342368,27379,-1
06303.wav,6302,6303,2815257607,48000,1,6.422,308258,185609648,78366,-1
06304.wav,6303,6304,2815727893,48000,1,4.129,198190,507599424,56548,-1
06305.wav,6304,6305,2816151957,48000,1,6.911,331707,533374688,82790,-1
06306.wav,6305,6306,2817018204,48000,1,4.332,207934,141108976,51978,-1
06307.wav,6306,6307,2817806090,48000,1,1.971,94623,352835744,27337,-1
06308.wav,6307,6308,2817824031,48000,1,4.396,210998,461700192,43679,-1
06309.wav,6308,6309,2818110441,48000,1,1.905,91422,556667792,17678,-1
06310.wav,6309,6310,2819038950,48000,1,10.194,489309,564442608,105378,-1
06311.wav,6310,6311,2819267964,48000,1,2.229,107000,385472320,19415,-1
06312.wav,6311,6312,2819309709,48000,1,2.312,110970,542531152,22877,-1
06313.wav,6312,6313,2819857142,48000,1,1.727,82916,554759296,16121,-1
06314.wav,6313,6314,2820755598,48000,1,10.028,481354,5520288,118350,-1
06315.wav,6314,6315,2822224173,48000,1,1.971,94618,347492400,14813,-1
06316.wav,6315,6316,2822226676,48000,1,3.018,144874,294259360,25263,-1
06317.wav,6316,6317,2822343054,48000,1,5.168,248070,126222928,49700,-1
06318.wav,6317,6318,2823023246,48000,1,7.983,383187,505128128,94037,-1
06319.wav,6318,6319,2823324806,48000,1,3.259,156444,491932640,32658,-1
06320.wav,6319,6320,2823499510,48000,1,8.281,397511,224828528,141052,-1
06321.wav,6320,6321,2824316078,48000,1,3.040,145921,498761760,32022,-1
06322.wav,6321,6322,2825643633,48000,1,6.345,304546,486527536,79155,-1
06323.wav,6322,6323,2826642862,48000,1,6.351,304860,471303984,73607,-1
06324.wav,6323,6324,2829035241,48000,1,7.314,351061,350704352,79323,-1
06325.wav,6324,6325,2829352965,48000,1,1.893,90865,353782624,21274,-1
06326.wav,6325,6326,2829399525,48000,1,4.198,201525,60711152,32205,-1
06327.wav,6326,6327,2829764453,48000,1,2.176,104428,553815568,21587,-1
06328.wav,6327,6328,2829802570,48000,1,5.377,258094,30917968,55775,-1
06329.wav,6328,6329,2829928616,48000,1,3.385,162467,549570192,37669,-1
06330.wav,6329,6330,2830219698,48000,1,5.244,251706,328573280,56092,-1
06331.wav,6330,6331,2830336076,48000,1,6.554,314597,194621888,76300,-1
06332.wav,6331,6332,2831260586,48000,1,5.662,271774,75100400,52390,-1
06333.wav,6332,6333,2831315307,48000,1,4.824,231555,57152896,47503,-1
06334.wav,6333,6334,2831328369,48000,1,4.143,198861,296197360,42865,-1
06335.wav,6334,6335,2831370028,48000,1,4.813,231022,37197504,39388,-1
06336.wav,6335,6336,2831390026,48000,1,7.749,371933,152407664,89481,-1
06337.wav,6336,6337,2831424749,48000,1,4.927,236518,16257520,54900,-1
06338.wav,6337,6338,2831608910,48000,1,1.726,82871,62929728,11409,-1
06339.wav,6338,6339,2831663631,48000,1,4.614,221458,45376656,44752,-1
06340.wav,6339,6340,2831903534,48000,1,4.437,212964,197364816,51585,-1
06341.wav,6340,6341,2831919117,48000,1,2.190,105102,554565104,21284,-1
06342.wav,6341,6342,2831988042,48000,1,4.905,235434,556815392,47551,-1
06343.wav,6342,6343,2831998378,48000,1,1.884,90442,492368432,18524,-1
06344.wav,6343,6344,2833012205,48000,1,5.011,240547,137630320,57954,-1
06345.wav,6344,6345,2833305808,48000,1,6.055,290658,147351680,69299,-1
06346.wav,6345,6346,2834616491,48000,1,3.376,162067,169408928,38611,-1
06347.wav,6346,6347,2835584753,48000,1,2.960,142095,159276880,31333,-1
06348.wav,6347,6348,2836201579,48000,1,4.923,236315,459598800,58169,-1
06349.wav,6348,6349,2836762661,48000,1,10.036,481715,279189648,104366,-1
06350.wav,6349,6350,2837112006,48000,1,2.586,124112,327700768,26255,-1
06351.wav,6350,6351,2837686150,48000,1,9.633,462367,180316768,81611,-1
06352.wav,6351,6352,2837980774,48000,1,7.743,371657,216942224,117649,-1
06353.wav,6352,6353,2838070836,48000,1,2.365,113523,467378224,21863,-1
06354.wav,6353,6354,2838555939,48000,1,9.900,475208,41318640,105695,-1
06355.wav,6354,6355,2838610660,48000,1,6.514,312654,22412176,80659,-1
06356.wav,6355,6356,2840417000,48000,1,5.139,246684,58470736,58159,-1
06357.wav,6356,6357,2841771982,48000,1,2.246,107791,481419600,22369,-1
06358.wav,6357,6358,2842093637,48000,1,2.971,142604,454901520,31701,-1
06359.wav,6358,6359,2842105399,48000,1,7.856,377088,489755648,116627,-1
06360.wav,6359,6360,2842743601,48000,1,2.132,102313,567436800,21919,-1
06361.wav,6360,6361,2843104628,48000,1,6.358,305203,477894112,85376,-1
06362.wav,6361,6362,2844058014,48000,1,2.400,115209,260144624,24411,-1
06363.wav,6362,6363,2844184839,48000,1,7.837,376183,399824464,107887,-1
06364.wav,6363,6364,2844407359,48000,1,5.339,256294,319771712,45468,-1
06365.wav,6364,6365,2846393776,48000,1,1.715,82318,100448928,12088,-1
06366.wav,6365,6366,2846519822,48000,1,2.334,112046,554250704,21805,-1
06367.wav,6366,6367,2846738706,48000,1,3.698,177498,548345328,41738,-1
06368.wav,6367,6368,2846852563,48000,1,2.716,130351,190199824,24155,-1
06369.wav,6368,6369,2847961234,48000,1,5.139,246689,107623328,53374,-1
06370.wav,6369,6370,2848125397,48000,1,4.246,203794,48708016,50860,-1
06371.wav,6370,6371,2848997707,48000,1,5.680,272654,486054480,77434,-1
06372.wav,6371,6372,2849156582,48000,1,2.074,99564,481099584,18629,-1
06373.wav,6372,6373,2849291310,48000,1,5.835,280097,491184208,81548,-1
06374.wav,6373,6374,2849321360,48000,1,1.645,78977,451806736,12768,-1
06375.wav,6374,6375,2850041967,48000,1,1.837,88169,332768,29447,-1
06376.wav,6375,6376,2851766411,48000,1,5.535,265661,248834832,60702,-1
06377.wav,6376,6377,2852607603,48000,1,3.246,155830,444652608,32069,-1
06378.wav,6377,6378,2852758704,48000,1,4.921,236226,359252560,72004,-1
06379.wav,6378,6379,2853182768,48000,1,6.264,300696,419141296,56864,-1
06380.wav,6379,6380,2853408588,48000,1,3.872,185841,297173376,46572,-1
06381.wav,6380,6381,2853518030,48000,1,4.244,203700,282992768,44543,-1
06382.wav,6381,6382,2853743850,48000,1,11.932,572724,46252352,118736,-1
06383.wav,6382,6383,2853757933,48000,1,9.697,465461,342668400,93825,-1
06384.wav,6383,6384,2853798571,48000,1,4.294,206133,26054912,49627,-1
06385.wav,6384,6385,2853922096,48000,1,5.510,264486,324864272,61636,-1
06386.wav,6385,6386,2853924617,48000,1,1.577,75674,549198256,11862,-1
06387.wav,6386,6387,2854108778,48000,1,1.908,91598,553482400,17646,-1
06388.wav,6387,6388,2854333098,48000,1,8.771,421009,229596240,126141,-1
06389.wav,6388,6389,2855147145,48000,1,7.946,381390,112956112,93183,-1
06390.wav,6389,6390,2855201866,48000,1,5.153,247329,93443552,55176,-1
06391.wav,6390,6391,2855495469,48000,1,6.718,322473,101094944,76446,-1
06392.wav,6391,6392,2855602823,48000,1,5.355,257058,246497408,86459,-1
06393.wav,6392,6393,2855604911,48000,1,3.796,182207,61261072,33506,-1
06394.wav,6393,6394,2855715374,48000,1,2.311,110926,185396640,21413,-1
06395.wav,6394,6395,2855792614,48000,1,1.846,88630,521561504,19142,-1
06396.wav,6395,6396,2857117648,48000,1,7.285,349660,86557584,90901,-1
06397.wav,6396,6397,2857174890,48000,1,2.733,131189,496584592,27703,-1
06398.wav,6397,6398,2857983980,48000,1,7.880,378235,561453392,99351,-1
06399.wav,6398,6399,2858281798,48000,1,6.211,298112,460837664,77154,-1
06400.wav,6399,6400,2859725731,48000,1,8.364,401463,383702848,94247,-1
06401.wav,6400,6401,2859944615,48000,1,5.953,285738,363778768,71496,-1
06402.wav,6401,6402,2860128776,48000,1,7.851,376826,379589376,81997,-1
06403.wav,6402,6403,2860868104,48000,1,4.003,192161,250261936,46061,-1
06404.wav,6403,6404,2861217449,48000,1,6.873,329897,317201536,70380,-1
06405.wav,6404,6405,2861333827,48000,1,6.677,320490,184626624,75206,-1
06406.wav,6405,6406,2861935116,48000,1,11.263,540617,393369968,140832,-1
06407.wav,6406,6407,2862271399,48000,1,7.132,342319,288152544,78457,-1
06408.wav,6407,6408,2862284461,48000,1,9.211,442118,420956080,101247,-1
06409.wav,6408,6409,2862497219,48000,1,4.593,220478,58975200,55860,-1
06410.wav,6409,6410,2862510281,48000,1,5.837,280190,298462656,62565,-1
06411.wav,6410,6411,2862606661,48000,1,2.808,134800,18230336,26746,-1
06412.wav,6411,6412,2863085446,48000,1,8.089,388258,198981152,72569,-1
06413.wav,6412,6413,2863316844,48000,1,0.344,16520,177861136,7414,-1
06414.wav,6413,6414,2864185618,48000,1,7.167,344031,490295952,95667,-1
06415.wav,6414,6415,2864248838,48000,1,5.443,261268,113805872,59537,-1
06416.wav,6415,6416,2864303559,48000,1,4.248,203919,94721504,41775,-1
06417.wav,6416,6417,2864540914,48000,1,3.300,158419,155435120,35017,-1
06418.wav,6417,6418,2864719124,48000,1,5.915,283927,499545920,45498,-1
06419.wav,6418,6419,2867100629,48000,1,9.786,469739,469765312,124303,-1
06420.wav,6419,6420,2867383491,48000,1,6.155,295437,461787600,77937,-1
06421.wav,6420,6421,2867478850,48000,1,4.529,217379,357370880,35102,-1
06422.wav,6421,6422,2868403360,48000,1,2.262,108582,317271952,24231,-1
06423.wav,6422,6423,2870645266,48000,1,1.091,52373,1179456,18650,-1
06424.wav,6423,6424,2870752421,48000,1,6.399,307150,312564592,72017,-1
06425.wav,6424,6425,2871957235,48000,1,7.163,343812,104391040,73954,-1
06426.wav,6425,6426,2872121398,48000,1,4.929,236602,44532256,60284,-1
06427.wav,6426,6427,2872431605,48000,1,3.703,177728,553991968,42443,-1
06428.wav,6427,6428,2873469972,48000,1,6.567,315217,137059152,69951,-1
06429.wav,6428,6429,2873654133,48000,1,3.250,156009,154725200,35838,-1
06430.wav,6429,6430,2876590542,48000,1,3.773,181100,380754304,52146,-1
06431.wav,6430,6431,2876645263,48000,1,2.086,100147,374245248,22088,-1
06432.wav,6431,6432,2877139154,48000,1,2.554,122585,312712624,36606,-1
06433.wav,6432,6433,2877143880,48000,1,1.593,76460,242038528,13815,-1
06434.wav,6433,6434,2877329870,48000,1,7.593,364444,254546976,90768,-1
06435.wav,6434,6435,2877500969,48000,1,4.606,221075,11470768,47805,-1
06436.wav,6435,6436,2877572294,48000,1,2.961,142108,549809312,29320,-1
06437.wav,6436,6437,2877681736,48000,1,2.870,137783,546618416,31505,-1
06438.wav,6437,6438,2877920618,48000,1,8.013,384619,548747680,77933,-1
06439.wav,6438,6439,2878386341,48000,1,8.875,425982,530241792,102557,-1
06440.wav,6439,6440,2878912425,48000,1,0.528,25354,354231648,12645,-1
06441.wav,6440,6441,2878958985,48000,1,2.104,100979,60774368,21348,-1
06442.wav,6441,6442,2878961506,48000,1,6.685,320889,495583840,71482,-1
06443.wav,6442,6443,2879013706,48000,1,3.071,147408,40380016,25966,-1
06444.wav,6443,6444,2879088425,48000,1,7.862,377359,134219088,89139,-1
06445.wav,6444,6445,2879197867,48000,1,3.870,185778,87834880,41335,-1
06446.wav,6445,6446,2879323913,48000,1,1.711,82134,553893792,15435,-1
06447.wav,6446,6447,2879362030,48000,1,3.849,184772,31112144,43040,-1
06448.wav,6447,6448,2880874767,48000,1,7.136,342534,57246016,64364,-1
06449.wav,6448,6449,2881058928,48000,1,4.834,232044,105039120,51268,-1
06450.wav,6449,6450,2881647155,48000,1,5.446,261424,203604528,68639,-1
06451.wav,6450,6451,2882667782,48000,1,7.298,350296,405014848,79119,-1
06452.wav,6451,6452,2882962406,48000,1,8.349,400738,433146832,105076,-1
06453.wav,6452,6453,2883581590,48000,1,2.911,139749,396939392,46364,-1
06454.wav,6453,6454,2883940616,48000,1,4.749,227935,360009136,46697,-1
06455.wav,6454,6455,2884309959,48000,1,1.729,83010,422266096,14076,-1
06456.wav,6455,6456,2884515781,48000,1,4.248,203883,259334544,44153,-1
06457.wav,6456,6457,2884809384,48000,1,2.931,140675,267808672,33836,-1
06458.wav,6457,6458,2885144213,48000,1,5.584,268042,163628416,52057,-1
06459.wav,6458,6459,2886280462,48000,1,7.347,352646,415730240,75368,-1
06460.wav,6459,6460,2886322121,48000,1,6.698,321502,279359104,68384,-1
06461.wav,6460,6461,2886438499,48000,1,1.328,63758,72621648,8397,-1
06462.wav,6461,6462,2886493220,48000,1,6.705,321830,54679104,70399,-1
06463.wav,6462,6463,2886602662,48000,1,10.053,482561,12482832,109692,-1
06464.wav,6463,6464,2886615724,48000,1,4.794,230132,281967552,47984,-1
06465.wav,6464,6465,2886897286,48000,1,2.543,122048,185752784,27845,-1
06466.wav,6465,6466,2886912869,48000,1,1.947,93474,552557472,19273,-1
06467.wav,6466,6467,2887245610,48000,1,2.678,128537,180613136,26941,-1
06468.wav,6467,6468,2888409002,48000,1,3.725,178788,50027360,37885,-1
06469.wav,6468,6469,2888686029,48000,1,2.720,130549,313414096,39991,-1
06470.wav,6469,6470,2890414031,48000,1,1.658,79570,352970208,28956,-1
06471.wav,6470,6471,2890966190,48000,1,1.862,89370,396535776,16272,-1
06472.wav,6471,6472,2891304743,48000,1,1.112,53373,178243600,16858,-1
06473.wav,6472,6473,2891714754,48000,1,11.272,541035,409770480,90834,-1
06474.wav,6473,6474,2891769475,48000,1,9.023,433122,405349600,76411,-1
06475.wav,6474,6475,2892050016,48000,1,6.441,309148,252670496,77868,-1
06476.wav,6475,6476,2892228262,48000,1,2.776,133248,427604880,34060,-1
06477.wav,6476,6477,2892693985,48000,1,5.777,277278,369041664,73643,-1
06478.wav,6477,6478,2892891208,48000,1,4.664,223875,449070208,55441,-1
06479.wav,6478,6479,2893042309,48000,1,9.294,446122,360863136,110581,-1
06480.wav,6479,6480,2893277644,48000,1,134.274,6445170,170500176,1865956,-1
06481.wav,6480,6481,2893562753,48000,1,3.358,161198,274201728,30458,-1
06482.wav,6481,6482,2894041538,48000,1,6.732,323153,345824416,74335,-1
06483.wav,6482,6483,2894096259,48000,1,2.808,134805,335989856,26954,-1
06484.wav,6483,6484,2894315143,48000,1,6.275,301203,315587472,71112,-1
06485.wav,6484,6485,2895898515,48000,1,5.020,240945,121143904,59765,-1
06486.wav,6485,6486,2895953236,48000,1,1.698,81480,100592896,13279,-1
06487.wav,6486,6487,2896048006,48000,1,5.466,262391,176666416,68289,-1
06488.wav,6487,6488,2896250381,48000,1,4.820,231348,521028400,61016,-1
06489.wav,6488,6489,2897465973,48000,1,6.251,300055,132315392,69870,-1
06490.wav,6489,6490,2897520694,48000,1,3.454,165779,107783456,36121,-1
06491.wav,6490,6491,2897575415,48000,1,4.717,226418,84694592,47253,-1
06492.wav,6491,6492,2898267585,48000,1,8.915,427898,562837552,111109,-1
06493.wav,6492,6493,2898715441,48000,1,3.279,157376,241323200,42435,-1
06494.wav,6493,6494,2898763462,48000,1,7.890,378719,399116240,85645,-1
06495.wav,6494,6495,2899608909,48000,1,2.730,131030,451124240,33734,-1
06496.wav,6495,6496,2901736873,48000,1,6.496,311829,188121088,72323,-1
06497.wav,6496,6497,2901749935,48000,1,2.186,104914,337648256,22563,-1
06498.wav,6497,6498,2901791594,48000,1,1.748,83897,184059792,14238,-1
06499.wav,6498,6499,2901960906,48000,1,1.967,94417,353933264,31532,-1
06500.wav,6499,6500,2902392883,48000,1,6.433,308763,391442304,78186,-1
06501.wav,6500,6501,2902900265,48000,1,3.000,143978,75711280,27569,-1
06502.wav,6501,6502,2902954986,48000,1,5.959,286036,58274000,63232,-1
06503.wav,6502,6503,2903009707,48000,1,7.492,359640,37903536,80290,-1
06504.wav,6503,6504,2903064428,48000,1,3.126,150050,17370816,35023,-1
06505.wav,6504,6505,2903139147,48000,1,2.646,127006,105466912,28641,-1
06506.wav,6505,6506,2903248589,48000,1,8.210,394102,63478416,89928,-1
06507.wav,6506,6507,2903303310,48000,1,4.737,227380,46437360,50932,-1
06508.wav,6507,6508,2903317393,48000,1,1.714,82257,342974640,14160,-1
06509.wav,6508,6509,2903358031,48000,1,6.550,314384,26378640,77248,-1
06510.wav,6509,6510,2903707376,48000,1,8.884,426425,182872688,101991,-1
06511.wav,6510,6511,2904241067,48000,1,2.334,112053,423450528,20766,-1
06512.wav,6511,6512,2904523944,48000,1,5.532,265545,484235072,73870,-1
06513.wav,6512,6513,2904606319,48000,1,2.069,99335,492462320,25831,-1
06514.wav,6513,6514,2904631886,48000,1,3.301,158429,25026288,32916,-1
06515.wav,6514,6515,2904651884,48000,1,6.593,316455,138235184,70308,-1
06516.wav,6515,6516,2904816047,48000,1,7.132,342329,71139536,91565,-1
06517.wav,6516,6517,2904925489,48000,1,3.252,156093,34034928,36652,-1
06518.wav,6517,6518,2904945487,48000,1,6.403,307322,148010512,73860,-1
06519.wav,6518,6519,2905352074,48000,1,6.361,305333,521867504,78826,-1
06520.wav,6519,6520,2908511782,48000,1,5.809,278828,257638928,67247,-1
06521.wav,6520,6521,2908935846,48000,1,5.026,241242,340289040,42546,-1
06522.wav,6521,6522,2908990567,48000,1,9.502,456109,335411712,86708,-1
06523.wav,6522,6523,2909285191,48000,1,1.758,84364,384038592,21751,-1
06524.wav,6523,6524,2910543942,48000,1,2.143,102865,32330848,18200,-1
06525.wav,6524,6525,2910598663,48000,1,8.200,393590,8198544,95878,-1
06526.wav,6525,6526,2910893287,48000,1,2.446,117385,184919168,19331,-1
06527.wav,6526,6527,2911720396,48000,1,4.780,229446,233035552,58078,-1
06528.wav,6527,6528,2911990919,48000,1,1.999,95935,492098352,15900,-1
06529.wav,6528,6529,2912069741,48000,1,1.359,65234,298650896,10108,-1
06530.wav,6529,6530,2912111400,48000,1,2.539,121858,38775024,25784,-1
06531.wav,6530,6531,2912240840,48000,1,7.598,364720,105999280,82903,-1
06532.wav,6531,6532,2912405003,48000,1,2.139,102686,47196720,19617,-1
06533.wav,6532,6533,2912514445,48000,1,6.507,312344,1604560,72557,-1
06534.wav,6533,6534,2913233133,48000,1,7.663,367830,238586272,71712,-1
06535.wav,6534,6535,2914744307,48000,1,8.316,399172,479377392,114098,-1
06536.wav,6535,6536,2914787266,48000,1,8.176,392470,440450688,107394,-1
06537.wav,6536,6537,2915491591,48000,1,1.812,86958,396419312,18955,-1
06538.wav,6537,6538,2915577294,48000,1,2.735,131295,158705888,25944,-1
06539.wav,6538,6539,2916047038,48000,1,7.880,378254,320271472,85948,-1
06540.wav,6539,6540,2917504033,48000,1,8.979,431006,279578512,100586,-1
06541.wav,6540,6541,2917613475,48000,1,4.543,218084,258868752,45400,-1
06542.wav,6541,6542,2918428629,48000,1,5.886,282523,543118416,68988,-1
06543.wav,6542,6543,2919352032,48000,1,5.185,248897,23776720,59501,-1
06544.wav,6543,6544,2920301103,48000,1,7.059,338817,514057504,116163,-1
06545.wav,6544,6545,2921407253,48000,1,6.666,319975,151632080,80548,-1
06546.wav,6545,6546,2921461974,48000,1,3.657,175552,126524960,32786,-1
06547.wav,6546,6547,2921764523,48000,1,1.692,81222,481177312,14733,-1
06548.wav,6547,6548,2922149102,48000,1,7.856,377097,468959120,105250,-1
06549.wav,6548,6549,2922498447,48000,1,3.447,165464,491701040,30775,-1
06550.wav,6549,6550,2925157709,48000,1,2.980,143026,283146816,24022,-1
06551.wav,6550,6551,2925265796,48000,1,1.531,73496,501583920,11807,-1
06552.wav,6551,6552,2927313394,48000,1,8.244,395715,338877808,92611,-1
06553.wav,6552,6553,2927648656,48000,1,4.875,234023,186534688,59441,-1
06554.wav,6553,6554,2928075241,48000,1,6.980,335048,540406720,87855,-1
06555.wav,6554,6555,2928757327,48000,1,2.297,110247,87985712,15761,-1
06556.wav,6555,6556,2928812048,48000,1,2.957,141918,66821088,23758,-1
06557.wav,6556,6557,2928814569,48000,1,8.636,414541,496834592,81048,-1
06558.wav,6557,6558,2928996209,48000,1,5.508,264383,117381328,68257,-1
06559.wav,6558,6559,2929025130,48000,1,6.555,314623,309924048,81338,-1
06560.wav,6559,6560,2929050930,48000,1,3.953,189748,98488336,39547,-1
06561.wav,6560,6561,2930034508,48000,1,0.947,45476,33616,16961,-1
06562.wav,6561,6562,2930508946,48000,1,5.888,282600,152651808,74640,-1
06563.wav,6562,6563,2932058861,48000,1,1.383,66367,210334864,27182,-1
06564.wav,6563,6564,2932117800,48000,1,11.730,563041,413736976,100852,-1
06565.wav,6564,6565,2932507783,48000,1,6.555,314622,251197456,84596,-1
06566.wav,6565,6566,2933322851,48000,1,2.933,140807,212961616,29650,-1
06567.wav,6566,6567,2934246340,48000,1,2.709,130043,18799040,26641,-1
06568.wav,6567,6568,2934424586,48000,1,2.230,107033,319306976,20770,-1
06569.wav,6568,6569,2934772910,48000,1,7.597,364649,314968432,82319,-1
06570.wav,6569,6570,2934902350,48000,1,4.980,239063,331254768,52580,-1
06571.wav,6570,6571,2935128170,48000,1,4.855,233047,189096368,57534,-1
06572.wav,6571,6572,2936127399,48000,1,8.310,398903,149966480,88044,-1
06573.wav,6572,6573,2936178726,48000,1,1.930,92646,550790704,16739,-1
06574.wav,6573,6574,2936233447,48000,1,2.449,117529,549911984,25015,-1
06575.wav,6574,6575,2936236841,48000,1,1.773,85088,102763136,15824,-1
06576.wav,6575,6576,2936291562,48000,1,3.440,165104,81454592,37085,-1
06577.wav,6576,6577,2936805070,48000,1,8.706,417892,180674656,101302,-1
06578.wav,6577,6578,2937859020,48000,1,2.921,140203,89507376,30160,-1
06579.wav,6578,6579,2938740308,48000,1,7.052,338502,471141184,96359,-1
06580.wav,6579,6580,2939760017,48000,1,3.893,186840,541784400,39131,-1
06581.wav,6580,6581,2940043039,48000,1,5.438,261013,317908944,57703,-1
06582.wav,6581,6582,2940443114,48000,1,5.439,261069,173024160,61316,-1
06583.wav,6582,6583,2940924869,48000,1,3.773,181116,373608384,57169,-1
06584.wav,6583,6584,2941328935,48000,1,7.950,381619,405565440,76275,-1
06585.wav,6584,6585,2941609476,48000,1,6.653,319345,252748400,85228,-1
06586.wav,6585,6586,2942088261,48000,1,4.304,206581,333585264,47179,-1
06587.wav,6586,6587,2942450668,48000,1,3.436,164950,449370736,42458,-1
06588.wav,6587,6588,2943067492,48000,1,2.358,113172,280920176,20639,-1
06589.wav,6588,6589,2943238591,48000,1,3.621,173802,60263200,39040,-1
06590.wav,6589,6590,2943293312,48000,1,1.575,75607,39731088,12474,-1
06591.wav,6590,6591,2943309385,48000,1,1.129,54195,177514416,20110,-1
06592.wav,6591,6592,2943600998,48000,1,8.378,402165,346138672,96802,-1
06593.wav,6592,6593,2943605736,48000,1,1.600,76816,210921856,25478,-1
06594.wav,6593,6594,2945403254,48000,1,6.198,297503,147109040,70866,-1
06595.wav,6594,6595,2945460496,48000,1,3.949,189564,500313472,46368,-1
06596.wav,6595,6596,2945512696,48000,1,5.390,258742,100713504,60276,-1
06597.wav,6596,6597,2946010375,48000,1,2.717,130413,156919008,29402,-1
06598.wav,6597,6598,2946452789,48000,1,5.928,284543,537184624,70263,-1
06599.wav,6598,6599,2947827045,48000,1,8.918,428053,563054640,95705,-1
06600.wav,6599,6600,2947842001,48000,1,5.278,253364,473199024,58005,-1
06601.wav,6600,6601,2948124863,48000,1,7.710,370097,464607232,82060,-1
06602.wav,6601,6602,2949507139,48000,1,8.135,390478,439675392,111282,-1
06603.wav,6602,6603,2949751821,48000,1,2.671,128221,242141392,24814,-1
06604.wav,6603,6604,2950317102,48000,1,1.942,93220,222762592,18248,-1
06605.wav,6604,6605,2950371823,48000,1,3.818,183276,219756864,40942,-1
06606.wav,6605,6606,2950637807,48000,1,2.007,96338,810496,31685,-1
06607.wav,6606,6607,2951001709,48000,1,4.265,204730,31870496,43575,-1
06608.wav,6607,6608,2951056430,48000,1,8.242,395636,7243840,93787,-1
06609.wav,6608,6609,2951520366,48000,1,0.503,24144,354294512,9544,-1
06610.wav,6609,6610,2951952343,48000,1,7.423,356319,391701568,106714,-1
06611.wav,6610,6611,2952071242,48000,1,7.837,376167,531183776,89680,-1
06612.wav,6611,6612,2952514446,48000,1,3.468,166464,58414784,33121,-1
06613.wav,6612,6613,2952527508,48000,1,5.720,274556,297635440,70988,-1
06614.wav,6613,6614,2952589165,48000,1,7.035,337671,153670464,86868,-1
06615.wav,6614,6615,2952623888,48000,1,6.450,309617,17485760,77779,-1
06616.wav,6615,6616,2953102673,48000,1,6.018,288862,198342464,69328,-1
06617.wav,6616,6617,2953324078,48000,1,4.142,198802,505612032,65543,-1
06618.wav,6617,6618,2954266065,48000,1,6.917,332021,113281328,72318,-1
06619.wav,6618,6619,2954320786,48000,1,3.324,159533,93692880,28825,-1
06620.wav,6619,6620,2954562189,48000,1,6.154,295403,501198672,42735,-1
06621.wav,6620,6621,2954911534,48000,1,3.929,188610,522045936,53376,-1
06622.wav,6621,6622,2955592712,48000,1,5.769,276933,208044720,63013,-1
06623.wav,6622,6623,2958071242,48000,1,7.602,364897,257706208,96016,-1
06624.wav,6623,6624,2958258945,48000,1,2.132,102313,551067360,20152,-1
06625.wav,6624,6625,2958365866,48000,1,10.107,485125,323146128,114232,-1
06626.wav,6625,6626,2958495306,48000,1,3.413,163820,340355392,24881,-1
06627.wav,6626,6627,2958844651,48000,1,6.784,325620,384356576,78173,-1
06628.wav,6627,6628,2959070471,48000,1,5.508,264399,227148928,59956,-1
06629.wav,6628,6629,2959528237,48000,1,3.627,174094,213729184,41734,-1
06630.wav,6629,6630,2959755078,48000,1,3.945,189359,42151616,44317,-1
06631.wav,6630,6631,2959781202,48000,1,6.328,303736,422001696,82500,-1
06632.wav,6631,6632,2959884518,48000,1,5.926,284454,111012560,70387,-1
06633.wav,6632,6633,2960171730,48000,1,6.398,307095,426106928,65445,-1
06634.wav,6633,6634,2960509989,48000,1,7.437,356967,506856368,133171,-1
06635.wav,6634,6635,2961002345,48000,1,2.089,100273,204417408,16934,-1
06636.wav,6635,6636,2961279856,48000,1,6.872,329850,233531568,78744,-1
06637.wav,6636,6637,2961561418,48000,1,7.736,371342,76761248,88123,-1
06638.wav,6637,6638,2961616139,48000,1,2.405,115455,59167664,14846,-1
06639.wav,6638,6639,2961670860,48000,1,9.474,454742,38897424,94925,-1
06640.wav,6639,6640,2961745579,48000,1,8.587,412165,129783696,95682,-1
06641.wav,6640,6641,2961800300,48000,1,4.011,192508,106082224,37592,-1
06642.wav,6641,6642,2961964463,48000,1,4.571,219394,47451552,52447,-1
06643.wav,6642,6643,2962261608,48000,1,5.725,274786,510282240,93273,-1
06644.wav,6643,6644,2963574131,48000,1,2.226,106868,396616880,21144,-1
06645.wav,6644,6645,2963912684,48000,1,1.338,64236,178346880,21445,-1
06646.wav,6645,6646,2964346726,48000,1,6.930,332618,440844960,105436,-1
06647.wav,6646,6647,2964401447,48000,1,3.090,148339,437425632,45468,-1
06648.wav,6647,6648,2964627267,48000,1,6.876,330035,370844896,86777,-1
06649.wav,6648,6649,2964681988,48000,1,7.932,380722,361717696,102506,-1
06650.wav,6649,6650,2965136754,48000,1,6.079,291802,162693248,56267,-1
06651.wav,6650,6651,2965202432,48000,1,7.038,337825,274353600,81009,-1
06652.wav,6651,6652,2965257153,48000,1,5.593,268488,261488112,68884,-1
06653.wav,6652,6653,2965606498,48000,1,4.373,209925,320394784,51001,-1
06654.wav,6653,6654,2965954822,48000,1,5.825,279600,316020816,64627,-1
06655.wav,6654,6655,2966249446,48000,1,7.921,380189,366623664,107233,-1
06656.wav,6655,6656,2966613674,48000,1,5.853,280935,166877088,65313,-1
06657.wav,6656,6657,2966714148,48000,1,2.398,115125,214326064,34923,-1
06658.wav,6657,6658,2967289313,48000,1,7.607,365140,36653952,73035,-1
06659.wav,6658,6659,2969860563,48000,1,4.367,209626,514466064,61172,-1
06660.wav,6659,6660,2970406572,48000,1,0.382,18359,352674640,7745,-1
06661.wav,6660,6661,2970702923,48000,1,1.871,89803,402614096,25458,-1
06662.wav,6661,6662,2972216850,48000,1,3.234,155229,451284352,40818,-1
06663.wav,6662,6663,2974403826,48000,1,6.342,304425,423661536,65160,-1
06664.wav,6663,6664,2974997710,48000,1,5.652,271295,27298240,69812,-1
06665.wav,6664,6665,2975575318,48000,1,3.044,146101,566912288,31531,-1
06666.wav,6665,6666,2976346284,48000,1,1.936,92951,113682112,17307,-1
06667.wav,6666,6667,2976401005,48000,1,7.163,343848,94385056,88985,-1
06668.wav,6667,6668,2976619889,48000,1,7.879,378190,11632672,78077,-1
06669.wav,6668,6669,2976639887,48000,1,5.432,260719,123389056,64328,-1
06670.wav,6669,6670,2976749329,48000,1,2.957,141952,80889536,29671,-1
06671.wav,6670,6671,2976849008,48000,1,3.812,182992,423536048,33589,-1
06672.wav,6671,6672,2976991753,48000,1,9.118,437646,523100976,125892,-1
06673.wav,6672,6673,2977634701,48000,1,7.454,357804,540824752,97508,-1
06674.wav,6673,6674,2978262066,48000,1,4.404,211382,108669200,46270,-1
06675.wav,6674,6675,2978316787,48000,1,3.051,146426,88181376,27735,-1
06676.wav,6675,6676,2978612911,48000,1,5.705,273823,498345248,56113,-1
06677.wav,6676,6677,2981382636,48000,1,4.530,217422,373312080,48504,-1
06678.wav,6677,6678,2981953447,48000,1,3.125,149978,353526224,62318,-1
06679.wav,6678,6679,2982307146,48000,1,4.177,200484,326935696,34980,-1
06680.wav,6679,6680,2983360075,48000,1,3.767,180802,234244528,30036,-1
06681.wav,6680,6681,2983634701,48000,1,3.904,187407,259489872,43474,-1
06682.wav,6681,6682,2983641637,48000,1,5.885,282481,77795296,62524,-1
06683.wav,6682,6683,2983696358,48000,1,2.582,123929,59702480,21398,-1
06684.wav,6683,6684,2983805800,48000,1,7.477,358914,18908912,93160,-1
06685.wav,6684,6685,2983818862,48000,1,1.817,87239,283264272,16085,-1
06686.wav,6685,6686,2983989961,48000,1,6.953,333730,64839184,69148,-1
06687.wav,6686,6687,2984044682,48000,1,3.980,191049,48175712,45040,-1
06688.wav,6687,6688,2984099403,48000,1,7.684,368808,28310928,86401,-1
06689.wav,6688,6689,2984154124,48000,1,2.620,125754,2851552,21534,-1
06690.wav,6689,6690,2984461810,48000,1,8.024,385133,331510080,92032,-1
06691.wav,6690,6691,2984464331,48000,1,3.941,189174,551622880,42612,-1
06692.wav,6691,6692,2984598860,48000,1,1.642,78793,492177056,16605,-1
06693.wav,6692,6693,2985666861,48000,1,2.937,140954,35744928,31053,-1
06694.wav,6693,6694,2985721582,48000,1,2.701,129648,12938432,35817,-1
06695.wav,6694,6695,2985796301,48000,1,5.402,259301,102906192,54093,-1
06696.wav,6695,6696,2985905743,48000,1,6.782,325543,61982688,81740,-1
06697.wav,6696,6697,2985960464,48000,1,3.194,153319,42677872,32600,-1
06698.wav,6697,6698,2986739312,48000,1,6.616,317578,352221456,68488,-1
06699.wav,6698,6699,2987309038,48000,1,6.453,309740,136083232,86365,-1
06700.wav,6699,6700,2988099532,48000,1,1.432,68740,396503024,11098,-1
06701.wav,6700,6701,2988185235,48000,1,3.106,149079,158840464,32840,-1
06702.wav,6701,6702,2988582630,48000,1,6.006,288286,463205152,81922,-1
06703.wav,6702,6703,2989102053,48000,1,4.732,227152,417916576,42946,-1
06704.wav,6703,6704,2989493057,48000,1,1.548,74286,328038560,13275,-1
06705.wav,6704,6705,2989602499,48000,1,2.011,96532,317966688,19496,-1
06706.wav,6705,6706,2989731939,48000,1,7.957,381923,335578496,89413,-1
06707.wav,6706,6707,2990245447,48000,1,2.776,133256,364246896,34763,-1
06708.wav,6707,6708,2990671318,48000,1,2.486,119336,467209840,19207,-1
06709.wav,6708,6709,2990888395,48000,1,1.986,95310,405641760,18735,-1
06710.wav,6709,6710,2991168936,48000,1,5.689,273059,252984784,62598,-1
06711.wav,6710,6711,2991647721,48000,1,5.691,273160,333836864,66276,-1
06712.wav,6711,6712,2991702442,48000,1,7.141,342777,328976416,68184,-1
06713.wav,6712,6713,2992907493,48000,1,5.792,278009,20093872,65711,-1
06714.wav,6713,6714,2994642116,48000,1,0.684,32855,211160752,11525,-1
06715.wav,6714,6715,2995019956,48000,1,7.374,353964,500641872,61800,-1
06716.wav,6715,6716,2995257456,48000,1,2.934,140812,568515648,47321,-1
06717.wav,6716,6717,2995344083,48000,1,1.997,95864,567194512,17166,-1
06718.wav,6717,6718,2995569835,48000,1,2.566,123150,158268416,27632,-1
06719.wav,6718,6719,2996801472,48000,1,7.016,336754,431299040,104629,-1
06720.wav,6719,6720,2997401461,48000,1,9.511,456530,473500176,101379,-1
06721.wav,6720,6721,2997873737,48000,1,1.840,88298,501650624,16097,-1
06722.wav,6721,6722,2998753351,48000,1,4.787,229770,350372544,51611,-1
06723.wav,6722,6723,3000451727,48000,1,4.667,224025,67352848,43515,-1
06724.wav,6723,6724,3000506448,48000,1,3.876,186043,49927536,37009,-1
06725.wav,6724,6725,3000615890,48000,1,8.029,385383,7419632,101688,-1
06726.wav,6725,6726,3000635888,48000,1,7.453,357767,118165792,84143,-1
06727.wav,6726,6727,3000690609,48000,1,2.615,125502,98937872,23494,-1
06728.wav,6727,6728,3000926097,48000,1,2.766,132771,552282320,30149,-1
06729.wav,6728,6729,3000987754,48000,1,6.381,306284,517590496,82992,-1
06730.wav,6729,6730,3001097196,48000,1,7.749,371930,512532720,142626,-1
06731.wav,6730,6731,3001149396,48000,1,4.176,200447,189803840,41665,-1
06732.wav,6731,6732,3001630702,48000,1,5.215,250331,531534304,53806,-1
06733.wav,6732,6733,3001737623,48000,1,4.225,202788,232081056,49645,-1
06734.wav,6733,6734,3002422230,48000,1,2.067,99219,46734064,15653,-1
06735.wav,6734,6735,3002479472,48000,1,2.013,96623,493975168,16749,-1
06736.wav,6735,6736,3002642449,48000,1,1.532,73518,127504,24438,-1
06737.wav,6736,6737,3007055537,48000,1,8.305,398617,356364512,106854,-1
06738.wav,6737,6738,3007692359,48000,1,1.545,74150,55255168,11488,-1
06739.wav,6738,6739,3007705421,48000,1,5.936,284948,293704384,69057,-1
06740.wav,6739,6740,3007818405,48000,1,4.137,198582,551149968,50493,-1
06741.wav,6740,6741,3007985962,48000,1,2.012,96579,62317984,18190,-1
06742.wav,6741,6742,3008040683,48000,1,7.335,352091,43290624,74750,-1
06743.wav,6742,6743,3008390028,48000,1,2.354,112983,186943408,23617,-1
06744.wav,6743,6744,3008404111,48000,1,8.456,405876,384746928,100324,-1
06745.wav,6744,6745,3008501991,48000,1,7.232,347115,504342400,127831,-1
06746.wav,6745,6746,3008629931,48000,1,4.944,237314,227324048,70784,-1
06747.wav,6746,6747,3009443978,48000,1,6.481,311108,111206720,78869,-1
06748.wav,6747,6748,3009737581,48000,1,7.034,337614,119196720,88193,-1
06749.wav,6748,6749,3009847023,48000,1,2.600,124813,78877920,24424,-1
06750.wav,6749,6750,3010089447,48000,1,6.907,331513,519221792,86320,-1
06751.wav,6750,6751,3010144168,48000,1,6.118,293670,515421136,70968,-1
06752.wav,6751,6752,3010171335,48000,1,5.958,285979,207609504,72598,-1
06753.wav,6752,6753,3012367958,48000,1,3.962,190155,542019536,40247,-1
06754.wav,6753,6754,3012620290,48000,1,8.371,401814,408633872,80770,-1
06755.wav,6754,6755,3013427401,48000,1,8.756,420276,429416160,130889,-1
06756.wav,6755,6756,3013960907,48000,1,8.467,406406,437691312,112353,-1
06757.wav,6756,6757,3014241448,48000,1,6.096,292615,361820240,80439,-1
06758.wav,6757,6758,3014761892,48000,1,7.766,372785,274434656,99397,-1
06759.wav,6758,6759,3014774954,48000,1,8.564,411049,412171696,73366,-1
06760.wav,6759,6760,3014816613,48000,1,4.065,195103,261874800,45534,-1
06761.wav,6760,6761,3015165958,48000,1,1.967,94407,320445824,13413,-1
06762.wav,6761,6762,3015643722,48000,1,9.283,445594,332576608,92615,-1
06763.wav,6762,6763,3015917326,48000,1,1.389,66686,177641440,20152,-1
06764.wav,6763,6764,3016173134,48000,1,4.255,204255,169018320,45863,-1
06765.wav,6764,6765,3016213677,48000,1,1.703,81735,211052096,28487,-1
06766.wav,6765,6766,3016231949,48000,1,5.496,263790,388838352,68408,-1
06767.wav,6766,6767,3016568232,48000,1,1.484,71222,285039104,10388,-1
06768.wav,6767,6768,3016622953,48000,1,4.813,231009,279679136,39862,-1
06769.wav,6768,6769,3016807114,48000,1,5.003,240146,294602128,53183,-1
06770.wav,6769,6770,3017156459,48000,1,5.601,268850,341420320,52526,-1
06771.wav,6770,6771,3017382279,48000,1,5.234,251216,196274016,58523,-1
06772.wav,6771,6772,3018618316,48000,1,2.761,132551,157044368,31406,-1
06773.wav,6772,6773,3019466724,48000,1,6.505,312223,564166384,76703,-1
06774.wav,6773,6774,3019481680,48000,1,4.490,215507,474544192,58295,-1
06775.wav,6774,6775,3019764542,48000,1,6.473,310698,465793936,80008,-1
06776.wav,6775,6776,3021427359,48000,1,3.860,185268,365753856,57504,-1
06777.wav,6776,6777,3022002524,48000,1,4.890,234721,266652784,51241,-1
06778.wav,6777,6778,3023288420,48000,1,1.783,85582,370931712,15917,-1
06779.wav,6778,6779,3024557170,48000,1,4.511,216551,27504592,56451,-1
06780.wav,6779,6780,3025320933,48000,1,6.262,300598,246093216,75847,-1
06781.wav,6780,6781,3026363510,48000,1,2.301,110453,61683696,20860,-1
06782.wav,6781,6782,3027194161,48000,1,5.789,277870,541323664,70587,-1
06783.wav,6782,6783,3027696173,48000,1,3.638,174643,424761360,35115,-1
06784.wav,6783,6784,3027766805,48000,1,3.094,148504,134896224,32081,-1
06785.wav,6784,6785,3028060408,48000,1,6.350,304792,144788384,78888,-1
06786.wav,6785,6786,3029744362,48000,1,2.394,114898,241847088,21684,-1
06787.wav,6786,6787,3031763989,48000,1,3.019,144891,401812864,44164,-1
06788.wav,6787,6788,3032919535,48000,1,6.041,289978,234634112,56565,-1
06789.wav,6788,6789,3033084719,48000,1,6.154,295393,280652368,70024,-1
06790.wav,6789,6790,3033365260,48000,1,5.208,249965,19108640,55504,-1
06791.wav,6790,6791,3033378322,48000,1,6.142,294818,283494096,63056,-1
06792.wav,6791,6792,3033439979,48000,1,3.698,177527,106633536,37552,-1
06793.wav,6792,6793,3033549421,48000,1,1.790,85913,65042368,15465,-1
06794.wav,6793,6794,3033604142,48000,1,4.716,226350,48303280,57854,-1
06795.wav,6794,6795,3033658863,48000,1,4.514,216687,28538384,56224,-1
06796.wav,6795,6796,3033678861,48000,1,4.740,227522,141936400,56115,-1
06797.wav,6796,6797,3033713584,48000,1,4.320,207337,3312992,49851,-1
06798.wav,6797,6798,3033844045,48000,1,5.686,272950,200187568,66947,-1
06799.wav,6798,6799,3035410482,48000,1,4.039,193884,81742416,41915,-1
06800.wav,6799,6800,3035652906,48000,1,8.180,392642,524672400,121489,-1
06801.wav,6800,6801,3037149797,48000,1,5.671,272205,435393920,64950,-1
06802.wav,6801,6802,3037744695,48000,1,8.007,384345,163007856,86590,-1
06803.wav,6802,6803,3038142090,48000,1,7.107,341159,463458960,88329,-1
06804.wav,6803,6804,3038648451,48000,1,5.226,250844,285744736,55709,-1
06805.wav,6804,6805,3039065579,48000,1,2.913,139813,433397120,35527,-1
06806.wav,6805,6806,3039221615,48000,1,2.914,139860,167204848,31556,-1
06807.wav,6806,6807,3039236678,48000,1,1.604,77015,342078080,11988,-1
06808.wav,6807,6808,3039586023,48000,1,5.139,246675,387088784,47404,-1
06809.wav,6808,6809,3039804907,48000,1,4.165,199932,364554256,58422,-1
06810.wav,6809,6810,3040160167,48000,1,6.418,308067,225963376,95323,-1
06811.wav,6810,6811,3040680611,48000,1,2.377,114077,92386832,17053,-1
06812.wav,6811,6812,3040735332,48000,1,4.531,217503,70057936,59884,-1
06813.wav,6812,6813,3041378280,48000,1,4.641,222749,195862960,50426,-1
06814.wav,6813,6814,3041433001,48000,1,10.955,525831,190787168,113168,-1
06815.wav,6814,6815,3041618183,48000,1,3.537,169752,240163024,62049,-1
06816.wav,6815,6816,3042177223,48000,1,0.846,40625,1402576,16483,-1
06817.wav,6816,6817,3042466953,48000,1,6.078,291762,20228304,69511,-1
06818.wav,6817,6818,3042945738,48000,1,5.585,268076,201522832,62141,-1
06819.wav,6818,6819,3043014513,48000,1,1.014,48648,352738128,21224,-1
06820.wav,6819,6820,3043019239,48000,1,1.555,74638,307241760,12544,-1
06821.wav,6820,6821,3043338955,48000,1,4.994,239731,556862976,61199,-1
06822.wav,6821,6822,3043905225,48000,1,2.516,120750,177992960,32660,-1
06823.wav,6822,6823,3044848195,48000,1,1.773,85117,430642016,20510,-1
06824.wav,6823,6824,3045129295,48000,1,6.924,332370,161768544,60427,-1
06825.wav,6824,6825,3046360932,48000,1,9.810,470882,432038304,152940,-1
06826.wav,6825,6826,3047750144,48000,1,7.351,352839,287031728,82844,-1
06827.wav,6826,6827,3048263652,48000,1,3.095,148580,318688752,31938,-1
06828.wav,6827,6828,3050140627,48000,1,2.304,110601,145474992,21748,-1
06829.wav,6828,6829,3050547214,48000,1,3.394,162925,517821104,25009,-1
06830.wav,6829,6830,3050656656,48000,1,5.882,282338,513253360,79358,-1
06831.wav,6830,6831,3051762806,48000,1,3.745,179742,129071056,34736,-1
06832.wav,6831,6832,3051888515,48000,1,6.775,325199,175329856,87250,-1
06833.wav,6832,6833,3052209391,48000,1,2.539,121853,450850512,25554,-1
06834.wav,6833,6834,3052862236,48000,1,6.657,319553,461188672,80176,-1
06835.wav,6834,6835,3053331974,48000,1,4.409,211642,349894464,46598,-1
06836.wav,6835,6836,3055349099,48000,1,8.798,422285,300092704,97610,-1
06837.wav,6836,6837,3056467533,48000,1,10.447,501435,401144912,115367,-1
06838.wav,6837,6838,3056617518,48000,1,3.434,164836,559178784,36323,-1
06839.wav,6838,6839,3056841549,48000,1,2.704,129802,423274304,26021,-1
06840.wav,6839,6840,3057142377,48000,1,5.400,259187,96487456,57360,-1
06841.wav,6840,6841,3057361261,48000,1,2.542,122015,13855952,24541,-1
06842.wav,6841,6842,3057377865,48000,1,4.738,227416,551383568,55983,-1
06843.wav,6842,6843,3057490701,48000,1,5.542,266027,82078848,60440,-1
06844.wav,6843,6844,3057600143,48000,1,9.344,448535,43491120,93338,-1
06845.wav,6844,6845,3057614226,48000,1,7.340,352301,340704784,61368,-1
06846.wav,6845,6846,3057733125,48000,1,5.955,285823,525910128,97363,-1
06847.wav,6846,6847,3058948717,48000,1,2.326,111650,136576768,24804,-1
06848.wav,6847,6848,3059003438,48000,1,3.907,187518,111534640,38364,-1
06849.wav,6848,6849,3059112880,48000,1,9.097,436652,68152224,88765,-1
06850.wav,6849,6850,3059167601,48000,1,5.218,250474,51298160,61276,-1
06851.wav,6850,6851,3059297041,48000,1,4.885,234496,119627680,58965,-1
06852.wav,6851,6852,3059406483,48000,1,5.108,245167,78940992,54352,-1
06853.wav,6852,6853,3059824914,48000,1,2.178,104557,169305952,21567,-1
06854.wav,6853,6854,3062657514,48000,1,2.364,113495,413939856,23538,-1
06855.wav,6854,6855,3063103239,48000,1,7.104,341011,322181632,61874,-1
06856.wav,6855,6856,3063160481,48000,1,1.745,83742,546484176,14383,-1
06857.wav,6856,6857,3063279259,48000,1,2.125,101997,467304448,17933,-1
06858.wav,6857,6858,3063287400,48000,1,4.530,217428,334759408,48593,-1
06859.wav,6858,6859,3063399363,48000,1,1.821,87421,548612512,14842,-1
06860.wav,6859,6860,3063622662,48000,1,4.109,197221,179323728,37112,-1
06861.wav,6860,6861,3064505513,48000,1,3.665,175924,290324208,33345,-1
06862.wav,6861,6862,3064585444,48000,1,1.176,56456,211172320,19901,-1
06863.wav,6862,6863,3064727939,48000,1,3.209,154024,547094496,36779,-1
06864.wav,6863,6864,3064749958,48000,1,5.451,261669,207086256,67197,-1
06865.wav,6864,6865,3064840775,48000,1,5.863,281436,30010464,74869,-1
06866.wav,6865,6866,3064966821,48000,1,2.449,117529,549475568,25025,-1
06867.wav,6866,6867,3065025957,48000,1,6.534,313630,201895280,77951,-1
06868.wav,6867,6868,3065203182,48000,1,3.528,169333,332769104,38339,-1
06869.wav,6868,6869,3065257903,48000,1,6.061,290934,328384528,63807,-1
06870.wav,6869,6870,3065484744,48000,1,3.095,148582,218935456,24747,-1
06871.wav,6870,6871,3066353512,48000,1,4.228,202962,56214368,50475,-1
06872.wav,6871,6872,3066408233,48000,1,1.930,92644,36817456,17412,-1
06873.wav,6872,6873,3067787246,48000,1,2.730,131020,567965872,29455,-1
06874.wav,6873,6874,3067865397,48000,1,2.904,139389,568745792,51525,-1
06875.wav,6874,6875,3068177776,48000,1,2.921,140223,158430224,30706,-1
06876.wav,6875,6876,3069041140,48000,1,5.849,280747,474891248,80886,-1
06877.wav,6876,6877,3069654696,48000,1,6.729,322977,161316000,70364,-1
06878.wav,6877,6878,3070116426,48000,1,2.234,107215,436295552,21337,-1
06879.wav,6878,6879,3070986819,48000,1,4.360,209266,366006272,56419,-1
06880.wav,6879,6880,3071561984,48000,1,5.170,248139,266731120,63736,-1
06881.wav,6880,6881,3071800866,48000,1,5.567,267204,279022016,59841,-1
06882.wav,6881,6882,3071855587,48000,1,5.851,280872,270277328,82179,-1
06883.wav,6882,6883,3071910308,48000,1,8.643,414874,254961776,87786,-1
06884.wav,6883,6884,3071975400,48000,1,3.416,163972,306594448,29284,-1
06885.wav,6884,6885,3074359054,48000,1,2.185,104886,510041488,22164,-1
06886.wav,6885,6886,3075220865,48000,1,3.707,177954,402064960,44094,-1
06887.wav,6886,6887,3076110673,48000,1,7.935,380857,523947344,98346,-1
06888.wav,6887,6888,3077866278,48000,1,1.499,71942,501450976,11499,-1
06889.wav,6888,6889,3079643717,48000,1,5.022,241045,175775792,53840,-1
06890.wav,6889,6890,3079899556,48000,1,3.611,173339,245515392,43119,-1
06891.wav,6890,6891,3080617934,48000,1,6.235,299292,224649520,90088,-1
06892.wav,6891,6892,3081138378,48000,1,4.839,232258,91133808,59272,-1
06893.wav,6892,6893,3081247820,48000,1,4.607,221153,52088064,42888,-1
06894.wav,6893,6894,3081260882,48000,1,2.808,134774,292803344,30970,-1
06895.wav,6894,6895,3081431981,48000,1,5.291,253951,100207728,43251,-1
06896.wav,6895,6896,3082369553,48000,1,3.953,189767,241029712,46767,-1
06897.wav,6896,6897,3082760557,48000,1,8.329,399812,78157792,94884,-1
06898.wav,6897,6898,3082762057,48000,1,2.181,104675,486343968,24914,-1
06899.wav,6898,6899,3082924720,48000,1,3.453,165726,19194768,36356,-1
06900.wav,6899,6900,3083163602,48000,1,3.632,174326,48445856,40708,-1
06901.wav,6900,6901,3083218323,48000,1,7.987,383384,28676912,97328,-1
06902.wav,6901,6902,3084659343,48000,1,0.988,47438,210099872,18875,-1
06903.wav,6902,6903,3084805779,48000,1,5.569,267325,150421792,58839,-1
06904.wav,6903,6904,3085547628,48000,1,7.269,348905,468414336,98388,-1
06905.wav,6904,6905,3086414633,48000,1,9.358,449168,412811168,87489,-1
06906.wav,6905,6906,3086456292,48000,1,4.745,227737,262822528,57595,-1
06907.wav,6906,6907,3087632746,48000,1,3.336,160124,381996320,30936,-1
06908.wav,6907,6908,3087645808,48000,1,8.015,384744,443305376,86933,-1
06909.wav,6908,6909,3087851630,48000,1,2.763,132608,354489648,33015,-1
06910.wav,6909,6910,3087871628,48000,1,5.666,271969,390180160,86401,-1
06911.wav,6910,6911,3088317353,48000,1,5.235,251266,272042944,68934,-1
06912.wav,6911,6912,3088543173,48000,1,8.136,390510,16115296,86665,-1
06913.wav,6912,6913,3088721419,48000,1,5.937,284989,318079248,53479,-1
06914.wav,6913,6914,3088781075,48000,1,1.855,89062,169231296,17664,-1
06915.wav,6914,6915,3088782055,48000,1,4.079,195778,45318608,43258,-1
06916.wav,6915,6916,3088796138,48000,1,7.894,378891,342236080,70067,-1
06917.wav,6916,6917,3089021958,48000,1,3.259,156448,197240576,27595,-1
06918.wav,6917,6918,3089371303,48000,1,1.362,65364,229205120,9314,-1
06919.wav,6918,6919,3089610185,48000,1,4.135,198470,237594128,42689,-1
06920.wav,6919,6920,3089719627,48000,1,3.524,169147,226510352,35550,-1
06921.wav,6920,6921,3090123693,48000,1,3.314,159068,284955840,29594,-1
06922.wav,6921,6922,3090240071,48000,1,4.213,202215,92558272,36442,-1
06923.wav,6922,6923,3090294792,48000,1,5.756,276292,70276832,43349,-1
06924.wav,6923,6924,3090349513,48000,1,2.227,106902,52578176,16462,-1
06925.wav,6924,6925,3090417296,48000,1,7.253,348148,289149728,83663,-1
06926.wav,6925,6926,3090992461,48000,1,6.179,296606,191208688,65884,-1
06927.wav,6926,6927,3092046411,48000,1,9.375,449979,132871408,91239,-1
06928.wav,6927,6928,3092101132,48000,1,3.313,159033,107887344,38839,-1
06929.wav,6928,6929,3092155853,48000,1,5.930,284644,85053584,64490,-1
06930.wav,6929,6930,3093320003,48000,1,6.273,301093,459521488,77275,-1
06931.wav,6930,6931,3095221702,48000,1,7.097,340661,372720896,84926,-1
06932.wav,6931,6932,3095557985,48000,1,5.453,261743,263833440,65927,-1
06933.wav,6932,6933,3095906309,48000,1,7.647,367049,249210992,102165,-1
06934.wav,6933,6934,3095909867,48000,1,0.963,46228,177342144,17283,-1
06935.wav,6934,6935,3097048234,48000,1,3.028,145352,396146336,25640,-1
06936.wav,6935,6936,3098610857,48000,1,3.966,190388,156634080,43488,-1
06937.wav,6936,6937,3099700087,48000,1,2.668,128085,145573824,21962,-1
06938.wav,6937,6938,3100106674,48000,1,4.438,213033,518007664,52499,-1
06939.wav,6938,6939,3101456235,48000,1,1.336,64136,354304096,25366,-1
06940.wav,6939,6940,3102352303,48000,1,1.884,90433,241961792,15031,-1
06941.wav,6940,6941,3104371930,48000,1,0.975,46789,401954784,15335,-1
06942.wav,6941,6942,3105189100,48000,1,5.061,242908,65666304,56476,-1
06943.wav,6942,6943,3105353263,48000,1,7.072,339455,4465344,84991,-1
06944.wav,6943,6944,3105387344,48000,1,2.506,120283,346910640,24609,-1
06945.wav,6944,6945,3105831175,48000,1,2.576,123651,560460096,34766,-1
06946.wav,6945,6946,3106467138,48000,1,7.152,343288,174734384,90662,-1
06947.wav,6946,6947,3106885998,48000,1,3.791,181985,150920048,36513,-1
06948.wav,6947,6948,3107159603,48000,1,4.004,192210,43653136,41086,-1
06949.wav,6948,6949,3107398919,48000,1,4.045,194179,176734752,43905,-1
06950.wav,6949,6950,3107620911,48000,1,5.924,284331,504621424,85051,-1
06951.wav,6950,6951,3108856501,48000,1,4.130,198237,119911904,50728,-1
06952.wav,6951,6952,3108859022,48000,1,9.380,450249,500245424,68010,-1
06953.wav,6952,6953,3108913743,48000,1,4.206,201898,498483568,41608,-1
06954.wav,6953,6954,3109184744,48000,1,2.645,126961,209895856,44871,-1
06955.wav,6954,6955,3109324745,48000,1,7.762,372595,480072096,83550,-1
06956.wav,6955,6956,3109481095,48000,1,1.782,85523,248691568,26689,-1
06957.wav,6956,6957,3109877128,48000,1,6.748,323885,359013856,99610,-1
06958.wav,6957,6958,3111046156,48000,1,4.615,221536,400482064,64523,-1
06959.wav,6958,6959,3111756530,48000,1,0.878,42125,401486832,14190,-1
06960.wav,6959,6960,3112216974,48000,1,4.430,212622,414102048,43342,-1
06961.wav,6960,6961,3112313354,48000,1,3.982,191139,269629536,42482,-1
06962.wav,6961,6962,3112719941,48000,1,1.760,84467,546534032,14078,-1
06963.wav,6962,6963,3112792139,48000,1,7.750,372018,338017424,79963,-1
06964.wav,6963,6964,3112958823,48000,1,1.863,89448,548627392,15054,-1
06965.wav,6964,6965,3113997190,48000,1,8.334,400046,60618192,92921,-1
06966.wav,6965,6966,3114010252,48000,1,4.259,204418,301582528,53359,-1
06967.wav,6966,6967,3114174415,48000,1,4.167,200035,277017120,47296,-1
06968.wav,6967,6968,3114236072,48000,1,5.552,266484,86457456,55798,-1
06969.wav,6968,6969,3114290793,48000,1,5.662,271790,66153936,59143,-1
06970.wav,6969,6970,3114303855,48000,1,6.194,297326,304071264,67452,-1
06971.wav,6970,6971,3114400235,48000,1,3.271,156988,30229728,33836,-1
06972.wav,6971,6972,3114454956,48000,1,3.996,191793,6034272,43060,-1
06973.wav,6972,6973,3114785164,48000,1,0.714,34289,1473696,12524,-1
06974.wav,6973,6974,3115576689,48000,1,6.592,316427,229983664,62638,-1
06975.wav,6974,6975,3115912972,48000,1,1.715,82334,56685248,12443,-1
06976.wav,6975,6976,3116042412,48000,1,5.262,252557,126977632,49209,-1
06977.wav,6976,6977,3116151854,48000,1,4.701,225669,82661392,52696,-1
06978.wav,6977,6978,3116513166,48000,1,2.407,115559,178174976,35214,-1
06979.wav,6978,6979,3117737236,48000,1,5.616,269553,162061040,55606,-1
06980.wav,6979,6980,3119214156,48000,1,7.606,365107,166244800,80738,-1
06981.wav,6980,6981,3119510507,48000,1,3.091,148368,204152752,35297,-1
06982.wav,6981,6982,3120087492,48000,1,8.672,416275,330272784,104045,-1
06983.wav,6982,6983,3120196934,48000,1,3.799,182363,321269648,35782,-1
06984.wav,6983,6984,3121318667,48000,1,6.765,324720,415008528,72364,-1
06985.wav,6984,6985,3121469768,48000,1,8.511,408539,255438448,102804,-1
06986.wav,6985,6986,3121709671,48000,1,5.948,285512,327431904,61068,-1
06987.wav,6986,6987,3122241614,48000,1,9.172,440266,515172576,103627,-1
06988.wav,6987,6988,3122372150,48000,1,2.464,118290,451476192,34471,-1
06989.wav,6988,6989,3122405777,48000,1,7.462,358186,507735520,103560,-1
06990.wav,6989,6990,3122829841,48000,1,4.926,236466,533513248,61364,-1
06991.wav,6990,6991,3123153604,48000,1,1.418,68083,40644704,10159,-1
06992.wav,6991,6992,3123293161,48000,1,2.421,116231,568291824,33630,-1
06993.wav,6992,6993,3123303405,48000,1,1.389,66657,402374944,21327,-1
06994.wav,6993,6994,3124817332,48000,1,2.372,113842,451008480,29501,-1
06995.wav,6994,6995,3126514077,48000,1,3.905,187423,403534976,38785,-1
06996.wav,6995,6996,3128904560,48000,1,6.318,303280,294360576,65503,-1
06997.wav,6996,6997,3129005024,48000,1,2.578,123722,319414960,20453,-1
06998.wav,6997,6998,3129449490,48000,1,3.112,149377,423378672,27203,-1
06999.wav,6998,6999,3130011337,48000,1,4.527,217276,561306432,81786,-1
07000.wav,6999,7000,3130515177,48000,1,4.178,200561,483618000,61003,-1
07001.wav,7000,7001,3130588396,48000,1,3.654,175368,136925088,43122,-1
07002.wav,7001,7002,3130697838,48000,1,7.593,364485,91325104,89745,-1
07003.wav,7002,7003,3130862001,48000,1,4.593,220472,33342832,52637,-1
07004.wav,7003,7004,3130916722,48000,1,7.738,371441,9426672,80895,-1
07005.wav,7004,7005,3130993962,48000,1,8.029,385403,498944944,75243,-1
07006.wav,7005,7006,3131117487,48000,1,3.189,153080,554193056,35155,-1
07007.wav,7006,7007,3131931534,48000,1,5.591,268355,535236960,72698,-1
07008.wav,7007,7008,3132797781,48000,1,5.617,269614,142293936,56606,-1
07009.wav,7008,7009,3133320746,48000,1,4.472,214634,471422176,42911,-1
07010.wav,7009,7010,3135974093,48000,1,4.777,229292,412898704,41879,-1
07011.wav,7010,7011,3136713421,48000,1,3.603,172942,316580528,28824,-1
07012.wav,7011,7012,3137192206,48000,1,4.379,210170,382278720,49393,-1
07013.wav,7012,7013,3137199342,48000,1,1.846,88590,492030816,14587,-1
07014.wav,7013,7014,3137246927,48000,1,5.932,284739,374365120,69363,-1
07015.wav,7014,7015,3137301648,48000,1,7.112,341382,369973072,80620,-1
07016.wav,7015,7016,3137656908,48000,1,9.524,457140,230696544,74644,-1
07017.wav,7016,7017,3137767371,48000,1,4.113,197414,286378112,38438,-1
07018.wav,7017,7018,3137938470,48000,1,5.676,272463,75152832,53422,-1
07019.wav,7018,7019,3138006253,48000,1,9.755,468241,296338560,106015,-1
07020.wav,7019,7020,3138102633,48000,1,6.349,304755,16348400,77018,-1
07021.wav,7020,7021,3138286794,48000,1,2.312,110959,63042816,21034,-1
07022.wav,7021,7022,3138341515,48000,1,1.855,89021,45468080,15790,-1
07023.wav,7022,7023,3138581418,48000,1,7.202,345701,197548032,91070,-1
07024.wav,7023,7024,3139169645,48000,1,5.679,272590,237663712,77861,-1
07025.wav,7024,7025,3139333808,48000,1,2.635,126461,220349264,28393,-1
07026.wav,7025,7026,3139670091,48000,1,1.593,76448,24549376,12912,-1
07027.wav,7026,7027,3139744810,48000,1,4.122,197845,112585600,50776,-1
07028.wav,7027,7028,3139799531,48000,1,2.392,114826,92714416,17785,-1
07029.wav,7028,7029,3140093134,48000,1,3.472,166652,100773824,34073,-1
07030.wav,7029,7030,3140147855,48000,1,3.630,174228,80229040,43103,-1
07031.wav,7030,7031,3140202576,48000,1,2.290,109932,60966336,22162,-1
07032.wav,7031,7032,3141307824,48000,1,7.658,367570,310874240,89303,-1
07033.wav,7032,7033,3142262637,48000,1,4.403,211321,161673792,46148,-1
07034.wav,7033,7034,3142879463,48000,1,7.019,336906,459756640,91566,-1
07035.wav,7034,7035,3143269446,48000,1,4.046,194189,406216048,44701,-1
07036.wav,7035,7036,3143271800,48000,1,2.045,98138,467060128,16136,-1
07037.wav,7036,7037,3143549987,48000,1,7.672,368236,256160032,78652,-1
07038.wav,7037,7038,3143974051,48000,1,4.901,235237,339651408,42571,-1
07039.wav,7038,7039,3144583341,48000,1,4.165,199917,306748688,43683,-1
07040.wav,7039,7040,3145117445,48000,1,3.994,191710,263908384,43969,-1
07041.wav,7040,7041,3145192164,48000,1,3.032,145541,302150080,26703,-1
07042.wav,7041,7042,3145931492,48000,1,5.117,245600,184198912,47838,-1
07043.wav,7042,7043,3146814343,48000,1,3.629,174177,291382496,35145,-1
07044.wav,7043,7044,3147204326,48000,1,3.018,144849,17673872,29498,-1
07045.wav,7044,7045,3147828806,48000,1,1.007,48327,402223728,15681,-1
07046.wav,7045,7046,3148170317,48000,1,3.095,148568,158004336,36240,-1
07047.wav,7046,7047,3149666134,48000,1,12.411,595735,518262848,160618,-1
07048.wav,7047,7048,3150474219,48000,1,1.944,93335,501530672,15926,-1
07049.wav,7048,7049,3151683338,48000,1,6.114,293462,561936544,66135,-1
07050.wav,7049,7050,3151981156,48000,1,7.225,346778,461485904,79577,-1
07051.wav,7050,7051,3152946304,48000,1,4.130,198232,323260400,43990,-1
07052.wav,7051,7052,3153416590,48000,1,1.802,86496,548451184,15594,-1
07053.wav,7052,7053,3153530447,48000,1,4.877,234104,190384928,49791,-1
07054.wav,7053,7054,3154584397,48000,1,7.072,339440,132151072,81882,-1
07055.wav,7054,7055,3154639118,48000,1,9.187,440990,107676736,106679,-1
07056.wav,7055,7056,3154693839,48000,1,2.598,124725,84670880,23673,-1
07057.wav,7056,7057,3154748560,48000,1,5.156,247469,65812640,54096,-1
07058.wav,7057,7058,3154878000,48000,1,3.902,187316,142953072,37964,-1
07059.wav,7058,7059,3156445458,48000,1,6.552,314475,150956608,77342,-1
07060.wav,7059,7060,3156666863,48000,1,5.584,268030,496358288,63076,-1
07061.wav,7060,7061,3157267284,48000,1,2.350,112800,210251808,37460,-1
07062.wav,7061,7062,3158884205,48000,1,8.054,386601,480585680,102089,-1
07063.wav,7062,7063,3159327146,48000,1,3.766,180785,376307920,51485,-1
07064.wav,7063,7064,3159436588,48000,1,3.986,191339,359556112,54291,-1
07065.wav,7064,7065,3159860652,48000,1,6.853,328928,419264384,57343,-1
07066.wav,7065,7066,3160435817,48000,1,7.761,372523,342828960,80690,-1
07067.wav,7066,7067,3161010982,48000,1,6.438,309027,229754192,71586,-1
07068.wav,7067,7068,3161188207,48000,1,3.165,151912,379829952,32304,-1
07069.wav,7068,7069,3161989192,48000,1,4.358,209194,53097120,43975,-1
07070.wav,7069,7070,3162279401,48000,1,2.365,113536,546548144,24310,-1
07071.wav,7070,7071,3162351599,48000,1,5.836,280113,338328096,67167,-1
07072.wav,7071,7072,3163220367,48000,1,4.569,219317,237151840,53809,-1
07073.wav,7072,7073,3163559171,48000,1,8.059,386836,495045504,81986,-1
07074.wav,7073,7074,3163666092,48000,1,4.349,208740,20834800,49782,-1
07075.wav,7074,7075,3163686090,48000,1,5.173,248316,133719888,63468,-1
07076.wav,7075,7076,3163795532,48000,1,6.734,323224,86854192,78324,-1
07077.wav,7076,7077,3163959695,48000,1,3.938,189048,30472752,45782,-1
07078.wav,7077,7078,3164144877,48000,1,1.458,69990,202268128,10415,-1
07079.wav,7078,7079,3165547151,48000,1,6.368,305651,152186144,80240,-1
07080.wav,7079,7080,3165601872,48000,1,7.931,380670,127110272,89239,-1
07081.wav,7080,7081,3167545988,48000,1,7.223,346722,250354752,87520,-1
07082.wav,7081,7082,3167875406,48000,1,8.271,397020,209130912,94948,-1
07083.wav,7082,7083,3168387180,48000,1,6.856,329075,446935456,93721,-1
07084.wav,7083,7084,3168517808,48000,1,1.052,50515,177427568,19756,-1
07085.wav,7084,7085,3168832905,48000,1,2.777,133315,407094848,30164,-1
07086.wav,7085,7086,3168949283,48000,1,7.136,342505,288284864,78688,-1
07087.wav,7086,7087,3169633890,48000,1,5.154,247411,179048480,48986,-1
07088.wav,7087,7088,3169656175,48000,1,4.074,195568,396368432,50846,-1
07089.wav,7088,7089,3170351557,48000,1,7.276,349232,238397136,101933,-1
07090.wav,7089,7090,3170926722,48000,1,4.125,198000,113865456,47952,-1
07091.wav,7090,7091,3170981443,48000,1,4.101,196837,94804864,49799,-1
07092.wav,7091,7092,3171218798,48000,1,2.771,133025,156796208,33134,-1
07093.wav,7092,7093,3172389301,48000,1,6.976,334837,533781648,83461,-1
07094.wav,7093,7094,3173183350,48000,1,9.051,434461,494170224,91971,-1
07095.wav,7094,7095,3173778513,48000,1,6.325,303594,469967648,80554,-1
07096.wav,7095,7096,3174061375,48000,1,5.707,273925,462079328,67266,-1
07097.wav,7096,7097,3176367140,48000,1,2.917,139993,405209440,35453,-1
07098.wav,7097,7098,3177303149,48000,1,1.661,79742,552230560,14475,-1
07099.wav,7098,7099,3178799282,48000,1,3.270,156965,44625808,34017,-1
07100.wav,7099,7100,3178870607,48000,1,1.928,92533,552926752,17720,-1
07101.wav,7100,7101,3179889445,48000,1,6.694,321314,207310816,70800,-1
07102.wav,7101,7102,3180257298,48000,1,6.358,305200,91699104,74517,-1
07103.wav,7102,7103,3180312019,48000,1,4.907,235517,69379072,58302,-1
07104.wav,7103,7104,3180496180,48000,1,3.437,164989,120759792,28937,-1
07105.wav,7104,7105,3181490994,48000,1,7.107,341159,535516096,93046,-1
07106.wav,7105,7106,3181575612,48000,1,4.955,237844,454194784,59837,-1
07107.wav,7106,7107,3181792685,48000,1,1.402,67302,210053600,25791,-1
07108.wav,7107,7108,3181797411,48000,1,2.762,132570,170100144,29904,-1
07109.wav,7108,7109,3182344844,48000,1,1.428,68550,241706784,10007,-1
07110.wav,7109,7110,3183953033,48000,1,7.685,368886,269985280,103914,-1
07111.wav,7110,7111,3184007754,48000,1,7.527,361312,254716032,100121,-1
07112.wav,7111,7112,3184364471,48000,1,3.182,152723,401570832,41883,-1
07113.wav,7112,7113,3184468463,48000,1,6.330,303817,425312640,56088,-1
07114.wav,7113,7114,3185746311,48000,1,7.356,353106,21274640,87336,-1
07115.wav,7114,7115,3185927078,48000,1,1.771,85020,547303248,14080,-1
07116.wav,7115,7116,3186039914,48000,1,6.411,307734,31211360,73387,-1
07117.wav,7116,7117,3187217389,48000,1,8.403,403326,303836224,102371,-1
07118.wav,7117,7118,3187326831,48000,1,4.830,231841,286518832,37225,-1
07119.wav,7118,7119,3187552651,48000,1,4.973,238719,57389712,50208,-1
07120.wav,7119,7120,3187565713,48000,1,6.651,319227,296735232,79843,-1
07121.wav,7120,7121,3187662093,48000,1,7.095,340545,16640160,81551,-1
07122.wav,7121,7122,3187682091,48000,1,4.168,200048,127728560,45077,-1
07123.wav,7122,7123,3187791533,48000,1,6.552,314517,82905888,73533,-1
07124.wav,7123,7124,3187955696,48000,1,5.360,257279,25829616,58551,-1
07125.wav,7124,7125,3189249549,48000,1,3.905,187422,137800560,41169,-1
07126.wav,7125,7126,3189473636,48000,1,0.500,24000,248366496,10631,-1
07127.wav,7126,7127,3191822097,48000,1,7.720,370575,166594128,85894,-1
07128.wav,7127,7128,3192438923,48000,1,3.724,178757,460016032,44510,-1
07129.wav,7128,7129,3192705257,48000,1,1.678,80563,526723584,13071,-1
07130.wav,7129,7130,3193109447,48000,1,7.672,368265,256420704,93501,-1
07131.wav,7130,7131,3193404071,48000,1,6.970,334540,322763344,81444,-1
07132.wav,7131,7132,3193590753,48000,1,2.558,122763,552576784,27372,-1
07133.wav,7132,7133,3193882856,48000,1,4.988,239437,383058032,72258,-1
07134.wav,7133,7134,3194218118,48000,1,1.442,69228,217166704,10008,-1
07135.wav,7134,7135,3194676905,48000,1,5.923,284292,264110880,71553,-1
07136.wav,7135,7136,3194793283,48000,1,2.118,101653,41836192,17043,-1
07137.wav,7136,7137,3194977444,48000,1,2.800,134382,89382160,24616,-1
07138.wav,7137,7138,3194980091,48000,1,1.919,92132,451684224,21664,-1
07139.wav,7138,7139,3195086886,48000,1,8.881,426278,50139024,91086,-1
07140.wav,7139,7140,3195155690,48000,1,4.816,231187,336788992,47927,-1
07141.wav,7140,7141,3195619721,48000,1,2.364,113466,307076368,24680,-1
07142.wav,7141,7142,3195911346,48000,1,1.719,82527,402507120,25297,-1
07143.wav,7142,7143,3196654344,48000,1,7.260,348488,58674720,77285,-1
07144.wav,7143,7144,3196709065,48000,1,6.051,290430,38444816,57956,-1
07145.wav,7144,7145,3197124630,48000,1,10.172,488248,496149168,101110,-1
07146.wav,7145,7146,3198906146,48000,1,7.479,359012,427721664,104837,-1
07147.wav,7146,7147,3199341972,48000,1,6.535,313661,478384512,84454,-1
07148.wav,7147,7148,3199426590,48000,1,3.788,181804,355164496,37167,-1
07149.wav,7148,7149,3199569092,48000,1,4.609,221239,449310624,60073,-1
07150.wav,7149,7150,3199720193,48000,1,3.810,182884,360973760,37875,-1
07151.wav,7150,7151,3200295358,48000,1,5.080,243832,260401584,54847,-1
07152.wav,7151,7152,3200719422,48000,1,6.148,295110,346058176,45864,-1
07153.wav,7152,7153,3200774143,48000,1,3.570,171344,336016848,35672,-1
07154.wav,7153,7154,3202748513,48000,1,2.153,103346,314022256,33534,-1
07155.wav,7154,7155,3203571213,48000,1,6.910,331703,536990096,82607,-1
07156.wav,7155,7156,3204143857,48000,1,5.733,275172,132586816,57709,-1
07157.wav,7156,7157,3204253299,48000,1,7.761,372549,84741888,88295,-1
07158.wav,7157,7158,3204362741,48000,1,5.112,245378,48758912,56133,-1
07159.wav,7158,7159,3204417462,48000,1,6.716,322349,29473808,80674,-1
07160.wav,7159,7160,3208443665,48000,1,5.425,260412,480998656,64684,-1
07161.wav,7160,7161,3208844947,48000,1,5.621,269803,445222368,85686,-1
07162.wav,7161,7162,3209442031,48000,1,2.076,99630,423132032,18496,-1
07163.wav,7162,7163,3209645932,48000,1,6.520,312970,297457136,62290,-1
07164.wav,7163,7164,3209780584,48000,1,2.340,112321,210646032,43486,-1
07165.wav,7164,7165,3209813637,48000,1,3.328,159749,550275024,38305,-1
07166.wav,7165,7166,3209995277,48000,1,7.112,341397,343022384,68895,-1
07167.wav,7166,7167,3210035915,48000,1,4.017,192839,26475904,47668,-1
07168.wav,7167,7168,3210159440,48000,1,3.506,168288,325016272,35692,-1
07169.wav,7168,7169,3210570442,48000,1,1.511,72524,229942224,11560,-1
07170.wav,7169,7170,3211036045,48000,1,8.128,390148,351386080,87596,-1
07171.wav,7170,7171,3211329768,48000,1,2.571,123393,138486272,24638,-1
07172.wav,7171,7172,3211384489,48000,1,9.077,435686,113154448,95853,-1
07173.wav,7172,7173,3211439210,48000,1,6.413,307838,93628240,64605,-1
07174.wav,7173,7174,3211678092,48000,1,10.193,489247,122236352,98744,-1
07175.wav,7174,7175,3211732813,48000,1,2.470,118540,101323920,24074,-1
07176.wav,7175,7176,3211897997,48000,1,6.031,289506,188715648,68622,-1
07177.wav,7176,7177,3212194121,48000,1,4.697,225467,509072224,49241,-1
07178.wav,7177,7178,3212672906,48000,1,4.803,230558,539458000,56598,-1
07179.wav,7178,7179,3213245550,48000,1,3.643,174855,133857488,44519,-1
07180.wav,7179,7180,3213354992,48000,1,6.450,309582,87146480,76128,-1
07181.wav,7180,7181,3213539153,48000,1,5.224,250760,144040992,55535,-1
07182.wav,7181,7182,3213648595,48000,1,3.905,187454,98298448,41505,-1
07183.wav,7182,7183,3216996006,48000,1,6.030,289444,278086672,54589,-1
07184.wav,7183,7184,3218398280,48000,1,3.022,145065,233284544,35159,-1
07185.wav,7184,7185,3218747625,48000,1,1.766,84758,298661040,13970,-1
07186.wav,7185,7186,3218966509,48000,1,5.942,285193,267737120,71510,-1
07187.wav,7186,7187,3218973445,48000,1,3.629,174189,83730096,38827,-1
07188.wav,7187,7188,3219082887,48000,1,3.846,184614,47319744,45592,-1
07189.wav,7188,7189,3219192329,48000,1,6.645,318975,1898544,76883,-1
07190.wav,7189,7190,3219850539,48000,1,0.602,28872,211114192,11629,-1
07191.wav,7190,7191,3220020459,48000,1,2.450,117592,226653504,29210,-1
07192.wav,7191,7192,3220315083,48000,1,4.234,203241,303064256,44859,-1
07193.wav,7192,7193,3220387728,48000,1,6.021,288999,567605136,80104,-1
07194.wav,7193,7194,3220486182,48000,1,4.547,218278,113927552,47978,-1
07195.wav,7194,7195,3220540903,48000,1,6.138,294621,95002528,66010,-1
07196.wav,7195,7196,3220705066,48000,1,2.720,130551,34971328,25904,-1
07197.wav,7196,7197,3220759787,48000,1,5.082,243937,12040576,49516,-1
07198.wav,7197,7198,3220778258,48000,1,0.927,44506,158213440,15276,-1
07199.wav,7198,7199,3222255178,48000,1,5.053,242558,160782592,55087,-1
07200.wav,7199,7200,3222716908,48000,1,1.388,66627,436113936,11516,-1
07201.wav,7200,7201,3223337973,48000,1,8.458,405970,470312672,112741,-1
07202.wav,7201,7202,3223716194,48000,1,13.057,626726,357986560,149628,-1
07203.wav,7202,7203,3224140258,48000,1,8.717,418404,416837376,62799,-1
07204.wav,7203,7204,3224291359,48000,1,2.430,116661,258946112,19807,-1
07205.wav,7204,7205,3225064768,48000,1,6.002,288073,385896816,42565,-1
07206.wav,7205,7206,3225871879,48000,1,2.485,119272,409409920,23050,-1
07207.wav,7206,7207,3226029916,48000,1,1.529,73375,23836256,11407,-1
07208.wav,7207,7208,3226185643,48000,1,7.480,359050,400715648,91650,-1
07209.wav,7208,7209,3226501765,48000,1,7.468,358475,321924960,92247,-1
07210.wav,7209,7210,3228358742,48000,1,8.401,403231,44803360,96259,-1
07211.wav,7210,7211,3228826986,48000,1,7.490,359512,469175776,100818,-1
07212.wav,7211,7212,3229176331,48000,1,3.727,178873,491731856,51919,-1
07213.wav,7212,7213,3230000919,48000,1,3.624,173961,146638784,37890,-1
07214.wav,7213,7214,3230110361,48000,1,3.585,172092,100353072,38615,-1
07215.wav,7214,7215,3230407506,48000,1,1.940,93131,520350640,15703,-1
07216.wav,7215,7216,3231196729,48000,1,6.846,328593,407931392,80229,-1
07217.wav,7216,7217,3233809638,48000,1,1.662,79793,549838672,12640,-1
07218.wav,7217,7218,3234157962,48000,1,1.969,94506,548846608,17274,-1
07219.wav,7218,7219,3234969488,48000,1,4.019,192918,219544336,46697,-1
07220.wav,7219,7220,3235196329,48000,1,3.572,171440,60933648,32647,-1
07221.wav,7220,7221,3235349399,48000,1,5.122,245857,307398336,58887,-1
07222.wav,7221,7222,3235428275,48000,1,9.215,442330,268387072,111970,-1
07223.wav,7222,7223,3235435211,48000,1,6.245,299773,88070592,69599,-1
07224.wav,7223,7224,3235674093,48000,1,2.371,113817,117449632,23694,-1
07225.wav,7224,7225,3235948719,48000,1,2.230,107031,184039216,20531,-1
07226.wav,7225,7226,3237002669,48000,1,2.949,141554,97768880,25945,-1
07227.wav,7226,7227,3237186830,48000,1,9.568,459267,152885536,110482,-1
07228.wav,7227,7228,3237241551,48000,1,4.311,206922,127949104,47823,-1
07229.wav,7228,7229,3237350993,48000,1,5.587,268168,83051936,66067,-1
07230.wav,7229,7230,3237517677,48000,1,6.876,330058,493582912,64824,-1
07231.wav,7230,7231,3237535154,48000,1,3.944,189326,139448112,40444,-1
07232.wav,7231,7232,3237603627,48000,1,5.595,268546,247266736,64934,-1
07233.wav,7232,7233,3239047086,48000,1,6.466,310383,424796512,57587,-1
07234.wav,7233,7234,3240812267,48000,1,2.544,122105,556685504,25553,-1
07235.wav,7234,7235,3241177189,48000,1,7.317,351208,344892752,98275,-1
07236.wav,7235,7236,3241450794,48000,1,4.188,201041,315091472,36671,-1
07237.wav,7236,7237,3242320583,48000,1,6.707,321955,267292656,79338,-1
07238.wav,7237,7238,3242559465,48000,1,5.365,257512,279427520,51775,-1
07239.wav,7238,7239,3242614186,48000,1,4.137,198566,270426272,44610,-1
07240.wav,7239,7240,3242668907,48000,1,6.772,325054,256688320,64717,-1
07241.wav,7240,7241,3242785285,48000,1,2.381,114308,35721632,23263,-1
07242.wav,7241,7242,3242856610,48000,1,1.468,70461,550853072,10976,-1
07243.wav,7242,7243,3242908810,48000,1,5.978,286931,327727056,62166,-1
07244.wav,7243,7244,3243078888,48000,1,3.096,148629,42649104,28722,-1
07245.wav,7244,7245,3244311084,48000,1,4.078,195740,302281584,37806,-1
07246.wav,7245,7246,3244407464,48000,1,3.051,146453,23013552,32658,-1
07247.wav,7246,7247,3244427462,48000,1,4.060,194877,135958512,48452,-1
07248.wav,7247,7248,3244482183,48000,1,9.775,469216,109758992,100362,-1
07249.wav,7248,7249,3244646346,48000,1,11.131,534281,50582528,114198,-1
07250.wav,7249,7250,3248901432,48000,1,6.132,294316,478667024,70247,-1
07251.wav,7250,7251,3249128552,48000,1,9.728,466966,449496768,112513,-1
07252.wav,7251,7252,3250204163,48000,1,6.885,330469,319989904,65405,-1
07253.wav,7252,7253,3250278882,48000,1,8.305,398655,346302880,86622,-1
07254.wav,7253,7254,3250534702,48000,1,2.513,120616,247901520,36580,-1
07255.wav,7254,7255,3251211339,48000,1,3.065,147116,156308432,33757,-1
07256.wav,7255,7256,3251715879,48000,1,7.279,349412,271629040,74488,-1
07257.wav,7256,7257,3252081138,48000,1,5.596,268588,147279360,60046,-1
07258.wav,7257,7258,3252291044,48000,1,3.633,174390,178797136,35577,-1
07259.wav,7258,7259,3252487725,48000,1,6.366,305589,521311840,91789,-1
07260.wav,7259,7260,3254051641,48000,1,1.369,65698,116219936,9716,-1
07261.wav,7260,7261,3254458228,48000,1,7.276,349255,513685936,108435,-1
07262.wav,7261,7262,3254504929,48000,1,8.945,429355,563286352,103774,-1
07263.wav,7262,7263,3254802747,48000,1,3.871,185828,464847520,48188,-1
07264.wav,7263,7264,3254952785,48000,1,1.462,70171,241792144,14360,-1
07265.wav,7264,7265,3256185023,48000,1,5.315,255102,439891344,69348,-1
07266.wav,7265,7266,3259301772,48000,1,4.639,222696,17583824,52343,-1
07267.wav,7266,7267,3259431212,48000,1,1.981,95110,83441888,17406,-1
07268.wav,7267,7268,3261053391,48000,1,7.079,339777,71341760,81984,-1
07269.wav,7268,7269,3261108112,48000,1,7.963,382231,53291376,88363,-1
07270.wav,7269,7270,3261217554,48000,1,6.239,299485,11040064,69535,-1
07271.wav,7270,7271,3261237552,48000,1,7.541,361970,122578576,83012,-1
07272.wav,7271,7272,3261292273,48000,1,3.909,187609,101521616,43811,-1
07273.wav,7272,7273,3261294794,48000,1,4.622,221849,499254608,43317,-1
07274.wav,7273,7274,3261346994,48000,1,2.189,105084,80597040,17428,-1
07275.wav,7274,7275,3261589418,48000,1,3.387,162578,522114704,26579,-1
07276.wav,7275,7276,3261753581,48000,1,7.649,367146,509389408,98834,-1
07277.wav,7276,7277,3261785226,48000,1,0.943,45244,209704672,16434,-1
07278.wav,7277,7278,3261789952,48000,1,2.350,112792,169822272,22320,-1
07279.wav,7278,7279,3262081577,48000,1,2.459,118014,248473776,36227,-1
07280.wav,7279,7280,3262805010,48000,1,7.712,370182,134022176,73441,-1
07281.wav,7280,7281,3264173961,48000,1,6.785,325686,356166768,100428,-1
07282.wav,7281,7282,3264357012,48000,1,0.754,36169,401352096,12126,-1
07283.wav,7282,7283,3265313198,48000,1,2.171,104189,526809504,18751,-1
07284.wav,7283,7284,3265522535,48000,1,8.212,394187,384539408,111029,-1
07285.wav,7284,7285,3265614668,48000,1,5.973,286686,350840608,71638,-1
07286.wav,7285,7286,3265741419,48000,1,5.334,256035,363914304,67591,-1
07287.wav,7286,7287,3266316584,48000,1,3.045,146146,264571152,28846,-1
07288.wav,7287,7288,3267075910,48000,1,1.969,94534,188242288,18522,-1
07289.wav,7288,7289,3267773579,48000,1,5.687,272953,215737968,71953,-1
07290.wav,7289,7290,3267957740,48000,1,8.901,427236,233900880,55359,-1
07291.wav,7290,7291,3268068203,48000,1,5.744,275703,288612576,60306,-1
07292.wav,7291,7292,3268227662,48000,1,1.766,84769,307180496,12647,-1
07293.wav,7292,7293,3268239302,48000,1,7.432,356723,76923392,87882,-1
07294.wav,7293,7294,3268423463,48000,1,7.827,375676,129953520,87997,-1
07295.wav,7294,7295,3268697068,48000,1,9.811,470921,27656064,95216,-1
07296.wav,7295,7296,3268939492,48000,1,8.481,407074,510594672,123139,-1
07297.wav,7296,7297,3268991692,48000,1,7.931,380675,187506720,79584,-1
07298.wav,7297,7298,3269046413,48000,1,6.054,290594,183357760,66022,-1
07299.wav,7298,7299,3270045642,48000,1,6.339,304271,113975568,78002,-1
07300.wav,7299,7300,3270100363,48000,1,2.189,105049,95299344,20045,-1
07301.wav,7300,7301,3270545825,48000,1,7.844,376535,429166864,122806,-1
07302.wav,7301,7302,3271079331,48000,1,6.677,320491,437493104,92175,-1
07303.wav,7302,7303,3271814638,48000,1,5.650,271215,165587280,53373,-1
07304.wav,7303,7304,3272697798,48000,1,1.514,72689,526463024,14438,-1
07305.wav,7304,7305,3272897433,48000,1,7.213,346209,470516848,93727,-1
07306.wav,7305,7306,3273124553,48000,1,6.053,290551,441533408,83869,-1
07307.wav,7306,7307,3274093243,48000,1,1.895,90938,550198320,16237,-1
07308.wav,7307,7308,3274624228,48000,1,3.432,164722,386030576,44775,-1
07309.wav,7308,7309,3275418277,48000,1,6.934,332828,265038704,59500,-1
07310.wav,7309,7310,3275589376,48000,1,2.806,134678,23847696,27559,-1
07311.wav,7310,7311,3275766601,48000,1,6.011,288545,252527984,77114,-1
07312.wav,7311,7312,3275893643,48000,1,2.965,142329,567995360,38152,-1
07313.wav,7312,7313,3277380807,48000,1,0.697,33433,402693536,11397,-1
07314.wav,7313,7314,3278724029,48000,1,4.497,215879,455032048,44236,-1
07315.wav,7314,7315,3278735791,48000,1,2.679,128615,491783808,30533,-1
07316.wav,7315,7316,3280764266,48000,1,7.799,374370,400025728,105324,-1
07317.wav,7316,7317,3282049972,48000,1,1.716,82350,423211104,13198,-1
07318.wav,7317,7318,3282388525,48000,1,1.961,94109,210734720,44445,-1
07319.wav,7318,7319,3284312585,48000,1,8.163,391825,541123120,101595,-1
07320.wav,7319,7320,3284474227,48000,1,3.191,153177,222423488,45170,-1
07321.wav,7320,7321,3284939950,48000,1,5.970,286571,108820224,78213,-1
07322.wav,7321,7322,3285158834,48000,1,6.281,301488,31537504,73826,-1
07323.wav,7322,7323,3285178832,48000,1,6.577,315675,144704480,83865,-1
07324.wav,7323,7324,3285213555,48000,1,9.744,467706,6918480,102451,-1
07325.wav,7324,7325,3285233553,48000,1,2.766,132775,117598128,25283,-1
07326.wav,7325,7326,3285747061,48000,1,4.842,232393,189682640,48137,-1
07327.wav,7326,7327,3286746290,48000,1,2.749,131962,153227040,28232,-1
07328.wav,7327,7328,3287094614,48000,1,3.691,177167,139693264,39864,-1
07329.wav,7328,7329,3289682699,48000,1,2.317,111200,370721168,21868,-1
07330.wav,7329,7330,3290791370,48000,1,5.221,250589,335930832,58986,-1
07331.wav,7330,7331,3290832008,48000,1,8.031,385497,3059376,96211,-1
07332.wav,7331,7332,3291010254,48000,1,2.335,112099,315128176,23420,-1
07333.wav,7332,7333,3291139694,48000,1,6.991,335570,331602144,63458,-1
07334.wav,7333,7334,3291142215,48000,1,2.020,96977,551709776,18522,-1
07335.wav,7334,7335,3292182250,48000,1,5.208,249962,246634112,66752,-1
07336.wav,7335,7336,3292399466,48000,1,6.170,296164,12974288,75986,-1
07337.wav,7336,7337,3292419464,48000,1,6.096,292610,124699376,65759,-1
07338.wav,7337,7338,3292638348,48000,1,3.893,186879,42710512,38920,-1
07339.wav,7338,7339,3292652431,48000,1,8.882,426350,340003104,94741,-1
07340.wav,7339,7340,3292771330,48000,1,8.171,392207,524577936,94428,-1
07341.wav,7340,7341,3294041643,48000,1,3.971,190617,110286032,45933,-1
07342.wav,7341,7342,3294863119,48000,1,5.349,256742,161058896,54343,-1
07343.wav,7342,7343,3295324849,48000,1,1.756,84279,436222736,14112,-1
07344.wav,7343,7344,3296923331,48000,1,4.878,234135,364500528,53693,-1
07345.wav,7344,7345,3297162213,48000,1,7.760,372470,373753088,131106,-1
07346.wav,7345,7346,3298784392,48000,1,4.229,203004,370743072,67207,-1
07347.wav,7346,7347,3298839113,48000,1,6.678,320538,361237424,120266,-1
07348.wav,7347,7348,3299414278,48000,1,7.881,378312,260594064,93060,-1
07349.wav,7348,7349,3299475935,48000,1,7.307,350751,60327600,83195,-1
07350.wav,7349,7350,3299838342,48000,1,1.977,94892,346416224,17288,-1
07351.wav,7350,7351,3299893063,48000,1,6.564,315079,336204352,79929,-1
07352.wav,7351,7352,3300118883,48000,1,5.645,270959,191987568,71955,-1
07353.wav,7352,7353,3300770799,48000,1,1.469,70530,157722640,12069,-1
07354.wav,7353,7354,3302247719,48000,1,7.670,368171,159870832,79246,-1
07355.wav,7354,7355,3302996550,48000,1,1.980,95040,170231568,18232,-1
07356.wav,7355,7356,3303074701,48000,1,1.802,86515,501404768,14664,-1
07357.wav,7356,7357,3303080116,48000,1,7.309,350812,488312960,95481,-1
07358.wav,7357,7358,3303556380,48000,1,2.056,98681,143288752,19356,-1
07359.wav,7358,7359,3304196289,48000,1,7.616,365572,244515952,90973,-1
07360.wav,7359,7360,3304872231,48000,1,5.130,246241,176191248,61304,-1
07361.wav,7360,7361,3305744483,48000,1,8.055,386660,440252576,115770,-1
07362.wav,7361,7362,3306025024,48000,1,7.309,350838,365371280,111794,-1
07363.wav,7362,7363,3307603981,48000,1,1.926,92439,552328128,19095,-1
07364.wav,7363,7364,3308189687,48000,1,6.922,332235,392156512,97863,-1
07365.wav,7364,7365,3308415507,48000,1,8.007,384351,232163376,93707,-1
07366.wav,7365,7366,3308699590,48000,1,6.546,314207,497130688,54176,-1
07367.wav,7366,7367,3308826509,48000,1,7.828,375725,153915904,85944,-1
07368.wav,7367,7368,3308881230,48000,1,7.990,383518,128864144,90224,-1
07369.wav,7368,7369,3309045393,48000,1,11.463,550221,63740496,90746,-1
07370.wav,7369,7370,3309174833,48000,1,6.803,326551,140358448,84202,-1
07371.wav,7370,7371,3310503409,48000,1,3.689,177057,113446048,41967,-1
07372.wav,7371,7372,3310851733,48000,1,5.833,279994,101660976,64832,-1
07373.wav,7372,7373,3310906454,48000,1,4.119,197711,80699248,44269,-1
07374.wav,7373,7374,3313655146,48000,1,2.022,97038,558018736,19193,-1
07375.wav,7374,7375,3313733421,48000,1,8.799,422350,356626144,118082,-1
07376.wav,7375,7376,3313735942,48000,1,3.905,187447,559136800,41952,-1
07377.wav,7376,7377,3314157485,48000,1,3.652,175299,416358912,33289,-1
07378.wav,7377,7378,3314308586,48000,1,5.713,274212,258007776,71868,-1
07379.wav,7378,7379,3314496289,48000,1,3.894,186924,551352192,31329,-1
07380.wav,7379,7380,3314551010,48000,1,2.270,108943,550043760,22935,-1
07381.wav,7380,7381,3315081995,48000,1,7.470,358561,385015968,100975,-1
07382.wav,7381,7382,3315300879,48000,1,5.512,264563,364006896,70757,-1
07383.wav,7382,7383,3315992422,48000,1,7.026,337243,42304592,72710,-1
07384.wav,7383,7384,3316047143,48000,1,4.237,203359,23368400,47143,-1
07385.wav,7384,7385,3316176583,48000,1,7.456,357867,90297280,82724,-1
07386.wav,7385,7386,3316224368,48000,1,7.091,340366,250747552,75867,-1
07387.wav,7386,7387,3316286025,48000,1,5.200,249582,51222160,55948,-1
07388.wav,7387,7388,3316395467,48000,1,2.239,107479,8535984,22636,-1
07389.wav,7388,7389,3316475581,48000,1,5.806,278673,467554368,68270,-1
07390.wav,7389,7390,3316524907,48000,1,3.721,178619,78902384,38564,-1
07391.wav,7390,7391,3317039436,48000,1,4.002,192111,212769648,32680,-1
07392.wav,7391,7392,3317798762,48000,1,4.715,226297,77180624,54909,-1
07393.wav,7392,7393,3317811824,48000,1,6.564,315055,304814640,65541,-1
07394.wav,7393,7394,3317908204,48000,1,6.621,317820,39078720,79029,-1
07395.wav,7394,7395,3317982923,48000,1,6.961,334120,130175936,76913,-1
07396.wav,7395,7396,3318147086,48000,1,1.732,83132,64609472,14802,-1
07397.wav,7396,7397,3318441710,48000,1,5.405,259440,199719216,63260,-1
07398.wav,7397,7398,3318749832,48000,1,4.773,229087,176778704,57273,-1
07399.wav,7398,7399,3321374098,48000,1,3.455,165847,168649920,42634,-1
07400.wav,7399,7400,3322256657,48000,1,3.390,162703,395962560,37035,-1
07401.wav,7400,7401,3322684013,48000,1,6.885,330485,441774112,95996,-1
07402.wav,7401,7402,3322909833,48000,1,1.475,70815,389070720,14890,-1
07403.wav,7402,7403,3322951492,48000,1,4.945,237340,214527200,44846,-1
07404.wav,7403,7404,3323142643,48000,1,0.466,22357,248034080,9439,-1
07405.wav,7404,7405,3323819280,48000,1,4.753,228166,156478576,54162,-1
07406.wav,7405,7406,3324183688,48000,1,5.328,255761,386291600,42308,-1
07407.wav,7406,7407,3325161898,48000,1,3.822,183475,284636304,35329,-1
07408.wav,7407,7408,3325459043,48000,1,3.436,164917,553362352,40041,-1
07409.wav,7408,7409,3328283489,48000,1,5.873,281904,455187392,65671,-1
07410.wav,7409,7410,3330596190,48000,1,3.543,170086,263376480,37117,-1
07411.wav,7410,7411,3331533762,48000,1,6.820,327379,372363760,85841,-1
07412.wav,7411,7412,3332877231,48000,1,3.124,149969,123710256,37240,-1
07413.wav,7412,7413,3333281297,48000,1,5.280,253454,202414048,59988,-1
07414.wav,7413,7414,3334397893,48000,1,2.305,110627,169931168,17030,-1
07415.wav,7414,7415,3334444689,48000,1,7.445,357370,134960512,83516,-1
07416.wav,7415,7416,3334554131,48000,1,5.243,251671,88731808,58166,-1
07417.wav,7416,7417,3334738292,48000,1,7.098,340683,144956160,81515,-1
07418.wav,7417,7418,3334793013,48000,1,4.654,223412,117745440,57196,-1
07419.wav,7418,7419,3335261257,48000,1,4.879,234193,476689936,52428,-1
07420.wav,7419,7420,3336124110,48000,1,5.778,277360,497878720,58236,-1
07421.wav,7420,7421,3336964953,48000,1,0.716,34369,401407296,11585,-1
07422.wav,7421,7422,3338838093,48000,1,5.589,268283,328867616,62494,-1
07423.wav,7422,7423,3339145779,48000,1,5.955,285860,448394320,71638,-1
07424.wav,7423,7424,3339817324,48000,1,3.092,148428,273438656,35896,-1
07425.wav,7424,7425,3339946764,48000,1,7.759,372424,299943744,77803,-1
07426.wav,7425,7426,3340056206,48000,1,6.922,332239,283713488,71300,-1
07427.wav,7426,7427,3340227305,48000,1,3.014,144665,65057872,27471,-1
07428.wav,7427,7428,3340336747,48000,1,3.880,186242,28631664,45204,-1
07429.wav,7428,7429,3340391468,48000,1,4.762,228556,3419456,59109,-1
07430.wav,7429,7430,3340460272,48000,1,9.446,453405,325417920,98498,-1
07431.wav,7430,7431,3340699154,48000,1,6.845,328577,332015312,58704,-1
07432.wav,7431,7432,3341862546,48000,1,3.779,181404,293129360,43397,-1
07433.wav,7432,7433,3341958926,48000,1,7.603,364948,13250672,95047,-1
07434.wav,7433,7434,3342074118,48000,1,2.465,118315,248107680,29902,-1
07435.wav,7434,7435,3342197808,48000,1,7.382,354345,42819280,86548,-1
07436.wav,7435,7436,3343601103,48000,1,5.019,240894,110741520,55361,-1
07437.wav,7436,7437,3344422579,48000,1,8.335,400072,165958672,84156,-1
07438.wav,7437,7438,3344764232,48000,1,2.090,100334,443115152,21149,-1
07439.wav,7438,7439,3344819974,48000,1,9.483,455185,463724720,113387,-1
07440.wav,7439,7440,3344970054,48000,1,1.737,83379,354368912,17995,-1
07441.wav,7440,7441,3345305739,48000,1,1.928,92530,526555168,16024,-1
07442.wav,7441,7442,3346777415,48000,1,7.476,358829,408512704,79103,-1
07443.wav,7442,7443,3347242117,48000,1,6.317,303220,284729312,45488,-1
07444.wav,7443,7444,3347580573,48000,1,3.114,149463,451325216,38574,-1
07445.wav,7444,7445,3347817282,48000,1,1.830,87851,188700064,15552,-1
07446.wav,7445,7446,3348110885,48000,1,4.423,212318,191171632,37019,-1
07447.wav,7446,7447,3348220203,48000,1,1.814,87063,306928752,18437,-1
07448.wav,7447,7448,3348501584,48000,1,3.725,178808,568146896,42776,-1
07449.wav,7448,7449,3349035395,48000,1,4.399,211146,60539984,48696,-1
07450.wav,7449,7450,3349144837,48000,1,1.572,75475,20361408,11653,-1
07451.wav,7450,7451,3350492487,48000,1,5.823,279517,426877824,62194,-1
07452.wav,7451,7452,3350951177,48000,1,4.689,225082,55708128,47644,-1
07453.wav,7452,7453,3351807179,48000,1,7.495,359775,164471104,74676,-1
07454.wav,7453,7454,3353638805,48000,1,6.036,289733,473858800,77826,-1
07455.wav,7454,7455,3353921667,48000,1,6.323,303512,465227424,73189,-1
07456.wav,7455,7456,3355348995,48000,1,1.852,88875,313766656,30807,-1
07457.wav,7456,7457,3355529763,48000,1,9.353,448953,371739488,113497,-1
07458.wav,7457,7458,3356159649,48000,1,6.798,326284,266362256,84230,-1
07459.wav,7458,7459,3356927953,48000,1,9.699,465548,99284848,97453,-1
07460.wav,7459,7460,3357683885,48000,1,2.754,132186,530842160,27982,-1
07461.wav,7460,7461,3357738606,48000,1,3.393,162888,528804240,35314,-1
07462.wav,7461,7462,3357868046,48000,1,10.629,510188,531844768,130457,-1
07463.wav,7462,7463,3357974967,48000,1,7.915,379903,232415184,77825,-1
07464.wav,7463,7464,3358604853,48000,1,2.948,141481,63918144,32634,-1
07465.wav,7464,7465,3358734293,48000,1,7.565,363126,140525536,64729,-1
07466.wav,7465,7466,3359128049,48000,1,5.800,278414,555281792,69570,-1
07467.wav,7466,7467,3359531884,48000,1,5.618,269656,484704400,70206,-1
07468.wav,7467,7468,3361495080,48000,1,1.808,86780,347793216,16764,-1
07469.wav,7468,7469,3362597733,48000,1,3.004,144213,547665824,29696,-1
07470.wav,7469,7470,3363292881,48000,1,6.915,331923,356884720,90347,-1
07471.wav,7470,7471,3363942765,48000,1,7.588,364217,293836608,78099,-1
07472.wav,7471,7472,3364055749,48000,1,2.509,120451,551439584,26430,-1
07473.wav,7472,7473,3364066866,48000,1,4.119,197710,452262336,42626,-1
07474.wav,7473,7474,3364513515,48000,1,1.800,86423,547474688,14450,-1
07475.wav,7474,7475,3364682093,48000,1,1.833,87964,182092064,14372,-1
07476.wav,7475,7476,3364867275,48000,1,2.042,98004,227746864,18657,-1
07477.wav,7476,7477,3365604557,48000,1,6.300,302386,310076832,75368,-1
07478.wav,7477,7478,3365790764,48000,1,7.411,355720,68487808,79430,-1
07479.wav,7478,7479,3365858547,48000,1,5.034,241638,292010064,54705,-1
07480.wav,7479,7480,3365900206,48000,1,8.491,407549,32602240,89772,-1
07481.wav,7480,7481,3365920204,48000,1,4.320,207371,146289232,50293,-1
07482.wav,7481,7482,3365954927,48000,1,8.839,424295,8886480,106908,-1
07483.wav,7482,7483,3366545675,48000,1,3.724,178730,508728112,46381,-1
07484.wav,7483,7484,3367358222,48000,1,6.731,323100,77391584,67088,-1
07485.wav,7484,7485,3367542383,48000,1,3.917,187995,130534240,39732,-1
07486.wav,7485,7486,3368739631,48000,1,2.060,98887,557828736,30200,-1
07487.wav,7486,7487,3369205958,48000,1,3.356,161093,405763760,30955,-1
07488.wav,7487,7488,3369781123,48000,1,7.042,338021,322243552,76807,-1
07489.wav,7488,7489,3371306922,48000,1,5.764,276658,434831984,86719,-1
07490.wav,7489,7490,3371881066,48000,1,7.356,353064,332882512,84658,-1
07491.wav,7490,7491,3372217349,48000,1,5.476,262861,211639536,72641,-1
07492.wav,7491,7492,3372805576,48000,1,5.157,247544,285331728,56957,-1
07493.wav,7492,7493,3372818638,48000,1,4.715,226343,417372864,45894,-1
07494.wav,7493,7494,3373031396,48000,1,6.409,307614,56398560,72998,-1
07495.wav,7494,7495,3373140838,48000,1,5.202,249697,15134480,57337,-1
07496.wav,7495,7496,3373378740,48000,1,4.033,193561,157868528,44427,-1
07497.wav,7496,7497,3373451045,48000,1,3.962,190157,553002864,45714,-1
07498.wav,7497,7498,3373619623,48000,1,5.080,243847,196636272,64814,-1
07499.wav,7498,7499,3373783786,48000,1,4.568,219270,182616288,46681,-1
07500.wav,7499,7500,3373968968,48000,1,7.280,349448,228606160,79987,-1
07501.wav,7500,7501,3374728294,48000,1,7.045,338163,137246464,74799,-1
07502.wav,7501,7502,3374783015,48000,1,4.349,208763,112261680,47164,-1
07503.wav,7502,7503,3374837736,48000,1,9.612,461382,91980528,110155,-1
07504.wav,7503,7504,3374855660,48000,1,5.720,274540,160186880,53324,-1
07505.wav,7504,7505,3374892457,48000,1,3.878,186154,69686496,38990,-1
07506.wav,7505,7506,3375001899,48000,1,4.074,195576,33491648,44250,-1
07507.wav,7506,7507,3375317390,48000,1,1.497,71841,435957008,15681,-1
07508.wav,7507,7508,3375604491,48000,1,5.636,270540,170367216,64284,-1
07509.wav,7508,7509,3377842949,48000,1,9.015,432706,455627440,111557,-1
07510.wav,7509,7510,3378014048,48000,1,2.570,123380,404226176,21639,-1
07511.wav,7510,7511,3378239868,48000,1,3.279,157406,266794896,26586,-1
07512.wav,7511,7512,3378588192,48000,1,8.265,396705,255250560,86243,-1
07513.wav,7512,7513,3380743877,48000,1,8.009,384438,326052016,84880,-1
07514.wav,7513,7514,3380754155,48000,1,4.888,234606,351054800,50145,-1
07515.wav,7514,7515,3381036938,48000,1,9.192,441230,510148032,134174,-1
07516.wav,7515,7516,3382436691,48000,1,4.508,216383,123803360,49167,-1
07517.wav,7516,7517,3382491412,48000,1,2.082,99920,102218816,16432,-1
07518.wav,7517,7518,3382617458,48000,1,2.800,134400,554292688,25923,-1
07519.wav,7518,7519,3383877230,48000,1,4.244,203703,495948640,39263,-1
07520.wav,7519,7520,3384058870,48000,1,5.494,263692,109104112,63305,-1
07521.wav,7520,7521,3384820717,48000,1,8.641,414791,476927056,97905,-1
07522.wav,7521,7522,3386263087,48000,1,1.736,83311,558152400,15406,-1
07523.wav,7522,7523,3388387012,48000,1,2.811,134950,507057616,28951,-1
07524.wav,7523,7524,3388592267,48000,1,2.292,109998,452110896,28124,-1
07525.wav,7524,7525,3388972718,48000,1,4.974,238767,216030048,62968,-1
07526.wav,7525,7526,3389438441,48000,1,7.756,372275,78389712,83821,-1
07527.wav,7526,7527,3389602604,48000,1,4.841,232348,19282384,53089,-1
07528.wav,7527,7528,3389615666,48000,1,7.494,359709,284053760,86328,-1
07529.wav,7528,7529,3389622602,48000,1,8.314,399074,130978272,88612,-1
07530.wav,7529,7530,3389677323,48000,1,7.815,375101,106832400,82007,-1
07531.wav,7530,7531,3389786765,48000,1,4.975,238819,65229984,53886,-1
07532.wav,7531,7532,3389916205,48000,1,5.223,250717,142195504,61672,-1
07533.wav,7532,7533,3389950928,48000,1,7.953,381754,3523936,84016,-1
07534.wav,7533,7534,3390081389,48000,1,5.901,283248,200437024,49871,-1
07535.wav,7534,7535,3390261135,48000,1,3.566,171147,551804896,41298,-1
07536.wav,7535,7536,3390713796,48000,1,9.555,458661,485416272,142558,-1
07537.wav,7536,7537,3391007399,48000,1,7.649,367170,490931296,116825,-1
07538.wav,7537,7538,3391354223,48000,1,4.487,215387,73298432,47059,-1
07539.wav,7538,7539,3391538384,48000,1,8.521,409032,125121040,98416,-1
07540.wav,7539,7540,3392172139,48000,1,3.971,190585,208188176,45762,-1
07541.wav,7540,7541,3392225512,48000,1,7.673,368312,468613728,100572,-1
07542.wav,7541,7542,3394310630,48000,1,3.461,166123,382163456,36268,-1
07543.wav,7542,7543,3394323692,48000,1,4.513,216620,443475440,60560,-1
07544.wav,7543,7544,3394365351,48000,1,3.638,174639,374322016,43063,-1
07545.wav,7544,7545,3395474022,48000,1,6.615,317510,342415280,74021,-1
07546.wav,7545,7546,3395823367,48000,1,6.157,295543,387787344,87154,-1
07547.wav,7546,7547,3395987530,48000,1,8.010,384492,371428320,76817,-1
07548.wav,7547,7548,3396042251,48000,1,6.489,311493,364989584,92937,-1
07549.wav,7548,7549,3396049187,48000,1,1.573,75492,229300736,11511,-1
07550.wav,7549,7550,3396213350,48000,1,9.450,453604,211329872,99173,-1
07551.wav,7550,7551,3396617416,48000,1,4.196,201385,265506112,46298,-1
07552.wav,7551,7552,3396911019,48000,1,3.951,189655,269244848,40608,-1
07553.wav,7552,7553,3396965740,48000,1,6.568,315250,253577808,72144,-1
07554.wav,7553,7554,3397136839,48000,1,4.978,238940,10471184,56027,-1
07555.wav,7554,7555,3397670345,48000,1,7.842,376424,191464096,92655,-1
07556.wav,7555,7556,3398607917,48000,1,5.990,287507,301070096,68493,-1
07557.wav,7556,7557,3398704297,48000,1,2.033,97597,20521888,19361,-1
07558.wav,7557,7558,3398833737,48000,1,9.826,471654,85327056,114584,-1
07559.wav,7558,7559,3398997900,48000,1,4.426,212464,29644528,49362,-1
07560.wav,7559,7560,3401366639,48000,1,2.390,114726,168070736,21534,-1
07561.wav,7560,7561,3401660704,48000,1,12.211,586146,363121760,168097,-1
07562.wav,7561,7562,3402584193,48000,1,6.258,300392,249392048,72890,-1
07563.wav,7562,7563,3403135184,48000,1,2.275,109185,247679984,24742,-1
07564.wav,7563,7564,3403183309,48000,1,8.189,393089,563743616,93947,-1
07565.wav,7564,7565,3403811821,48000,1,2.376,114039,156002896,23138,-1
07566.wav,7565,7566,3404109992,48000,1,8.031,385500,411765824,75904,-1
07567.wav,7566,7567,3404575715,48000,1,2.801,134460,343453440,22011,-1
07568.wav,7567,7568,3405288741,48000,1,1.879,90216,157269440,16158,-1
07569.wav,7568,7569,3406487413,48000,1,5.884,282438,99554432,69953,-1
07570.wav,7569,7570,3406722901,48000,1,2.010,96470,552414304,18554,-1
07571.wav,7570,7571,3407298066,48000,1,8.927,428508,529096064,105918,-1
07572.wav,7571,7572,3407321737,48000,1,7.104,341010,246836896,93475,-1
07573.wav,7572,7573,3407427506,48000,1,6.260,300503,532315008,77778,-1
07574.wav,7573,7574,3407945429,48000,1,2.796,134212,154275952,30596,-1
07575.wav,7574,7575,3408000150,48000,1,3.084,148022,129399776,33641,-1
07576.wav,7575,7576,3409099580,48000,1,5.269,252901,461422848,63011,-1
07577.wav,7576,7577,3412509059,48000,1,6.740,323497,560561008,88386,-1
07578.wav,7577,7578,3413379721,48000,1,3.425,164409,96803104,30722,-1
07579.wav,7578,7579,3413489163,48000,1,4.626,222029,55423760,47692,-1
07580.wav,7579,7580,3413543884,48000,1,4.412,211799,36160608,42568,-1
07581.wav,7580,7581,3413598605,48000,1,4.239,203476,14086736,46836,-1
07582.wav,7581,7582,3413673324,48000,1,8.734,419228,103624032,108518,-1
07583.wav,7582,7583,3414390434,48000,1,1.678,80538,169668384,13343,-1
07584.wav,7583,7584,3414682059,48000,1,2.582,123925,248270592,42405,-1
07585.wav,7584,7585,3415166063,48000,1,4.479,214976,23555792,46765,-1
07586.wav,7585,7586,3415350224,48000,1,4.532,217545,68773120,44489,-1
07587.wav,7586,7587,3415479664,48000,1,5.004,240193,146377696,61992,-1
07588.wav,7587,7588,3415643827,48000,1,5.940,285126,79089808,66746,-1
07589.wav,7588,7589,3415886251,48000,1,5.641,270773,519842816,63533,-1
07590.wav,7589,7590,3415940972,48000,1,8.738,419402,515927264,122785,-1
07591.wav,7590,7591,3416410061,48000,1,2.024,97130,313120256,34857,-1
07592.wav,7591,7592,3416529199,48000,1,6.657,319558,534470528,75661,-1
07593.wav,7592,7593,3418697635,48000,1,5.212,250197,266155104,42878,-1
07594.wav,7593,7594,3420112971,48000,1,9.112,437362,395395536,138287,-1
07595.wav,7594,7595,3420558696,48000,1,4.209,202015,274800800,40299,-1
07596.wav,7595,7596,3420828144,48000,1,2.666,127951,306995184,22346,-1
07597.wav,7596,7597,3420965283,48000,1,1.818,87285,547131312,15401,-1
07598.wav,7597,7598,3421078119,48000,1,11.070,531373,30290304,116542,-1
07599.wav,7598,7599,3421263301,48000,1,3.593,172451,202229280,38815,-1
07600.wav,7599,7600,3421610752,48000,1,5.786,277724,560997872,92590,-1
07601.wav,7600,7601,3421666346,48000,1,4.053,194568,189380192,40481,-1
07602.wav,7601,7602,3421776809,48000,1,6.782,325513,211965776,88892,-1
07603.wav,7602,7603,3422254573,48000,1,1.329,63786,230129824,10269,-1
07604.wav,7603,7604,3422365036,48000,1,7.397,355038,285388720,71353,-1
07605.wav,7604,7605,3422536135,48000,1,8.982,431112,74522384,98794,-1
07606.wav,7605,7606,3422590856,48000,1,2.294,110094,56708896,20646,-1
07607.wav,7606,7607,3422603918,48000,1,7.984,383238,295201824,90741,-1
07608.wav,7607,7608,3422700298,48000,1,5.263,252647,15345232,67732,-1
07609.wav,7608,7609,3422884459,48000,1,9.594,460501,62665472,94638,-1
07610.wav,7609,7610,3423179083,48000,1,6.942,333198,196751984,92374,-1
07611.wav,7610,7611,3423288525,48000,1,2.976,142856,187050288,25824,-1
07612.wav,7611,7612,3424287754,48000,1,5.438,261018,137434720,69131,-1
07613.wav,7612,7613,3424342475,48000,1,4.750,228023,112325808,44614,-1
07614.wav,7613,7614,3424415120,48000,1,8.766,420780,164900176,101153,-1
07615.wav,7614,7615,3425278484,48000,1,4.942,237198,475268368,56820,-1
07616.wav,7615,7616,3425561346,48000,1,7.406,355474,466357008,100185,-1
07617.wav,7616,7617,3425725509,48000,1,7.991,383590,458031984,102951,-1
07618.wav,7617,7618,3425780230,48000,1,6.855,329045,456828128,79225,-1
07619.wav,7618,7619,3426581215,48000,1,7.365,353497,319061104,83081,-1
07620.wav,7619,7620,3426820097,48000,1,7.001,336061,325100240,78941,-1
07621.wav,7620,7621,3427477128,48000,1,4.555,218646,458893184,51048,-1
07622.wav,7621,7622,3427812390,48000,1,12.429,596604,410572832,104357,-1
07623.wav,7622,7623,3427956936,48000,1,1.850,88803,313917360,28540,-1
07624.wav,7623,7624,3428092931,48000,1,1.728,82931,270387088,17327,-1
07625.wav,7624,7625,3428147652,48000,1,6.844,328512,255630352,84622,-1
07626.wav,7625,7626,3428613375,48000,1,2.840,136308,185688048,25557,-1
07627.wav,7626,7627,3429660389,48000,1,5.997,287840,275111424,62514,-1
07628.wav,7627,7628,3429831488,48000,1,7.360,353267,40771584,92305,-1
07629.wav,7628,7629,3429886209,48000,1,5.680,272661,21977712,64033,-1
07630.wav,7629,7630,3430890001,48000,1,3.511,168510,511448608,48914,-1
07631.wav,7630,7631,3432050872,48000,1,6.289,301856,102462512,72548,-1
07632.wav,7631,7632,3433380948,48000,1,8.002,384075,489115168,96303,-1
07633.wav,7632,7633,3434103021,48000,1,2.083,99997,347877664,20974,-1
07634.wav,7633,7634,3434989007,48000,1,1.912,91787,210494496,33386,-1
07635.wav,7634,7635,3435332778,48000,1,6.264,300689,350486864,64511,-1
07636.wav,7635,7636,3436855278,48000,1,3.819,183335,225113776,51382,-1
07637.wav,7636,7637,3437594606,48000,1,9.937,476987,9507600,100813,-1
07638.wav,7637,7638,3437724046,48000,1,4.917,236002,79388320,52750,-1
07639.wav,7638,7639,3437946472,48000,1,5.697,273442,507325648,65886,-1
07640.wav,7639,7640,3438532178,48000,1,5.221,250596,216177808,72807,-1
07641.wav,7640,7641,3438573157,48000,1,1.855,89058,542596016,14771,-1
07642.wav,7641,7642,3438609418,48000,1,6.363,305434,535442144,73910,-1
07643.wav,7642,7643,3439052622,48000,1,5.486,263341,60023520,57667,-1
07644.wav,7643,7644,3439107343,48000,1,4.082,195925,39536608,40255,-1
07645.wav,7644,7645,3439120590,48000,1,3.165,151915,554823600,36655,-1
07646.wav,7645,7646,3439291504,48000,1,8.641,414753,84306064,95130,-1
07647.wav,7646,7647,3439455667,48000,1,2.208,105965,29031808,17577,-1
07648.wav,7647,7648,3439510388,48000,1,2.503,120160,3787904,28820,-1
07649.wav,7648,7649,3439640849,48000,1,3.628,174142,200595920,35546,-1
07650.wav,7649,7650,3440645605,48000,1,0.662,31765,178614704,11763,-1
07651.wav,7650,7651,3441043123,48000,1,4.860,233262,150625648,50573,-1
07652.wav,7651,7652,3441487621,48000,1,2.037,97789,347537824,13402,-1
07653.wav,7652,7653,3443281863,48000,1,3.669,176132,325845504,37987,-1
07654.wav,7653,7654,3443870090,48000,1,3.471,166621,382485248,33956,-1
07655.wav,7654,7655,3443883152,48000,1,7.332,351938,443799584,103793,-1
07656.wav,7655,7656,3444150631,48000,1,3.769,180925,215169328,42150,-1
07657.wav,7656,7657,3444335813,48000,1,4.311,206952,303732448,42756,-1
07658.wav,7657,7658,3444445255,48000,1,3.365,161539,286482352,36436,-1
07659.wav,7658,7659,3444458317,48000,1,1.938,93017,418609376,15414,-1
07660.wav,7659,7660,3444567759,48000,1,7.012,336575,411155952,78839,-1
07661.wav,7660,7661,3444684137,48000,1,7.025,337222,296585840,86272,-1
07662.wav,7661,7662,3444780517,48000,1,1.980,95053,16560880,17577,-1
07663.wav,7662,7663,3444958763,48000,1,2.473,118680,318271120,38661,-1
07664.wav,7663,7664,3445608647,48000,1,9.349,448757,229335424,108427,-1
07665.wav,7664,7665,3446011692,48000,1,4.049,194344,220427728,43931,-1
07666.wav,7665,7666,3446422694,48000,1,3.258,156400,112636416,34817,-1
07667.wav,7666,7667,3446750762,48000,1,3.236,155348,207750768,36028,-1
07668.wav,7667,7668,3447925331,48000,1,2.045,98174,436032736,22534,-1
07669.wav,7668,7669,3448154315,48000,1,1.436,68923,60588720,10835,-1
07670.wav,7669,7670,3448283755,48000,1,6.566,315173,133148240,75339,-1
07671.wav,7670,7671,3448338476,48000,1,3.626,174064,108019120,39750,-1
07672.wav,7671,7672,3449947330,48000,1,4.981,239067,406317280,55728,-1
07673.wav,7672,7673,3451220164,48000,1,7.148,343086,363616288,120220,-1
07674.wav,7673,7674,3451404325,48000,1,4.149,199143,378567552,56883,-1
07675.wav,7674,7675,3451740608,48000,1,7.054,338588,275400784,81778,-1
07676.wav,7675,7676,3451795329,48000,1,5.663,271844,263997920,64357,-1
07677.wav,7676,7677,3452143653,48000,1,7.047,338264,249699520,91237,-1
07678.wav,7677,7678,3452492998,48000,1,5.236,251330,316903104,53284,-1
07679.wav,7678,7679,3452609376,48000,1,6.390,306716,184389808,71765,-1
07680.wav,7679,7680,3452677159,48000,1,6.025,289179,328659520,64710,-1
07681.wav,7680,7681,3452787622,48000,1,7.445,357371,368645232,114827,-1
07682.wav,7681,7682,3453081225,48000,1,4.649,223151,370365248,48740,-1
07683.wav,7682,7683,3453371281,48000,1,1.305,62629,157549008,9912,-1
07684.wav,7683,7684,3453492227,48000,1,7.042,338000,291532832,82494,-1
07685.wav,7684,7685,3453546948,48000,1,4.440,213097,287370240,49808,-1
07686.wav,7685,7686,3453560010,48000,1,4.191,201167,419975200,32910,-1
07687.wav,7686,7687,3453882210,48000,1,1.560,74857,17703408,10993,-1
07688.wav,7687,7688,3454135175,48000,1,2.217,106439,343641808,20114,-1
07689.wav,7688,7689,3454231555,48000,1,3.179,152597,179018464,29977,-1
07690.wav,7689,7690,3454848201,48000,1,3.631,174276,159406224,40082,-1
07691.wav,7690,7691,3456046873,48000,1,3.376,162046,99767456,31549,-1
07692.wav,7691,7692,3456986966,48000,1,6.787,325800,532597744,88079,-1
07693.wav,7692,7693,3457699536,48000,1,48.125,2309985,543187440,716339,-1
07694.wav,7693,7694,3458406075,48000,1,6.863,329410,366155776,98448,-1
07695.wav,7694,7695,3460094474,48000,1,2.285,109703,548543568,24005,-1
07696.wav,7695,7696,3461035430,48000,1,3.260,156499,481477296,30056,-1
07697.wav,7696,7697,3461200208,48000,1,2.189,105085,452208048,21693,-1
07698.wav,7697,7698,3461535886,48000,1,5.748,275889,29404144,69621,-1
07699.wav,7698,7699,3461590607,48000,1,2.323,111487,5155888,24333,-1
07700.wav,7699,7700,3461900360,48000,1,6.109,293212,246259792,81271,-1
07701.wav,7700,7701,3462156199,48000,1,5.884,282450,349758304,70192,-1
07702.wav,7701,7702,3463048623,48000,1,4.344,208505,55580208,46023,-1
07703.wav,7702,7703,3463123342,48000,1,6.453,309734,151122816,74867,-1
07704.wav,7703,7704,3463178063,48000,1,5.346,256629,125893344,54524,-1
07705.wav,7704,7705,3463396947,48000,1,8.911,427731,43999424,98088,-1
07706.wav,7705,7706,3463858255,48000,1,5.177,248502,504799504,71847,-1
07707.wav,7706,7707,3464672302,48000,1,4.608,221162,483043824,56633,-1
07708.wav,7707,7708,3464745521,48000,1,6.255,300252,136656592,71997,-1
07709.wav,7708,7709,3464854963,48000,1,1.972,94650,90883344,16675,-1
07710.wav,7709,7710,3465562089,48000,1,5.575,267605,480837216,71302,-1
07711.wav,7710,7711,3469305415,48000,1,1.140,54737,400176,20388,-1
07712.wav,7711,7712,3469672431,48000,1,6.002,288097,395752112,90128,-1
07713.wav,7712,7713,3470247596,48000,1,4.783,229561,301828416,53997,-1
07714.wav,7713,7714,3470473416,48000,1,4.812,230971,87028944,54493,-1
07715.wav,7714,7715,3470692300,48000,1,2.994,143725,6235696,33324,-1
07716.wav,7715,7716,3470822761,48000,1,4.838,232232,202278576,55447,-1
07717.wav,7716,7717,3472040874,48000,1,2.044,98131,97600896,17212,-1
07718.wav,7717,7718,3472095595,48000,1,5.439,261081,74754688,50177,-1
07719.wav,7718,7719,3472150316,48000,1,3.194,153329,56960720,27799,-1
07720.wav,7719,7720,3472225035,48000,1,5.363,257423,152266416,54544,-1
07721.wav,7720,7721,3473974580,48000,1,4.912,235762,168313040,55336,-1
07722.wav,7721,7722,3474922562,48000,1,4.438,213037,354969040,54345,-1
07723.wav,7722,7723,3475065064,48000,1,4.422,212265,447029216,56424,-1
07724.wav,7723,7724,3475510789,48000,1,6.450,309581,407274320,77108,-1
07725.wav,7724,7725,3475736609,48000,1,3.929,188592,272794832,47195,-1
07726.wav,7725,7726,3475743125,48000,1,0.691,33156,247801760,14765,-1
07727.wav,7726,7727,3476419762,48000,1,3.504,168204,156169456,44207,-1
07728.wav,7727,7728,3477556011,48000,1,8.135,390476,415209600,85937,-1
07729.wav,7728,7729,3477707112,48000,1,8.531,409476,255813056,104351,-1
07730.wav,7729,7730,3477878211,48000,1,6.319,303300,11903712,70646,-1
07731.wav,7730,7731,3477894815,48000,1,3.113,149403,550687152,30203,-1
07732.wav,7731,7732,3477896682,48000,1,2.074,99559,157366576,20683,-1
07733.wav,7732,7733,3479067185,48000,1,6.543,314087,533997872,75399,-1
07734.wav,7733,7734,3479445669,48000,1,3.386,162528,22202352,31272,-1
07735.wav,7734,7735,3479861234,48000,1,6.625,318020,494421568,73595,-1
07736.wav,7735,7736,3479933432,48000,1,7.575,363615,141439072,77079,-1
07737.wav,7736,7737,3480449461,48000,1,8.564,411078,511636224,113423,-1
07738.wav,7737,7738,3482580292,48000,1,1.228,58937,177894432,22383,-1
07739.wav,7738,7739,3483939637,48000,1,6.846,328610,477314496,90964,-1
07740.wav,7739,7740,3485787373,48000,1,1.560,74869,554083088,12483,-1
07741.wav,7740,7741,3486414738,48000,1,8.174,392356,225296880,101048,-1
07742.wav,7741,7742,3486655697,48000,1,2.283,109571,542855952,22561,-1
07743.wav,7742,7743,3486989903,48000,1,3.286,157728,69495936,29649,-1
07744.wav,7743,7744,3486998375,48000,1,1.995,95782,169743024,17593,-1
07745.wav,7744,7745,3487283506,48000,1,5.789,277878,79507904,61784,-1
07746.wav,7745,7746,3487525930,48000,1,3.577,171718,520300736,49870,-1
07747.wav,7746,7747,3487632851,48000,1,5.995,287781,195195312,75100,-1
07748.wav,7747,7748,3488467942,48000,1,4.877,234087,175486992,53423,-1
07749.wav,7748,7749,3488558861,48000,1,10.406,499480,487195568,121874,-1
07750.wav,7749,7750,3488741522,48000,1,7.620,365778,131198032,86231,-1
07751.wav,7750,7751,3488905685,48000,1,4.753,228159,65552192,55594,-1
07752.wav,7751,7752,3489018002,48000,1,0.494,23705,313272208,8466,-1
07753.wav,7752,7753,3489558090,48000,1,6.247,299878,471839296,82749,-1
07754.wav,7753,7754,3489908714,48000,1,1.355,65046,1266464,21668,-1
07755.wav,7754,7755,3489911401,48000,1,4.589,220282,350017616,45572,-1
07756.wav,7755,7756,3492211437,48000,1,6.393,306881,413166208,75273,-1
07757.wav,7756,7757,3492546699,48000,1,6.461,310135,268292832,94196,-1
07758.wav,7757,7758,3492841323,48000,1,8.912,427780,325960320,91651,-1
07759.wav,7758,7759,3493067143,48000,1,2.033,97602,184021520,17654,-1
07760.wav,7759,7760,3493442612,48000,1,6.043,290059,444137840,96675,-1
07761.wav,7760,7761,3493484271,48000,1,9.271,445006,375207936,132562,-1
07762.wav,7761,7762,3494059436,48000,1,7.006,336272,280153408,85700,-1
07763.wav,7762,7763,3494243597,48000,1,6.903,331347,296898384,87201,-1
07764.wav,7763,7764,3494285256,48000,1,4.763,228625,37543984,44350,-1
07765.wav,7764,7765,3494339977,48000,1,3.925,188410,16889440,43255,-1
07766.wav,7765,7766,3494578859,48000,1,1.904,91371,45704320,18557,-1
07767.wav,7766,7767,3494818762,48000,1,6.588,316210,197845392,83393,-1
07768.wav,7767,7768,3495516616,48000,1,4.570,219382,422774512,37362,-1
07769.wav,7768,7769,3495571152,48000,1,9.374,449961,220804192,124410,-1
07770.wav,7769,7770,3496036875,48000,1,5.199,249565,92832416,63369,-1
07771.wav,7770,7771,3496091596,48000,1,7.652,367313,70649808,86953,-1
07772.wav,7771,7772,3496146317,48000,1,7.899,379169,52809472,94231,-1
07773.wav,7772,7773,3496221036,48000,1,6.652,319273,147748928,80085,-1
07774.wav,7773,7774,3497906221,48000,1,1.943,93265,526405600,15449,-1
07775.wav,7774,7775,3499116807,48000,1,7.660,367678,460136336,89330,-1
07776.wav,7775,7776,3499787331,48000,1,5.623,269893,256603280,66931,-1
07777.wav,7776,7777,3500081955,48000,1,4.788,229820,323033968,48889,-1
07778.wav,7777,7778,3500896002,48000,1,6.403,307329,217239472,78687,-1
07779.wav,7778,7779,3501429508,48000,1,6.116,293576,302204880,76671,-1
07780.wav,7779,7780,3501525888,48000,1,4.628,222152,22835344,52197,-1
07781.wav,7780,7781,3501571348,48000,1,2.209,106018,566512496,27172,-1
07782.wav,7781,7782,3501593671,48000,1,6.020,288945,277980816,61799,-1
07783.wav,7782,7783,3501833574,48000,1,9.238,443421,336917312,108183,-1
07784.wav,7783,7784,3501874212,48000,1,4.381,210276,7709360,51284,-1
07785.wav,7784,7785,3502345543,48000,1,6.294,302131,175829664,81700,-1
07786.wav,7785,7786,3502770125,48000,1,7.932,380715,392602400,50374,-1
07787.wav,7786,7787,3503106408,48000,1,5.999,287944,287721312,62091,-1
07788.wav,7787,7788,3503332228,48000,1,5.136,246512,58867552,55010,-1
07789.wav,7788,7789,3503386949,48000,1,1.776,85270,38657632,17302,-1
07790.wav,7789,7790,3504407661,48000,1,6.914,331866,163799760,80613,-1
07791.wav,7790,7791,3505060999,48000,1,4.154,199416,398909632,59299,-1
07792.wav,7791,7792,3505584030,48000,1,6.637,318558,427859472,118275,-1
07793.wav,7792,7793,3505903478,48000,1,3.057,146737,518759136,31433,-1
07794.wav,7793,7794,3507949477,48000,1,1.245,59737,313525168,20612,-1
07795.wav,7794,7795,3510356018,48000,1,6.379,306204,235910608,77148,-1
07796.wav,7795,7796,3511095346,48000,1,4.778,229334,29554528,57842,-1
07797.wav,7796,7797,3511181098,48000,1,2.724,130739,542689408,26061,-1
07798.wav,7797,7798,3511576652,48000,1,4.161,199726,513509792,49658,-1
07799.wav,7798,7799,3511728531,48000,1,3.013,144634,555010032,33852,-1
07800.wav,7799,7800,3512737523,48000,1,7.657,367559,126091056,81788,-1
07801.wav,7800,7801,3512956407,48000,1,4.975,238812,44283248,55047,-1
07802.wav,7801,7802,3514095562,48000,1,1.964,94260,347599584,16541,-1
07803.wav,7802,7803,3515522831,48000,1,5.488,263419,445308096,53045,-1
07804.wav,7803,7804,3516097996,48000,1,8.791,421969,419633856,69981,-1
07805.wav,7804,7805,3516223144,48000,1,3.378,162155,176252592,37890,-1
07806.wav,7805,7806,3516262159,48000,1,7.076,339629,408819952,76291,-1
07807.wav,7806,7807,3516478983,48000,1,5.746,275830,245605824,79455,-1
07808.wav,7807,7808,3516673161,48000,1,7.474,358730,343171936,67809,-1
07809.wav,7808,7809,3517357768,48000,1,4.298,206281,218092320,44946,-1
07810.wav,7809,7810,3517425551,48000,1,9.879,474201,379934928,122577,-1
07811.wav,7810,7811,3517978889,48000,1,3.364,161489,241422224,38210,-1
07812.wav,7811,7812,3517987654,48000,1,8.598,412685,25117936,99983,-1
07813.wav,7812,7813,3518352582,48000,1,2.808,134777,550564608,27449,-1
07814.wav,7813,7814,3518588943,48000,1,8.646,414987,338505200,98658,-1
07815.wav,7814,7815,3518872005,48000,1,9.562,458972,509185808,114815,-1
07816.wav,7815,7816,3518978926,48000,1,6.917,332008,179769008,64189,-1
07817.wav,7816,7817,3519350790,48000,1,2.752,132075,539655632,29783,-1
07818.wav,7817,7818,3519567153,48000,1,4.515,216736,219385376,67198,-1
07819.wav,7818,7819,3519903436,48000,1,4.364,209492,21022080,48093,-1
07820.wav,7819,7820,3519923434,48000,1,4.203,201765,133971648,38950,-1
07821.wav,7820,7821,3520032876,48000,1,6.504,312182,87386688,78425,-1
07822.wav,7821,7822,3520087597,48000,1,7.064,339052,66481200,59342,-1
07823.wav,7822,7823,3520217037,48000,1,4.894,234916,144157792,56734,-1
07824.wav,7823,7824,3520491663,48000,1,3.586,172127,187893536,33208,-1
07825.wav,7824,7825,3521224354,48000,1,2.001,96029,354061264,31360,-1
07826.wav,7825,7826,3521340113,48000,1,1.975,94779,557543248,24077,-1
07827.wav,7826,7827,3521600334,48000,1,2.567,123227,97655328,20583,-1
07828.wav,7827,7828,3523869767,48000,1,2.265,108733,492551296,22492,-1
07829.wav,7828,7829,3524850344,48000,1,5.061,242943,393864000,53521,-1
07830.wav,7829,7830,3525199689,48000,1,7.102,340886,421461712,78047,-1
07831.wav,7830,7831,3525645414,48000,1,5.470,262539,324127344,58125,-1
07832.wav,7831,7832,3525870213,48000,1,5.187,248996,2220752,53973,-1
07833.wav,7832,7833,3525979222,48000,1,1.730,83021,157635904,16268,-1
07834.wav,7833,7834,3526698343,48000,1,4.627,222117,226701376,64086,-1
07835.wav,7834,7835,3527328229,48000,1,5.597,268643,54617296,61765,-1
07836.wav,7835,7836,3527456142,48000,1,3.207,153944,159600032,32055,-1
07837.wav,7836,7837,3530008921,48000,1,4.810,230902,511940992,52263,-1
07838.wav,7837,7838,3531628581,48000,1,5.877,282086,311733840,74425,-1
07839.wav,7838,7839,3532536701,48000,1,4.991,239547,264984704,53956,-1
07840.wav,7839,7840,3533070207,48000,1,3.455,165819,330843024,31868,-1
07841.wav,7840,7841,3533877318,48000,1,7.080,339816,360579056,93737,-1
07842.wav,7841,7842,3534397762,48000,1,5.445,261379,273985584,52907,-1
07843.wav,7842,7843,3534927184,48000,1,3.132,150326,82635712,25641,-1
07844.wav,7843,7844,3535036626,48000,1,3.481,167090,44967744,35231,-1
07845.wav,7844,7845,3536788245,48000,1,4.068,195269,100405264,43624,-1
07846.wav,7845,7846,3536960992,48000,1,3.439,165064,565675504,50001,-1
07847.wav,7846,7847,3537728338,48000,1,4.296,206185,536158240,47935,-1
07848.wav,7847,7848,3537812956,48000,1,7.156,343484,454438848,89080,-1
07849.wav,7848,7849,3538300982,48000,1,6.976,334859,131835056,76561,-1
07850.wav,7849,7850,3538594585,48000,1,4.246,203790,142590560,48886,-1
07851.wav,7850,7851,3538863569,48000,1,2.818,135284,557885776,30400,-1
07852.wav,7851,7852,3541192749,48000,1,2.080,99863,451921792,17109,-1
07853.wav,7852,7853,3541647372,48000,1,3.205,153856,219591072,26322,-1
07854.wav,7853,7854,3541913356,48000,1,3.268,156862,556576,50806,-1
07855.wav,7854,7855,3541983655,48000,1,10.658,511605,21672928,122022,-1
07856.wav,7855,7856,3542331979,48000,1,11.548,554310,6782512,135926,-1
07857.wav,7856,7857,3543051723,48000,1,4.370,209752,347224656,53773,-1
07858.wav,7857,7858,3543454733,48000,1,3.272,157043,304008448,31523,-1
07859.wav,7858,7859,3543564175,48000,1,7.718,370482,286716656,78740,-1
07860.wav,7859,7860,3543735274,48000,1,4.570,219363,75366864,40111,-1
07861.wav,7860,7861,3543864714,48000,1,4.671,224206,153179424,47581,-1
07862.wav,7861,7862,3543899437,48000,1,3.691,177144,17099376,39482,-1
07863.wav,7862,7863,3543974156,48000,1,6.560,314868,105194080,72989,-1
07864.wav,7863,7864,3544083598,48000,1,2.080,99863,63314400,17220,-1
07865.wav,7864,7865,3544138319,48000,1,3.250,156003,45936432,31908,-1
07866.wav,7865,7866,3544194061,48000,1,7.375,354005,186215392,73940,-1
07867.wav,7866,7867,3545541614,48000,1,4.188,201020,112860576,46124,-1
07868.wav,7867,7868,3545651056,48000,1,6.783,325574,70820000,68500,-1
07869.wav,7868,7869,3545835217,48000,1,4.080,195823,121883728,41243,-1
07870.wav,7869,7870,3545944659,48000,1,5.489,263470,80436176,60813,-1
07871.wav,7870,7871,3546740651,48000,1,5.986,287340,172828464,72549,-1
07872.wav,7871,7872,3548607463,48000,1,8.541,409948,380895456,127232,-1
07873.wav,7872,7873,3549346791,48000,1,6.404,307382,256875552,58548,-1
07874.wav,7873,7874,3549534494,48000,1,6.108,293190,550877920,65164,-1
07875.wav,7874,7875,3549828097,48000,1,2.854,137012,552656992,30767,-1
07876.wav,7875,7876,3550120200,48000,1,10.741,515574,383504560,120762,-1
07877.wav,7876,7877,3550523245,48000,1,9.465,454300,379373056,97521,-1
07878.wav,7877,7878,3550577966,48000,1,3.217,154427,372805856,34157,-1
07879.wav,7878,7879,3550694344,48000,1,5.750,276010,223068432,77245,-1
07880.wav,7879,7880,3551214788,48000,1,1.992,95610,89650752,17291,-1
07881.wav,7880,7881,3551324230,48000,1,5.530,265443,50833168,62532,-1
07882.wav,7881,7882,3551433672,48000,1,4.470,214554,7870912,48099,-1
07883.wav,7882,7883,3551728296,48000,1,3.468,166446,184564160,32834,-1
07884.wav,7883,7884,3552152360,48000,1,4.301,206463,238736192,60251,-1
07885.wav,7884,7885,3553479915,48000,1,3.886,186508,198899120,39346,-1
07886.wav,7885,7886,3553967121,48000,1,2.395,114982,167783776,24514,-1
07887.wav,7886,7887,3555143490,48000,1,6.390,306737,428059184,90203,-1
07888.wav,7887,7888,3555579316,48000,1,8.210,394085,478833424,98888,-1
07889.wav,7888,7889,3555735666,48000,1,0.915,43911,247531456,16392,-1
07890.wav,7889,7890,3555806436,48000,1,5.955,285863,449713392,86215,-1
07891.wav,7890,7891,3556412303,48000,1,3.008,144403,155716688,36515,-1
07892.wav,7891,7892,3556532702,48000,1,6.654,319369,260468864,67504,-1
07893.wav,7892,7893,3557415553,48000,1,6.218,298445,377647904,82089,-1
07894.wav,7893,7894,3558448484,48000,1,4.163,199826,258521248,41042,-1
07895.wav,7894,7895,3559221893,48000,1,4.771,228998,385491776,46918,-1
07896.wav,7895,7896,3559263638,48000,1,3.581,171865,543012240,39345,-1
07897.wav,7896,7897,3561472395,48000,1,4.604,221009,486237680,49899,-1
07898.wav,7897,7898,3562296983,48000,1,5.972,286678,126272672,71660,-1
07899.wav,7898,7899,3562516655,48000,1,1.400,67188,1380160,22378,-1
07900.wav,7899,7900,3565308111,48000,1,3.918,188084,392091168,26315,-1
07901.wav,7900,7901,3566985011,48000,1,8.472,406674,380415776,115849,-1
07902.wav,7901,7902,3567731275,48000,1,3.756,180299,71423776,38322,-1
07903.wav,7902,7903,3567785996,48000,1,6.840,328300,53379776,76505,-1
07904.wav,7903,7904,3567788517,48000,1,1.453,69725,494890416,11731,-1
07905.wav,7904,7905,3567853106,48000,1,3.067,147208,558601808,38845,-1
07906.wav,7905,7906,3567915436,48000,1,6.389,306660,122897536,78154,-1
07907.wav,7906,7907,3568079599,48000,1,3.693,177286,61362848,38959,-1
07908.wav,7907,7908,3568124557,48000,1,2.578,123727,422977328,22179,-1
07909.wav,7908,7909,3568267302,48000,1,4.798,230326,522186384,58458,-1
07910.wav,7909,7910,3568315087,48000,1,7.655,367442,548642480,79939,-1
07911.wav,7910,7911,3568431465,48000,1,5.851,280846,509611968,86063,-1
07912.wav,7911,7912,3568780810,48000,1,6.725,322778,529863904,79585,-1
07913.wav,7912,7913,3568910250,48000,1,5.271,252988,539731120,61233,-1
07914.wav,7913,7914,3569010543,48000,1,1.230,59022,312940768,22721,-1
07915.wav,7914,7915,3569300233,48000,1,8.717,418422,488766976,144635,-1
07916.wav,7915,7916,3569537615,48000,1,1.960,94069,108474480,20074,-1
07917.wav,7916,7917,3569592336,48000,1,5.785,277700,87679168,62779,-1
07918.wav,7917,7918,3569647057,48000,1,6.256,300286,66555472,59938,-1
07919.wav,7918,7919,3569844083,48000,1,2.526,121228,558382288,25447,-1
07920.wav,7919,7920,3572658185,48000,1,2.023,97119,373203088,20988,-1
07921.wav,7920,7921,3573007797,48000,1,5.569,267291,396985792,88242,-1
07922.wav,7921,7922,3573342792,48000,1,4.651,223270,250696288,51229,-1
07923.wav,7922,7923,3573582695,48000,1,3.270,156966,326823184,32393,-1
07924.wav,7923,7924,3573637416,48000,1,4.531,217511,321871968,52951,-1
07925.wav,7924,7925,3574280364,48000,1,10.170,488180,370591392,129741,-1
07926.wav,7925,7926,3574335085,48000,1,2.856,137088,359760128,38855,-1
07927.wav,7926,7927,3574396742,48000,1,5.945,285371,221916272,89338,-1
07928.wav,7927,7928,3574746087,48000,1,5.744,275703,288672928,60443,-1
07929.wav,7928,7929,3574759149,48000,1,4.482,215126,421752512,35978,-1
07930.wav,7929,7930,3574855529,48000,1,4.627,222116,273043728,34494,-1
07931.wav,7930,7931,3574984969,48000,1,5.484,263210,298855776,51480,-1
07932.wav,7931,7932,3575026628,48000,1,2.685,128878,39050608,28065,-1
07933.wav,7932,7933,3575223851,48000,1,5.048,242295,306312928,67014,-1
07934.wav,7933,7934,3575265510,48000,1,5.818,279259,64530928,37261,-1
07935.wav,7934,7935,3575374952,48000,1,2.412,115781,27827536,24530,-1
07936.wav,7935,7936,3575560134,48000,1,6.380,306243,199542064,76074,-1
07937.wav,7936,7937,3575617376,48000,1,7.577,363672,510761296,111187,-1
07938.wav,7937,7938,3575724297,48000,1,2.746,131816,183592288,20613,-1
07939.wav,7938,7939,3575963179,48000,1,8.617,413614,188984704,111626,-1
07940.wav,7939,7940,3576257803,48000,1,4.785,229688,226947392,66604,-1
07941.wav,7940,7941,3576723526,48000,1,5.552,266516,114053616,62533,-1
07942.wav,7941,7942,3576778247,48000,1,7.703,369767,95562864,78775,-1
07943.wav,7942,7943,3576832968,48000,1,6.467,310406,72451184,73126,-1
07944.wav,7943,7944,3577015602,48000,1,6.055,290655,164169200,61142,-1
07945.wav,7944,7945,3577769867,48000,1,5.921,284228,566163456,76192,-1
07946.wav,7945,7946,3578492522,48000,1,2.852,136899,167560688,31042,-1
07947.wav,7946,7947,3578584587,48000,1,6.732,323130,135375632,78916,-1
07948.wav,7947,7948,3579858179,48000,1,6.036,289730,462513072,68750,-1
07949.wav,7948,7949,3580265793,48000,1,1.587,76169,204459888,13120,-1
07950.wav,7949,7950,3580557418,48000,1,0.962,46159,313648992,16856,-1
07951.wav,7950,7951,3581302112,48000,1,8.357,401130,386075392,118919,-1
07952.wav,7951,7952,3582096161,48000,1,6.403,307363,265098240,70762,-1
07953.wav,7952,7953,3582285420,48000,1,2.631,126285,353194352,34996,-1
07954.wav,7953,7954,3582389764,48000,1,4.736,227333,268901904,49267,-1
07955.wav,7954,7955,3584436007,48000,1,5.910,283670,345632240,45685,-1
07956.wav,7955,7956,3585227184,48000,1,5.722,274652,501730416,61790,-1
07957.wav,7956,7957,3585413675,48000,1,4.327,207714,491814384,57558,-1
07958.wav,7957,7958,3586128821,48000,1,10.219,490505,154947760,141496,-1
07959.wav,7958,7959,3586402426,48000,1,2.694,129298,79758688,26179,-1
07960.wav,7959,7960,3586644850,48000,1,3.308,158785,520778576,35614,-1
07961.wav,7960,7961,3588959872,48000,1,6.683,320798,464396240,81482,-1
07962.wav,7961,7962,3590586830,48000,1,2.177,104495,241626416,20887,-1
07963.wav,7962,7963,3591152111,48000,1,3.723,178720,222468704,39787,-1
07964.wav,7963,7964,3591173639,48000,1,2.055,98652,542399904,20024,-1
07965.wav,7964,7965,3591672555,48000,1,9.487,455361,88453648,115795,-1
07966.wav,7965,7966,3591720340,48000,1,3.976,190849,248895568,48339,-1
07967.wav,7966,7967,3591721072,48000,1,2.699,129530,554640960,27595,-1
07968.wav,7967,7968,3591727276,48000,1,2.292,110005,67058304,22959,-1
07969.wav,7968,7969,3591836718,48000,1,2.371,113823,31727776,23102,-1
07970.wav,7969,7970,3591966158,48000,1,6.315,303142,98672704,82327,-1
07971.wav,7970,7971,3593036849,48000,1,6.319,303307,352025296,81647,-1
07972.wav,7971,7972,3593240013,48000,1,6.524,313143,97874048,73862,-1
07973.wav,7972,7973,3593294734,48000,1,6.724,322749,75513552,71114,-1
07974.wav,7973,7974,3593349455,48000,1,4.256,204309,58057584,49064,-1
07975.wav,7974,7975,3593588337,48000,1,4.057,194716,83153200,48909,-1
07976.wav,7975,7976,3593643058,48000,1,1.526,73240,63395632,10970,-1
07977.wav,7976,7977,3593697779,48000,1,3.144,150898,46371120,29730,-1
07978.wav,7977,7978,3593752500,48000,1,1.560,74875,26164400,11156,-1
07979.wav,7978,7979,3593772498,48000,1,6.827,327712,139792784,77016,-1
07980.wav,7979,7980,3593832295,48000,1,1.719,82497,354207824,23779,-1
07981.wav,7980,7981,3593948054,48000,1,2.901,139268,557708288,38005,-1
07982.wav,7981,7982,3594838766,48000,1,3.601,172848,566997040,41409,-1
07983.wav,7982,7983,3595046353,48000,1,3.837,184181,138101888,36312,-1
07984.wav,7983,7984,3595397198,48000,1,6.804,326603,501048160,62633,-1
07985.wav,7984,7985,3596264203,48000,1,3.100,148818,448325776,34103,-1
07986.wav,7985,7986,3596990469,48000,1,8.153,391361,259580384,92281,-1
07987.wav,7986,7987,3597633417,48000,1,5.150,247204,321382832,56471,-1
07988.wav,7987,7988,3597635938,48000,1,1.469,70501,547636304,10479,-1
07989.wav,7988,7989,3597688138,48000,1,9.536,457750,315193664,106600,-1
07990.wav,7989,7990,3597817578,48000,1,7.204,345808,331846784,82006,-1
07991.wav,7990,7991,3598331086,48000,1,6.009,288411,355544256,75200,-1
07992.wav,7991,7992,3598851530,48000,1,7.001,336054,270757872,91552,-1
07993.wav,7992,7993,3598906251,48000,1,11.232,539145,257322912,119280,-1
07994.wav,7993,7994,3599077350,48000,1,8.897,427047,13118192,87886,-1
07995.wav,7994,7995,3599200875,48000,1,4.393,210860,323107072,39023,-1
07996.wav,7995,7996,3599426695,48000,1,2.202,105684,178678496,22746,-1
07997.wav,7996,7997,3599439757,48000,1,5.573,267493,329687760,60088,-1
07998.wav,7997,7998,3599720298,48000,1,2.811,134934,181320576,28591,-1
07999.wav,7998,7999,3599777540,48000,1,6.194,297330,504022208,81797,-1
08000.wav,7999,8000,3600014922,48000,1,5.835,280089,217393936,74540,-1
08001.wav,8000,8001,3600253804,48000,1,9.454,453814,223241728,116078,-1
08002.wav,8001,8002,3600525813,48000,1,1.782,85514,435892528,15174,-1
08003.wav,8002,8003,3600548428,48000,1,5.174,248363,302365632,49021,-1
08004.wav,8003,8004,3600719527,48000,1,9.866,473552,110570544,100821,-1
08005.wav,8004,8005,3600774248,48000,1,7.331,351871,89751312,82916,-1
08006.wav,8005,8006,3601287756,48000,1,4.631,222310,184701872,61135,-1
08007.wav,8006,8007,3601526638,48000,1,6.828,327721,189878224,57414,-1
08008.wav,8007,8008,3604189442,48000,1,3.872,185846,410429728,31011,-1
08009.wav,8008,8009,3604702950,48000,1,7.364,353468,428510272,102671,-1
08010.wav,8009,8010,3605138776,48000,1,4.363,209434,479279584,53865,-1
08011.wav,8010,8011,3605365896,48000,1,6.113,293420,450165808,91992,-1
08012.wav,8011,8012,3605516997,48000,1,9.458,453967,361440512,102508,-1
08013.wav,8012,8013,3606092162,48000,1,8.846,424624,260872240,107050,-1
08014.wav,8013,8014,3606441507,48000,1,7.674,368334,320190208,81220,-1
08015.wav,8014,8015,3606516226,48000,1,6.507,312322,346433552,48485,-1
08016.wav,8015,8016,3606851488,48000,1,3.794,182093,187662080,39020,-1
08017.wav,8016,8017,3607448683,48000,1,6.493,311666,158960688,70668,-1
08018.wav,8017,8018,3607856843,48000,1,3.738,179412,416716416,30050,-1
08019.wav,8018,8019,3609007173,48000,1,6.719,322514,228182160,65995,-1
08020.wav,8019,8020,3610288985,48000,1,9.548,458305,116388624,106436,-1
08021.wav,8020,8021,3612648187,48000,1,8.287,397769,371536336,107495,-1
08022.wav,8021,8022,3613635912,48000,1,1.662,79765,481321808,13565,-1
08023.wav,8022,8023,3613800690,48000,1,1.721,82622,452037344,16933,-1
08024.wav,8023,8024,3614867571,48000,1,5.201,249640,392400496,58816,-1
08025.wav,8024,8025,3615442736,48000,1,3.492,167597,297924384,42917,-1
08026.wav,8025,8026,3615832719,48000,1,2.557,122730,26997632,27235,-1
08027.wav,8026,8027,3616017901,48000,1,4.703,225746,198710816,53466,-1
08028.wav,8027,8028,3616182064,48000,1,3.977,190873,183078112,35834,-1
08029.wav,8028,8029,3616468872,48000,1,3.830,183820,207445408,40822,-1
08030.wav,8029,8030,3617347977,48000,1,4.843,232457,494902192,51969,-1
08031.wav,8030,8031,3617400177,48000,1,8.055,386661,34472656,95459,-1
08032.wav,8031,8032,3617474896,48000,1,5.064,243059,123065904,60902,-1
08033.wav,8032,8033,3617826762,48000,1,3.111,149323,522399344,29648,-1
08034.wav,8033,8034,3618318921,48000,1,0.482,23136,248779264,9523,-1
08035.wav,8034,8035,3618340270,48000,1,9.180,440659,530442576,112719,-1
08036.wav,8035,8036,3618469710,48000,1,8.579,411805,540200080,103873,-1
08037.wav,8036,8037,3619042354,48000,1,6.732,323150,134308272,68705,-1
08038.wav,8037,8038,3619858922,48000,1,6.202,297716,475639376,82454,-1
08039.wav,8038,8039,3621047890,48000,1,7.550,362407,425417216,75775,-1
08040.wav,8039,8040,3621905897,48000,1,2.562,122989,184736,42854,-1
08041.wav,8040,8041,3622499207,48000,1,7.887,378595,275783424,94308,-1
08042.wav,8041,8042,3622512269,48000,1,5.971,286632,413647168,53570,-1
08043.wav,8042,8043,3622792810,48000,1,3.886,186536,278406720,33752,-1
08044.wav,8043,8044,3622902252,48000,1,10.108,485175,250967360,115226,-1
08045.wav,8044,8045,3622976971,48000,1,9.136,438548,291916432,93591,-1
08046.wav,8045,8046,3623073351,48000,1,4.482,215143,8727168,56694,-1
08047.wav,8046,8047,3623969264,48000,1,8.993,431669,394715536,62875,-1
08048.wav,8047,8048,3624195084,48000,1,4.465,214340,234138416,43759,-1
08049.wav,8048,8049,3624544429,48000,1,7.357,353137,299198432,90600,-1
08050.wav,8049,8050,3624586088,48000,1,4.083,196003,39157792,33951,-1
08051.wav,8050,8051,3624640809,48000,1,2.652,127291,18738928,26276,-1
08052.wav,8051,8052,3624660807,48000,1,8.912,427777,130371056,106503,-1
08053.wav,8052,8053,3624715528,48000,1,2.151,103242,106201344,13135,-1
08054.wav,8053,8054,3624824970,48000,1,4.620,221747,64681056,53894,-1
08055.wav,8054,8055,3624879691,48000,1,8.086,388106,47676592,95989,-1
08056.wav,8055,8056,3624893774,48000,1,5.960,286079,344499120,76839,-1
08057.wav,8056,8057,3625176836,48000,1,7.145,342966,511247360,112470,-1
08058.wav,8057,8058,3625283757,48000,1,6.477,310880,183659568,80639,-1
08059.wav,8058,8059,3625467918,48000,1,1.560,74879,193961424,11879,-1
08060.wav,8059,8060,3626282986,48000,1,2.779,133390,114254896,30680,-1
08061.wav,8060,8061,3626392428,48000,1,5.272,253034,72630080,57098,-1
08062.wav,8061,8062,3626447149,48000,1,6.448,309483,54749536,69467,-1
08063.wav,8062,8063,3626575062,48000,1,2.648,127102,167927888,26996,-1
08064.wav,8063,8064,3626576589,48000,1,6.562,315000,124224320,62018,-1
08065.wav,8064,8065,3626686031,48000,1,8.593,412466,81337696,93025,-1
08066.wav,8065,8066,3627316675,48000,1,4.922,236260,438253024,61222,-1
08067.wav,8066,8067,3628343607,48000,1,0.750,36004,247616528,12891,-1
08068.wav,8067,8068,3628348333,48000,1,1.912,91758,204688272,16393,-1
08069.wav,8068,8069,3629020244,48000,1,3.683,176804,155890640,42448,-1
08070.wav,8069,8070,3629134777,48000,1,7.673,368299,470995392,107481,-1
08071.wav,8070,8071,3629361897,48000,1,5.791,277966,441917408,67116,-1
08072.wav,8071,8072,3629417639,48000,1,6.524,313173,462755776,90168,-1
08073.wav,8072,8073,3629937062,48000,1,5.784,277646,417298032,60582,-1
08074.wav,8073,8074,3630437508,48000,1,2.973,142725,317833488,24619,-1
08075.wav,8074,8075,3630497164,48000,1,2.578,123756,157159088,28976,-1
08076.wav,8075,8076,3630861572,48000,1,5.886,282543,386426112,66036,-1
08077.wav,8076,8077,3631087392,48000,1,2.062,98952,228466880,17716,-1
08078.wav,8077,8078,3631631406,48000,1,4.056,194698,542122448,44638,-1
08079.wav,8078,8079,3631826720,48000,1,5.466,262371,23999936,56660,-1
08080.wav,8079,8080,3633687781,48000,1,6.234,299215,39663760,67283,-1
08081.wav,8080,8081,3634961373,48000,1,7.500,360017,455427968,90313,-1
08082.wav,8081,8082,3635180774,48000,1,1.049,50347,177701248,18713,-1
08083.wav,8082,8083,3635797723,48000,1,4.283,205569,146945200,51833,-1
08084.wav,8083,8084,3636404844,48000,1,2.960,142087,155236208,31099,-1
08085.wav,8084,8085,3636698909,48000,1,6.615,317520,362192672,88667,-1
08086.wav,8085,8086,3638266367,48000,1,9.452,453707,367724672,131512,-1
08087.wav,8086,8087,3638519332,48000,1,6.249,299953,464477760,74934,-1
08088.wav,8087,8088,3640711571,48000,1,6.230,299034,222632688,72439,-1
08089.wav,8088,8089,3641177294,48000,1,5.188,249041,109058480,45585,-1
08090.wav,8089,8090,3641286736,48000,1,3.263,156608,67124336,38399,-1
08091.wav,8090,8091,3641396178,48000,1,2.317,111200,31846976,23477,-1
08092.wav,8091,8092,3641618484,48000,1,0.798,38303,313040624,12752,-1
08093.wav,8092,8093,3641932205,48000,1,4.532,217527,511993296,72306,-1
08094.wav,8093,8094,3642452024,48000,1,3.363,161419,558537824,35663,-1
08095.wav,8094,8095,3642509196,48000,1,1.544,74097,1038192,22597,-1
08096.wav,8095,8096,3642801994,48000,1,9.901,475235,498088544,79007,-1
08097.wav,8096,8097,3643038355,48000,1,2.936,140935,128476272,29542,-1
08098.wav,8097,8098,3643314481,48000,1,5.420,260153,493925984,49149,-1
08099.wav,8098,8099,3645823663,48000,1,6.421,308189,448598400,76948,-1
08100.wav,8099,8100,3645974764,48000,1,8.373,401880,360342288,135452,-1
08101.wav,8100,8101,3646495208,48000,1,8.259,396419,273637200,108929,-1
08102.wav,8101,8102,3646734090,48000,1,4.690,225129,283901056,52791,-1
08103.wav,8102,8103,3647615472,48000,1,6.187,296962,351540944,68490,-1
08104.wav,8103,8104,3647726383,48000,1,8.082,387915,381517168,110124,-1
08105.wav,8104,8105,3648314610,48000,1,1.775,85189,416079232,16481,-1
08106.wav,8105,8106,3648410990,48000,1,3.281,157481,271074736,37062,-1
08107.wav,8106,8107,3648472647,48000,1,3.961,190144,73255216,43178,-1
08108.wav,8107,8108,3648636810,48000,1,3.696,177388,13430320,40007,-1
08109.wav,8108,8109,3648653414,48000,1,1.783,85585,551025488,14553,-1
08110.wav,8109,8110,3648708135,48000,1,1.477,70890,549965136,10111,-1
08111.wav,8110,8111,3648889775,48000,1,2.202,105713,340331632,23715,-1
08112.wav,8111,8112,3648944496,48000,1,3.290,157918,335498464,24900,-1
08113.wav,8112,8113,3649225037,48000,1,3.253,156144,186838704,33782,-1
08114.wav,8113,8114,3649279758,48000,1,7.214,346281,181443456,80739,-1
08115.wav,8114,8115,3649636492,48000,1,2.299,110365,556540672,23345,-1
08116.wav,8115,8116,3650333708,48000,1,4.003,192120,90012976,48084,-1
08117.wav,8116,8117,3650443150,48000,1,4.322,207454,51068976,47573,-1
08118.wav,8117,8118,3651100463,48000,1,3.001,144045,167723488,32092,-1
08119.wav,8118,8119,3652873734,48000,1,2.603,124923,204553248,20745,-1
08120.wav,8119,8120,3653160675,48000,1,6.380,306255,364797616,102322,-1
08121.wav,8120,8121,3654084164,48000,1,7.957,381936,253355856,112201,-1
08122.wav,8121,8122,3654562949,48000,1,4.458,213992,334183248,45304,-1
08123.wav,8122,8123,3654741195,48000,1,4.929,236572,440558128,62406,-1
08124.wav,8123,8124,3654893361,48000,1,0.970,46559,353347936,23484,-1
08125.wav,8124,8125,3654925356,48000,1,6.353,304939,450539424,103100,-1
08126.wav,8125,8126,3655445520,48000,1,2.172,104238,396777760,24146,-1
08127.wav,8126,8127,3655609963,48000,1,7.129,342188,411904160,72807,-1
08128.wav,8127,8128,3655651622,48000,1,6.784,325635,261100928,79768,-1
08129.wav,8128,8129,3655726341,48000,1,6.477,310890,300916832,75861,-1
08130.wav,8129,8130,3655768000,48000,1,4.270,204955,39931472,48280,-1
08131.wav,8130,8131,3655784073,48000,1,1.702,81679,178558608,27522,-1
08132.wav,8131,8132,3656003488,48000,1,2.624,125970,547045728,23981,-1
08133.wav,8132,8133,3656301506,48000,1,2.468,118461,201601568,17089,-1
08134.wav,8133,8134,3656944454,48000,1,7.224,346757,237383360,100017,-1
08135.wav,8134,8135,3657008143,48000,1,6.715,322330,163226528,63458,-1
08136.wav,8135,8136,3657456399,48000,1,9.734,467228,483923584,130989,-1
08137.wav,8136,8137,3658033127,48000,1,2.900,139214,185948016,30789,-1
08138.wav,8137,8138,3658485063,48000,1,2.711,130127,167310384,31952,-1
08139.wav,8138,8139,3660301733,48000,1,9.214,442268,563564608,100935,-1
08140.wav,8139,8140,3662207647,48000,1,7.673,368313,371853024,108941,-1
08141.wav,8140,8141,3662277961,48000,1,1.537,73778,352809616,26096,-1
08142.wav,8141,8142,3662765070,48000,1,5.195,249361,400900208,61431,-1
08143.wav,8142,8143,3663371039,48000,1,3.877,186115,331009088,47189,-1
08144.wav,8143,8144,3663514093,48000,1,1.816,87171,556711104,17324,-1
08145.wav,8144,8145,3663781580,48000,1,1.903,91353,542513232,17874,-1
08146.wav,8145,8146,3664329013,48000,1,1.586,76110,554745280,13978,-1
08147.wav,8146,8147,3664416490,48000,1,9.173,440296,528903920,107218,-1
08148.wav,8147,8148,3665118574,48000,1,2.036,97712,129315312,20088,-1
08149.wav,8148,8149,3665412177,48000,1,8.649,415156,140632480,93086,-1
08150.wav,8149,8150,3666686032,48000,1,3.746,179787,139033360,34370,-1
08151.wav,8150,8151,3666696044,48000,1,2.374,113967,347470848,21505,-1
08152.wav,8151,8152,3666740753,48000,1,2.851,136830,113654592,27485,-1
08153.wav,8152,8153,3666979635,48000,1,7.692,369240,148591632,85856,-1
08154.wav,8153,8154,3667034356,48000,1,6.335,304069,123242880,69845,-1
08155.wav,8154,8155,3667089077,48000,1,6.476,310851,101920416,74168,-1
08156.wav,8155,8156,3667446707,48000,1,2.385,114457,567170976,23489,-1
08157.wav,8156,8157,3668029170,48000,1,7.754,372186,540572912,97630,-1
08158.wav,8157,8158,3669418382,48000,1,7.363,353409,475977520,98017,-1
08159.wav,8158,8159,3670491209,48000,1,3.792,182009,271580304,48704,-1
08160.wav,8159,8160,3670545930,48000,1,7.037,337771,258320480,75819,-1
08161.wav,8160,8161,3671047495,48000,1,4.326,207626,206898208,33206,-1
08162.wav,8161,8162,3671134157,48000,1,1.904,91400,324460640,19594,-1
08163.wav,8162,8163,3672229766,48000,1,3.003,144151,42540400,30447,-1
08164.wav,8163,8164,3672242828,48000,1,6.025,289201,291285616,61279,-1
08165.wav,8164,8165,3672284487,48000,1,4.612,221400,23451888,41647,-1
08166.wav,8165,8166,3672314153,48000,1,4.204,201774,559606912,50798,-1
08167.wav,8166,8167,3672352270,48000,1,3.664,175892,278559584,43332,-1
08168.wav,8167,8168,3672523369,48000,1,7.848,376719,51549984,97113,-1
08169.wav,8168,8169,3672536431,48000,1,9.262,444567,292146256,95411,-1
08170.wav,8169,8170,3672632811,48000,1,3.739,179482,9069984,39415,-1
08171.wav,8170,8171,3673223559,48000,1,6.636,318512,508822400,109862,-1
08172.wav,8171,8172,3673507112,48000,1,7.430,356661,349828528,65891,-1
08173.wav,8172,8173,3673824836,48000,1,0.549,26350,353772160,10427,-1
08174.wav,8173,8174,3674036106,48000,1,3.662,175798,77605152,30890,-1
08175.wav,8174,8175,3674103889,48000,1,6.206,297884,299497536,79452,-1
08176.wav,8175,8176,3674183054,48000,1,4.774,229138,247409696,78226,-1
08177.wav,8176,8177,3674200269,48000,1,1.573,75508,18825728,12274,-1
08178.wav,8177,8178,3674220267,48000,1,4.644,222910,130629184,45493,-1
08179.wav,8178,8179,3674384430,48000,1,4.570,219346,64784448,39111,-1
08180.wav,8179,8180,3674439151,48000,1,5.931,284674,48038848,57658,-1
08181.wav,8180,8181,3674513870,48000,1,4.418,212062,141689776,52351,-1
08182.wav,8181,8182,3674548593,48000,1,4.345,208559,2694336,48976,-1
08183.wav,8182,8183,3675842446,48000,1,4.180,200642,114312448,48152,-1
08184.wav,8183,8184,3676470249,48000,1,2.657,127539,492343312,25083,-1
08185.wav,8184,8185,3676487915,48000,1,4.076,195656,524387824,37021,-1
08186.wav,8185,8186,3677156676,48000,1,7.597,364639,361954528,104326,-1
08187.wav,8186,8187,3677984806,48000,1,1.641,78765,435007872,16033,-1
08188.wav,8187,8188,3678081186,48000,1,6.322,303444,320528096,75328,-1
08189.wav,8188,8189,3678895233,48000,1,2.156,103509,211815056,24006,-1
08190.wav,8189,8190,3678977099,48000,1,6.476,310843,463019008,88186,-1
08191.wav,8190,8191,3679088362,48000,1,2.407,115553,169386256,22631,-1
08192.wav,8191,8192,3679147177,48000,1,9.352,448898,389486656,112059,-1
08193.wav,8192,8193,3679496522,48000,1,12.759,612420,417602448,112571,-1
08194.wav,8193,8194,3679722342,48000,1,7.836,376131,295026928,84830,-1
08195.wav,8194,8195,3680056624,48000,1,4.605,221028,159226080,50755,-1
08196.wav,8195,8196,3680071687,48000,1,1.156,55486,341766000,8118,-1
08197.wav,8196,8197,3680128929,48000,1,2.165,103934,553048624,21007,-1
08198.wav,8197,8198,3680168067,48000,1,1.829,87813,178907440,14670,-1
08199.wav,8198,8199,3680421032,48000,1,4.815,231129,386683808,54515,-1
08200.wav,8199,8200,3680646852,48000,1,2.927,140494,228732880,31221,-1
08201.wav,8200,8201,3680995176,48000,1,7.574,363572,225441408,95498,-1
08202.wav,8201,8202,3681160360,48000,1,5.228,250953,276185632,56783,-1
08203.wav,8202,8203,3681460899,48000,1,1.850,88798,112308880,16892,-1
08204.wav,8203,8204,3681570341,48000,1,7.829,375789,69725520,81243,-1
08205.wav,8204,8205,3681734504,48000,1,6.656,319475,10052160,84112,-1
08206.wav,8205,8206,3682542707,48000,1,2.585,124091,467354032,24158,-1
08207.wav,8206,8207,3683149298,48000,1,2.594,124522,491965344,34036,-1
08208.wav,8207,8208,3684520833,48000,1,8.520,408962,455917328,117067,-1
08209.wav,8208,8209,3684691932,48000,1,3.488,167429,404247856,35014,-1
08210.wav,8209,8210,3686197093,48000,1,7.013,336625,245340480,88661,-1
08211.wav,8210,8211,3686203648,48000,1,4.079,195795,370998928,43423,-1
08212.wav,8211,8212,3686243853,48000,1,2.075,99619,481399168,20399,-1
08213.wav,8212,8213,3686552993,48000,1,7.320,351376,408011664,89444,-1
08214.wav,8213,8214,3686833534,48000,1,4.651,223241,263676192,45913,-1
08215.wav,8214,8215,3687128845,48000,1,2.289,109870,568850912,28250,-1
08216.wav,8215,8216,3687215472,48000,1,2.836,136140,567407824,28934,-1
08217.wav,8216,8217,3689169296,48000,1,5.567,267225,102312528,58821,-1
08218.wav,8217,8218,3689224017,48000,1,5.374,257933,81171360,63953,-1
08219.wav,8218,8219,3690271031,48000,1,5.069,243322,222780880,56561,-1
08220.wav,8219,8220,3690682033,48000,1,6.894,330928,135161264,73993,-1
08221.wav,8220,8221,3690736754,48000,1,4.471,214623,109242544,42237,-1
08222.wav,8221,8222,3690791475,48000,1,5.248,251889,89060544,62866,-1
08223.wav,8222,8223,3690975636,48000,1,9.194,441289,145179936,119868,-1
08224.wav,8223,8224,3691436944,48000,1,4.433,212762,514598304,47645,-1
08225.wav,8224,8225,3691491665,48000,1,8.523,409112,512195136,145389,-1
08226.wav,8225,8226,3692025171,48000,1,7.903,379330,531273488,90734,-1
08227.wav,8226,8227,3693793231,48000,1,1.576,75655,451794384,12313,-1
08228.wav,8227,8228,3694513838,48000,1,1.329,63816,308992,23743,-1
08229.wav,8228,8229,3695355854,48000,1,3.085,148078,306497184,25938,-1
08230.wav,8229,8230,3695383123,48000,1,6.533,313596,448851136,76090,-1
08231.wav,8230,8231,3695650602,48000,1,6.459,310012,216093056,84709,-1
08232.wav,8231,8232,3696461255,48000,1,1.775,85195,547019072,13884,-1
08233.wav,8232,8233,3696533453,48000,1,10.319,495292,345533104,83796,-1
08234.wav,8233,8234,3696628812,48000,1,8.158,391568,3697312,90559,-1
08235.wav,8234,8235,3696759273,48000,1,2.798,134308,200575168,20720,-1
08236.wav,8235,8236,3697977386,48000,1,5.382,258317,96118896,65604,-1
08237.wav,8236,8237,3698196270,48000,1,4.760,228465,13516256,48855,-1
08238.wav,8237,8238,3698435152,48000,1,4.760,228463,43154912,46830,-1
08239.wav,8238,8239,3698896460,48000,1,3.265,156698,504306352,36009,-1
08240.wav,8239,8240,3699893168,48000,1,4.768,228877,90131056,54981,-1
08241.wav,8240,8241,3700132050,48000,1,6.444,309312,118936736,86536,-1
08242.wav,8241,8242,3700759500,48000,1,8.277,397286,562447360,107208,-1
08243.wav,8242,8243,3700956274,48000,1,2.773,133083,204779888,21127,-1
08244.wav,8243,8244,3701207398,48000,1,6.344,304514,354792848,72248,-1
08245.wav,8244,8245,3701686183,48000,1,8.656,415474,410976272,92310,-1
08246.wav,8245,8246,3702275431,48000,1,7.130,342259,440950432,30854,-1
08247.wav,8246,8247,3703014759,48000,1,2.731,131093,408603392,30447,-1
08248.wav,8247,8248,3703069480,48000,1,7.586,364117,404092016,79251,-1
08249.wav,8248,8249,3703588903,48000,1,8.641,414752,269285488,93454,-1
08250.wav,8249,8250,3704239347,48000,1,3.917,187995,542354048,45817,-1
08251.wav,8250,8251,3704936456,48000,1,8.677,416480,236635872,113267,-1
08252.wav,8251,8252,3705101640,48000,1,10.036,481715,281098800,103206,-1
08253.wav,8252,8253,3705211082,48000,1,5.353,256940,261633808,69472,-1
08254.wav,8253,8254,3705285801,48000,1,4.422,212237,301272416,44262,-1
08255.wav,8254,8255,3705511621,48000,1,6.038,289840,85559328,67816,-1
08256.wav,8255,8256,3705621063,48000,1,6.496,311785,48931200,87869,-1
08257.wav,8256,8257,3705675784,48000,1,5.877,282074,29693936,68716,-1
08258.wav,8257,8258,3705801830,48000,1,1.415,67918,549465552,9983,-1
08259.wav,8258,8259,3705970408,48000,1,4.177,200478,187750976,50519,-1
08260.wav,8259,8260,3706025129,48000,1,3.301,158442,183906368,35894,-1
08261.wav,8260,8261,3707133800,48000,1,5.385,258477,74108928,63397,-1
08262.wav,8261,8262,3707494644,48000,1,5.276,253237,500823824,59358,-1
08263.wav,8262,8263,3707788715,48000,1,2.128,102138,177828736,32361,-1
08264.wav,8263,8264,3709012785,48000,1,2.934,140810,155401696,33390,-1
08265.wav,8264,8265,3709861193,48000,1,5.832,279915,564040128,68469,-1
08266.wav,8265,8266,3709876149,48000,1,5.421,260232,474342000,65681,-1
08267.wav,8266,8267,3710103269,48000,1,6.022,289077,445728720,85323,-1
08268.wav,8267,8268,3710678434,48000,1,9.723,466715,419764576,90317,-1
08269.wav,8268,8269,3710897318,48000,1,4.458,213989,404282912,42504,-1
08270.wav,8269,8270,3711253599,48000,1,6.797,326267,343572096,69667,-1
08271.wav,8270,8271,3711527204,48000,1,5.613,269418,314439824,57574,-1
08272.wav,8271,8272,3712764675,48000,1,5.541,265956,174493408,66194,-1
08273.wav,8272,8273,3712930499,48000,1,6.409,307618,331134448,65591,-1
08274.wav,8273,8274,3713975950,48000,1,6.459,310045,529351904,67799,-1
08275.wav,8274,8275,3714105390,48000,1,8.069,387314,532462592,80212,-1
08276.wav,8275,8276,3714842197,48000,1,10.279,493398,64114352,105937,-1
08277.wav,8276,8277,3714951639,48000,1,2.886,138526,27368096,25725,-1
08278.wav,8277,8278,3714971637,48000,1,2.600,124788,140861376,25054,-1
08279.wav,8278,8279,3715117137,48000,1,1.531,73510,1154704,24718,-1
08280.wav,8279,8280,3715603171,48000,1,3.037,145786,565828272,24265,-1
08281.wav,8280,8281,3716539095,48000,1,6.020,288967,148812960,72593,-1
08282.wav,8281,8282,3716760500,48000,1,4.817,231195,496089680,42522,-1
08283.wav,8282,8283,3716945682,48000,1,11.841,568358,523226912,113348,-1
08284.wav,8283,8284,3717343693,48000,1,6.068,291243,400219536,75207,-1
08285.wav,8284,8285,3718977842,48000,1,6.709,322044,476229584,80934,-1
08286.wav,8285,8286,3720180109,48000,1,1.890,90706,294100832,13466,-1
08287.wav,8286,8287,3720276489,48000,1,5.915,283914,14192752,63870,-1
08288.wav,8287,8288,3720289551,48000,1,3.897,187066,282305184,43115,-1
08289.wav,8288,8289,3720347814,48000,1,2.169,104093,550118000,20764,-1
08290.wav,8289,8290,3721452943,48000,1,5.659,271635,224126224,61844,-1
08291.wav,8290,8291,3721611025,48000,1,0.758,36378,312698976,13611,-1
08292.wav,8291,8292,3721615751,48000,1,2.216,106347,242022384,16100,-1
08293.wav,8292,8293,3722095891,48000,1,4.518,216867,292341600,35908,-1
08294.wav,8293,8294,3722192271,48000,1,1.712,82193,9245696,15285,-1
08295.wav,8294,8295,3722266990,48000,1,4.490,215539,100088976,47151,-1
08296.wav,8295,8296,3722618856,48000,1,2.448,117502,516165744,21389,-1
08297.wav,8296,8297,3723207083,48000,1,8.454,405768,534546224,96290,-1
08298.wav,8297,8298,3723314004,48000,1,8.186,392911,234330384,70019,-1
08299.wav,8298,8299,3723595566,48000,1,7.062,338958,77915584,65382,-1
08300.wav,8299,8300,3724001132,48000,1,5.844,280493,494707616,55269,-1
08301.wav,8300,8301,3725443302,48000,1,1.489,71473,405961312,12498,-1
08302.wav,8301,8302,3727181859,48000,1,7.344,352502,281387712,84515,-1
08303.wav,8302,8303,3727249642,48000,1,7.506,360294,412625712,86130,-1
08304.wav,8303,8304,3727291301,48000,1,4.505,216224,262485200,52122,-1
08305.wav,8304,8305,3727530183,48000,1,5.570,267346,277207888,70001,-1
08306.wav,8305,8306,3727544266,48000,1,3.674,176328,435075968,42316,-1
08307.wav,8306,8307,3727574057,48000,1,3.960,190085,176290528,43898,-1
08308.wav,8307,8308,3727640646,48000,1,9.143,438855,320603456,96866,-1
08309.wav,8308,8309,3727642146,48000,1,9.070,435359,544290992,127320,-1
08310.wav,8309,8310,3727643167,48000,1,2.866,137547,547146752,26838,-1
08311.wav,8310,8311,3728053461,48000,1,2.992,143630,396900992,38356,-1
08312.wav,8311,8312,3728454693,48000,1,2.683,128806,212054704,29183,-1
08313.wav,8312,8313,3728480817,48000,1,5.053,242554,442657312,69314,-1
08314.wav,8313,8314,3728706637,48000,1,7.995,383761,389847856,84578,-1
08315.wav,8314,8315,3729042920,48000,1,7.453,357751,285628080,87083,-1
08316.wav,8315,8316,3729055982,48000,1,7.414,355879,418019632,61006,-1
08317.wav,8316,8317,3729152362,48000,1,1.597,76654,271847520,12698,-1
08318.wav,8317,8318,3729214019,48000,1,5.912,283756,74662368,64933,-1
08319.wav,8318,8319,3729281802,48000,1,6.732,323158,295456608,85589,-1
08320.wav,8319,8320,3729357732,48000,1,4.485,215282,397998032,46808,-1
08321.wav,8320,8321,3729378182,48000,1,6.923,332324,15539904,68005,-1
08322.wav,8321,8322,3729391244,48000,1,6.099,292771,282858208,59064,-1
08323.wav,8322,8323,3729562343,48000,1,7.680,368650,62775568,56100,-1
08324.wav,8323,8324,3729616084,48000,1,6.930,332640,163553984,74388,-1
08325.wav,8324,8325,3729671785,48000,1,5.907,283542,25360928,63571,-1
08326.wav,8325,8326,3729966409,48000,1,10.355,497028,187076144,109984,-1
08327.wav,8326,8327,3731020359,48000,1,2.612,125366,112437600,24720,-1
08328.wav,8327,8328,3731184522,48000,1,2.072,99451,52414128,18049,-1
08329.wav,8328,8329,3731293964,48000,1,2.458,117985,10185168,24489,-1
08330.wav,8329,8330,3731479146,48000,1,7.476,358830,192931888,86447,-1
08331.wav,8330,8331,3732458114,48000,1,3.430,164627,457101312,37944,-1
08332.wav,8331,8332,3732493291,48000,1,7.303,350527,427412736,80406,-1
08333.wav,8332,8333,3733157900,48000,1,2.425,116403,313381168,32890,-1
08334.wav,8333,8334,3734155012,48000,1,4.315,207099,459120496,49307,-1
08335.wav,8334,8335,3734544995,48000,1,11.493,551672,406103600,112416,-1
08336.wav,8335,8336,3734674435,48000,1,2.439,117071,415183056,26504,-1
08337.wav,8336,8337,3734885902,48000,1,1.489,71480,352941456,28717,-1
08338.wav,8337,8338,3735817829,48000,1,7.279,349402,362531200,85315,-1
08339.wav,8338,8339,3736564093,48000,1,6.192,297194,22134112,68198,-1
08340.wav,8339,8340,3738619314,48000,1,3.907,187533,149563264,42899,-1
08341.wav,8340,8341,3738728756,48000,1,3.332,159932,102559792,27364,-1
08342.wav,8341,8342,3739025901,48000,1,3.583,171991,524224448,31932,-1
08343.wav,8342,8343,3740058832,48000,1,5.372,257834,489394608,76047,-1
08344.wav,8343,8344,3740589817,48000,1,2.327,111709,118249968,22221,-1
08345.wav,8344,8345,3740644538,48000,1,4.691,225179,98961408,51034,-1
08346.wav,8345,8346,3743256705,48000,1,4.795,230160,460994736,57533,-1
08347.wav,8346,8347,3745210062,48000,1,2.458,118007,216250656,26776,-1
08348.wav,8347,8348,3746024109,48000,1,3.266,156776,65474240,24326,-1
08349.wav,8348,8349,3746078830,48000,1,8.346,400610,48486608,84973,-1
08350.wav,8349,8350,3746318733,48000,1,6.578,315740,200817696,64573,-1
08351.wav,8350,8351,3746432777,48000,1,1.754,84189,353902896,30325,-1
08352.wav,8351,8352,3747536846,48000,1,5.525,265198,96363296,63270,-1
08353.wav,8352,8353,3747591567,48000,1,5.718,274453,73568672,57208,-1
08354.wav,8353,8354,3747646288,48000,1,4.692,225198,55266688,39518,-1
08355.wav,8354,8355,3747830449,48000,1,6.841,328362,103488064,79000,-1
08356.wav,8355,8356,3747939891,48000,1,3.883,186405,62336208,34489,-1
08357.wav,8356,8357,3749078190,48000,1,1.918,92072,492441824,20452,-1
08358.wav,8357,8358,3750561036,48000,1,5.207,249928,443980096,64825,-1
08359.wav,8358,8359,3750657416,48000,1,6.389,306660,370129744,90018,-1
08360.wav,8359,8360,3751636647,48000,1,6.573,315511,318309824,73069,-1
08361.wav,8360,8361,3751696303,48000,1,3.087,148162,169561680,35481,-1
08362.wav,8361,8362,3752060711,48000,1,8.444,405301,387983984,116803,-1
08363.wav,8362,8363,3752689576,48000,1,7.567,363204,220602320,113889,-1
08364.wav,8363,8364,3753025859,48000,1,3.901,187238,24662832,42920,-1
08365.wav,8364,8365,3753264741,48000,1,8.461,406150,52670880,95216,-1
08366.wav,8365,8366,3753374183,48000,1,1.732,83136,10619168,14801,-1
08367.wav,8366,8367,3753497708,48000,1,9.134,438422,322017248,101390,-1
08368.wav,8367,8368,3753558344,48000,1,4.083,195983,61111216,29151,-1
08369.wav,8368,8369,3754495916,48000,1,6.253,300167,236885392,59607,-1
08370.wav,8369,8370,3754845261,48000,1,5.751,276050,301316720,63986,-1
08371.wav,8370,8371,3754886920,48000,1,2.379,114211,40052880,19204,-1
08372.wav,8371,8372,3754899982,48000,1,1.696,81413,290202400,12363,-1
08373.wav,8372,8373,3754941641,48000,1,3.599,172743,20541296,36585,-1
08374.wav,8373,8374,3755071081,48000,1,6.079,291801,85873248,78484,-1
08375.wav,8374,8375,3755150648,48000,1,4.535,217693,467504720,49613,-1
08376.wav,8375,8376,3755180523,48000,1,5.178,248547,49119072,53756,-1
08377.wav,8376,8377,3755235244,48000,1,4.915,235899,29864304,59062,-1
08378.wav,8377,8378,3755925314,48000,1,4.905,235426,310751408,49062,-1
08379.wav,8378,8379,3760049165,48000,1,2.247,107876,158683680,22167,-1
08380.wav,8379,8380,3760224832,48000,1,6.376,306060,287567360,66379,-1
08381.wav,8380,8381,3760237894,48000,1,7.992,383602,420168560,84842,-1
08382.wav,8381,8382,3760683619,48000,1,7.704,369813,323760128,88187,-1
08383.wav,8382,8383,3761086664,48000,1,4.843,232446,314581696,54105,-1
08384.wav,8383,8384,3761956453,48000,1,3.317,159235,266704064,27018,-1
08385.wav,8384,8385,3762724757,48000,1,5.044,242129,99896736,39602,-1
08386.wav,8385,8386,3763021902,48000,1,4.873,233905,518562512,59897,-1
08387.wav,8386,8387,3763076623,48000,1,3.336,160126,514869040,46971,-1
08388.wav,8387,8388,3763664850,48000,1,7.899,379176,532846992,92517,-1
08389.wav,8388,8389,3764115617,48000,1,6.732,323151,565061616,85882,-1
08390.wav,8389,8390,3765336924,48000,1,5.120,245764,461565520,55073,-1
08391.wav,8390,8391,3766236394,48000,1,2.132,102327,481157168,20099,-1
08392.wav,8391,8392,3767937313,48000,1,4.969,238494,433333712,63361,-1
08393.wav,8392,8393,3768260146,48000,1,3.591,172375,347024864,36089,-1
08394.wav,8393,8394,3768576177,48000,1,3.482,167119,332089360,39522,-1
08395.wav,8394,8395,3768578698,48000,1,2.202,105703,552052928,22098,-1
08396.wav,8395,8396,3769206063,48000,1,5.086,244124,214267504,58514,-1
08397.wav,8396,8397,3771423405,48000,1,2.369,113715,136811184,20795,-1
08398.wav,8397,8398,3771642289,48000,1,3.387,162590,52015920,32531,-1
08399.wav,8398,8399,3771697010,48000,1,3.060,146869,32936288,22955,-1
08400.wav,8399,8400,3773339187,48000,1,1.638,78639,130818608,12718,-1
08401.wav,8400,8401,3774506379,48000,1,0.616,29549,22192,11391,-1
08402.wav,8401,8402,3774620306,48000,1,124.701,5985649,307457264,2107059,-1
08403.wav,8402,8403,3775283303,48000,1,7.465,358302,254237296,88608,-1
08404.wav,8403,8404,3776459757,48000,1,5.864,281452,377941440,76454,-1
08405.wav,8404,8405,3777021860,48000,1,6.343,304487,20905632,71328,-1
08406.wav,8405,8406,3777103726,48000,1,5.950,285596,435458912,72786,-1
08407.wav,8406,8407,3777219083,48000,1,6.888,330608,304307328,81768,-1
08408.wav,8407,8408,3777315463,48000,1,4.030,193422,30719472,45732,-1
08409.wav,8408,8409,3777370184,48000,1,2.693,129280,6329104,27052,-1
08410.wav,8409,8410,3777848969,48000,1,5.228,250966,194390656,56251,-1
08411.wav,8410,8411,3778266097,48000,1,3.612,173361,389976624,33214,-1
08412.wav,8411,8412,3778491917,48000,1,2.109,101225,230297200,18120,-1
08413.wav,8412,8413,3778773479,48000,1,5.467,262432,74870608,50095,-1
08414.wav,8413,8414,3778841262,48000,1,8.812,422956,295789872,94019,-1
08415.wav,8414,8415,3778882921,48000,1,3.901,187256,37031056,43837,-1
08416.wav,8415,8416,3778895983,48000,1,5.011,240538,289944896,55203,-1
08417.wav,8416,8417,3778937642,48000,1,3.745,179738,16017152,41079,-1
08418.wav,8417,8418,3779138407,48000,1,1.824,87554,554394560,16431,-1
08419.wav,8418,8419,3779176524,48000,1,5.426,260460,45255616,47764,-1
08420.wav,8419,8420,3779764751,48000,1,3.239,155481,193389232,33034,-1
08421.wav,8420,8421,3780634540,48000,1,6.390,306724,92403920,80904,-1
08422.wav,8421,8422,3780689261,48000,1,2.561,122937,70142896,24150,-1
08423.wav,8422,8423,3781798690,48000,1,7.803,374558,466533088,99779,-1
08424.wav,8423,8424,3781962853,48000,1,7.158,343599,458627104,87473,-1
08425.wav,8424,8425,3783112162,48000,1,3.675,176386,321343136,39651,-1
08426.wav,8425,8426,3783714472,48000,1,4.435,212884,459286864,52248,-1
08427.wav,8426,8427,3783809831,48000,1,4.863,233419,355389808,63595,-1
08428.wav,8427,8428,3784036672,48000,1,7.691,369190,266974528,94633,-1
08429.wav,8428,8429,3784049734,48000,1,7.576,363658,410677232,67652,-1
08430.wav,8429,8430,3784231888,48000,1,3.376,162058,541745504,38859,-1
08431.wav,8430,8431,3784572699,48000,1,2.502,120114,550717392,25892,-1
08432.wav,8431,8432,3784627420,48000,1,1.489,71468,549865696,10907,-1
08433.wav,8432,8433,3784679620,48000,1,4.848,232728,322490736,45941,-1
08434.wav,8433,8434,3785897733,48000,1,5.902,283281,275173984,58798,-1
08435.wav,8434,8435,3787781256,48000,1,2.085,100103,177486544,27839,-1
08436.wav,8435,8436,3788077607,48000,1,2.038,97827,210890720,31091,-1
08437.wav,8436,8437,3790617521,48000,1,4.039,193889,477527168,39527,-1
08438.wav,8437,8438,3790766000,48000,1,6.953,333754,425128320,59531,-1
08439.wav,8438,8439,3792390538,48000,1,3.393,162846,547489184,37683,-1
08440.wav,8439,8440,3792508479,48000,1,8.263,396602,372035840,103020,-1
08441.wav,8440,8441,3793831950,48000,1,7.581,363893,9970880,81238,-1
08442.wav,8441,8442,3794223692,48000,1,2.511,120546,242111088,30268,-1
08443.wav,8442,8443,3794251599,48000,1,1.456,69885,548312272,9684,-1
08444.wav,8443,8444,3794365456,48000,1,4.373,209891,189957712,34467,-1
08445.wav,8444,8445,3794846762,48000,1,9.673,464327,535925600,122702,-1
08446.wav,8445,8446,3795109678,48000,1,1.911,91723,777776,32682,-1
08447.wav,8446,8447,3795303028,48000,1,4.920,236158,300190352,38923,-1
08448.wav,8447,8448,3795419406,48000,1,9.298,446296,131546928,108034,-1
08449.wav,8448,8449,3795528848,48000,1,4.634,222411,84474272,42671,-1
08450.wav,8449,8450,3795747732,48000,1,8.659,415610,4064208,104385,-1
08451.wav,8450,8451,3795878193,48000,1,7.271,349019,201188976,82035,-1
08452.wav,8451,8452,3795992237,48000,1,0.757,36316,354279744,14736,-1
08453.wav,8452,8453,3797041585,48000,1,4.036,193716,115164368,44029,-1
08454.wav,8453,8454,3797280467,48000,1,3.272,157039,150846848,35342,-1
08455.wav,8454,8455,3798889321,48000,1,4.762,228596,413424464,54337,-1
08456.wav,8455,8456,3799719214,48000,1,9.435,452896,479677856,113370,-1
08457.wav,8456,8457,3800271597,48000,1,6.867,329596,358747168,94983,-1
08458.wav,8457,8458,3800682599,48000,1,5.357,257154,286661968,54641,-1
08459.wav,8458,8459,3800695661,48000,1,3.958,189992,418966576,32129,-1
08460.wav,8459,8460,3801085644,48000,1,7.757,372330,276865344,105041,-1
08461.wav,8460,8461,3802183984,48000,1,6.351,304832,310234848,66860,-1
08462.wav,8461,8462,3802714759,48000,1,7.460,358087,93074736,83455,-1
08463.wav,8462,8463,3803063083,48000,1,4.431,212681,80388096,48041,-1
08464.wav,8463,8464,3803576591,48000,1,2.957,141947,179360880,26420,-1
08465.wav,8464,8465,3804575820,48000,1,5.476,262857,108076512,62812,-1
08466.wav,8465,8466,3804739983,48000,1,3.445,165374,49249376,38537,-1
08467.wav,8466,8467,3805474216,48000,1,1.479,71002,204403184,14189,-1
08468.wav,8467,8468,3807457508,48000,1,3.250,156021,363736544,42178,-1
08469.wav,8468,8469,3807641669,48000,1,7.879,378210,379147632,108877,-1
08470.wav,8469,8470,3808032673,48000,1,2.433,116795,264182480,18900,-1
08471.wav,8470,8471,3808046002,48000,1,2.265,108705,396592880,23954,-1
08472.wav,8471,8472,3808380997,48000,1,5.575,267591,250007072,76006,-1
08473.wav,8472,8473,3808384555,48000,1,1.172,56245,178327712,19131,-1
08474.wav,8473,8474,3808620900,48000,1,4.205,201857,326674240,49949,-1
08475.wav,8474,8475,3809434947,48000,1,3.859,185254,221674976,55397,-1
08476.wav,8475,8476,3809448009,48000,1,4.397,211048,392822512,56005,-1
08477.wav,8476,8477,3809608625,48000,1,7.692,369225,162610144,83070,-1
08478.wav,8477,8478,3809797354,48000,1,10.516,504756,420505040,101703,-1
08479.wav,8478,8479,3810023174,48000,1,7.105,341062,298159600,79979,-1
08480.wav,8479,8480,3810064833,48000,1,3.316,159180,38674976,34579,-1
08481.wav,8480,8481,3810242058,48000,1,8.079,387779,267580192,86388,-1
08482.wav,8481,8482,3810481961,48000,1,5.970,286555,330078320,51018,-1
08483.wav,8482,8483,3810598339,48000,1,2.563,123031,198873984,25099,-1
08484.wav,8483,8484,3811057126,48000,1,2.800,134391,218137312,29936,-1
08485.wav,8484,8485,3811085545,48000,1,7.241,347591,166800896,76151,-1
08486.wav,8485,8486,3813224310,48000,1,6.157,295554,533297824,76820,-1
08487.wav,8486,8487,3814878443,48000,1,0.626,30048,352662016,12583,-1
08488.wav,8487,8488,3815174794,48000,1,2.338,112210,402584656,29399,-1
08489.wav,8488,8489,3816688721,48000,1,2.382,114335,451255024,29289,-1
08490.wav,8489,8490,3816853825,48000,1,6.226,298835,408338672,66021,-1
08491.wav,8490,8491,3817333582,48000,1,7.496,359805,351177168,83689,-1
08492.wav,8491,8492,3817773230,48000,1,3.260,156478,29612416,32075,-1
08493.wav,8492,8493,3817827951,48000,1,8.363,401421,5426080,94167,-1
08494.wav,8493,8494,3819470128,48000,1,4.814,231096,104151952,54325,-1
08495.wav,8494,8495,3819634291,48000,1,3.767,180826,44376800,34556,-1
08496.wav,8495,8496,3819705616,48000,1,2.104,100971,552884224,21473,-1
08497.wav,8496,8497,3820047189,48000,1,4.667,224009,566865616,46630,-1
08498.wav,8497,8498,3820451880,48000,1,5.279,253387,491506832,75746,-1
08499.wav,8498,8499,3820909646,48000,1,7.336,352151,483364256,99926,-1
08500.wav,8499,8500,3821092307,48000,1,2.800,134379,91193120,27803,-1
08501.wav,8500,8501,3821320879,48000,1,2.003,96156,423518320,17681,-1
08502.wav,8501,8502,3821331189,48000,1,1.590,76317,120416544,10880,-1
08503.wav,8502,8503,3822715986,48000,1,12.059,578837,486368928,158564,-1
08504.wav,8503,8504,3822940043,48000,1,7.099,340774,408979136,73410,-1
08505.wav,8504,8505,3823569929,48000,1,8.550,410415,321090800,110357,-1
08506.wav,8505,8506,3823624650,48000,1,6.076,291657,314286704,68445,-1
08507.wav,8506,8507,3824158156,48000,1,2.371,113805,374223552,21662,-1
08508.wav,8507,8508,3824691662,48000,1,1.748,83923,414602800,13411,-1
08509.wav,8508,8509,3825656810,48000,1,3.201,153653,179878496,30015,-1
08510.wav,8509,8510,3825835056,48000,1,3.687,176967,362058896,35330,-1
08511.wav,8510,8511,3826410221,48000,1,7.467,358405,262880160,90617,-1
08512.wav,8511,8512,3826425318,48000,1,2.984,143231,353477536,48648,-1
08513.wav,8512,8513,3826649103,48000,1,7.796,374202,277704992,91970,-1
08514.wav,8513,8514,3826710760,48000,1,4.096,196608,87549680,45105,-1
08515.wav,8514,8515,3826761066,48000,1,8.042,386014,545260672,97402,-1
08516.wav,8515,8516,3826778543,48000,1,7.706,369891,304471152,83762,-1
08517.wav,8516,8517,3826929644,48000,1,1.921,92220,6424576,17948,-1
08518.wav,8517,8518,3828387660,48000,1,8.844,424521,57056560,96304,-1
08519.wav,8518,8519,3828497102,48000,1,4.860,233281,16202000,55478,-1
08520.wav,8519,8520,3828517100,48000,1,8.879,426177,127465488,105577,-1
08521.wav,8520,8521,3828751566,48000,1,5.641,270750,208306576,72876,-1
08522.wav,8521,8522,3828790705,48000,1,4.889,234653,25704512,58430,-1
08523.wav,8522,8523,3829070731,48000,1,1.783,85595,492155760,21250,-1
08524.wav,8523,8524,3829160048,48000,1,8.202,393682,203353472,89953,-1
08525.wav,8524,8525,3829540013,48000,1,5.746,275795,204852352,63730,-1
08526.wav,8525,8526,3830378161,48000,1,1.455,69853,147339440,12198,-1
08527.wav,8526,8527,3830475299,48000,1,2.820,135353,432513312,42900,-1
08528.wav,8527,8528,3831302408,48000,1,4.939,237082,447298576,62808,-1
08529.wav,8528,8529,3831877573,48000,1,4.834,232035,421642752,38187,-1
08530.wav,8529,8530,3832041736,48000,1,4.759,228425,409078096,46979,-1
08531.wav,8530,8531,3832281639,48000,1,8.278,397328,433645360,137235,-1
08532.wav,8531,8532,3832571403,48000,1,1.762,84568,396488784,14206,-1
08533.wav,8532,8533,3832657106,48000,1,2.420,116165,158817504,22918,-1
08534.wav,8533,8534,3833944456,48000,1,5.481,263090,255999136,61557,-1
08535.wav,8534,8535,3834539619,48000,1,6.996,335812,202619952,78849,-1
08536.wav,8535,8536,3834717865,48000,1,7.818,375251,382624512,97483,-1
08537.wav,8536,8537,3835143189,48000,1,2.170,104140,467187872,21935,-1
08538.wav,8537,8538,3837434632,48000,1,4.510,216493,75879056,47666,-1
08539.wav,8538,8539,3838844335,48000,1,2.599,124743,481238752,21740,-1
08540.wav,8539,8540,3839113987,48000,1,0.863,41420,211145728,14980,-1
08541.wav,8540,8541,3839729327,48000,1,3.642,174818,568464032,51578,-1
08542.wav,8541,8542,3841075646,48000,1,7.006,336294,274127584,74098,-1
08543.wav,8542,8543,3842345608,48000,1,1.789,85884,501634800,15786,-1
08544.wav,8543,8544,3843520850,48000,1,6.487,311393,79691328,67316,-1
08545.wav,8544,8545,3843763274,48000,1,4.901,235262,520716992,61537,-1
08546.wav,8545,8546,3843901164,48000,1,5.855,281019,246997328,98506,-1
08547.wav,8546,8547,3844406222,48000,1,7.356,353103,536418736,91932,-1
08548.wav,8547,8548,3844513143,48000,1,3.855,185043,235280448,33085,-1
08549.wav,8548,8549,3844796205,48000,1,6.999,335974,487678128,89262,-1
08550.wav,8549,8550,3844978866,48000,1,5.081,243877,131977808,53137,-1
08551.wav,8550,8551,3845088308,48000,1,2.597,124643,84570592,27432,-1
08552.wav,8551,8552,3845197750,48000,1,2.684,128837,48682848,25122,-1
08553.wav,8552,8553,3845272469,48000,1,5.872,281878,142775712,69947,-1
08554.wav,8553,8554,3845795434,48000,1,7.432,356715,472540400,91895,-1
08555.wav,8554,8555,3847114320,48000,1,1.392,66802,106560,20911,-1
08556.wav,8555,8556,3848729322,48000,1,7.655,367460,277908592,72191,-1
08557.wav,8556,8557,3849721615,48000,1,9.186,440937,375989952,142522,-1
08558.wav,8557,8558,3849947435,48000,1,3.876,186057,215412400,50239,-1
08559.wav,8558,8559,3850242059,48000,1,7.580,363828,286795440,75001,-1
08560.wav,8559,8560,3850255121,48000,1,3.148,151113,419108048,33210,-1
08561.wav,8560,8561,3850467879,48000,1,7.829,375796,57910480,85603,-1
08562.wav,8561,8562,3850577321,48000,1,9.737,467379,17138896,117555,-1
08563.wav,8562,8563,3850816203,48000,1,5.894,282922,46188992,63325,-1
08564.wav,8563,8564,3850887528,48000,1,1.855,89056,553091472,17241,-1
08565.wav,8564,8565,3851240267,48000,1,4.862,233356,203856880,58053,-1
08566.wav,8565,8566,3852144779,48000,1,4.390,210713,24842176,45172,-1
08567.wav,8566,8567,3852274219,48000,1,4.814,231051,93387472,56037,-1
08568.wav,8567,8568,3852458380,48000,1,6.769,324901,147887024,74347,-1
08569.wav,8568,8569,3852493103,48000,1,1.769,84917,10903776,15416,-1
08570.wav,8569,8570,3853953640,48000,1,2.694,129310,495017648,27823,-1
08571.wav,8570,8571,3854135280,48000,1,1.952,93696,108240544,14679,-1
08572.wav,8571,8572,3854428883,48000,1,2.913,139811,116783248,26861,-1
08573.wav,8572,8573,3854487146,48000,1,6.236,299329,517337136,92390,-1
08574.wav,8573,8574,3855354151,48000,1,6.262,300578,460763984,73646,-1
08575.wav,8574,8575,3855746488,48000,1,5.687,272985,467622672,70583,-1
08576.wav,8575,8576,3856736427,48000,1,7.828,375740,438660672,126110,-1
08577.wav,8576,8577,3856839829,48000,1,6.237,299396,541946640,72864,-1
08578.wav,8577,8578,3857201129,48000,1,11.559,554854,379470624,118714,-1
08579.wav,8578,8579,3858463422,48000,1,9.899,475151,506263104,158313,-1
08580.wav,8579,8580,3858830244,48000,1,4.484,215236,238796480,42459,-1
08581.wav,8580,8581,3859007469,48000,1,4.394,210924,393305984,63940,-1
08582.wav,8581,8582,3859582634,48000,1,7.952,381692,298378528,84081,-1
08583.wav,8582,8583,3859624293,48000,1,4.641,222782,38709600,47435,-1
08584.wav,8583,8584,3859679014,48000,1,5.435,260901,18173312,56980,-1
08585.wav,8584,8585,3860389197,48000,1,2.331,111909,177608592,32809,-1
08586.wav,8585,8586,3860645005,48000,1,2.682,128750,168989520,28757,-1
08587.wav,8586,8587,3860685548,48000,1,2.078,99757,211018096,33953,-1
08588.wav,8587,8588,3860746026,48000,1,5.868,281683,238166672,75254,-1
08589.wav,8588,8589,3861257971,48000,1,4.125,197995,490245648,50270,-1
08590.wav,8589,8590,3861375912,48000,1,4.223,202706,94670640,50830,-1
08591.wav,8590,8591,3861485354,48000,1,5.725,274790,54281904,55874,-1
08592.wav,8591,8592,3862257200,48000,1,6.024,289130,479104416,77626,-1
08593.wav,8592,8593,3863090187,48000,1,2.234,107226,157025136,19189,-1
08594.wav,8593,8594,3863908255,48000,1,4.218,202487,315856352,41196,-1
08595.wav,8594,8595,3864202879,48000,1,6.079,291785,366301040,97051,-1
08596.wav,8595,8596,3864455844,48000,1,4.098,196680,461743904,43659,-1
08597.wav,8596,8597,3867227332,48000,1,3.963,190238,330573136,37820,-1
08598.wav,8597,8598,3867717619,48000,1,1.964,94273,969344,25805,-1
08599.wav,8598,8599,3868920146,48000,1,3.189,153087,151411376,37868,-1
08600.wav,8599,8600,3869084309,48000,1,2.452,117694,82420336,27229,-1
08601.wav,8600,8601,3870947891,48000,1,4.266,204746,499092096,42154,-1
08602.wav,8601,8602,3871912205,48000,1,7.974,382768,350623008,81305,-1
08603.wav,8602,8603,3874216233,48000,1,2.812,134976,241829824,17217,-1
08604.wav,8603,8604,3874251122,48000,1,7.639,366684,414666240,70169,-1
08605.wav,8604,8605,3874402223,48000,1,4.411,211709,254500944,45989,-1
08606.wav,8605,8606,3874518601,48000,1,4.573,219521,34293456,45192,-1
08607.wav,8606,8607,3874530990,48000,1,5.299,254351,558728080,79125,-1
08608.wav,8607,8608,3874573322,48000,1,9.347,448638,11362864,107865,-1
08609.wav,8608,8609,3874867946,48000,1,4.782,229549,185524816,53248,-1
08610.wav,8609,8610,3875216270,48000,1,4.144,198911,180064736,48915,-1
08611.wav,8610,8611,3875749776,48000,1,6.299,302341,222143936,67687,-1
08612.wav,8611,8612,3876033859,48000,1,9.590,460330,495479888,103911,-1
08613.wav,8612,8613,3876140780,48000,1,7.591,364376,21102960,81946,-1
08614.wav,8613,8614,3876215499,48000,1,4.494,215704,108520688,38454,-1
08615.wav,8614,8615,3876235860,48000,1,1.644,78893,401786336,26496,-1
08616.wav,8615,8616,3876327462,48000,1,3.653,175335,496804736,29818,-1
08617.wav,8616,8617,3876454381,48000,1,5.958,285972,144340848,66369,-1
08618.wav,8617,8618,3876489104,48000,1,9.512,456569,6509920,113532,-1
08619.wav,8618,8619,3876967889,48000,1,7.377,354118,194817344,81703,-1
08620.wav,8619,8620,3878370163,48000,1,8.274,397152,139202944,100589,-1
08621.wav,8620,8621,3880034759,48000,1,8.327,399712,433004640,142155,-1
08622.wav,8621,8622,3880653943,48000,1,2.670,128156,396701936,30228,-1
08623.wav,8622,8623,3880861868,48000,1,7.145,342950,447414128,86586,-1
08624.wav,8623,8624,3880992496,48000,1,2.097,100643,178446208,29661,-1
08625.wav,8624,8625,3881937479,48000,1,7.032,337529,319223968,82965,-1
08626.wav,8625,8626,3882012198,48000,1,5.240,251505,344431584,67503,-1
08627.wav,8626,8627,3882216566,48000,1,6.941,333180,162938608,69212,-1
08628.wav,8627,8628,3882402181,48000,1,1.217,58410,183651584,7952,-1
08629.wav,8628,8629,3883503916,48000,1,5.180,248641,256311600,55623,-1
08630.wav,8629,8630,3883620294,48000,1,5.176,248425,35355856,56112,-1
08631.wav,8630,8631,3883693486,48000,1,3.400,163215,167168960,35852,-1
08632.wav,8631,8632,3885187752,48000,1,5.306,254681,41698480,64634,-1
08633.wav,8632,8633,3885242473,48000,1,4.464,214258,22680144,48696,-1
08634.wav,8633,8634,3885262471,48000,1,7.413,355803,135488816,84682,-1
08635.wav,8634,8635,3885426634,48000,1,2.547,122273,67481312,22254,-1
08636.wav,8635,8636,3885481355,48000,1,6.109,293242,49964592,62728,-1
08637.wav,8636,8637,3887061803,48000,1,6.281,301496,399722640,101792,-1
08638.wav,8637,8638,3887486384,48000,1,0.649,31146,352723952,14136,-1
08639.wav,8638,8639,3887491110,48000,1,1.535,73660,307229904,11813,-1
08640.wav,8639,8640,3888377096,48000,1,3.882,186334,177951120,41801,-1
08641.wav,8640,8641,3888437762,48000,1,8.619,413695,373440448,124721,-1
08642.wav,8641,8642,3889067648,48000,1,6.978,334962,269008608,67496,-1
08643.wav,8642,8643,3889963561,48000,1,5.698,273503,448990064,80110,-1
08644.wav,8643,8644,3890689827,48000,1,3.023,145114,260212400,29052,-1
08645.wav,8644,8645,3891278054,48000,1,2.000,96001,325516464,20088,-1
08646.wav,8645,8646,3891529456,48000,1,2.915,139930,554533520,31543,-1
08647.wav,8646,8647,3891798498,48000,1,4.862,233375,218638048,75573,-1
08648.wav,8647,8648,3892806705,48000,1,4.806,230667,155089296,45883,-1
08649.wav,8648,8649,3892970868,48000,1,3.204,153806,121113472,30387,-1
08650.wav,8649,8650,3893377455,48000,1,4.533,217578,516404368,46622,-1
08651.wav,8650,8651,3896616225,48000,1,5.186,248932,244214224,71363,-1
08652.wav,8651,8652,3896681262,48000,1,2.397,115047,450820576,29889,-1
08653.wav,8652,8653,3898398224,48000,1,6.405,307417,248943952,73412,-1
08654.wav,8653,8654,3898479787,48000,1,5.597,268654,246417360,80016,-1
08655.wav,8654,8655,3898569323,48000,1,7.060,338900,7020976,72403,-1
08656.wav,8655,8656,3899033259,48000,1,2.549,122328,353700880,24724,-1
08657.wav,8656,8657,3900040401,48000,1,2.755,132221,297374272,28482,-1
08658.wav,8657,8658,3900156779,48000,1,2.085,100077,128352256,20364,-1
08659.wav,8658,8659,3900266221,48000,1,4.388,210640,83310592,40858,-1
08660.wav,8659,8660,3900430384,48000,1,4.402,211289,26327968,50640,-1
08661.wav,8660,8661,3900615566,48000,1,5.184,248846,198168160,65003,-1
08662.wav,8661,8662,3900672808,48000,1,6.992,335606,509958480,82971,-1
08663.wav,8662,8663,3900685870,48000,1,1.810,86887,554116192,15184,-1
08664.wav,8663,8664,3900964911,48000,1,6.228,298925,229825824,70154,-1
08665.wav,8664,8665,3901313420,48000,1,2.351,112860,423254384,19873,-1
08666.wav,8665,8666,3901678672,48000,1,2.468,118467,492271936,21170,-1
08667.wav,8666,8667,3901888400,48000,1,6.753,324132,71055808,83690,-1
08668.wav,8667,8668,3902017840,48000,1,5.280,253451,147961408,49071,-1
08669.wav,8668,8669,3902072561,48000,1,9.112,437385,122136144,100172,-1
08670.wav,8669,8670,3903067375,48000,1,9.300,446377,539037632,115954,-1
08671.wav,8670,8671,3904296785,48000,1,2.688,129019,169275824,30094,-1
08672.wav,8671,8672,3905008970,48000,1,7.375,354002,355708224,123248,-1
08673.wav,8672,8673,3905433034,48000,1,4.128,198137,416042800,36398,-1
08674.wav,8673,8674,3905529414,48000,1,9.173,440308,270949520,125181,-1
08675.wav,8674,8675,3905584135,48000,1,5.722,274668,257562416,76477,-1
08676.wav,8675,8676,3906062920,48000,1,9.403,451365,335316352,95315,-1
08677.wav,8676,8677,3906172362,48000,1,4.319,207300,324354000,46189,-1
08678.wav,8677,8678,3906357544,48000,1,10.345,496566,383925040,113506,-1
08679.wav,8678,8679,3907226312,48000,1,5.718,274479,302531680,68110,-1
08680.wav,8679,8680,3907322692,48000,1,6.231,299092,23251968,71524,-1
08681.wav,8680,8681,3907499917,48000,1,5.127,246119,250442304,62442,-1
08682.wav,8681,8682,3907561574,48000,1,4.745,227736,50995904,42545,-1
08683.wav,8682,8683,3907616295,48000,1,7.878,378144,32252016,78792,-1
08684.wav,8683,8684,3907630378,48000,1,5.995,287744,337589296,58922,-1
08685.wav,8684,8685,3907751130,48000,1,1.917,92020,467287408,16998,-1
08686.wav,8685,8686,3907981223,48000,1,2.184,104839,552537920,19511,-1
08687.wav,8686,8687,3908022882,48000,1,1.966,94363,506540400,17475,-1
08688.wav,8687,8688,3908313964,48000,1,5.409,259610,179172688,60844,-1
08689.wav,8688,8689,3908792749,48000,1,6.297,302234,232952848,82659,-1
08690.wav,8689,8690,3909074311,48000,1,7.357,353150,76628736,74418,-1
08691.wav,8690,8691,3909238474,48000,1,1.723,82706,18466560,15035,-1
08692.wav,8691,8692,3909422635,48000,1,5.397,259065,64236240,58429,-1
08693.wav,8692,8693,3909586798,48000,1,8.039,385857,1515168,89346,-1
08694.wav,8693,8694,3910493826,48000,1,4.684,224834,244358704,56389,-1
08695.wav,8694,8695,3911169768,48000,1,4.922,236279,175540448,59845,-1
08696.wav,8695,8696,3911380834,48000,1,3.432,164738,428708272,52342,-1
08697.wav,8696,8697,3911901278,48000,1,1.664,79853,355214688,16057,-1
08698.wav,8697,8698,3912043780,48000,1,6.553,314547,450344736,84231,-1
08699.wav,8698,8699,3912259117,48000,1,3.150,151204,567931808,34025,-1
08700.wav,8699,8700,3912337268,48000,1,2.446,117401,568712688,33065,-1
08701.wav,8700,8701,3912423895,48000,1,2.125,102020,567295872,20657,-1
08702.wav,8701,8702,3912649647,48000,1,2.660,127700,158403920,26270,-1
08703.wav,8702,8703,3913629385,48000,1,9.150,439186,312461984,102571,-1
08704.wav,8703,8704,3913959562,48000,1,6.019,288901,441050400,73404,-1
08705.wav,8704,8705,3914015304,48000,1,5.203,249725,462146640,61467,-1
08706.wav,8705,8706,3914126567,48000,1,5.392,258802,161250336,65632,-1
08707.wav,8706,8707,3914588297,48000,1,1.905,91419,436278176,17334,-1
08708.wav,8707,8708,3914685828,48000,1,7.546,362194,258784592,84118,-1
08709.wav,8708,8709,3914953549,48000,1,2.043,98062,501711008,19371,-1
08710.wav,8709,8710,3915151551,48000,1,3.250,156000,185916688,31281,-1
08711.wav,8710,8711,3915274055,48000,1,4.782,229542,324480272,59983,-1
08712.wav,8711,8712,3916424385,48000,1,5.060,242892,23724432,52249,-1
08713.wav,8712,8713,3918479606,48000,1,8.073,387511,151540544,91504,-1
08714.wav,8713,8714,3919221455,48000,1,5.264,252660,468897648,61426,-1
08715.wav,8714,8715,3919692736,48000,1,3.444,165293,402023936,40987,-1
08716.wav,8715,8716,3921545455,48000,1,10.468,502461,392501024,101334,-1
08717.wav,8716,8717,3922338149,48000,1,1.419,68092,501440880,10064,-1
08718.wav,8717,8718,3923810582,48000,1,3.896,186996,414829008,36430,-1
08719.wav,8718,8719,3923968619,48000,1,3.781,181478,71865792,40700,-1
08720.wav,8719,8720,3924023340,48000,1,6.345,304557,53885440,61938,-1
08721.wav,8720,8721,3924090450,48000,1,5.950,285598,559069392,67374,-1
08722.wav,8721,8722,3924552431,48000,1,2.401,115244,548825648,20914,-1
08723.wav,8722,8723,3925018154,48000,1,8.928,428546,530647264,110906,-1
08724.wav,8723,8724,3925047369,48000,1,4.748,227892,175911408,61623,-1
08725.wav,8724,8725,3925147594,48000,1,8.183,392804,540304000,102685,-1
08726.wav,8725,8726,3925590798,48000,1,3.038,145841,60845984,27401,-1
08727.wav,8726,8727,3925593319,48000,1,9.099,436754,495734144,93473,-1
08728.wav,8727,8728,3925700240,48000,1,7.773,373118,21362016,88863,-1
08729.wav,8728,8729,3925720238,48000,1,6.740,323509,134459392,80800,-1
08730.wav,8729,8730,3926123283,48000,1,2.893,138850,98464976,23326,-1
08731.wav,8730,8731,3929131214,48000,1,1.164,55858,210079424,20403,-1
08732.wav,8731,8732,3930421328,48000,1,4.082,195922,447820608,55720,-1
08733.wav,8732,8733,3930867053,48000,1,1.943,93259,407488064,17552,-1
08734.wav,8733,8734,3931038152,48000,1,4.426,212453,280605264,47058,-1
08735.wav,8734,8735,3931557575,48000,1,3.688,177029,47942336,39016,-1
08736.wav,8735,8736,3931571658,48000,1,2.708,129976,344611392,30858,-1
08737.wav,8736,8737,3931626379,48000,1,6.354,304988,335693344,73175,-1
08738.wav,8737,8738,3932960870,48000,1,2.540,121907,114285616,26794,-1
08739.wav,8738,8739,3933015591,48000,1,3.385,162469,95844096,33307,-1
08740.wav,8739,8740,3933070312,48000,1,1.535,73663,72709584,11682,-1
08741.wav,8740,8741,3933179754,48000,1,5.507,264352,35622048,66210,-1
08742.wav,8741,8742,3933234475,48000,1,4.206,201871,12793328,49888,-1
08743.wav,8742,8743,3933252946,48000,1,2.080,99862,169210032,21217,-1
08744.wav,8743,8744,3933254473,48000,1,7.564,363091,124555856,81184,-1
08745.wav,8744,8745,3933363915,48000,1,2.502,120075,81430768,23783,-1
08746.wav,8745,8746,3934821931,48000,1,7.344,352489,135719376,92761,-1
08747.wav,8746,8747,3934876652,48000,1,6.460,310088,109634528,66476,-1
08748.wav,8747,8748,3934931373,48000,1,8.435,404877,89406816,100524,-1
08749.wav,8748,8749,3936095523,48000,1,3.803,182546,462911072,42601,-1
08750.wav,8749,8750,3937061408,48000,1,5.960,286085,173490944,73964,-1
08751.wav,8750,8751,3937539456,48000,1,3.396,162994,386572224,34781,-1
08752.wav,8751,8752,3937758340,48000,1,5.374,257958,364167248,79607,-1
08753.wav,8752,8753,3938052964,48000,1,9.308,446772,408404736,107928,-1
08754.wav,8753,8754,3938346567,48000,1,11.217,538408,410038352,97336,-1
08755.wav,8754,8755,3938627108,48000,1,5.599,268767,269113968,50982,-1
08756.wav,8755,8756,3940249287,48000,1,1.516,72776,260456464,12364,-1
08757.wav,8756,8757,3940381738,48000,1,0.715,34336,177328800,13302,-1
08758.wav,8757,8758,3941357958,48000,1,3.248,155896,218733968,37687,-1
08759.wav,8758,8759,3941520105,48000,1,5.135,246484,396111776,34520,-1
08760.wav,8759,8760,3941640426,48000,1,5.260,252491,399042592,73606,-1
08761.wav,8760,8761,3942054064,48000,1,5.231,251075,483793216,62797,-1
08762.wav,8761,8762,3942406091,48000,1,1.197,57460,248068096,20155,-1
08763.wav,8762,8763,3942530328,48000,1,5.141,246772,121319648,65262,-1
08764.wav,8763,8764,3942639770,48000,1,5.594,268519,79945376,62641,-1
08765.wav,8764,8765,3942936915,48000,1,4.875,233995,516613584,62459,-1
08766.wav,8765,8766,3943082728,48000,1,2.026,97246,156612272,21770,-1
08767.wav,8766,8767,3943525142,48000,1,6.586,316132,537105408,79182,-1
08768.wav,8767,8768,3946632650,48000,1,3.655,175450,548948640,42281,-1
08769.wav,8768,8769,3946824174,48000,1,2.096,100606,241935712,26037,-1
08770.wav,8769,8770,3947444176,48000,1,5.622,269845,219680768,76051,-1
08771.wav,8770,8771,3948019341,48000,1,5.099,244746,49777824,58369,-1
08772.wav,8771,8772,3948128783,48000,1,3.340,160305,7201696,42110,-1
08773.wav,8772,8773,3948843801,48000,1,0.669,32103,401943504,11239,-1
08774.wav,8773,8774,3949066355,48000,1,3.226,154848,215607504,37601,-1
08775.wav,8774,8775,3949250516,48000,1,5.288,253803,231779856,80133,-1
08776.wav,8775,8776,3949477357,48000,1,1.338,64207,98174480,7579,-1
08777.wav,8776,8777,3949479878,48000,1,4.367,209622,498181568,33485,-1
08778.wav,8777,8778,3949599861,48000,1,9.441,453160,297519472,115936,-1
08779.wav,8778,8779,3949641520,48000,1,2.104,101014,38017232,19201,-1
08780.wav,8779,8780,3949696241,48000,1,4.462,214195,17435568,50157,-1
08781.wav,8780,8781,3949935123,48000,1,2.732,131157,46648944,27520,-1
08782.wav,8781,8782,3951338418,48000,1,3.953,189724,113250336,30960,-1
08783.wav,8782,8783,3951577300,48000,1,5.463,262228,148170432,67187,-1
08784.wav,8783,8784,3952501547,48000,1,6.692,321207,448725488,85491,-1
08785.wav,8784,8785,3953656615,48000,1,1.510,72483,209864432,31384,-1
08786.wav,8785,8786,3953952966,48000,1,1.859,89232,248666800,24724,-1
08787.wav,8786,8787,3954568430,48000,1,7.368,353657,356064432,102291,-1
08788.wav,8787,8788,3955088874,48000,1,7.266,348751,271252432,101287,-1
08789.wav,8788,8789,3955218314,48000,1,6.789,325856,293408208,80646,-1
08790.wav,8789,8790,3955624901,48000,1,2.379,114169,552721392,24219,-1
08791.wav,8790,8791,3955677101,48000,1,3.842,184404,329899344,36451,-1
08792.wav,8791,8792,3955957642,48000,1,6.838,328239,181590928,85327,-1
08793.wav,8792,8793,3956491148,48000,1,8.220,394569,223446272,113735,-1
08794.wav,8793,8794,3956790024,48000,1,6.275,301222,426681424,72242,-1
08795.wav,8794,8795,3956949935,48000,1,10.874,521944,278141296,94674,-1
08796.wav,8795,8796,3956956871,48000,1,3.867,185609,110977904,34616,-1
08797.wav,8796,8797,3957011592,48000,1,4.208,201979,90085280,45741,-1
08798.wav,8797,8798,3957066313,48000,1,9.431,452667,68049536,79306,-1
08799.wav,8798,8799,3957250474,48000,1,4.897,235074,118786720,61776,-1
08800.wav,8799,8800,3957949164,48000,1,5.207,249960,239235856,80843,-1
08801.wav,8800,8801,3958352209,48000,1,8.126,390057,233417696,113837,-1
08802.wav,8801,8802,3958763211,48000,1,2.813,135039,154636832,26967,-1
08803.wav,8802,8803,3958817932,48000,1,6.182,296741,129711696,71967,-1
08804.wav,8803,8804,3958982095,48000,1,6.000,287988,64345376,65741,-1
08805.wav,8804,8805,3959257035,48000,1,0.953,45734,1456880,16783,-1
08806.wav,8805,8806,3960187904,48000,1,9.707,465945,403887568,105926,-1
08807.wav,8806,8807,3960985037,48000,1,2.884,138421,178143408,31532,-1
08808.wav,8807,8808,3961138738,48000,1,5.602,268873,560093376,81951,-1
08809.wav,8808,8809,3962209107,48000,1,6.830,327817,161993840,67167,-1
08810.wav,8809,8810,3962220064,48000,1,3.048,146294,281070608,28149,-1
08811.wav,8810,8811,3962329506,48000,1,6.390,306708,261415648,72418,-1
08812.wav,8811,8812,3962678851,48000,1,3.494,167713,320357456,37291,-1
08813.wav,8812,8813,3963156615,48000,1,5.633,270364,332379600,60868,-1
08814.wav,8813,8814,3963519022,48000,1,6.712,322170,441244864,86273,-1
08815.wav,8814,8815,3963670123,48000,1,9.395,450982,358136224,85923,-1
08816.wav,8815,8816,3963686027,48000,1,5.424,260344,166183344,61418,-1
08817.wav,8816,8817,3963982378,48000,1,2.217,106436,204131216,21497,-1
08818.wav,8817,8818,3964094187,48000,1,10.779,517406,416900208,108509,-1
08819.wav,8818,8819,3964245288,48000,1,6.509,312443,258965952,61497,-1
08820.wav,8819,8820,3964361666,48000,1,6.360,305277,36586176,67730,-1
08821.wav,8820,8821,3965605361,48000,1,8.610,413297,538693424,94602,-1
08822.wav,8821,8822,3965995344,48000,1,5.486,263315,488408480,73705,-1
08823.wav,8822,8823,3966109945,48000,1,1.558,74760,566339680,23569,-1
08824.wav,8823,8824,3966471608,48000,1,6.057,290721,143577360,59057,-1
08825.wav,8824,8825,3966844021,48000,1,3.081,147886,451439360,36790,-1
08826.wav,8825,8826,3967765032,48000,1,3.219,154520,568255232,36558,-1
08827.wav,8826,8827,3967775276,48000,1,1.859,89240,402346400,28503,-1
08828.wav,8827,8828,3968208008,48000,1,5.920,284184,311875584,81593,-1
08829.wav,8828,8829,3968780915,48000,1,6.194,297326,469276640,78179,-1
08830.wav,8829,8830,3969289203,48000,1,3.042,146040,450971552,36886,-1
08831.wav,8830,8831,3972015342,48000,1,6.092,292415,46939376,60876,-1
08832.wav,8831,8832,3973473358,48000,1,5.677,272507,94317520,67503,-1
08833.wav,8832,8833,3973921361,48000,1,1.615,77542,423367008,11630,-1
08834.wav,8833,8834,3974064106,48000,1,8.819,423327,522987776,113153,-1
08835.wav,8834,8835,3974707054,48000,1,7.105,341034,540733344,91361,-1
08836.wav,8835,8836,3975389140,48000,1,3.925,188403,88140224,41110,-1
08837.wav,8836,8837,3975573301,48000,1,6.391,306784,144574736,82579,-1
08838.wav,8837,8838,3975628022,48000,1,6.068,291281,117473360,67926,-1
08839.wav,8838,8839,3976096266,48000,1,5.796,278201,476156896,72646,-1
08840.wav,8839,8840,3978641978,48000,1,5.901,283241,466812592,72156,-1
08841.wav,8840,8841,3979139596,48000,1,5.972,286676,251609968,82178,-1
08842.wav,8841,8842,3979954664,48000,1,5.015,240703,212991312,39943,-1
08843.wav,8842,8843,3980652333,48000,1,3.495,167741,273109824,34248,-1
08844.wav,8843,8844,3980781773,48000,1,8.716,418370,299676368,96107,-1
08845.wav,8844,8845,3981117035,48000,1,2.103,100920,48160288,15378,-1
08846.wav,8845,8846,3981226477,48000,1,4.777,229307,2796912,54603,-1
08847.wav,8846,8847,3982978096,48000,1,6.256,300308,61916032,66614,-1
08848.wav,8847,8848,3983320078,48000,1,4.664,223877,172972368,51758,-1
08849.wav,8848,8849,3985257588,48000,1,2.433,116760,158546736,23674,-1
08850.wav,8849,8850,3985402018,48000,1,5.391,258748,366955792,70504,-1
08851.wav,8850,8851,3985599241,48000,1,5.276,253231,442501664,70910,-1
08852.wav,8851,8852,3985654983,48000,1,4.014,192682,463159344,45763,-1
08853.wav,8852,8853,3986734508,48000,1,6.085,292072,161608752,65005,-1
08854.wav,8853,8854,3986749571,48000,1,10.862,521371,341840752,101316,-1
08855.wav,8854,8855,3986913734,48000,1,6.685,320868,324590112,74597,-1
08856.wav,8855,8856,3987098916,48000,1,4.050,194383,386807776,55183,-1
08857.wav,8856,8857,3987673060,48000,1,6.649,319167,225607872,106155,-1
08858.wav,8857,8858,3987743671,48000,1,1.942,93228,467043328,16754,-1
08859.wav,8858,8859,3987906027,48000,1,7.278,349343,410247600,63417,-1
08860.wav,8859,8860,3988720074,48000,1,7.910,379663,333756912,79910,-1
08861.wav,8860,8861,3989055212,48000,1,2.917,140015,306718416,30226,-1
08862.wav,8861,8862,3989925125,48000,1,7.272,349052,39790784,79454,-1
08863.wav,8862,8863,3989979846,48000,1,4.569,219330,20038128,55704,-1
08864.wav,8863,8864,3991198717,48000,1,8.074,387555,456206128,102253,-1
08865.wav,8864,8865,3992300677,48000,1,2.482,119149,402198032,25649,-1
08866.wav,8865,8866,3992642188,48000,1,2.416,115977,157979248,25056,-1
08867.wav,8866,8867,3994473814,48000,1,4.657,223543,473452432,47699,-1
08868.wav,8867,8868,3994503711,48000,1,4.761,228507,368124672,58281,-1
08869.wav,8868,8869,3994946090,48000,1,3.067,147201,501506144,24481,-1
08870.wav,8869,8870,3996246831,48000,1,3.325,159578,547348928,35220,-1
08871.wav,8870,8871,3996948915,48000,1,5.169,248132,222837488,69877,-1
08872.wav,8871,8872,3996994658,48000,1,5.852,280902,266198016,57727,-1
08873.wav,8872,8873,3997232998,48000,1,5.389,258653,495987936,50148,-1
08874.wav,8873,8874,3997359917,48000,1,5.389,258685,135311136,64453,-1
08875.wav,8874,8875,3997414638,48000,1,3.051,146463,109364912,30681,-1
08876.wav,8875,8876,3997653520,48000,1,7.439,357055,145327040,88697,-1
08877.wav,8876,8877,3997708241,48000,1,5.466,262351,118104832,60914,-1
08878.wav,8877,8878,3998114828,48000,1,6.204,297777,514645984,75576,-1
08879.wav,8878,8879,3998169549,48000,1,8.414,403890,512415360,117326,-1
08880.wav,8879,8880,3998469676,48000,1,4.171,200232,207995424,49252,-1
08881.wav,8880,8881,3999094059,48000,1,2.108,101161,497053904,16249,-1
08882.wav,8881,8882,3999220978,48000,1,3.385,162478,153838128,34180,-1
08883.wav,8882,8883,3999275699,48000,1,3.315,159103,128779040,30942,-1
08884.wav,8883,8884,3999330420,48000,1,3.533,169573,105640432,31330,-1
08885.wav,8884,8885,4000481377,48000,1,7.100,340800,564771200,62838,-1
08886.wav,8885,8886,4001739155,48000,1,1.939,93066,210220992,30781,-1
08887.wav,8886,8887,4002061007,48000,1,3.061,146925,448927264,31681,-1
08888.wav,8887,8888,4002971434,48000,1,6.248,299925,284544208,61942,-1
08889.wav,8888,8889,4003048694,48000,1,6.490,311514,426034864,72027,-1
08890.wav,8889,8890,4003211337,48000,1,1.666,79968,345616944,15261,-1
08891.wav,8890,8891,4003895944,48000,1,3.423,164283,218491728,34291,-1
08892.wav,8891,8892,4004127890,48000,1,7.782,373547,356267232,97248,-1
08893.wav,8892,8893,4004777774,48000,1,6.490,311506,293630064,74274,-1
08894.wav,8893,8894,4004874154,48000,1,9.139,438667,13628608,95822,-1
08895.wav,8894,8895,4004890758,48000,1,4.227,202896,551099440,50494,-1
08896.wav,8895,8896,4005054921,48000,1,2.998,143924,546723744,32002,-1
08897.wav,8896,8897,4005127119,48000,1,5.659,271620,340477920,62496,-1
08898.wav,8897,8898,4005517102,48000,1,8.144,390920,181850000,87887,-1
08899.wav,8898,8899,4006441612,48000,1,2.326,111658,23347296,21060,-1
08900.wav,8899,8900,4006571052,48000,1,3.728,178962,90186080,37326,-1
08901.wav,8900,8901,4006769734,48000,1,4.258,204393,220274256,57060,-1
08902.wav,8901,8902,4007216521,48000,1,7.020,336938,515307792,113298,-1
08903.wav,8902,8903,4007380684,48000,1,8.245,395737,508113968,119142,-1
08904.wav,8903,8904,4008377392,48000,1,6.212,298188,130041552,70701,-1
08905.wav,8904,8905,4008953315,48000,1,3.679,176600,440981328,41881,-1
08906.wav,8905,8906,4009440311,48000,1,3.688,177025,541562048,42259,-1
08907.wav,8906,8907,4010499754,48000,1,8.700,417622,429289712,126406,-1
08908.wav,8907,8908,4010561411,48000,1,9.167,440024,327145488,87995,-1
08909.wav,8908,8909,4010965477,48000,1,8.037,385769,369317424,121275,-1
08910.wav,8909,8910,4011033260,48000,1,8.474,406774,437585312,105960,-1
08911.wav,8910,8911,4011608425,48000,1,2.223,106692,407688448,22021,-1
08912.wav,8911,8912,4011779524,48000,1,5.894,282914,281202048,63988,-1
08913.wav,8912,8913,4012018406,48000,1,4.004,192206,290128896,32445,-1
08914.wav,8913,8914,4012353668,48000,1,6.358,305177,29798608,65656,-1
08915.wav,8914,8915,4012408389,48000,1,7.931,380689,5707200,90636,-1
08916.wav,8915,8916,4012538850,48000,1,1.730,83034,201769392,11772,-1
08917.wav,8916,8917,4012593571,48000,1,4.161,199740,192468480,46661,-1
08918.wav,8917,8918,4012648292,48000,1,4.950,237607,187801536,45472,-1
08919.wav,8918,8919,4012989679,48000,1,1.025,49190,177407888,19644,-1
08920.wav,8919,8920,4013245487,48000,1,2.724,130773,168847472,30007,-1
08921.wav,8920,8921,4013304302,48000,1,7.372,353871,388727920,110388,-1
08922.wav,8921,8922,4013811684,48000,1,6.265,300723,74198432,67846,-1
08923.wav,8922,8923,4013866405,48000,1,9.126,438038,55997008,102357,-1
08924.wav,8923,8924,4013879467,48000,1,6.305,302640,294541184,60903,-1
08925.wav,8924,8925,4013921126,48000,1,6.635,318472,36727024,82505,-1
08926.wav,8925,8926,4013975847,48000,1,4.132,198334,14947680,43343,-1
08927.wav,8926,8927,4013988909,48000,1,6.116,293585,282446960,71810,-1
08928.wav,8927,8928,4014128046,48000,1,3.858,185169,396337296,31103,-1
08929.wav,8928,8929,4014454632,48000,1,6.475,310800,196199456,74514,-1
08930.wav,8929,8930,4014803977,48000,1,4.020,192968,228322960,44902,-1
08931.wav,8930,8931,4015690669,48000,1,2.544,122095,156767328,28847,-1
08932.wav,8931,8932,4016539077,48000,1,5.022,241049,564108640,57698,-1
08933.wav,8932,8933,4016787303,48000,1,0.889,42649,314152976,13974,-1
08934.wav,8933,8934,4016836895,48000,1,6.872,329878,465699984,93911,-1
08935.wav,8934,8935,4018499712,48000,1,8.845,424538,365612480,141340,-1
08936.wav,8935,8936,4019608383,48000,1,5.633,270405,331200080,54652,-1
08937.wav,8936,8937,4020078669,48000,1,2.814,135049,552507008,30874,-1
08938.wav,8937,8938,4020990659,48000,1,1.415,67897,263259456,11276,-1
08939.wav,8938,8939,4021577323,48000,1,2.981,143070,494058544,23286,-1
08940.wav,8939,8940,4022036110,48000,1,2.985,143266,505920704,40617,-1
08941.wav,8940,8941,4022169092,48000,1,7.861,377308,557317440,101812,-1
08942.wav,8941,8942,4023216979,48000,1,3.571,171423,148962032,38184,-1
08943.wav,8942,8943,4023271700,48000,1,4.160,199663,123583696,47583,-1
08944.wav,8943,8944,4023623566,48000,1,8.887,426553,523565968,89343,-1
08945.wav,8944,8945,4024656497,48000,1,6.412,307767,488987120,98125,-1
08946.wav,8945,8946,4025655726,48000,1,7.164,343866,476469808,87248,-1
08947.wav,8946,8947,4026264556,48000,1,1.995,95752,210008096,45457,-1
08948.wav,8947,8948,4026269282,48000,1,3.305,158625,170067504,32605,-1
08949.wav,8948,8949,4026632173,48000,1,5.701,273656,416660768,55601,-1
08950.wav,8949,8950,4026816715,48000,1,1.469,70524,241694960,11791,-1
08951.wav,8950,8951,4027207338,48000,1,4.813,231039,341221424,52051,-1
08952.wav,8951,8952,4027891945,48000,1,6.290,301905,217655440,99816,-1
08953.wav,8952,8953,4028130827,48000,1,7.267,348825,224278224,91515,-1
08954.wav,8953,8954,4028467110,48000,1,4.469,214502,42604976,44086,-1
08955.wav,8954,8955,4028521831,48000,1,6.809,326841,23621088,75524,-1
08956.wav,8955,8956,4028699056,48000,1,8.032,385556,251980960,94626,-1
08957.wav,8956,8957,4028773775,48000,1,4.395,210959,292550000,48498,-1
08958.wav,8957,8958,4028836342,48000,1,1.321,63402,401549040,21745,-1
08959.wav,8958,8959,4028870155,48000,1,5.002,240101,9261024,60339,-1
08960.wav,8959,8960,4029616276,48000,1,4.917,236020,352172016,49398,-1
08961.wav,8960,8961,4030328171,48000,1,4.502,216076,59723920,47912,-1
08962.wav,8961,8962,4030437613,48000,1,2.269,108916,19092096,16498,-1
08963.wav,8962,8963,4030457611,48000,1,1.236,59321,130810704,7869,-1
08964.wav,8963,8964,4030676495,48000,1,4.338,208239,48260576,42671,-1
08965.wav,8964,8965,4030679016,48000,1,2.337,112153,494822496,18298,-1
08966.wav,8965,8966,4030731216,48000,1,2.844,136492,28510864,27483,-1
08967.wav,8966,8967,4030785937,48000,1,7.122,341833,3232784,80162,-1
08968.wav,8967,8968,4030916398,48000,1,3.824,183568,200145632,41898,-1
08969.wav,8968,8969,4034222150,48000,1,8.011,384545,435272592,121283,-1
08970.wav,8969,8970,4034817048,48000,1,6.791,325957,162344560,76410,-1
08971.wav,8970,8971,4035158701,48000,1,5.248,251890,442914512,73022,-1
08972.wav,8971,8972,4035959686,48000,1,8.238,395412,295690528,99298,-1
08973.wav,8972,8973,4036293968,48000,1,6.837,328185,166520720,73366,-1
08974.wav,8973,8974,4036475715,48000,1,2.098,100701,549148352,19713,-1
08975.wav,8974,8975,4036590319,48000,1,4.223,202689,204314480,43909,-1
08976.wav,8975,8976,4036658376,48000,1,8.081,387886,386992688,96055,-1
08977.wav,8976,8977,4036884196,48000,1,6.476,310868,228902528,85403,-1
08978.wav,8977,8978,4037177128,48000,1,1.720,82544,526708272,15275,-1
08979.wav,8978,8979,4037232520,48000,1,7.065,339103,225847504,115831,-1
08980.wav,8979,8980,4037287241,48000,1,4.165,199901,220223888,50333,-1
08981.wav,8980,8981,4037472423,48000,1,8.150,391190,305281296,89390,-1
08982.wav,8981,8982,4037623524,48000,1,5.157,247513,24265520,62034,-1
08983.wav,8982,8983,4037698243,48000,1,2.625,126001,112503536,22951,-1
08984.wav,8983,8984,4037807685,48000,1,1.271,61031,70047680,10216,-1
08985.wav,8984,8985,4037917127,48000,1,3.276,157255,33659040,38623,-1
08986.wav,8985,8986,4038097894,48000,1,2.592,124436,547959504,23901,-1
08987.wav,8986,8987,4039451962,48000,1,2.901,139248,451647040,37150,-1
08988.wav,8987,8988,4040091592,48000,1,2.525,121222,307053648,22684,-1
08989.wav,8988,8989,4040383217,48000,1,2.045,98154,402475744,31341,-1
08990.wav,8989,8990,4040997059,48000,1,6.642,318831,457320000,79804,-1
08991.wav,8990,8991,4041630315,48000,1,5.924,284342,350310768,61739,-1
08992.wav,8991,8992,4042495713,48000,1,6.946,333423,362725344,119051,-1
08993.wav,8992,8993,4042790337,48000,1,6.456,309889,408101152,70731,-1
08994.wav,8993,8994,4043433285,48000,1,7.224,346774,431918416,119850,-1
08995.wav,8994,8995,4044822497,48000,1,4.905,235431,286973296,58389,-1
08996.wav,8995,8996,4044877218,48000,1,6.487,311378,280529632,75588,-1
08997.wav,8996,8997,4044931939,48000,1,7.979,382983,272383648,81293,-1
08998.wav,8997,8998,4045461361,48000,1,4.511,216543,81285680,51975,-1
08999.wav,8998,8999,4046032111,48000,1,8.903,427351,503326400,151819,-1
09000.wav,8999,9000,4046736716,48000,1,9.695,465354,489539280,121095,-1
09001.wav,9000,9001,4047267701,48000,1,2.305,110658,118406944,24751,-1
09002.wav,9001,9002,4047322422,48000,1,5.125,246001,99078544,52764,-1
09003.wav,9002,9003,4047729009,48000,1,11.256,540294,513083024,170292,-1
09004.wav,9003,9004,4048262515,48000,1,7.522,361052,531715440,90889,-1
09005.wav,9004,9005,4048780438,48000,1,3.802,182494,154001888,43526,-1
09006.wav,9005,9006,4049934589,48000,1,5.897,283060,461127200,61432,-1
09007.wav,9006,9007,4051249919,48000,1,2.813,135034,466960896,30045,-1
09008.wav,9007,9008,4051887946,48000,1,2.012,96584,216277472,19281,-1
09009.wav,9008,9009,4052517832,48000,1,7.084,340046,19651648,81517,-1
09010.wav,9009,9010,4052811435,48000,1,8.283,397582,29213152,87115,-1
09011.wav,9010,9011,4052996617,48000,1,4.556,218681,200975040,37674,-1
09012.wav,9011,9012,4053048299,48000,1,4.756,228277,207552736,56723,-1
09013.wav,9012,9013,4053366469,48000,1,2.819,135314,347942848,27229,-1
09014.wav,9013,9014,4053803728,48000,1,8.183,392804,214099856,112115,-1
09015.wav,9014,9015,4053913902,48000,1,2.101,100845,423115392,16601,-1
09016.wav,9015,9016,4054160009,48000,1,6.698,321525,115090784,73542,-1
09017.wav,9016,9017,4054252455,48000,1,1.402,67307,210617680,28314,-1
09018.wav,9017,9018,4054398891,48000,1,6.997,335852,150759328,87481,-1
09019.wav,9018,9019,4054743821,48000,1,1.457,69941,552813616,12508,-1
09020.wav,9019,9020,4055076562,48000,1,4.201,201636,182043120,48905,-1
09021.wav,9020,9021,4055133804,48000,1,4.867,233616,504549744,71638,-1
09022.wav,9021,9022,4055261744,48000,1,3.599,172758,227623600,62756,-1
09023.wav,9022,9023,4055947851,48000,1,2.926,140453,482852144,28494,-1
09024.wav,9023,9024,4056303507,48000,1,6.461,310121,526971184,86175,-1
09025.wav,9024,9025,4056314673,48000,1,9.102,436908,146146768,107488,-1
09026.wav,9025,9026,4059826247,48000,1,2.662,127765,269410688,20410,-1
09027.wav,9026,9027,4060351612,48000,1,1.836,88122,467121408,16728,-1
09028.wav,9027,9028,4060695015,48000,1,6.679,320583,179250336,73358,-1
09029.wav,9028,9029,4060873261,48000,1,2.352,112916,361900720,33202,-1
09030.wav,9029,9030,4061173800,48000,1,5.190,249111,236966912,56696,-1
09031.wav,9030,9031,4061283242,48000,1,7.289,349880,219224144,112102,-1
09032.wav,9031,9032,4061619525,48000,1,6.852,328881,20649984,87910,-1
09033.wav,9032,9033,4061748965,48000,1,6.156,295474,86174976,65600,-1
09034.wav,9033,9034,4061858407,48000,1,2.709,130027,49195152,24278,-1
09035.wav,9034,9035,4061913128,48000,1,5.542,266017,29951440,58989,-1
09036.wav,9035,9036,4061927211,48000,1,5.593,268447,336284320,54573,-1
09037.wav,9036,9037,4063425865,48000,1,1.542,74000,56204560,9764,-1
09038.wav,9037,9038,4063535307,48000,1,10.304,494588,15023184,111261,-1
09039.wav,9038,9039,4064322410,48000,1,0.536,25711,211102832,11314,-1
09040.wav,9039,9040,4064859599,48000,1,4.875,234014,567551216,53882,-1
09041.wav,9040,9041,4065250129,48000,1,4.445,213362,158160112,53294,-1
09042.wav,9041,9042,4066113493,48000,1,10.283,493565,474774656,116555,-1
09043.wav,9042,9043,4066615239,48000,1,7.424,356339,456308416,95229,-1
09044.wav,9043,9044,4066727049,48000,1,10.287,493777,160674048,108506,-1
09045.wav,9044,9045,4067188779,48000,1,1.774,85160,436091040,22850,-1
09046.wav,9045,9046,4067361503,48000,1,10.251,492039,323848352,112898,-1
09047.wav,9046,9047,4068197897,48000,1,4.831,231876,246025840,67339,-1
09048.wav,9047,9048,4068654335,48000,1,6.055,290651,305821840,70559,-1
09049.wav,9048,9049,4068927940,48000,1,5.569,267310,270216944,60352,-1
09050.wav,9049,9050,4071208981,48000,1,5.934,284828,140998112,58961,-1
09051.wav,9050,9051,4071451405,48000,1,8.875,425984,526257792,131089,-1
09052.wav,9051,9052,4072338318,48000,1,1.589,76255,556564064,13991,-1
09053.wav,9052,9053,4072776439,48000,1,4.024,193132,149077120,46640,-1
09054.wav,9053,9054,4072831160,48000,1,2.733,131205,123747536,24993,-1
09055.wav,9054,9055,4073183026,48000,1,6.487,311352,523863392,83913,-1
09056.wav,9055,9056,4073229727,48000,1,3.857,185136,564339088,30972,-1
09057.wav,9056,9057,4075215186,48000,1,7.709,370018,476742400,84265,-1
09058.wav,9057,9058,4077214023,48000,1,2.094,100494,505100000,28094,-1
09059.wav,9058,9059,4077690287,48000,1,7.697,369440,224532944,116532,-1
09060.wav,9059,9060,4078265452,48000,1,2.401,115259,69091040,23685,-1
09061.wav,9060,9061,4078374894,48000,1,8.429,404606,32996160,106348,-1
09062.wav,9061,9062,4078429615,48000,1,3.540,169903,9386704,39922,-1
09063.wav,9062,9063,4078669518,48000,1,2.981,143096,188539024,28366,-1
09064.wav,9063,9064,4079444427,48000,1,8.321,399426,534814688,102160,-1
09065.wav,9064,9065,4079551348,48000,1,1.368,65657,234751200,9031,-1
09066.wav,9065,9066,4079834410,48000,1,4.557,218714,486287616,56314,-1
09067.wav,9066,9067,4079942352,48000,1,4.181,200694,39311408,39201,-1
09068.wav,9067,9068,4080365395,48000,1,3.900,187209,115640400,39790,-1
09069.wav,9068,9069,4081108265,48000,1,10.433,500783,485198992,138828,-1
09070.wav,9069,9070,4081376341,48000,1,56.693,2721282,545536928,932240,-1
09071.wav,9070,9071,4082619981,48000,1,7.449,357574,468333488,80815,-1
09072.wav,9071,9072,4083486986,48000,1,5.990,287515,412744944,66177,-1
09073.wav,9072,9073,4084226314,48000,1,6.892,330804,316431408,69935,-1
09074.wav,9073,9074,4084692037,48000,1,9.621,461824,212240080,130285,-1
09075.wav,9074,9075,4084718161,48000,1,6.247,299839,443241792,63537,-1
09076.wav,9075,9076,4084985640,48000,1,6.223,298704,214951312,78558,-1
09077.wav,9076,9077,4085169801,48000,1,4.768,228878,230410320,46852,-1
09078.wav,9077,9078,4085280264,48000,1,7.965,382332,286057904,83668,-1
09079.wav,9078,9079,4085293326,48000,1,7.824,375542,418168960,85887,-1
09080.wav,9079,9080,4085519146,48000,1,7.123,341926,295970256,79912,-1
09081.wav,9080,9081,4085560805,48000,1,4.075,195624,37152864,44603,-1
09082.wav,9081,9082,4085684330,48000,1,8.450,405598,328175952,86915,-1
09083.wav,9082,9083,4085799687,48000,1,3.329,159810,62858352,28047,-1
09084.wav,9083,9084,4086215919,48000,1,1.989,95461,556728464,18669,-1
09085.wav,9084,9085,4086217836,48000,1,7.072,339467,387370432,102036,-1
09086.wav,9085,9086,4086278472,48000,1,4.248,203884,203309200,44236,-1
09087.wav,9086,9087,4086607819,48000,1,4.598,220680,211226352,49175,-1
09088.wav,9087,9088,4086791980,48000,1,8.741,419577,226365456,144856,-1
09089.wav,9088,9089,4087257703,48000,1,5.508,264405,112526528,59040,-1
09090.wav,9089,9090,4087312424,48000,1,2.117,101633,92538240,19997,-1
09091.wav,9090,9091,4087531308,48000,1,4.107,197127,10317920,46831,-1
09092.wav,9091,9092,4088010093,48000,1,3.583,171995,196038160,39531,-1
09093.wav,9092,9093,4089118764,48000,1,5.737,275370,132803872,67493,-1
09094.wav,9093,9094,4090392356,48000,1,7.363,353429,459434592,86864,-1
09095.wav,9094,9095,4091480008,48000,1,3.959,190017,430881520,53961,-1
09096.wav,9095,9096,4092000452,48000,1,5.524,265144,371042384,80535,-1
09097.wav,9096,9097,4094491399,48000,1,4.128,198165,272551920,42348,-1
09098.wav,9097,9098,4094765479,48000,1,4.519,216929,175275376,54437,-1
09099.wav,9098,9099,4094970184,48000,1,6.268,300851,343239792,61697,-1
09100.wav,9099,9100,4095006573,48000,1,2.024,97144,247871536,29944,-1
09101.wav,9100,9101,4095591571,48000,1,7.931,380690,503478256,111822,-1
09102.wav,9101,9102,4095683210,48000,1,2.152,103276,156285696,22692,-1
09103.wav,9102,9103,4096881882,48000,1,2.825,135621,99382336,29189,-1
09104.wav,9103,9104,4097295405,48000,1,6.814,327089,477751472,88266,-1
09105.wav,9104,9105,4099344497,48000,1,8.300,398385,401039760,105118,-1
09106.wav,9105,9106,4099424656,48000,1,1.521,73007,241780176,11924,-1
09107.wav,9106,9107,4099494049,48000,1,2.826,135648,461320096,28474,-1
09108.wav,9107,9108,4100558898,48000,1,6.239,299492,555401904,71511,-1
09109.wav,9108,9109,4101444283,48000,1,0.908,43563,401678256,15697,-1
09110.wav,9109,9110,4101631567,48000,1,6.388,306644,235245520,34890,-1
09111.wav,9110,9111,4102206732,48000,1,2.377,114118,84547648,22910,-1
09112.wav,9111,9112,4102425616,48000,1,8.259,396421,4373008,92298,-1
09113.wav,9112,9113,4102551662,48000,1,2.048,98320,547695552,18127,-1
09114.wav,9113,9114,4102735823,48000,1,5.238,251415,551926768,58126,-1
09115.wav,9114,9115,4103774190,48000,1,4.863,233411,96725472,52979,-1
09116.wav,9115,9116,4103938353,48000,1,3.436,164927,36121552,39013,-1
09117.wav,9116,9117,4103993074,48000,1,6.239,299473,13991584,70031,-1
09118.wav,9117,9118,4104177235,48000,1,5.206,249874,62370736,47383,-1
09119.wav,9118,9119,4105874133,48000,1,3.992,191625,146339568,38094,-1
09120.wav,9119,9120,4105931375,48000,1,5.881,282310,500188768,56614,-1
09121.wav,9120,9121,4106257097,48000,1,0.865,41515,209687280,17356,-1
09122.wav,9121,9122,4106553448,48000,1,2.507,120340,248439312,34426,-1
09123.wav,9122,9123,4106798380,48000,1,5.650,271199,444506496,68409,-1
09124.wav,9123,9124,4107967138,48000,1,4.943,237266,244285632,73039,-1
09125.wav,9124,9125,4108298055,48000,1,6.596,316620,388463344,62791,-1
09126.wav,9125,9126,4108926920,48000,1,8.167,392013,221356768,100790,-1
09127.wav,9126,9127,4109092104,48000,1,7.581,363896,265872080,84046,-1
09128.wav,9127,9128,4109112102,48000,1,7.548,362303,305665296,89935,-1
09129.wav,9128,9129,4109159887,48000,1,13.797,662257,405794752,115317,-1
09130.wav,9129,9130,4109385707,48000,1,7.723,370680,269535760,93743,-1
09131.wav,9130,9131,4109611527,48000,1,9.545,458183,10785440,118295,-1
09132.wav,9131,9132,4109785069,48000,1,2.733,131177,526783040,26418,-1
09133.wav,9132,9133,4110507440,48000,1,7.539,361864,395201200,102952,-1
09134.wav,9133,9134,4110898444,48000,1,5.365,257512,281336496,51182,-1
09135.wav,9134,9135,4111069543,48000,1,2.072,99461,60599600,18546,-1
09136.wav,9135,9136,4111082605,48000,1,5.061,242934,301516256,66231,-1
09137.wav,9136,9137,4111137326,48000,1,5.323,255488,290601152,55871,-1
09138.wav,9137,9138,4111178985,48000,1,2.854,136984,20783792,28995,-1
09139.wav,9138,9139,4111198983,48000,1,8.195,393337,133522240,96079,-1
09140.wav,9139,9140,4111358536,48000,1,5.572,267449,398713984,56577,-1
09141.wav,9140,9141,4111527309,48000,1,7.178,344538,5949024,85202,-1
09142.wav,9141,9142,4112006094,48000,1,6.931,332690,194246032,93709,-1
09143.wav,9142,9143,4112278704,48000,1,6.830,327832,397074080,82639,-1
09144.wav,9143,9144,4112699533,48000,1,2.450,117596,307156944,23509,-1
09145.wav,9144,9145,4112930604,48000,1,7.319,351311,74446400,75946,-1
09146.wav,9145,9146,4113060044,48000,1,6.115,293525,152072864,75959,-1
09147.wav,9146,9147,4113114765,48000,1,7.912,379776,126878032,99553,-1
09148.wav,9147,9148,4113854851,48000,1,3.341,160384,438516320,44707,-1
09149.wav,9148,9149,4115672953,48000,1,4.406,211499,475184096,43565,-1
09150.wav,9149,9150,4115900073,48000,1,7.846,376615,446667744,109073,-1
09151.wav,9150,9151,4115955815,48000,1,3.975,190809,466234432,37696,-1
09152.wav,9151,9152,4116125893,48000,1,7.165,343915,393173888,98950,-1
09153.wav,9152,9153,4116286509,48000,1,7.657,367524,165499136,88112,-1
09154.wav,9153,9154,4116475238,48000,1,9.874,473934,420797600,85709,-1
09155.wav,9154,9155,4116571618,48000,1,5.646,270999,272634960,77134,-1
09156.wav,9155,9156,4116975684,48000,1,2.842,136398,318954624,31729,-1
09157.wav,9156,9157,4117159845,48000,1,4.982,239114,330225600,47145,-1
09158.wav,9157,9158,4117385665,48000,1,4.356,209077,187453120,39416,-1
09159.wav,9158,9159,4117735010,48000,1,5.254,252191,218167280,62177,-1
09160.wav,9159,9160,4118193797,48000,1,4.093,196475,266821520,44802,-1
09161.wav,9160,9161,4118213795,48000,1,7.434,356841,305892432,78296,-1
09162.wav,9161,9162,4118966185,48000,1,5.588,268224,339025648,74346,-1
09163.wav,9162,9163,4120225957,48000,1,7.348,352720,40563648,81017,-1
09164.wav,9163,9164,4121852678,48000,1,0.814,39082,402680624,12867,-1
09165.wav,9164,9165,4122776520,48000,1,3.985,191274,245456960,58394,-1
09166.wav,9165,9166,4124498091,48000,1,6.815,327119,501792240,65404,-1
09167.wav,9166,9167,4126257454,48000,1,2.728,130934,62502176,22002,-1
09168.wav,9167,9168,4126312175,48000,1,1.417,67994,44490736,10746,-1
09169.wav,9168,9169,4126521843,48000,1,1.671,80205,423197856,13209,-1
09170.wav,9169,9170,4126552078,48000,1,2.281,109480,196077728,23419,-1
09171.wav,9170,9171,4126661520,48000,1,2.303,110544,186989520,20887,-1
09172.wav,9171,9172,4126716241,48000,1,7.444,357288,182333200,82453,-1
09173.wav,9172,9173,4126860396,48000,1,1.173,56282,210716528,18157,-1
09174.wav,9173,9174,4127083690,48000,1,6.236,299317,561201424,104971,-1
09175.wav,9174,9175,4127304468,48000,1,3.663,175834,220101216,39625,-1
09176.wav,9175,9176,4127587530,48000,1,5.563,267018,483535632,82335,-1
09177.wav,9176,9177,4127934354,48000,1,6.599,316744,33264080,78709,-1
09178.wav,9177,9178,4127950958,48000,1,1.608,77206,553237312,13936,-1
09179.wav,9178,9179,4127954352,48000,1,3.636,174518,146508224,38826,-1
09180.wav,9179,9180,4128009073,48000,1,8.065,387110,120473264,88606,-1
09181.wav,9180,9181,4128066315,48000,1,9.137,438559,498851488,93409,-1
09182.wav,9181,9182,4129003887,48000,1,5.535,265703,535167184,69732,-1
09183.wav,9182,9183,4129393870,48000,1,3.965,190306,486717712,54370,-1
09184.wav,9183,9184,4129631252,48000,1,5.653,271323,106914448,67390,-1
09185.wav,9184,9185,4129924855,48000,1,5.845,280538,115680224,66421,-1
09186.wav,9185,9186,4133088105,48000,1,7.900,379205,263032128,80730,-1
09187.wav,9186,9187,4133514690,48000,1,2.513,120604,553837200,27306,-1
09188.wav,9187,9188,4133607528,48000,1,3.397,163062,6474576,35305,-1
09189.wav,9188,9189,4133785774,48000,1,7.339,352257,316501376,79111,-1
09190.wav,9189,9190,4134264559,48000,1,6.973,334681,382199760,78917,-1
09191.wav,9190,9191,4134503441,48000,1,9.287,445787,390533952,129206,-1
09192.wav,9191,9192,4135065544,48000,1,3.621,173826,57216240,29743,-1
09193.wav,9192,9193,4135120265,48000,1,5.581,267894,37300256,71243,-1
09194.wav,9193,9194,4135242769,48000,1,3.923,188285,276627328,38190,-1
09195.wav,9194,9195,4135359147,48000,1,3.825,183618,62999152,43618,-1
09196.wav,9195,9196,4135427951,48000,1,5.239,251473,342489344,62860,-1
09197.wav,9196,9197,4135837932,48000,1,2.777,133291,203520336,30825,-1
09198.wav,9197,9198,4137056045,48000,1,3.976,190836,147568448,45552,-1
09199.wav,9198,9199,4137110766,48000,1,5.595,268578,121427280,62870,-1
09200.wav,9199,9200,4137467540,48000,1,3.672,176263,567782352,42461,-1
09201.wav,9200,9201,4137926118,48000,1,6.735,323302,311507152,77863,-1
09202.wav,9201,9202,4138959523,48000,1,5.170,248183,433947184,86845,-1
09203.wav,9202,9203,4139334990,48000,1,5.806,278686,160997584,61267,-1
09204.wav,9203,9204,4139796720,48000,1,1.991,95569,436205440,17263,-1
09205.wav,9204,9205,4139951816,48000,1,5.158,247589,459696960,59646,-1
09206.wav,9205,9206,4140471239,48000,1,4.703,225740,415626016,48643,-1
09207.wav,9206,9207,4141039468,48000,1,4.801,230436,431047120,64980,-1
09208.wav,9207,9208,4141395749,48000,1,5.123,245924,382775104,65920,-1
09209.wav,9208,9209,4142306176,48000,1,7.496,359793,41535504,85760,-1
09210.wav,9209,9210,4142360897,48000,1,5.787,277776,22509376,68928,-1
09211.wav,9210,9211,4142538122,48000,1,7.988,383434,249464976,96380,-1
09212.wav,9211,9212,4142668583,48000,1,6.781,325469,336616448,82780,-1
09213.wav,9212,9213,4144221958,48000,1,4.295,206153,38167568,49852,-1
09214.wav,9213,9214,4145242670,48000,1,1.656,79500,157707840,14759,-1
09215.wav,9214,9215,4146331900,48000,1,1.808,86794,145638592,15993,-1
09216.wav,9215,9216,4146419039,48000,1,3.600,172786,427493184,32396,-1
09217.wav,9216,9217,4147468421,48000,1,2.527,121297,170208096,23433,-1
09218.wav,9217,9218,4147546572,48000,1,1.833,87966,501389648,15078,-1
09219.wav,9218,9219,4148755691,48000,1,9.942,477223,561831904,104604,-1
09220.wav,9219,9220,4149344102,48000,1,6.451,309642,174645712,88633,-1
09221.wav,9220,9221,4150548079,48000,1,6.684,320856,195706112,81351,-1
09222.wav,9221,9222,4150602800,48000,1,5.975,286804,190314816,70075,-1
09223.wav,9222,9223,4151191027,48000,1,1.380,66243,235365728,9850,-1
09224.wav,9223,9224,4151656750,48000,1,8.914,427862,132054368,96670,-1
09225.wav,9224,9225,4151950353,48000,1,5.250,251981,142887712,65318,-1
09226.wav,9225,9226,4151985076,48000,1,9.329,447814,4841248,116131,-1
09227.wav,9226,9227,4152005074,48000,1,6.141,294769,116052576,66701,-1
09228.wav,9227,9228,4152758485,48000,1,4.918,236085,237205696,74457,-1
09229.wav,9228,9229,4153041547,48000,1,8.088,388224,491265792,105677,-1
09230.wav,9229,9230,4153333650,48000,1,2.291,109991,96833872,18234,-1
09231.wav,9230,9231,4153388371,48000,1,3.234,155220,73803040,40880,-1
09232.wav,9231,9232,4155956558,48000,1,7.873,377920,480491008,94637,-1
09233.wav,9232,9233,4156357840,48000,1,8.378,402147,444730800,116503,-1
09234.wav,9233,9234,4156399499,48000,1,8.797,422260,376182304,125580,-1
09235.wav,9234,9235,4156583660,48000,1,4.454,213781,391364368,49062,-1
09236.wav,9235,9236,4156919943,48000,1,5.729,275015,286870480,63860,-1
09237.wav,9236,9237,4157097168,48000,1,2.670,128174,408714688,27033,-1
09238.wav,9237,9238,4157672333,48000,1,8.207,393933,324925952,90277,-1
09239.wav,9238,9239,4158083335,48000,1,3.356,161083,229722416,31730,-1
09240.wav,9239,9240,4158127017,48000,1,3.716,178348,557976608,42091,-1
09241.wav,9240,9241,4158260560,48000,1,5.363,257441,379746000,83912,-1
09242.wav,9241,9242,4158822663,48000,1,1.246,59798,24934288,8427,-1
09243.wav,9242,9243,4158848787,48000,1,8.163,391824,414300016,89881,-1
09244.wav,9243,9244,4158999888,48000,1,6.377,306101,254086464,80696,-1
09245.wav,9244,9245,4159170987,48000,1,3.193,153258,10919232,35472,-1
09246.wav,9245,9246,4159423952,48000,1,8.503,408138,338236800,91264,-1
09247.wav,9246,9247,4160185799,48000,1,6.843,328470,538859360,86129,-1
09248.wav,9247,9248,4160758443,48000,1,5.430,260660,133661088,58768,-1
09249.wav,9248,9249,4160813164,48000,1,3.545,170156,108403728,35343,-1
09250.wav,9249,9250,4160867885,48000,1,6.148,295110,86782816,71342,-1
09251.wav,9250,9251,4160925127,48000,1,4.951,237641,496612336,50587,-1
09252.wav,9251,9252,4161052046,48000,1,4.055,194619,143836560,45896,-1
09253.wav,9252,9253,4161161488,48000,1,2.334,112051,98253456,20729,-1
09254.wav,9253,9254,4161358141,48000,1,5.153,247332,172684448,65644,-1
09255.wav,9254,9255,4163414311,48000,1,7.115,341541,438963120,113432,-1
09256.wav,9255,9256,4163933734,48000,1,3.576,171635,372910544,28886,-1
09257.wav,9256,9257,4164044197,48000,1,5.360,257272,403401680,56981,-1
09258.wav,9257,9258,4164748802,48000,1,7.123,341899,337424096,70594,-1
09259.wav,9258,9259,4165685353,48000,1,5.722,274653,393524528,53215,-1
09260.wav,9259,9260,4165845969,48000,1,4.440,213097,168606864,43014,-1
09261.wav,9260,9261,4165937159,48000,1,5.707,273941,398119184,68461,-1
09262.wav,9261,9262,4166260518,48000,1,5.170,248155,298603104,47760,-1
09263.wav,9262,9263,4166356898,48000,1,5.900,283205,18400224,66295,-1
09264.wav,9263,9264,4166535144,48000,1,1.661,79742,319157424,13200,-1
09265.wav,9264,9265,4166609863,48000,1,6.626,318031,343862256,74233,-1
09266.wav,9265,9266,4166835683,48000,1,5.003,240141,199105584,46315,-1
09267.wav,9266,9267,4167423910,48000,1,6.547,314234,238316912,80177,-1
09268.wav,9267,9268,4167614514,48000,1,2.309,110842,247998096,35943,-1
09269.wav,9268,9269,4167827976,48000,1,7.139,342663,302801904,66877,-1
09270.wav,9269,9270,4168108517,48000,1,4.590,220344,72227280,48900,-1
09271.wav,9270,9271,4168217959,48000,1,6.070,291377,34666784,73927,-1
09272.wav,9271,9272,4168291151,48000,1,4.112,197367,156433888,44646,-1
09273.wav,9272,9273,4170255703,48000,1,2.886,138506,494135920,34267,-1
09274.wav,9273,9274,4170327901,48000,1,5.299,254329,141351312,63132,-1
09275.wav,9274,9275,4171133728,48000,1,8.024,385129,461975472,103821,-1
09276.wav,9275,9276,4171523711,48000,1,6.456,309889,406749664,70787,-1
09277.wav,9276,9277,4172153597,48000,1,3.610,173271,317296224,37174,-1
09278.wav,9277,9278,4173384772,48000,1,9.037,433797,409222352,87811,-1
09279.wav,9278,9279,4175707472,48000,1,3.945,189342,104465040,35345,-1
09280.wav,9279,9280,4177220209,48000,1,3.575,171610,137129136,35965,-1
09281.wav,9280,9281,4177329651,48000,1,6.676,320457,91617344,81725,-1
09282.wav,9281,9282,4177404370,48000,1,12.777,613316,154815984,131744,-1
09283.wav,9282,9283,4177513812,48000,1,5.012,240555,146547088,61836,-1
09284.wav,9283,9284,4177796001,48000,1,5.028,241344,565369232,61115,-1
09285.wav,9284,9285,4177920399,48000,1,6.096,292603,520136288,82806,-1
09286.wav,9285,9286,4178647965,48000,1,3.271,157025,454159376,35373,-1
09287.wav,9286,9287,4178659727,48000,1,3.348,160725,484388912,45553,-1
09288.wav,9287,9288,4178865038,48000,1,0.365,17514,209783376,7129,-1
09289.wav,9288,9289,4178869764,48000,1,1.476,70849,169918240,12891,-1
09290.wav,9289,9290,4178953330,48000,1,7.772,373041,486876064,103624,-1
09291.wav,9290,9291,4179161389,48000,1,1.835,88069,248581344,24286,-1
09292.wav,9291,9292,4179952559,48000,1,6.112,293367,471619232,82842,-1
09293.wav,9292,9293,4180929006,48000,1,2.905,139433,414806608,22356,-1
09294.wav,9293,9294,4181025386,48000,1,9.033,433591,269886720,98516,-1
09295.wav,9294,9295,4181086757,48000,1,4.260,204486,425787552,48192,-1
09296.wav,9295,9296,4181436824,48000,1,0.700,33600,401394896,12360,-1
09297.wav,9296,9297,4182605906,48000,1,4.012,192566,413001584,35240,-1
09298.wav,9297,9298,4182941168,48000,1,5.599,268744,268004160,69491,-1
09299.wav,9298,9299,4183057546,48000,1,5.051,242429,49447600,59128,-1
09300.wav,9299,9300,4183112267,48000,1,5.045,242182,31155216,56109,-1
09301.wav,9300,9301,4183235792,48000,1,6.453,309741,325883536,76748,-1
09302.wav,9301,9302,4184515562,48000,1,2.797,134266,97675952,19640,-1
09303.wav,9302,9303,4184625004,48000,1,8.051,386444,57310416,79263,-1
09304.wav,9303,9304,4184638066,48000,1,5.743,275685,296672144,63049,-1
09305.wav,9304,9305,4184699723,48000,1,4.693,225248,152520400,56581,-1
09306.wav,9305,9306,4184809165,48000,1,2.706,129893,105145776,21959,-1
09307.wav,9306,9307,4184918607,48000,1,4.933,236765,63183632,57825,-1
09308.wav,9307,9308,4184973328,48000,1,3.343,160452,45568208,28189,-1
09309.wav,9308,9309,4185213231,48000,1,5.229,250970,197762576,61880,-1
09310.wav,9309,9310,4186545989,48000,1,1.662,79798,248088288,19352,-1
09311.wav,9310,9311,4186615505,48000,1,4.539,217860,147699616,49267,-1
09312.wav,9311,9312,4186670226,48000,1,5.988,287434,121636640,70137,-1
09313.wav,9312,9313,4187690853,48000,1,3.561,170948,360055872,29380,-1
09314.wav,9313,9314,4188894450,48000,1,7.208,346005,165878944,79692,-1
09315.wav,9314,9315,4189777610,48000,1,1.477,70916,526541312,13818,-1
09316.wav,9315,9316,4189901259,48000,1,4.188,201046,406373040,44044,-1
09317.wav,9316,9317,4190030699,48000,1,4.681,224695,415805648,41653,-1
09318.wav,9317,9318,4190155445,48000,1,3.247,155839,560308128,35731,-1
09319.wav,9318,9319,4190352899,48000,1,8.116,389578,12660672,86332,-1
09320.wav,9319,9320,4190369503,48000,1,1.574,75570,550754096,13457,-1
09321.wav,9320,9321,4190424224,48000,1,1.843,88458,549895840,16099,-1
09322.wav,9321,9322,4190476424,48000,1,7.301,350432,322685680,77630,-1
09323.wav,9322,9323,4190605864,48000,1,6.276,301246,339756112,62448,-1
09324.wav,9323,9324,4190827269,48000,1,2.125,102003,547424192,18845,-1
09325.wav,9324,9325,4191694537,48000,1,8.936,428945,275482608,115696,-1
09326.wav,9325,9326,4191878698,48000,1,3.745,179779,290906704,36314,-1
09327.wav,9326,9327,4191940355,48000,1,5.096,244630,135602416,65012,-1
09328.wav,9327,9328,4191995076,48000,1,4.021,193009,109571200,36473,-1
09329.wav,9328,9329,4192104518,48000,1,8.194,393288,67536688,89101,-1
09330.wav,9329,9330,4192159239,48000,1,6.694,321310,50065280,73707,-1
09331.wav,9330,9331,4192268681,48000,1,5.264,252686,7608528,65553,-1
09332.wav,9331,9332,4192563305,48000,1,5.383,258403,184461616,48678,-1
09333.wav,9332,9333,4192692074,48000,1,2.231,107094,306908752,19966,-1
09334.wav,9333,9334,4192973455,48000,1,2.217,106426,568124368,22486,-1
09335.wav,9334,9335,4193671976,48000,1,5.390,258711,76239536,61416,-1
09336.wav,9335,9336,4194733010,48000,1,7.959,382029,557187136,130258,-1
09337.wav,9336,9337,4195519712,48000,1,7.764,372695,405437568,77622,-1
09338.wav,9337,9338,4196414325,48000,1,3.699,177568,478336768,47704,-1
09339.wav,9338,9339,4196641445,48000,1,5.140,246728,449233360,77232,-1
09340.wav,9339,9340,4197367711,48000,1,3.892,186799,260364448,37091,-1
09341.wav,9340,9341,4197717056,48000,1,3.645,174950,319903456,38899,-1
09342.wav,9341,9342,4197955938,48000,1,2.915,139901,325536592,29027,-1
09343.wav,9342,9343,4198250562,48000,1,3.921,188221,377427296,58334,-1
09344.wav,9343,9344,4199820866,48000,1,2.269,108929,313730608,36004,-1
09345.wav,9344,9345,4199993682,48000,1,2.012,96585,550313376,17279,-1
09346.wav,9345,9346,4200643566,48000,1,5.632,270346,536929728,60331,-1
09347.wav,9346,9347,4200750487,48000,1,5.679,272595,235540320,93673,-1
09348.wav,9347,9348,4201216210,48000,1,6.994,335720,132510272,76512,-1
09349.wav,9348,9349,4201509813,48000,1,6.352,304889,143051184,76530,-1
09350.wav,9349,9350,4201564534,48000,1,5.220,250574,116119312,57983,-1
09351.wav,9350,9351,4203077271,48000,1,4.823,231482,151197728,48400,-1
09352.wav,9351,9352,4203599920,48000,1,6.126,294068,555212080,69667,-1
09353.wav,9352,9353,4205917300,48000,1,6.156,295495,445130432,91899,-1
09354.wav,9353,9354,4205966951,48000,1,2.139,102681,347772240,20936,-1
09355.wav,9354,9355,4206143120,48000,1,8.804,422590,391552752,120052,-1
09356.wav,9355,9356,4206492465,48000,1,8.395,402946,419408592,78491,-1
09357.wav,9356,9357,4206656628,48000,1,6.644,318902,408741760,78159,-1
09358.wav,9357,9358,4206814665,48000,1,3.083,147979,17405872,29664,-1
09359.wav,9358,9359,4206827727,48000,1,5.209,250020,283037344,58332,-1
09360.wav,9359,9360,4206995432,48000,1,2.367,113627,546799088,25216,-1
09361.wav,9360,9361,4207053547,48000,1,1.733,83199,46579328,14536,-1
09362.wav,9361,9362,4207293450,48000,1,4.490,215505,198275712,43851,-1
09363.wav,9362,9363,4207654339,48000,1,4.869,233726,351915984,56653,-1
09364.wav,9363,9364,4208231022,48000,1,5.920,284183,305755264,66544,-1
09365.wav,9364,9365,4208402121,48000,1,7.344,352509,138396080,90156,-1
09366.wav,9365,9366,4208456842,48000,1,1.733,83179,113139248,15163,-1
09367.wav,9366,9367,4208566284,48000,1,2.909,139641,71231136,29748,-1
09368.wav,9367,9368,4208621005,48000,1,7.315,351117,53163168,70641,-1
09369.wav,9368,9369,4208747051,48000,1,1.820,87382,550535136,15735,-1
09370.wav,9369,9370,4209102311,48000,1,7.337,352198,521946368,99532,-1
09371.wav,9370,9371,4209745259,48000,1,8.390,402731,539349392,108566,-1
09372.wav,9371,9372,4210427345,48000,1,5.621,269801,87083472,62961,-1
09373.wav,9372,9373,4210752370,48000,1,7.490,359507,209037872,93008,-1
09374.wav,9373,9374,4213035428,48000,1,5.165,247941,384109296,67849,-1
09375.wav,9374,9375,4213211502,48000,1,1.846,88615,557809792,18903,-1
09376.wav,9375,9376,4213829477,48000,1,4.683,224801,264457408,42904,-1
09377.wav,9376,9377,4213971979,48000,1,7.559,362842,421910544,91107,-1
09378.wav,9377,9378,4214472425,48000,1,3.334,160015,321832928,39007,-1
09379.wav,9378,9379,4214992869,48000,1,2.990,143506,212475104,31486,-1
09380.wav,9379,9380,4215067588,48000,1,6.311,302929,239134416,101399,-1
09381.wav,9380,9381,4215244813,48000,1,8.042,386037,393685744,73435,-1
09382.wav,9381,9382,4215581096,48000,1,5.103,244922,288498016,53179,-1
09383.wav,9382,9383,4215594158,48000,1,10.206,489876,421216432,92856,-1
09384.wav,9383,9384,4215752195,48000,1,1.542,74027,76749408,11803,-1
09385.wav,9384,9385,4215806916,48000,1,3.475,166798,59138944,28680,-1
09386.wav,9385,9386,4215929420,48000,1,3.177,152476,283233648,30577,-1
09387.wav,9386,9387,4216155240,48000,1,5.129,246183,47261040,58671,-1
09388.wav,9387,9388,4216169323,48000,1,10.285,493661,344117664,85789,-1
09389.wav,9388,9389,4216264682,48000,1,7.873,377917,1819568,78937,-1
09390.wav,9389,9390,4216559306,48000,1,3.259,156448,183186928,36993,-1
09391.wav,9390,9391,4217332715,48000,1,6.662,319755,306052464,80280,-1
09392.wav,9391,9392,4217558535,48000,1,1.822,87478,113913440,14072,-1
09393.wav,9392,9393,4217667977,48000,1,6.544,314130,72298896,73752,-1
09394.wav,9393,9394,4217722698,48000,1,3.020,144959,54481664,32723,-1
09395.wav,9394,9395,4217777419,48000,1,7.918,380079,34875712,95581,-1
09396.wav,9395,9396,4217850611,48000,1,2.405,115447,157843008,25481,-1
09397.wav,9396,9397,4218028821,48000,1,7.062,338991,499870544,68318,-1
09398.wav,9397,9398,4218494544,48000,1,6.692,321196,479591552,86266,-1
09399.wav,9398,9399,4219327531,48000,1,5.059,242844,160138976,47866,-1
09400.wav,9399,9400,4219789261,48000,1,1.371,65806,435946864,10099,-1
09401.wav,9400,9401,4220076362,48000,1,3.120,149782,170332832,34340,-1
09402.wav,9401,9402,4221363712,48000,1,3.765,180699,258914192,31885,-1
09403.wav,9402,9403,4221713057,48000,1,4.521,216990,317373664,43301,-1
09404.wav,9403,9404,4222766409,48000,1,6.457,309932,207237616,73164,-1
09405.wav,9404,9405,4222944232,48000,1,5.463,262234,409374176,35704,-1
09406.wav,9405,9406,4223228369,48000,1,1.367,65608,566301872,19852,-1
09407.wav,9406,9407,4225157490,48000,1,5.470,262548,151712672,65174,-1
09408.wav,9407,9408,4225212211,48000,1,6.416,307986,126615712,81318,-1
09409.wav,9408,9409,4225266932,48000,1,5.170,248175,104566400,58835,-1
09410.wav,9409,9410,4225376374,48000,1,4.691,225171,62612160,33058,-1
09411.wav,9410,9411,4225899339,48000,1,5.583,267961,469115232,60503,-1
09412.wav,9411,9412,4227345427,48000,1,4.116,197572,425266880,45727,-1
09413.wav,9412,9413,4227355461,48000,1,6.362,305388,565484512,83523,-1
09414.wav,9413,9414,4228269082,48000,1,10.177,488475,407820800,110546,-1
09415.wav,9414,9415,4229512019,48000,1,2.422,116244,471922080,27365,-1
09416.wav,9415,9416,4229794881,48000,1,6.786,325735,464054800,89607,-1
09417.wav,9416,9417,4230734958,48000,1,2.785,133687,558123056,29307,-1
09418.wav,9417,9418,4230810666,48000,1,2.471,118622,11610464,22170,-1
09419.wav,9418,9419,4231063631,48000,1,5.366,257558,338970464,55149,-1
09420.wav,9419,9420,4232041841,48000,1,7.260,348471,219452608,91691,-1
09421.wav,9420,9421,4232378124,48000,1,5.274,253163,21546544,65806,-1
09422.wav,9421,9422,4232398122,48000,1,6.526,313234,134559296,79397,-1
09423.wav,9422,9423,4232562285,48000,1,3.010,144471,66949504,31704,-1
09424.wav,9423,9424,4232617006,48000,1,5.756,276266,49506768,57488,-1
09425.wav,9424,9425,4232633610,48000,1,1.988,95415,553909264,19452,-1
09426.wav,9425,9426,4232801167,48000,1,6.325,303598,98569648,68850,-1
09427.wav,9426,9427,4233064138,48000,1,1.736,83315,452093840,17011,-1
09428.wav,9427,9428,4233848181,48000,1,4.829,231790,231008016,68641,-1
09429.wav,9428,9429,4234075022,48000,1,4.736,227346,97718416,50418,-1
09430.wav,9429,9430,4234077543,48000,1,7.139,342676,497590304,57471,-1
09431.wav,9430,9431,4234184464,48000,1,2.337,112175,57687584,24473,-1
09432.wav,9431,9432,4234259183,48000,1,7.245,347761,152795056,90435,-1
09433.wav,9432,9433,4234478067,48000,1,4.025,193206,63263120,42924,-1
09434.wav,9433,9434,4235753422,48000,1,6.851,328864,484054608,98806,-1
09435.wav,9434,9435,4237099212,48000,1,2.903,139322,447963664,34223,-1
09436.wav,9435,9436,4238078443,48000,1,6.805,326643,434543104,66155,-1
09437.wav,9436,9437,4238249542,48000,1,8.200,393592,344792128,100580,-1
09438.wav,9437,9438,4238304263,48000,1,2.987,143353,335766560,32824,-1
09439.wav,9438,9439,4238345922,48000,1,3.881,186285,179097504,43079,-1
09440.wav,9439,9440,4238652587,48000,1,4.915,235900,331386976,58462,-1
09441.wav,9440,9441,4239331113,48000,1,1.220,58584,314197728,17380,-1
09442.wav,9441,9442,4239802917,48000,1,2.332,111946,54838688,21187,-1
09443.wav,9442,9443,4240222566,48000,1,2.171,104222,552604192,21662,-1
09444.wav,9443,9444,4240274766,48000,1,5.411,259737,329044640,54688,-1
09445.wav,9444,9445,4240555307,48000,1,5.233,251206,180876128,57202,-1
09446.wav,9445,9446,4240849931,48000,1,5.327,255683,217318192,75712,-1
09447.wav,9446,9447,4241198255,48000,1,9.924,476328,213443216,100771,-1
09448.wav,9447,9448,4241479817,48000,1,4.259,204420,22962992,50516,-1
09449.wav,9448,9449,4241554536,48000,1,5.951,285661,109701040,57915,-1
09450.wav,9449,9450,4241663978,48000,1,5.730,275041,67758144,66563,-1
09451.wav,9450,9451,4241718699,48000,1,8.348,400703,50494864,87632,-1
09452.wav,9451,9452,4241773420,48000,1,6.769,324929,32160864,60298,-1
09453.wav,9452,9453,4241828141,48000,1,4.525,217222,7760688,43880,-1
09454.wav,9453,9454,4241995726,48000,1,0.877,42102,314097632,14821,-1
09455.wav,9454,9455,4245024451,48000,1,3.320,159353,410135728,39530,-1
09456.wav,9455,9456,4246003682,48000,1,3.260,156469,369115344,51568,-1
09457.wav,9456,9457,4246352006,48000,1,5.354,256984,361033456,40378,-1
09458.wav,9457,9458,4247098270,48000,1,6.813,327001,19954928,83162,-1
09459.wav,9458,9459,4247405956,48000,1,6.767,324795,336126384,77932,-1
09460.wav,9459,9460,4247607055,48000,1,1.443,69282,247667840,12103,-1
09461.wav,9460,9461,4248283692,48000,1,2.675,128394,155977120,25741,-1
09462.wav,9461,9462,4249153491,48000,1,8.610,413284,147179952,99366,-1
09463.wav,9462,9463,4249317654,48000,1,5.836,280133,80090528,70636,-1
09464.wav,9463,9464,4249560078,48000,1,4.308,206793,521268464,43333,-1
09465.wav,9464,9465,4249614799,48000,1,3.747,179836,516727840,58919,-1
09466.wav,9465,9466,4249760612,48000,1,3.206,153910,157235280,34115,-1
09467.wav,9466,9467,4250203026,48000,1,6.824,327537,537330640,75016,-1
09468.wav,9467,9468,4251069273,48000,1,4.776,229245,143191792,53883,-1
09469.wav,9468,9469,4251477705,48000,1,2.299,110331,169998720,22990,-1
09470.wav,9469,9470,4251537769,48000,1,6.732,323123,176836016,76158,-1
09471.wav,9470,9471,4251577282,48000,1,4.054,194589,563236368,49947,-1
09472.wav,9471,9472,4251875100,48000,1,7.233,347161,464754496,92978,-1
09473.wav,9472,9473,4253257376,48000,1,7.889,378695,439786720,104583,-1
09474.wav,9473,9474,4253913009,48000,1,5.364,257457,351329920,56113,-1
09475.wav,9474,9475,4255928400,48000,1,3.478,166928,231972400,35957,-1
09476.wav,9475,9476,4256155241,48000,1,2.524,121167,98209680,22470,-1
09477.wav,9476,9477,4256209962,48000,1,6.921,332202,75804608,74402,-1
09478.wav,9477,9478,4256277745,48000,1,5.809,278852,297706464,56056,-1
09479.wav,9478,9479,4256319404,48000,1,5.085,244072,38036480,51168,-1
09480.wav,9479,9480,4256667728,48000,1,2.102,100872,26523616,22001,-1
09481.wav,9480,9481,4256852910,48000,1,6.783,325607,198411824,67806,-1
09482.wav,9481,9482,4257961581,48000,1,3.623,173926,138650304,42766,-1
09483.wav,9482,9483,4258071023,48000,1,4.564,219060,93822752,53077,-1
09484.wav,9483,9484,4258235186,48000,1,4.659,223634,34137872,49324,-1
09485.wav,9484,9485,4258309905,48000,1,3.984,191252,122536800,41732,-1
09486.wav,9485,9486,4258312426,48000,1,9.614,461487,501261808,89641,-1
09487.wav,9486,9487,4258364626,48000,1,7.396,354988,101439440,82135,-1
09488.wav,9487,9488,4258661771,48000,1,1.952,93682,522099344,15316,-1
09489.wav,9488,9489,4258862305,48000,1,2.386,114547,169644464,23875,-1
09490.wav,9489,9490,4259153930,48000,1,4.327,207705,248227648,42908,-1
09491.wav,9490,9491,4260881932,48000,1,0.626,30046,313107520,12698,-1
09492.wav,9491,9492,4262245543,48000,1,8.970,430583,340393600,84279,-1
09493.wav,9492,9493,4262385551,48000,1,2.062,98989,526622432,20850,-1
09494.wav,9493,9494,4262594888,48000,1,3.494,167702,384488944,50430,-1
09495.wav,9494,9495,4263052654,48000,1,9.450,453624,373021120,91204,-1
09496.wav,9495,9496,4263278474,48000,1,5.077,243714,213770960,68325,-1
09497.wav,9496,9497,4263531439,48000,1,4.425,212408,422194240,45267,-1
09498.wav,9497,9498,4263853639,48000,1,2.619,125733,32349088,21435,-1
09499.wav,9498,9499,4263924964,48000,1,2.523,121102,550403600,23929,-1
09500.wav,9499,9500,4264804273,48000,1,9.129,438213,394028016,124448,-1
09501.wav,9500,9501,4265030093,48000,1,6.847,328679,233814448,86397,-1
09502.wav,9501,9502,4265300015,48000,1,1.940,93097,306980784,14354,-1
09503.wav,9502,9503,4265324717,48000,1,7.134,342411,304721840,92767,-1
09504.wav,9503,9504,4265366376,48000,1,4.605,221057,59182544,38936,-1
09505.wav,9504,9505,4265379438,48000,1,5.816,279176,298752688,57035,-1
09506.wav,9505,9506,4265441095,48000,1,5.561,266926,154663840,61328,-1
09507.wav,9506,9507,4265475818,48000,1,3.986,191349,18611136,39524,-1
09508.wav,9507,9508,4265714700,48000,1,4.856,233079,47504032,50093,-1
09509.wav,9508,9509,4265824142,48000,1,7.580,363838,2365056,92325,-1
09510.wav,9509,9510,4265954603,48000,1,1.951,93654,199392560,17867,-1
09511.wav,9510,9511,4266011845,48000,1,5.122,245869,510516208,78421,-1
09512.wav,9511,9512,4266302927,48000,1,7.247,347871,193623408,96613,-1
09513.wav,9512,9513,4267618178,48000,1,6.388,306633,429064752,102070,-1
09514.wav,9513,9514,4268151684,48000,1,2.611,125351,437471136,21929,-1
09515.wav,9514,9515,4268886991,48000,1,9.297,446242,164810992,89145,-1
09516.wav,9515,9516,4268965731,48000,1,7.180,344643,412016240,74254,-1
09517.wav,9516,9517,4269062607,48000,1,5.025,241202,400633664,81951,-1
09518.wav,9517,9518,4269969786,48000,1,3.464,166294,470479248,37567,-1
09519.wav,9518,9519,4270252648,48000,1,3.926,188441,462326816,47382,-1
09520.wav,9519,9520,4270348007,48000,1,9.747,467873,358232992,120001,-1
09521.wav,9520,9521,4270772071,48000,1,5.505,264216,417071840,51877,-1
09522.wav,9521,9522,4270923172,48000,1,8.387,402570,259027488,92957,-1
09523.wav,9522,9523,4271347236,48000,1,6.518,312853,341273520,70181,-1
09524.wav,9523,9524,4271922401,48000,1,4.732,227159,228248192,74731,-1
09525.wav,9524,9525,4272428807,48000,1,2.359,113231,313882816,34507,-1
09526.wav,9525,9526,4272784233,48000,1,7.411,355720,268805744,96114,-1
09527.wav,9526,9527,4273204213,48000,1,4.066,195172,116733568,49638,-1
09528.wav,9527,9528,4273249956,48000,1,6.315,303118,188567424,70862,-1
09529.wav,9528,9529,4275458799,48000,1,6.065,291119,469468448,79824,-1
09530.wav,9529,9530,4278574892,48000,1,1.588,76209,347867392,10237,-1
09531.wav,9530,9531,4279460878,48000,1,2.336,112117,210449008,45450,-1
09532.wav,9531,9532,4280260684,48000,1,3.568,171247,54237584,44276,-1
09533.wav,9532,9533,4280370126,48000,1,6.097,292641,11767328,65672,-1
09534.wav,9533,9534,4280480591,48000,1,5.905,283437,247180608,86081,-1
09535.wav,9534,9535,4280794190,48000,1,5.365,257501,202350720,63292,-1
09536.wav,9535,9536,4281384938,48000,1,7.982,383128,541025664,97422,-1
09537.wav,9536,9537,4281601301,48000,1,3.603,172958,219617440,44398,-1
09538.wav,9537,9538,4282012303,48000,1,2.559,122837,108790640,29543,-1
09539.wav,9538,9539,4282121745,48000,1,1.624,77947,67013616,12431,-1
09540.wav,9539,9540,4282305906,48000,1,5.266,252764,117541328,56755,-1
09541.wav,9540,9541,4283045028,48000,1,2.387,114556,542570384,25597,-1
09542.wav,9541,9542,4283689231,48000,1,3.321,159391,556578096,39339,-1
09543.wav,9542,9543,4283873364,48000,1,5.367,257605,128094880,60871,-1
09544.wav,9543,9544,4285117476,48000,1,0.789,37875,178599472,15199,-1
09545.wav,9544,9545,4286658672,48000,1,5.339,256257,448233056,62842,-1
09546.wav,9545,9546,4287330217,48000,1,4.708,225980,273160352,50041,-1
09547.wav,9546,9547,4287569099,48000,1,5.897,283055,283280400,45805,-1
09548.wav,9547,9548,4287809002,48000,1,7.517,360811,345127408,80337,-1
09549.wav,9548,9549,4287849640,48000,1,5.031,241488,28408512,40469,-1
09550.wav,9549,9550,4287904361,48000,1,8.395,402938,2958224,101116,-1
09551.wav,9550,9551,4288034822,48000,1,2.324,111558,200123664,21930,-1
09552.wav,9551,9552,4288561392,48000,1,1.311,62907,381022720,11313,-1
09553.wav,9552,9553,4289307656,48000,1,6.756,324269,72957344,70911,-1
09554.wav,9553,9554,4289362377,48000,1,7.879,378188,54859920,91708,-1
09555.wav,9554,9555,4289437096,48000,1,4.358,209168,150293008,55206,-1
09556.wav,9555,9556,4289488423,48000,1,1.850,88779,550943120,16141,-1
09557.wav,9556,9557,4289546538,48000,1,6.115,293509,102960320,58018,-1
09558.wav,9557,9558,4290114767,48000,1,6.222,298666,181117664,67604,-1
09559.wav,9558,9559,4290172009,48000,1,9.557,458716,503802736,117224,-1
09560.wav,9559,9560,4291113996,48000,1,5.164,247887,110218752,67236,-1
09561.wav,9560,9561,4291168717,48000,1,4.510,216485,89668080,48941,-1
09562.wav,9561,9562,4291223438,48000,1,6.010,288475,67824752,56183,-1
09563.wav,9562,9563,4291520583,48000,1,6.494,311730,513332752,91572,-1
09564.wav,9563,9564,4291935472,48000,1,5.180,248657,160440640,51450,-1
09565.wav,9564,9565,4292397202,48000,1,2.195,105354,436014560,18135,-1
09566.wav,9565,9566,4292494630,48000,1,3.622,173870,245143328,52316,-1
09567.wav,9566,9567,4293995684,48000,1,13.326,639651,364281696,218790,-1
09568.wav,9567,9568,4294234566,48000,1,5.839,280295,373665600,87455,-1
09569.wav,9568,9569,4294919173,48000,1,5.790,277906,253047424,62771,-1
