cue,sound_id,audio_id,hdr_type,channels,codec,sample_rate,num_samples,loop_start,stbin_off,stbin_size,cfg_name_hex,snd_name_hex,sub_off
0,417600,440957815,0xdf92529f,1,5,48000,223043,-1,185126384,41757,,,76608
1,595846,440957815,0xdf92529f,1,5,48000,163724,-1,369250448,36586,,,77232
2,793069,440957815,0xdf92529f,1,5,48000,364758,-1,449799648,105274,,,77808
3,944170,440957815,0xdf92529f,1,5,48000,227599,-1,361166480,70899,,,78512
4,1409893,440957815,0xdf92529f,1,5,48000,261536,-1,280940848,52390,,,79104
5,2114498,440957815,0xdf92529f,1,5,48000,210390,-1,202910416,46038,,,79728
6,2169219,440957815,0xdf92529f,1,5,48000,207065,-1,201451808,47860,,,80272
7,2628006,440957815,0xdf92529f,1,5,48000,292928,-1,218820096,90936,,,80864
8,2875856,440957815,0xdf92529f,1,5,48000,176756,-1,157517680,31284,,,81504
9,3161512,440957815,0xdf92529f,1,5,48000,221074,-1,303334272,38357,,,82096
10,3802897,440957815,0xdf92529f,1,5,48000,104324,-1,500769136,20168,,,82688
11,4152242,440957815,0xdf92529f,1,5,48000,216908,-1,521403664,22956,,,83168
12,4352776,440957815,0xdf92529f,1,5,48000,203157,-1,159356592,49585,,,83728
13,4795190,440957815,0xdf92529f,1,5,48000,478072,-1,537646208,117421,,,84304
14,4907153,440957815,0xdf92529f,1,5,48000,337522,-1,557419296,99224,,,85104
15,5584413,440957815,0xdf92529f,1,5,48000,425639,-1,431507840,128112,,,85792
16,6184402,440957815,0xdf92529f,1,5,48000,325121,-1,473690688,95125,,,86560
17,6467264,440957815,0xdf92529f,1,5,48000,234649,-1,465016944,64270,,,87216
18,7487133,440957815,0xdf92529f,1,5,48000,232652,-1,318538176,45453,,,87776
19,7849540,440957815,0xdf92529f,1,5,48000,324063,-1,440172864,79668,,,88384
20,8714224,440957815,0xdf92529f,1,5,48000,177648,-1,219797840,36066,,,89088
21,9709038,440957815,0xdf92529f,1,5,48000,87313,-1,552312512,15576,,,89648
22,10294744,440957815,0xdf92529f,1,5,48000,186318,-1,392117520,38952,,,90128
23,10413643,440957815,0xdf92529f,1,5,48000,161793,-1,531675088,40317,,,90688
24,10540005,440957815,0xdf92529f,1,5,48000,105851,-1,481457648,19613,,,91184
25,10704783,440957815,0xdf92529f,1,5,48000,95910,-1,452189904,18109,,,91696
26,11041008,440957815,0xdf92529f,1,5,48000,302795,-1,105671808,72422,,,92160
27,11279890,440957815,0xdf92529f,1,5,48000,286115,-1,140295056,63360,,,92848
28,12663187,440957815,0xdf92529f,1,5,48000,249481,-1,94065888,61805,,,93536
29,12902069,440957815,0xdf92529f,1,5,48000,164860,-1,122975728,33703,,,94128
30,13253935,440957815,0xdf92529f,1,5,48000,263293,-1,522244880,50502,,,94688
31,15286095,440957815,0xdf92529f,1,5,48000,243068,-1,475407296,61347,,,95328
32,15838478,440957815,0xdf92529f,1,5,48000,267459,-1,356550320,75781,,,95920
33,16597804,440957815,0xdf92529f,1,5,48000,343688,-1,282203328,78879,,,96560
34,16601346,440957815,0xdf92529f,1,5,48000,464961,-1,551229168,122985,,,97248
35,16837707,440957815,0xdf92529f,1,5,48000,397583,-1,340618384,86354,,,97920
36,16879366,440957815,0xdf92529f,1,5,48000,390582,-1,185825152,91490,,,98672
37,17412872,440957815,0xdf92529f,1,5,48000,394657,-1,227511984,111575,,,99424
38,17761196,440957815,0xdf92529f,1,5,48000,112870,-1,223721968,23180,,,100144
39,17815917,440957815,0xdf92529f,1,5,48000,186418,-1,219939344,49913,,,100624
40,17926380,440957815,0xdf92529f,1,5,48000,400440,-1,275598336,91548,,,101152
41,18097479,440957815,0xdf92529f,1,5,48000,341694,-1,42235152,69404,,,101888
42,18219983,440957815,0xdf92529f,1,5,48000,272908,-1,278341232,65445,,,102576
43,18445803,440957815,0xdf92529f,1,5,48000,226675,-1,32441776,45309,,,103216
44,18520522,440957815,0xdf92529f,1,5,48000,284366,-1,119373696,65797,,,103792
45,18575243,440957815,0xdf92529f,1,5,48000,234492,-1,99936384,48638,,,104480
46,18872388,440957815,0xdf92529f,1,5,48000,90872,-1,519426480,16117,,,105072
47,18927109,440957815,0xdf92529f,1,5,48000,233838,-1,515629440,56801,,,105536
48,19091272,440957815,0xdf92529f,1,5,48000,444814,-1,508360496,131876,,,106144
49,19903819,440957815,0xdf92529f,1,5,48000,320679,-1,77114496,66084,,,106912
50,20604009,440957815,0xdf92529f,1,5,48000,246638,-1,510975424,69902,,,107584
51,22743848,440957815,0xdf92529f,1,5,48000,414998,-1,437924560,145840,,,108192
52,23479155,440957815,0xdf92529f,1,5,48000,342289,-1,168239040,73959,,,108976
53,23544833,440957815,0xdf92529f,1,5,48000,368442,-1,274586608,100914,,,109696
54,23557895,440957815,0xdf92529f,1,5,48000,390065,-1,412318080,91573,,,110384
55,23599554,440957815,0xdf92529f,1,5,48000,71426,-1,261983920,11128,,,111040
56,24094916,440957815,0xdf92529f,1,5,48000,344542,-1,174234080,85624,,,111504
57,24297223,440957815,0xdf92529f,1,5,48000,493063,-1,316085488,111974,,,112224
58,25014890,440957815,0xdf92529f,1,5,48000,327812,-1,388965600,105086,,,113056
59,25247700,440957815,0xdf92529f,1,5,48000,41631,-1,247785680,16047,,,113760
60,25576993,440957815,0xdf92529f,1,5,48000,276249,-1,56140576,44683,,,114224
61,25590055,440957815,0xdf92529f,1,5,48000,155951,-1,294669376,36577,,,114864
62,25686435,440957815,0xdf92529f,1,5,48000,143151,-1,14991056,32093,,,115376
63,25699497,440957815,0xdf92529f,1,5,48000,288442,-1,282709840,73403,,,115856
64,25757760,440957815,0xdf92529f,1,5,48000,94598,-1,550214592,17518,,,116528
65,25867202,440957815,0xdf92529f,1,5,48000,71299,-1,546788384,10664,,,117008
66,25924337,440957815,0xdf92529f,1,5,48000,144164,-1,156137088,32322,,,117456
67,26165220,440957815,0xdf92529f,1,5,48000,285467,-1,196388080,73339,,,117984
68,26329383,440957815,0xdf92529f,1,5,48000,318659,-1,182541584,74659,,,118640
69,27401257,440957815,0xdf92529f,1,5,48000,96148,-1,157346880,19660,,,119264
70,27564100,440957815,0xdf92529f,1,5,48000,83693,-1,553346080,16229,,,119744
71,28673934,440957815,0xdf92529f,1,5,48000,351085,-1,399932384,93305,,,120224
72,32701247,440957815,0xdf92529f,1,5,48000,263070,-1,263323824,52619,,,120928
73,33340111,440957815,0xdf92529f,1,5,48000,278633,-1,27561088,59541,,,121520
74,34927567,440957815,0xdf92529f,1,5,48000,105068,-1,149054256,22820,,,122160
75,34982288,440957815,0xdf92529f,1,5,48000,211657,-1,123663296,46920,,,122640
76,35146451,440957815,0xdf92529f,1,5,48000,195005,-1,61729520,34729,,,123216
77,35334154,440957815,0xdf92529f,1,5,48000,291718,-1,523757744,77530,,,123792
78,35550517,440957815,0xdf92529f,1,5,48000,138355,-1,186611744,24252,,,124416
79,36160272,440957815,0xdf92529f,1,5,48000,124841,-1,542830576,25342,,,124928
80,36502950,440957815,0xdf92529f,1,5,48000,88222,-1,169728928,14063,,,125424
81,36549746,440957815,0xdf92529f,1,5,48000,140508,-1,134928352,32127,,,125888
82,36604467,440957815,0xdf92529f,1,5,48000,77446,-1,108984800,14887,,,126400
83,36659188,440957815,0xdf92529f,1,5,48000,314227,-1,88654112,77651,,,126864
84,36843349,440957815,0xdf92529f,1,5,48000,218240,-1,144901040,55074,,,127552
85,36898070,440957815,0xdf92529f,1,5,48000,261824,-1,117683280,62119,,,128128
86,37366314,440957815,0xdf92529f,1,5,48000,91341,-1,476672592,17299,,,128736
87,38522577,440957815,0xdf92529f,1,5,48000,18567,-1,313264832,7337,,,129200
88,39413289,440957815,0xdf92529f,1,5,48000,92796,-1,1231712,34709,,,129632
89,41401937,440957815,0xdf92529f,1,5,48000,78822,-1,360327136,15107,,,130144
90,41518315,440957815,0xdf92529f,1,5,48000,138909,-1,215954144,33383,,,130608
91,41702476,440957815,0xdf92529f,1,5,48000,225563,-1,234690720,60434,,,131104
92,42051821,440957815,0xdf92529f,1,5,48000,226672,-1,299893600,50107,,,131680
93,42161263,440957815,0xdf92529f,1,5,48000,346303,-1,283628432,85015,,,132288
94,42277641,440957815,0xdf92529f,1,5,48000,312558,-1,84112512,83554,,,132944
95,42622571,440957815,0xdf92529f,1,5,48000,105743,-1,547646816,18964,,,133600
96,42804211,440957815,0xdf92529f,1,5,48000,452966,-1,331928832,86445,,,134064
97,43259393,440957815,0xdf92529f,1,5,48000,320675,-1,485117888,81065,,,134816
98,43790378,440957815,0xdf92529f,1,5,48000,108517,-1,114552960,23150,,,135472
99,43823532,440957815,0xdf92529f,1,5,48000,298198,-1,427243616,60645,,,135936
100,43845099,440957815,0xdf92529f,1,5,48000,162751,-1,96021984,36076,,,136544
101,43954541,440957815,0xdf92529f,1,5,48000,472022,-1,54982208,102902,,,137072
102,44009262,440957815,0xdf92529f,1,5,48000,371179,-1,35776016,94934,,,137968
103,44063983,440957815,0xdf92529f,1,5,48000,207031,-1,13206112,44517,,,138656
104,44302865,440957815,0xdf92529f,1,5,48000,233446,-1,42765472,53766,,,139232
105,44435847,440957815,0xdf92529f,1,5,48000,322396,-1,524793936,83524,,,139840
106,46527636,440957815,0xdf92529f,1,5,48000,369900,-1,165194656,80062,,,140480
107,46627213,440957815,0xdf92529f,1,5,48000,390390,-1,562035296,81712,,,141120
108,46672066,440957815,0xdf92529f,1,5,48000,355641,-1,367158960,101604,,,141840
109,46925031,440957815,0xdf92529f,1,5,48000,351552,-1,463640736,83949,,,142528
110,46965669,440957815,0xdf92529f,1,5,48000,403516,-1,369677488,134104,,,143232
111,47410796,440957815,0xdf92529f,1,5,48000,83833,-1,526388928,16627,,,143952
112,47835458,440957815,0xdf92529f,1,5,48000,329784,-1,328107504,68411,,,144416
113,47848520,440957815,0xdf92529f,1,5,48000,73752,-1,433484592,14997,,,145072
114,48368964,440957815,0xdf92529f,1,5,48000,221765,-1,387191920,73456,,,145536
115,48826730,440957815,0xdf92529f,1,5,48000,238079,-1,373884240,61070,,,146080
116,48937193,440957815,0xdf92529f,1,5,48000,298493,-1,403682256,53527,,,146688
117,49401895,440957815,0xdf92529f,1,5,48000,411798,-1,278800080,96179,,,147312
118,49429192,440957815,0xdf92529f,1,5,48000,95468,-1,402851472,30162,,,148064
119,49640777,440957815,0xdf92529f,1,5,48000,347556,-1,288975600,72661,,,148560
120,49682436,440957815,0xdf92529f,1,5,48000,205394,-1,10265536,52340,,,149232
121,50215942,440957815,0xdf92529f,1,5,48000,533872,-1,191068784,102801,,,149792
122,50401124,440957815,0xdf92529f,1,5,48000,203628,-1,240225120,46755,,,150544
123,51075923,440957815,0xdf92529f,1,5,48000,131370,-1,566481312,31145,,,151120
124,51140452,440957815,0xdf92529f,1,5,48000,293295,-1,60476352,63595,,,151648
125,51249894,440957815,0xdf92529f,1,5,48000,290547,-1,20297856,63507,,,152304
126,51728679,440957815,0xdf92529f,1,5,48000,105242,-1,201585008,16526,,,152928
127,52105957,440957815,0xdf92529f,1,5,48000,254727,-1,244452912,63007,,,153392
128,52371627,440957815,0xdf92529f,1,5,48000,315823,-1,237280192,103121,,,154000
129,53001513,440957815,0xdf92529f,1,5,48000,212938,-1,73994448,45475,,,154624
130,53912236,440957815,0xdf92529f,1,5,48000,215026,-1,163751376,48341,,,155184
131,55143873,440957815,0xdf92529f,1,5,48000,313389,-1,432251488,106347,,,155696
132,56533085,440957815,0xdf92529f,1,5,48000,109571,-1,287114608,19625,,,156368
133,57046593,440957815,0xdf92529f,1,5,48000,195268,-1,318720736,46732,,,156864
134,57454052,440957815,0xdf92529f,1,5,48000,204671,-1,313474832,50289,,,157440
135,57634820,440957815,0xdf92529f,1,5,48000,291307,-1,371643872,95577,,,158032
136,58264706,440957815,0xdf92529f,1,5,48000,251732,-1,266299856,62368,,,158624
137,58978289,440957815,0xdf92529f,1,5,48000,267204,-1,118506256,60965,,,159216
138,59033010,440957815,0xdf92529f,1,5,48000,347198,-1,99196816,87989,,,159824
139,60545747,440957815,0xdf92529f,1,5,48000,292533,-1,129182640,62752,,,160496
140,60685673,440957815,0xdf92529f,1,5,48000,112792,-1,542668256,21108,,,161168
141,60764631,440957815,0xdf92529f,1,5,48000,126401,-1,46795840,27038,,,161648
142,61233106,440957815,0xdf92529f,1,5,48000,137841,-1,554979264,30726,,,162176
143,63600137,440957815,0xdf92529f,1,5,48000,90601,-1,347583056,16495,,,162688
144,65644777,440957815,0xdf92529f,1,5,48000,108194,-1,306215280,20338,,,163152
145,65822002,440957815,0xdf92529f,1,5,48000,66788,-1,416455584,9570,,,163680
146,65863661,440957815,0xdf92529f,1,5,48000,444552,-1,279479328,99150,,,164128
147,65918382,440957815,0xdf92529f,1,5,48000,320185,-1,271480384,74414,,,164864
148,66034760,440957815,0xdf92529f,1,5,48000,125042,-1,55306240,24917,,,165536
149,66144202,440957815,0xdf92529f,1,5,48000,169593,-1,13958144,33400,,,166048
150,66383084,440957815,0xdf92529f,1,5,48000,336357,-1,43584496,68594,,,166624
151,66397167,440957815,0xdf92529f,1,5,48000,342423,-1,340839152,72979,,,167328
152,67255555,440957815,0xdf92529f,1,5,48000,217247,-1,310611792,44898,,,168016
153,67320656,440957815,0xdf92529f,1,5,48000,349428,-1,223894704,112225,,,168592
154,67483464,440957815,0xdf92529f,1,5,48000,124311,-1,241396896,25295,,,169296
155,67841100,440957815,0xdf92529f,1,5,48000,408063,-1,90488752,92345,,,169776
156,67895821,440957815,0xdf92529f,1,5,48000,366097,-1,68426608,61167,,,170496
157,67950542,440957815,0xdf92529f,1,5,48000,150408,-1,51487504,28950,,,171184
158,68079982,440957815,0xdf92529f,1,5,48000,226554,-1,119774832,52741,,,171728
159,68431848,440957815,0xdf92529f,1,5,48000,252990,-1,519501632,74677,,,172304
160,69702161,440957815,0xdf92529f,1,5,48000,253517,-1,106214512,47476,,,172912
161,69941043,440957815,0xdf92529f,1,5,48000,178765,-1,141573520,41008,,,173520
162,70728929,440957815,0xdf92529f,1,5,48000,141262,-1,354011136,50095,,,174064
163,70844688,440957815,0xdf92529f,1,5,48000,105390,-1,557518560,24653,,,174624
164,71769802,440957815,0xdf92529f,1,5,48000,406776,-1,430163376,149610,,,175104
165,72234504,440957815,0xdf92529f,1,5,48000,182157,-1,320831168,40834,,,175856
166,72303308,440957815,0xdf92529f,1,5,48000,316732,-1,438419168,97114,,,176432
167,72658568,440957815,0xdf92529f,1,5,48000,233043,-1,395035344,55506,,,177152
168,73159014,440957815,0xdf92529f,1,5,48000,253892,-1,262108544,53965,,,177760
169,73288454,440957815,0xdf92529f,1,5,48000,337108,-1,290429936,82299,,,178400
170,73374342,440957815,0xdf92529f,1,5,48000,144590,-1,492514000,37250,,,179056
171,73411979,440957815,0xdf92529f,1,5,48000,261500,-1,434773328,58612,,,179568
172,73801962,440957815,0xdf92529f,1,5,48000,285879,-1,321632976,67030,,,180208
173,73986123,440957815,0xdf92529f,1,5,48000,354974,-1,332807488,74985,,,180880
174,74157222,440957815,0xdf92529f,1,5,48000,315564,-1,194072464,79836,,,181568
175,74574350,440957815,0xdf92529f,1,5,48000,76641,-1,389255600,14494,,,182240
176,74616009,440957815,0xdf92529f,1,5,48000,271163,-1,214572080,64638,,,182688
177,74801191,440957815,0xdf92529f,1,5,48000,390801,-1,303626544,105858,,,183344
178,74910633,440957815,0xdf92529f,1,5,48000,407798,-1,285254528,77159,,,184016
179,75149515,440957815,0xdf92529f,1,5,48000,136103,-1,294833792,23264,,,184736
180,75191174,440957815,0xdf92529f,1,5,48000,229311,-1,36834912,54965,,,185264
181,75483797,440957815,0xdf92529f,1,5,48000,82766,-1,157618736,17130,,,185872
182,75724680,440957815,0xdf92529f,1,5,48000,329212,-1,196561568,74662,,,186352
183,76074025,440957815,0xdf92529f,1,5,48000,268420,-1,228532160,73964,,,187008
184,76960717,440957815,0xdf92529f,1,5,48000,142447,-1,159571904,28096,,,187632
185,77824081,440957815,0xdf92529f,1,5,48000,175168,-1,475067296,47272,,,188160
186,78256981,440957815,0xdf92529f,1,5,48000,254625,-1,242306416,78908,,,188688
187,78271106,440957815,0xdf92529f,1,5,48000,189150,-1,457616576,40585,,,189296
188,78325827,440957815,0xdf92529f,1,5,48000,117983,-1,456475008,23101,,,189840
189,78673539,440957815,0xdf92529f,1,5,48000,283838,-1,173622976,67275,,,190336
190,78845250,440957815,0xdf92529f,1,5,48000,510747,-1,404390592,102299,,,191008
191,79475136,440957815,0xdf92529f,1,5,48000,224526,-1,314852416,53034,,,191744
192,80693249,440957815,0xdf92529f,1,5,48000,304181,-1,255155408,95107,,,192384
193,82219048,440957815,0xdf92529f,1,5,48000,284396,-1,413478848,65657,,,193040
194,84651190,440957815,0xdf92529f,1,5,48000,261759,-1,81102864,68455,,,193648
195,86402809,440957815,0xdf92529f,1,5,48000,200161,-1,145059360,42834,,,194288
196,89969104,440957815,0xdf92529f,1,5,48000,351769,-1,252305936,92589,,,194848
197,90156807,440957815,0xdf92529f,1,5,48000,114100,-1,550496240,24141,,,195520
198,90266249,440957815,0xdf92529f,1,5,48000,97188,-1,547779136,16748,,,196016
199,90340968,440957815,0xdf92529f,1,5,48000,101864,-1,554170624,22395,,,196480
200,90697324,440957815,0xdf92529f,1,5,48000,65207,-1,451910704,11050,,,196960
201,91417931,440957815,0xdf92529f,1,5,48000,120618,-1,521488,35050,,,197408
202,91598219,440957815,0xdf92529f,1,5,48000,158449,-1,59884304,29363,,,197920
203,91720723,440957815,0xdf92529f,1,5,48000,398834,-1,283953888,99826,,,198464
204,91891822,440957815,0xdf92529f,1,5,48000,284487,-1,65168992,60957,,,199168
205,92556298,440957815,0xdf92529f,1,5,48000,216138,-1,347167024,57595,,,199808
206,93112456,440957815,0xdf92529f,1,5,48000,222589,-1,490870592,60662,,,200384
207,93404559,440957815,0xdf92529f,1,5,48000,116386,-1,96076624,22721,,,200992
208,93698162,440957815,0xdf92529f,1,5,48000,167905,-1,103265120,38413,,,201488
209,93823137,440957815,0xdf92529f,1,5,48000,287850,-1,208737344,70540,,,202048
210,96087096,440957815,0xdf92529f,1,5,48000,157008,-1,168479200,34781,,,202720
211,96186673,440957815,0xdf92529f,1,5,48000,173843,-1,562238512,29721,,,203232
212,96415687,440957815,0xdf92529f,1,5,48000,296014,-1,382086336,77087,,,203776
213,96634571,440957815,0xdf92529f,1,5,48000,473325,-1,354548224,117641,,,204432
214,96654569,440957815,0xdf92529f,1,5,48000,225613,-1,390355072,60204,,,205216
215,96990852,440957815,0xdf92529f,1,5,48000,340887,-1,286241776,83314,,,205792
216,97284455,440957815,0xdf92529f,1,5,48000,311265,-1,290032272,74557,,,206512
217,97675459,440957815,0xdf92529f,1,5,48000,98755,-1,178937184,21729,,,207184
218,97928424,440957815,0xdf92529f,1,5,48000,443704,-1,387675552,111755,,,207664
219,98147308,440957815,0xdf92529f,1,5,48000,294593,-1,364899984,89561,,,208384
220,98393126,440957815,0xdf92529f,1,5,48000,122448,-1,237636864,26813,,,209008
221,98402155,440957815,0xdf92529f,1,5,48000,270405,-1,426816816,60965,,,209488
222,98742471,440957815,0xdf92529f,1,5,48000,184937,-1,305429840,33920,,,210080
223,98893572,440957815,0xdf92529f,1,5,48000,268602,-1,24469216,61847,,,210656
224,98906634,440957815,0xdf92529f,1,5,48000,317528,-1,284985472,53592,,,211312
225,99023012,440957815,0xdf92529f,1,5,48000,177085,-1,92594752,31133,,,211952
226,99070797,440957815,0xdf92529f,1,5,48000,297784,-1,253501280,76495,,,212496
227,99077733,440957815,0xdf92529f,1,5,48000,143656,-1,70320224,26871,,,213168
228,99132454,440957815,0xdf92529f,1,5,48000,201405,-1,52594672,37985,,,213696
229,99241896,440957815,0xdf92529f,1,5,48000,313806,-1,10389904,81237,,,214304
230,99549582,440957815,0xdf92529f,1,5,48000,451083,-1,334228592,90348,,,214928
231,99775402,440957815,0xdf92529f,1,5,48000,455811,-1,191386800,77257,,,215728
232,100050099,440957815,0xdf92529f,1,5,48000,1811287,-1,467693296,569550,,,216480
233,100179468,440957815,0xdf92529f,1,5,48000,316046,-1,216490976,89605,,,218432
234,100363629,440957815,0xdf92529f,1,5,48000,234931,-1,236369728,69466,,,219088
235,100829352,440957815,0xdf92529f,1,5,48000,276735,-1,133040624,60262,,,219664
236,100884073,440957815,0xdf92529f,1,5,48000,102020,-1,107926224,24932,,,220320
237,101288139,440957815,0xdf92529f,1,5,48000,390167,-1,201685968,83377,,,220800
238,103471696,440957815,0xdf92529f,1,5,48000,123142,-1,167755616,28128,,,221520
239,105240241,440957815,0xdf92529f,1,5,48000,37858,-1,247515072,16340,,,222016
240,105530442,440957815,0xdf92529f,1,5,48000,242775,-1,445415472,85881,,,222480
241,105916878,440957815,0xdf92529f,1,5,48000,168329,-1,155678752,37893,,,223088
242,106680772,440957815,0xdf92529f,1,5,48000,281563,-1,343382592,70814,,,223600
243,107264594,440957815,0xdf92529f,1,5,48000,62657,-1,353371456,26650,,,224192
244,108592470,440957815,0xdf92529f,1,5,48000,391620,-1,99463376,91010,,,224672
245,108768213,440957815,0xdf92529f,1,5,48000,183949,-1,542968016,44179,,,225408
246,108889615,440957815,0xdf92529f,1,5,48000,402519,-1,518090160,124401,,,225984
247,110050486,440957815,0xdf92529f,1,5,48000,335381,-1,154188784,87136,,,226704
248,110159928,440957815,0xdf92529f,1,5,48000,214542,-1,105801664,51304,,,227440
249,110398810,440957815,0xdf92529f,1,5,48000,289176,-1,140725600,50922,,,228016
250,110416194,440957815,0xdf92529f,1,5,48000,474502,-1,424966544,96357,,,228656
251,112021230,440957815,0xdf92529f,1,5,48000,72624,-1,1354656,25465,,,229392
252,113514225,440957815,0xdf92529f,1,5,48000,271731,-1,310005424,71366,,,229888
253,113691500,440957815,0xdf92529f,1,5,48000,343579,-1,300498240,89891,,,230480
254,114262250,440957815,0xdf92529f,1,5,48000,127505,-1,547713712,25060,,,231136
255,114446411,440957815,0xdf92529f,1,5,48000,90650,-1,551984928,15737,,,231648
256,115484778,440957815,0xdf92529f,1,5,48000,158607,-1,96778496,24572,,,232112
257,115607282,440957815,0xdf92529f,1,5,48000,322570,-1,294030976,69823,,,232688
258,115774987,440957815,0xdf92529f,1,5,48000,108570,-1,550095920,22034,,,233312
259,117216399,440957815,0xdf92529f,1,5,48000,123386,-1,42570880,24852,,,233792
260,117345839,440957815,0xdf92529f,1,5,48000,258307,-1,111772976,67805,,,234304
261,117510002,440957815,0xdf92529f,1,5,48000,282406,-1,51647136,64259,,,234880
262,117629132,440957815,0xdf92529f,1,5,48000,214920,-1,422929056,48229,,,235568
263,117639442,440957815,0xdf92529f,1,5,48000,238307,-1,120052176,61127,,,236144
264,117991308,440957815,0xdf92529f,1,5,48000,270496,-1,519766608,76161,,,236720
265,118046029,440957815,0xdf92529f,1,5,48000,402346,-1,515812256,114973,,,237328
266,118107686,440957815,0xdf92529f,1,5,48000,303736,-1,480300496,73359,,,238048
267,118515118,440957815,0xdf92529f,1,5,48000,59374,-1,312918864,21862,,,238720
268,118634256,440957815,0xdf92529f,1,5,48000,466785,-1,534351584,118910,,,239200
269,119348658,440957815,0xdf92529f,1,5,48000,114535,-1,558357424,24823,,,240000
270,120999915,440957815,0xdf92529f,1,5,48000,167359,-1,414145424,40837,,,240480
271,121096295,440957815,0xdf92529f,1,5,48000,277720,-1,269672064,50943,,,241008
272,121575080,440957815,0xdf92529f,1,5,48000,312985,-1,338162768,73991,,,241632
273,122553290,440957815,0xdf92529f,1,5,48000,199992,-1,219336288,49056,,,242320
274,122847914,440957815,0xdf92529f,1,5,48000,356677,-1,290782560,91370,,,242896
275,122933201,440957815,0xdf92529f,1,5,48000,77048,-1,306855200,13126,,,243600
276,123069319,440957815,0xdf92529f,1,5,48000,448754,-1,543921376,142350,,,244064
277,123128455,440957815,0xdf92529f,1,5,48000,114589,-1,49287952,19706,,,244864
278,123545583,440957815,0xdf92529f,1,5,48000,263408,-1,333035968,59263,,,245408
279,123683864,440957815,0xdf92529f,1,5,48000,150292,-1,566662960,34408,,,246064
280,123715809,440957815,0xdf92529f,1,5,48000,338145,-1,560875808,122025,,,246576
281,123881866,440957815,0xdf92529f,1,5,48000,436760,-1,211839104,126629,,,247264
282,124586471,440957815,0xdf92529f,1,5,48000,394284,-1,97356240,92519,,,248016
283,124708975,440957815,0xdf92529f,1,5,48000,350003,-1,295111792,89996,,,248752
284,124750634,440957815,0xdf92529f,1,5,48000,168855,-1,36963136,37643,,,249440
285,124770632,440957815,0xdf92529f,1,5,48000,170919,-1,152148864,37242,,,249984
286,124989516,440957815,0xdf92529f,1,5,48000,113972,-1,62645264,20173,,,250496
287,125044237,440957815,0xdf92529f,1,5,48000,267244,-1,45068384,51015,,,250992
288,126392811,440957815,0xdf92529f,1,5,48000,113312,-1,137410144,24544,,,251664
289,126520177,440957815,0xdf92529f,1,5,48000,362542,-1,164087072,82095,,,252144
290,127383541,440957815,0xdf92529f,1,5,48000,177490,-1,475227696,40631,,,252880
291,127997097,440957815,0xdf92529f,1,5,48000,155857,-1,167522928,37721,,,253440
292,128056386,440957815,0xdf92529f,1,5,48000,385388,-1,407007360,87443,,,253936
293,128135931,440957815,0xdf92529f,1,5,48000,192148,-1,491999424,31346,,,254624
294,128404710,440957815,0xdf92529f,1,5,48000,297932,-1,404687920,67328,,,255168
295,129770368,440957815,0xdf92529f,1,5,48000,83413,-1,204445872,13982,,,255776
296,129917447,440957815,0xdf92529f,1,5,48000,557598,-1,410460784,112013,,,256240
297,130061993,440957815,0xdf92529f,1,5,48000,34856,-1,313636944,12014,,,257040
298,130101608,440957815,0xdf92529f,1,5,48000,384594,-1,415080928,67360,,,257504
299,130676773,440957815,0xdf92529f,1,5,48000,328187,-1,339100032,70097,,,258144
300,131361380,440957815,0xdf92529f,1,5,48000,394681,-1,216717328,94323,,,258784
301,131789995,440957815,0xdf92529f,1,5,48000,90693,-1,353160352,33953,,,259504
302,131936545,440957815,0xdf92529f,1,5,48000,263955,-1,40707440,64097,,,260000
303,131991266,440957815,0xdf92529f,1,5,48000,291116,-1,21906672,71000,,,260672
304,132479029,440957815,0xdf92529f,1,5,48000,333059,-1,141277248,74024,,,261312
305,133841047,440957815,0xdf92529f,1,5,48000,131968,-1,555115024,28100,,,262000
306,134046487,440957815,0xdf92529f,1,5,48000,421194,-1,149400672,97303,,,262512
307,134453074,440957815,0xdf92529f,1,5,48000,303825,-1,524045728,99455,,,263232
308,136208078,440957815,0xdf92529f,1,5,48000,119744,-1,347687280,22775,,,263840
309,136485234,440957815,0xdf92529f,1,5,48000,325523,-1,477169744,95124,,,264336
310,138426829,440957815,0xdf92529f,1,5,48000,510083,-1,182415696,125843,,,265008
311,139774382,440957815,0xdf92529f,1,5,48000,181422,-1,100251024,44235,,,265872
312,140051529,440957815,0xdf92529f,1,5,48000,419343,-1,507193968,131638,,,266384
313,140081807,440957815,0xdf92529f,1,5,48000,306955,-1,208107776,80364,,,267072
314,140091405,440957815,0xdf92529f,1,5,48000,204869,-1,241577232,49140,,,267728
315,140119312,440957815,0xdf92529f,1,5,48000,69435,-1,548216992,10161,,,268288
316,140714475,440957815,0xdf92529f,1,5,48000,236754,-1,535386208,55890,,,268736
317,140821396,440957815,0xdf92529f,1,5,48000,109580,-1,234869280,25426,,,269312
318,141104458,440957815,0xdf92529f,1,5,48000,382315,-1,486772128,103892,,,269840
319,141157679,440957815,0xdf92529f,1,5,48000,176043,-1,59980656,42826,,,270528
320,141160200,440957815,0xdf92529f,1,5,48000,69725,-1,494954208,11377,,,271072
321,141225647,440957815,0xdf92529f,1,5,48000,117691,-1,554614800,26123,,,271536
322,141267121,440957815,0xdf92529f,1,5,48000,239516,-1,19381328,53487,,,272016
323,141287119,440957815,0xdf92529f,1,5,48000,363748,-1,131066928,81257,,,272624
324,141451282,440957815,0xdf92529f,1,5,48000,263399,-1,65401728,52154,,,273360
325,141635443,440957815,0xdf92529f,1,5,48000,168848,-1,115746688,37602,,,273968
326,143336870,440957815,0xdf92529f,1,5,48000,105556,-1,354172480,35307,,,274496
327,143452629,440957815,0xdf92529f,1,5,48000,135343,-1,557666768,41479,,,275024
328,144343341,440957815,0xdf92529f,1,5,48000,150072,-1,566962752,34253,,,275504
329,144757034,440957815,0xdf92529f,1,5,48000,343549,-1,412940624,60913,,,276016
330,145496362,440957815,0xdf92529f,1,5,48000,327809,-1,316609392,73752,,,276672
331,145988209,440957815,0xdf92529f,1,5,48000,303628,-1,443719216,80328,,,277328
332,146029868,440957815,0xdf92529f,1,5,48000,341508,-1,374533776,105000,,,277984
333,146214029,440957815,0xdf92529f,1,5,48000,418120,-1,390758576,65824,,,278672
334,146550312,440957815,0xdf92529f,1,5,48000,167924,-1,286459440,22871,,,279392
335,146605033,440957815,0xdf92529f,1,5,48000,169984,-1,279832352,37525,,,279968
336,146672816,440957815,0xdf92529f,1,5,48000,469959,-1,411068624,87285,,,280528
337,146789194,440957815,0xdf92529f,1,5,48000,320993,-1,296501744,84051,,,281280
338,146885574,440957815,0xdf92529f,1,5,48000,274458,-1,16502896,57944,,,281936
339,147138539,440957815,0xdf92529f,1,5,48000,362127,-1,342552240,59542,,,282592
340,147364359,440957815,0xdf92529f,1,5,48000,144121,-1,197735296,27235,,,283280
341,147877867,440957815,0xdf92529f,1,5,48000,275153,-1,211555648,61543,,,283792
342,147952586,440957815,0xdf92529f,1,5,48000,404256,-1,237776224,102945,,,284416
343,148301931,440957815,0xdf92529f,1,5,48000,144322,-1,305463792,24472,,,285120
344,148473030,440957815,0xdf92529f,1,5,48000,338835,-1,137688320,85147,,,285664
345,148582472,440957815,0xdf92529f,1,5,48000,236266,-1,92732240,51122,,,286352
346,148759697,440957815,0xdf92529f,1,5,48000,416311,-1,289392256,89860,,,286960
347,148766633,440957815,0xdf92529f,1,5,48000,201887,-1,147647360,52223,,,287712
348,148801356,440957815,0xdf92529f,1,5,48000,173733,-1,10552496,41419,,,288288
349,148821354,440957815,0xdf92529f,1,5,48000,285595,-1,121572864,63737,,,288848
350,148876075,440957815,0xdf92529f,1,5,48000,241441,-1,100807936,49250,,,289504
351,149095980,440957815,0xdf92529f,1,5,48000,271707,-1,185252768,58207,,,290112
352,149334862,440957815,0xdf92529f,1,5,48000,172853,-1,191677168,30708,,,290736
353,150030388,440957815,0xdf92529f,1,5,48000,99393,-1,435874688,17801,,,291280
354,150443533,440957815,0xdf92529f,1,5,48000,290375,-1,107951200,67875,,,291760
355,150498254,440957815,0xdf92529f,1,5,48000,286732,-1,85698752,72466,,,292416
356,151662404,440957815,0xdf92529f,1,5,48000,331843,-1,459922608,93384,,,293024
357,153106337,440957815,0xdf92529f,1,5,48000,434345,-1,382883680,102626,,,293696
358,153325221,440957815,0xdf92529f,1,5,48000,323178,-1,363529248,87007,,,294464
359,154248710,440957815,0xdf92529f,1,5,48000,341485,-1,249604544,94943,,,295120
360,154488613,440957815,0xdf92529f,1,5,48000,389313,-1,326384192,91991,,,295792
361,154714433,440957815,0xdf92529f,1,5,48000,366355,-1,184301152,88618,,,296512
362,155231405,440957815,0xdf92529f,1,5,48000,293418,-1,246750608,86252,,,297200
363,155597284,440957815,0xdf92529f,1,5,48000,286196,-1,291487424,45375,,,297856
364,155652005,440957815,0xdf92529f,1,5,48000,275498,-1,287328896,41307,,,298480
365,155665067,440957815,0xdf92529f,1,5,48000,347909,-1,419889488,85679,,,299104
366,155823104,440957815,0xdf92529f,1,5,48000,372544,-1,76079280,85489,,,299776
367,156655797,440957815,0xdf92529f,1,5,48000,122791,-1,554411024,28203,,,300512
368,156953258,440957815,0xdf92529f,1,5,48000,186179,-1,158915472,45169,,,301024
369,158449075,440957815,0xdf92529f,1,5,48000,293610,-1,518423504,71443,,,301600
370,158565453,440957815,0xdf92529f,1,5,48000,276993,-1,478194480,73895,,,302288
371,159092023,440957815,0xdf92529f,1,5,48000,252827,-1,532542848,54854,,,302912
372,159383163,440957815,0xdf92529f,1,5,48000,259179,-1,452305008,79129,,,303552
373,159542790,440957815,0xdf92529f,1,5,48000,209732,-1,564834080,54147,,,304160
374,162901615,440957815,0xdf92529f,1,5,48000,82752,-1,235436544,13202,,,304768
375,163140487,440957815,0xdf92529f,1,5,48000,89672,-1,481305104,16657,,,305248
376,163305265,440957815,0xdf92529f,1,5,48000,94222,-1,452018944,18353,,,305728
377,163695664,440957815,0xdf92529f,1,5,48000,379829,-1,5073440,82402,,,306208
378,163766989,440957815,0xdf92529f,1,5,48000,74704,-1,549453456,12064,,,306912
379,163951150,440957815,0xdf92529f,1,5,48000,81048,-1,553633248,14059,,,307376
380,164025872,440957815,0xdf92529f,1,5,48000,43120,-1,655584,17334,,,307840
381,164989517,440957815,0xdf92529f,1,5,48000,64055,-1,115387792,11124,,,308304
382,165098959,440957815,0xdf92529f,1,5,48000,275691,-1,73860688,60398,,,308752
383,165164239,440957815,0xdf92529f,1,5,48000,260898,-1,347407152,63653,,,309392
384,165166742,440957815,0xdf92529f,1,5,48000,284352,-1,294114336,62486,,,310048
385,165208401,440957815,0xdf92529f,1,5,48000,240094,-1,36304544,38113,,,310704
386,165337841,440957815,0xdf92529f,1,5,48000,273952,-1,103802080,62765,,,311328
387,165502004,440957815,0xdf92529f,1,5,48000,252135,-1,43943456,55933,,,311936
388,167667146,440957815,0xdf92529f,1,5,48000,248123,-1,480769184,67987,,,312576
389,167823496,440957815,0xdf92529f,1,5,48000,26849,-1,248767984,11246,,,313184
390,167921386,440957815,0xdf92529f,1,5,48000,306119,-1,176912208,71823,,,313632
391,168068428,440957815,0xdf92529f,1,5,48000,397168,-1,444887840,133637,,,314320
392,170559375,440957815,0xdf92529f,1,5,48000,204453,-1,414491600,30906,,,315024
393,171410472,440957815,0xdf92529f,1,5,48000,54408,-1,166016,18683,,,315568
394,171524523,440957815,0xdf92529f,1,5,48000,377248,-1,179581696,90466,,,316032
395,172352653,440957815,0xdf92529f,1,5,48000,349674,-1,301754512,73859,,,316720
396,172449033,440957815,0xdf92529f,1,5,48000,73413,-1,20893312,12279,,,317376
397,172516816,440957815,0xdf92529f,1,5,48000,316602,-1,277277936,72373,,,317840
398,172578473,440957815,0xdf92529f,1,5,48000,283394,-1,86964912,63985,,,318528
399,172628779,440957815,0xdf92529f,1,5,48000,580465,-1,544516848,157457,,,319168
400,172635715,440957815,0xdf92529f,1,5,48000,406576,-1,496718368,86335,,,320096
401,172704519,440957815,0xdf92529f,1,5,48000,91745,-1,553782656,18678,,,320816
402,172742636,440957815,0xdf92529f,1,5,48000,218132,-1,30518576,52468,,,321296
403,172762634,440957815,0xdf92529f,1,5,48000,338886,-1,143939440,79182,,,321872
404,173330863,440957815,0xdf92529f,1,5,48000,260244,-1,189454992,67796,,,322576
405,174255373,440957815,0xdf92529f,1,5,48000,509618,-1,56844768,115908,,,323184
406,174384813,440957815,0xdf92529f,1,5,48000,100344,-1,127244608,16393,,,324080
407,175027761,440957815,0xdf92529f,1,5,48000,209283,-1,203102368,46686,,,324576
408,175124899,440957815,0xdf92529f,1,5,48000,281399,-1,439288272,81713,,,325136
409,176079637,440957815,0xdf92529f,1,5,48000,134710,-1,167900432,27410,,,325776
410,177225863,440957815,0xdf92529f,1,5,48000,264467,-1,466457232,56912,,,326272
411,177390026,440957815,0xdf92529f,1,5,48000,384611,-1,458438976,104061,,,326896
412,177615846,440957815,0xdf92529f,1,5,48000,279399,-1,407213232,61055,,,327552
413,177745286,440957815,0xdf92529f,1,5,48000,200421,-1,421131088,37601,,,328160
414,177848182,440957815,0xdf92529f,1,5,48000,37596,-1,247603152,13344,,,328736
415,177852908,440957815,0xdf92529f,1,5,48000,101278,-1,204669408,18819,,,329200
416,178524819,440957815,0xdf92529f,1,5,48000,142101,-1,155857072,33530,,,329680
417,178539335,440957815,0xdf92529f,1,5,48000,216889,-1,321305472,37632,,,330192
418,179819105,440957815,0xdf92529f,1,5,48000,126793,-1,72276224,22626,,,330784
419,179928547,440957815,0xdf92529f,1,5,48000,96587,-1,34858672,16999,,,331312
420,179983268,440957815,0xdf92529f,1,5,48000,165195,-1,11882112,21558,,,331792
421,180001739,440957815,0xdf92529f,1,5,48000,105059,-1,157141024,18017,,,332320
422,180236233,440957815,0xdf92529f,1,5,48000,322241,-1,339232944,64774,,,332800
423,181135981,440957815,0xdf92529f,1,5,48000,177915,-1,542079264,43152,,,333472
424,181172242,440957815,0xdf92529f,1,5,48000,220934,-1,533942320,55520,,,334016
425,181966291,440957815,0xdf92529f,1,5,48000,323974,-1,494348544,72985,,,334592
426,182038489,440957815,0xdf92529f,1,5,48000,110176,-1,141414480,24558,,,335248
427,183242446,440957815,0xdf92529f,1,5,48000,293242,-1,350424192,62639,,,335712
428,184685349,440957815,0xdf92529f,1,5,48000,44531,-1,177685248,15959,,,336368
429,184856478,440957815,0xdf92529f,1,5,48000,97635,-1,403573808,19773,,,336832
430,186074591,440957815,0xdf92529f,1,5,48000,226694,-1,368946304,60150,,,337312
431,187598827,440957815,0xdf92529f,1,5,48000,142652,-1,553748368,34244,,,337888
432,187653548,440957815,0xdf92529f,1,5,48000,164257,-1,552944512,38792,,,338400
433,188985518,440957815,0xdf92529f,1,5,48000,278358,-1,112057200,69091,,,338944
434,189259123,440957815,0xdf92529f,1,5,48000,322249,-1,9861376,70541,,,339584
435,189630987,440957815,0xdf92529f,1,5,48000,347853,-1,520219136,81564,,,340272
436,189737908,440957815,0xdf92529f,1,5,48000,417161,-1,195089840,105430,,,341008
437,190273935,440957815,0xdf92529f,1,5,48000,408631,-1,535772528,98696,,,341760
438,190358553,440957815,0xdf92529f,1,5,48000,420229,-1,454254656,110556,,,342512
439,190663918,440957815,0xdf92529f,1,5,48000,414438,-1,487077296,118239,,,343264
440,190719660,440957815,0xdf92529f,1,5,48000,232457,-1,494965632,51973,,,343968
441,190901300,440957815,0xdf92529f,1,5,48000,271774,-1,107175440,61701,,,344544
442,190956021,440957815,0xdf92529f,1,5,48000,229355,-1,84420640,53598,,,345200
443,191123059,440957815,0xdf92529f,1,5,48000,52586,-1,313021296,19284,,,345792
444,191956599,440957815,0xdf92529f,1,5,48000,119408,-1,558509360,28423,,,346256
445,192013771,440957815,0xdf92529f,1,5,48000,20466,-1,1027968,10188,,,346736
446,193728649,440957815,0xdf92529f,1,5,48000,242239,-1,206655216,60501,,,347184
447,194316494,440957815,0xdf92529f,1,5,48000,228101,-1,413114336,51838,,,347792
448,194651756,440957815,0xdf92529f,1,5,48000,400246,-1,268183392,109399,,,348384
449,194710019,440957815,0xdf92529f,1,5,48000,91678,-1,547317360,17862,,,349136
450,195055822,440957815,0xdf92529f,1,5,48000,181422,-1,316683184,35420,,,349616
451,195589328,440957815,0xdf92529f,1,5,48000,547983,-1,375055344,152549,,,350208
452,196000330,440957815,0xdf92529f,1,5,48000,303583,-1,303938640,69775,,,351056
453,196122834,440957815,0xdf92529f,1,5,48000,318509,-1,418806400,75224,,,351712
454,196280871,440957815,0xdf92529f,1,5,48000,354063,-1,75289216,77610,,,352336
455,196335592,440957815,0xdf92529f,1,5,48000,463845,-1,57485088,101675,,,353056
456,196348654,440957815,0xdf92529f,1,5,48000,97271,-1,296879072,19274,,,353824
457,196445034,440957815,0xdf92529f,1,5,48000,401621,-1,16803840,85562,,,354320
458,196512817,440957815,0xdf92529f,1,5,48000,302489,-1,276745008,77711,,,355104
459,196629195,440957815,0xdf92529f,1,5,48000,121916,-1,63241504,21572,,,355744
460,196683916,440957815,0xdf92529f,1,5,48000,310428,-1,45633616,70664,,,356240
461,196738637,440957815,0xdf92529f,1,5,48000,394889,-1,25888208,94233,,,356912
462,197107980,440957815,0xdf92529f,1,5,48000,470898,-1,203732288,124553,,,357712
463,197861391,440957815,0xdf92529f,1,5,48000,232266,-1,305608416,56839,,,358448
464,198251374,440957815,0xdf92529f,1,5,48000,185005,-1,52766128,43303,,,359040
465,198392044,440957815,0xdf92529f,1,5,48000,323067,-1,399496000,67182,,,359600
466,198490256,440957815,0xdf92529f,1,5,48000,295288,-1,80312272,75788,,,360272
467,200605038,440957815,0xdf92529f,1,5,48000,139590,-1,167692464,30992,,,360880
468,201611847,440957815,0xdf92529f,1,5,48000,381215,-1,406443552,80849,,,361376
469,202187012,440957815,0xdf92529f,1,5,48000,465286,-1,322929936,103995,,,362064
470,202316452,440957815,0xdf92529f,1,5,48000,406336,-1,339881824,94888,,,362928
471,202378309,440957815,0xdf92529f,1,5,48000,119068,-1,204530752,22449,,,363680
472,203349383,440957815,0xdf92529f,1,5,48000,369889,-1,213250704,77757,,,364176
473,203576224,440957815,0xdf92529f,1,5,48000,197008,-1,41864752,36078,,,364896
474,203589286,440957815,0xdf92529f,1,5,48000,319124,-1,291033312,63103,,,365488
475,203869827,440957815,0xdf92529f,1,5,48000,453287,-1,50322432,93913,,,366144
476,203938631,440957815,0xdf92529f,1,5,48000,342072,-1,336836960,80311,,,366912
477,203979269,440957815,0xdf92529f,1,5,48000,146223,-1,7674128,35200,,,367616
478,204397936,440957815,0xdf92529f,1,5,48000,76254,-1,353319088,28807,,,368144
479,204950095,440957815,0xdf92529f,1,5,48000,69160,-1,396766816,10897,,,368608
480,205288648,440957815,0xdf92529f,1,5,48000,78657,-1,178530928,27635,,,369072
481,205437285,440957815,0xdf92529f,1,5,48000,198928,-1,58827168,40339,,,369584
482,205450347,440957815,0xdf92529f,1,5,48000,274615,-1,298062096,62260,,,370192
483,205492006,440957815,0xdf92529f,1,5,48000,221073,-1,38604336,53249,,,370848
484,206025512,440957815,0xdf92529f,1,5,48000,135301,-1,198846144,27808,,,371424
485,206428015,440957815,0xdf92529f,1,5,48000,236891,-1,468262880,70570,,,371936
486,206512718,440957815,0xdf92529f,1,5,48000,302186,-1,163162768,63724,,,372544
487,208124913,440957815,0xdf92529f,1,5,48000,266494,-1,478528672,58328,,,373200
488,209102250,440957815,0xdf92529f,1,5,48000,472324,-1,565147536,121007,,,373872
489,209427644,440957815,0xdf92529f,1,5,48000,218919,-1,319942400,47457,,,374656
490,209810028,440957815,0xdf92529f,1,5,48000,297322,-1,246169104,90649,,,375264
491,209961150,440957815,0xdf92529f,1,5,48000,187554,-1,377535024,38187,,,375904
492,210323557,440957815,0xdf92529f,1,5,48000,333583,-1,461620640,79510,,,376496
493,212461075,440957815,0xdf92529f,1,5,48000,386951,-1,235824192,86373,,,377136
494,212561539,440957815,0xdf92529f,1,5,48000,129006,-1,264716992,19208,,,377824
495,212926798,440957815,0xdf92529f,1,5,48000,358448,-1,132714272,89558,,,378336
496,213036240,440957815,0xdf92529f,1,5,48000,277161,-1,84911312,62509,,,379008
497,213090961,440957815,0xdf92529f,1,5,48000,120903,-1,65911920,19981,,,379680
498,213255124,440957815,0xdf92529f,1,5,48000,332474,-1,5284704,81487,,,380208
499,213286155,440957815,0xdf92529f,1,5,48000,104558,-1,542493472,19727,,,380864
500,213833588,440957815,0xdf92529f,1,5,48000,69873,-1,554733664,11574,,,381360
501,214787859,440957815,0xdf92529f,1,5,48000,215545,-1,151246160,52778,,,381808
502,214897301,440957815,0xdf92529f,1,5,48000,292963,-1,103964320,62896,,,382384
503,214952022,440957815,0xdf92529f,1,5,48000,130899,-1,82277936,30054,,,383024
504,216482000,440957815,0xdf92529f,1,5,48000,158477,-1,558291120,34378,,,383536
505,216951282,440957815,0xdf92529f,1,5,48000,208817,-1,567122080,48857,,,384064
506,218203053,440957815,0xdf92529f,1,5,48000,315712,-1,419569008,64802,,,384624
507,220269936,440957815,0xdf92529f,1,5,48000,162890,-1,254325936,25937,,,385264
508,220441035,440957815,0xdf92529f,1,5,48000,198563,-1,10992048,47983,,,385840
509,220570475,440957815,0xdf92529f,1,5,48000,202797,-1,80497024,41156,,,386400
510,220915405,440957815,0xdf92529f,1,5,48000,82797,-1,547335264,13617,,,386976
511,221326407,440957815,0xdf92529f,1,5,48000,112095,-1,529489168,24905,,,387456
512,221455847,440957815,0xdf92529f,1,5,48000,472991,-1,539559776,95811,,,387936
513,221901572,440957815,0xdf92529f,1,5,48000,443829,-1,495193088,99886,,,388752
514,222137933,440957815,0xdf92529f,1,5,48000,187106,-1,87341312,45334,,,389504
515,222302096,440957815,0xdf92529f,1,5,48000,223876,-1,30765248,49905,,,390064
516,222376815,440957815,0xdf92529f,1,5,48000,240348,-1,116942304,51924,,,390672
517,223329411,440957815,0xdf92529f,1,5,48000,25518,-1,353762656,9472,,,391280
518,223944273,440957815,0xdf92529f,1,5,48000,128889,-1,127396880,24112,,,391728
519,224959626,440957815,0xdf92529f,1,5,48000,333922,-1,312258640,75267,,,392256
520,225974824,440957815,0xdf92529f,1,5,48000,93392,-1,492326928,16343,,,392928
521,226128292,440957815,0xdf92529f,1,5,48000,178468,-1,326782960,40183,,,393408
522,226421895,440957815,0xdf92529f,1,5,48000,157608,-1,328758912,31887,,,393920
523,226703457,440957815,0xdf92529f,1,5,48000,170456,-1,212561056,41128,,,394432
524,226955401,440957815,0xdf92529f,1,5,48000,267621,-1,393807120,56843,,,394992
525,227291684,440957815,0xdf92529f,1,5,48000,275703,-1,288551232,61301,,,395600
526,227304746,440957815,0xdf92529f,1,5,48000,223048,-1,421415904,45768,,,396192
527,227626946,440957815,0xdf92529f,1,5,48000,257792,-1,18531136,61025,,,396784
528,227750471,440957815,0xdf92529f,1,5,48000,283821,-1,324062048,65258,,,397424
529,227807713,440957815,0xdf92529f,1,5,48000,111190,-1,546824336,21375,,,398128
530,227879911,440957815,0xdf92529f,1,5,48000,372635,-1,344252928,87598,,,398608
531,227920549,440957815,0xdf92529f,1,5,48000,156287,-1,27620672,35346,,,399344
532,227975270,440957815,0xdf92529f,1,5,48000,412123,-1,2115936,104784,,,399888
533,228044074,440957815,0xdf92529f,1,5,48000,266437,-1,325361088,56793,,,400624
534,228101316,440957815,0xdf92529f,1,5,48000,189502,-1,547548096,45827,,,401248
535,228269894,440957815,0xdf92529f,1,5,48000,216663,-1,183245600,40747,,,401792
536,228338698,440957815,0xdf92529f,1,5,48000,539729,-1,377052016,138489,,,402384
537,228592937,440957815,0xdf92529f,1,5,48000,153044,-1,169357136,29080,,,403232
538,228803400,440957815,0xdf92529f,1,5,48000,99314,-1,226682752,18592,,,403760
539,229098024,440957815,0xdf92529f,1,5,48000,313592,-1,303109152,62544,,,404224
540,229323844,440957815,0xdf92529f,1,5,48000,364314,-1,95224752,74556,,,404880
541,229378565,440957815,0xdf92529f,1,5,48000,210148,-1,72372688,48957,,,405600
542,229488007,440957815,0xdf92529f,1,5,48000,111382,-1,35095168,22812,,,406176
543,229555790,440957815,0xdf92529f,1,5,48000,76891,-1,281954896,12624,,,406672
544,229561199,440957815,0xdf92529f,1,5,48000,152895,-1,159190000,36037,,,407136
545,230185676,440957815,0xdf92529f,1,5,48000,162527,-1,180162048,33624,,,407648
546,232047282,440957815,0xdf92529f,1,5,48000,105818,-1,467333152,20845,,,408192
547,232403776,440957815,0xdf92529f,1,5,48000,234474,-1,462276480,50302,,,408688
548,233423645,440957815,0xdf92529f,1,5,48000,369084,-1,317496304,82179,,,409328
549,235748428,440957815,0xdf92529f,1,5,48000,69467,-1,481388320,10805,,,410064
550,236377610,440957815,0xdf92529f,1,5,48000,273930,-1,175417152,69795,,,410512
551,236393377,440957815,0xdf92529f,1,5,48000,302072,-1,288733408,74088,,,411136
552,236557540,440957815,0xdf92529f,1,5,48000,453902,-1,260039504,105079,,,411776
553,236720047,440957815,0xdf92529f,1,5,48000,108010,-1,567383872,23909,,,412608
554,237032241,440957815,0xdf92529f,1,5,48000,368609,-1,82539664,96007,,,413088
555,238783860,440957815,0xdf92529f,1,5,48000,292944,-1,146676720,77325,,,413792
556,238893302,440957815,0xdf92529f,1,5,48000,105817,-1,100391728,13502,,,414448
557,238948023,440957815,0xdf92529f,1,5,48000,112121,-1,79593200,20612,,,414944
558,239190447,440957815,0xdf92529f,1,5,48000,245448,-1,520482304,72544,,,415440
559,239833395,440957815,0xdf92529f,1,5,48000,420997,-1,536048336,109862,,,416016
560,241222607,440957815,0xdf92529f,1,5,48000,314541,-1,472165728,81835,,,416736
561,243297806,440957815,0xdf92529f,1,5,48000,103944,-1,451774848,19490,,,417392
562,244018413,440957815,0xdf92529f,1,5,48000,61408,-1,288480,20473,,,417872
563,244033991,440957815,0xdf92529f,1,5,48000,339276,-1,40485584,78026,,,418352
564,244156495,440957815,0xdf92529f,1,5,48000,89692,-1,277892080,16466,,,418992
565,244211216,440957815,0xdf92529f,1,5,48000,340875,-1,268625344,89105,,,419456
566,244327594,440957815,0xdf92529f,1,5,48000,243806,-1,49564288,52709,,,420144
567,244382315,440957815,0xdf92529f,1,5,48000,352456,-1,31450688,86771,,,420752
568,245558769,440957815,0xdf92529f,1,5,48000,190970,-1,231076704,45459,,,421456
569,245908114,440957815,0xdf92529f,1,5,48000,109197,-1,297094080,17217,,,422016
570,246004494,440957815,0xdf92529f,1,5,48000,364869,-1,17006608,92724,,,422512
571,246300618,440957815,0xdf92529f,1,5,48000,350002,-1,493708416,73592,,,423248
572,246314701,440957815,0xdf92529f,1,5,48000,101091,-1,553069664,21773,,,423920
573,246318095,440957815,0xdf92529f,1,5,48000,315021,-1,139575888,83124,,,424400
574,247353695,440957815,0xdf92529f,1,5,48000,337365,-1,566021408,90632,,,425072
575,247591950,440957815,0xdf92529f,1,5,48000,291163,-1,138021456,68584,,,425728
576,247646671,440957815,0xdf92529f,1,5,48000,188022,-1,112815104,45435,,,426400
577,247701392,440957815,0xdf92529f,1,5,48000,259955,-1,93256048,61070,,,426976
578,247994995,440957815,0xdf92529f,1,5,48000,261804,-1,100967904,67252,,,427584
579,248292140,440957815,0xdf92529f,1,5,48000,309321,-1,521426656,62554,,,428160
580,248391649,440957815,0xdf92529f,1,5,48000,214279,-1,173343120,50252,,,428864
581,250255211,440957815,0xdf92529f,1,5,48000,239013,-1,175600336,63629,,,429456
582,250460849,440957815,0xdf92529f,1,5,48000,112126,-1,204760480,19369,,,430048
583,250781324,440957815,0xdf92529f,1,5,48000,418082,-1,460470352,108047,,,430544
584,251300747,440957815,0xdf92529f,1,5,48000,393709,-1,415883712,90818,,,431312
585,251397127,440957815,0xdf92529f,1,5,48000,193045,-1,270488608,39927,,,432016
586,251639551,440957815,0xdf92529f,1,5,48000,79982,-1,550864080,13801,,,432592
587,251746472,440957815,0xdf92529f,1,5,48000,124402,-1,323082896,24134,,,433072
588,251875912,440957815,0xdf92529f,1,5,48000,117162,-1,339976752,26309,,,433552
589,251985354,440957815,0xdf92529f,1,5,48000,227389,-1,329128000,41477,,,434032
590,252265895,440957815,0xdf92529f,1,5,48000,381567,-1,181031456,86169,,,434608
591,252908843,440957815,0xdf92529f,1,5,48000,210845,-1,213544032,36524,,,435344
592,252970667,440957815,0xdf92529f,1,5,48000,241017,-1,398837744,71854,,,435904
593,253190405,440957815,0xdf92529f,1,5,48000,357170,-1,23046256,83036,,,436512
594,253265124,440957815,0xdf92529f,1,5,48000,361661,-1,110045888,77485,,,437232
595,253429287,440957815,0xdf92529f,1,5,48000,337182,-1,50754048,79077,,,437968
596,253498091,440957815,0xdf92529f,1,5,48000,328560,-1,337158512,79853,,,438608
597,253538729,440957815,0xdf92529f,1,5,48000,263884,-1,7804608,66263,,,439296
598,253743922,440957815,0xdf92529f,1,5,48000,152893,-1,542317552,36452,,,439920
599,253890595,440957815,0xdf92529f,1,5,48000,230878,-1,506031376,64759,,,440432
600,256685144,440957815,0xdf92529f,1,5,48000,375921,-1,490043568,110642,,,441056
601,257293290,440957815,0xdf92529f,1,5,48000,88236,-1,177801952,26752,,,441776
602,257714270,440957815,0xdf92529f,1,5,48000,250965,-1,369178576,71840,,,442272
603,257953152,440957815,0xdf92529f,1,5,48000,376406,-1,376602528,104296,,,442896
604,258431937,440957815,0xdf92529f,1,5,48000,210761,-1,422435408,50326,,,443680
605,258517360,440957815,0xdf92529f,1,5,48000,141056,-1,155368240,33416,,,444240
606,259225986,440957815,0xdf92529f,1,5,48000,161163,-1,325565664,36986,,,444768
607,259335428,440957815,0xdf92529f,1,5,48000,175821,-1,315814944,41370,,,445328
608,259978376,440957815,0xdf92529f,1,5,48000,314093,-1,357093744,81957,,,445872
609,260553541,440957815,0xdf92529f,1,5,48000,402545,-1,258434512,86693,,,446592
610,261028242,440957815,0xdf92529f,1,5,48000,268822,-1,80161200,67807,,,447296
611,261913614,440957815,0xdf92529f,1,5,48000,390256,-1,537496272,85446,,,447936
612,262303597,440957815,0xdf92529f,1,5,48000,351151,-1,487908640,110600,,,448672
613,262779861,440957815,0xdf92529f,1,5,48000,187039,-1,143245712,43001,,,449328
614,263241169,440957815,0xdf92529f,1,5,48000,102293,-1,513794416,29933,,,449856
615,264621712,440957815,0xdf92529f,1,5,48000,64904,-1,1132032,22640,,,450352
616,264967964,440957815,0xdf92529f,1,5,48000,320564,-1,439960736,96193,,,450832
617,267413168,440957815,0xdf92529f,1,5,48000,198341,-1,392023200,67923,,,451520
618,268084713,440957815,0xdf92529f,1,5,48000,170981,-1,17636208,37630,,,452080
619,268120265,440957815,0xdf92529f,1,5,48000,189810,-1,426512272,34030,,,452624
620,268563498,440957815,0xdf92529f,1,5,48000,147819,-1,198479664,26423,,,453184
621,268727661,440957815,0xdf92529f,1,5,48000,204734,-1,183040736,37337,,,453712
622,269090068,440957815,0xdf92529f,1,5,48000,284931,-1,380333760,81970,,,454288
623,269719954,440957815,0xdf92529f,1,5,48000,206529,-1,278947872,55306,,,454912
624,269781611,440957815,0xdf92529f,1,5,48000,281040,-1,93939808,71534,,,455472
625,270000495,440957815,0xdf92529f,1,5,48000,329092,-1,11218576,77929,,,456128
626,270020493,440957815,0xdf92529f,1,5,48000,206925,-1,122849616,47879,,,456768
627,270129935,440957815,0xdf92529f,1,5,48000,150867,-1,80614512,27361,,,457344
628,270184656,440957815,0xdf92529f,1,5,48000,156599,-1,61326224,36582,,,457888
629,270185677,440957815,0xdf92529f,1,5,48000,324301,-1,193241440,75305,,,458400
630,270643443,440957815,0xdf92529f,1,5,48000,267196,-1,179908544,39276,,,459072
631,271015307,440957815,0xdf92529f,1,5,48000,175440,-1,539685456,45619,,,459664
632,271115600,440957815,0xdf92529f,1,5,48000,53033,-1,312677152,21786,,,460192
633,271405290,440957815,0xdf92529f,1,5,48000,402279,-1,488654496,112433,,,460672
634,271458511,440957815,0xdf92529f,1,5,48000,179451,-1,60743392,30940,,,461408
635,271461032,440957815,0xdf92529f,1,5,48000,432110,-1,495396864,82992,,,461984
636,271697393,440957815,0xdf92529f,1,5,48000,413448,-1,87594832,84296,,,462720
637,271936275,440957815,0xdf92529f,1,5,48000,420197,-1,117135520,92791,,,463488
638,271990996,440957815,0xdf92529f,1,5,48000,147521,-1,98438272,26660,,,464240
639,274524360,440957815,0xdf92529f,1,5,48000,173425,-1,363981936,24914,,,464768
640,274637615,440957815,0xdf92529f,1,5,48000,60040,-1,402762528,19657,,,465312
641,275099525,440957815,0xdf92529f,1,5,48000,253070,-1,264600032,59699,,,465792
642,275461932,440957815,0xdf92529f,1,5,48000,324164,-1,432556256,90919,,,466448
643,276514861,440957815,0xdf92529f,1,5,48000,270774,-1,394234208,74938,,,467088
644,276556520,440957815,0xdf92529f,1,5,48000,417338,-1,215809968,124881,,,467728
645,276864206,440957815,0xdf92529f,1,5,48000,358628,-1,421680976,71499,,,468512
646,277439371,440957815,0xdf92529f,1,5,48000,167247,-1,344402176,29362,,,469184
647,277534730,440957815,0xdf92529f,1,5,48000,92572,-1,2529424,16811,,,469744
648,277558036,440957815,0xdf92529f,1,5,48000,116166,-1,396877040,23908,,,470224
649,277722433,440957815,0xdf92529f,1,5,48000,124630,-1,510717856,43400,,,470720
650,278362860,440957815,0xdf92529f,1,5,48000,104916,-1,226928336,19015,,,471216
651,278883304,440957815,0xdf92529f,1,5,48000,346757,-1,95489632,73191,,,471696
652,279047467,440957815,0xdf92529f,1,5,48000,340603,-1,35193920,86928,,,472400
653,279102188,440957815,0xdf92529f,1,5,48000,347765,-1,12195024,83728,,,473088
654,279120659,440957815,0xdf92529f,1,5,48000,310027,-1,163476400,77552,,,473744
655,279538249,440957815,0xdf92529f,1,5,48000,308916,-1,311660384,73412,,,474400
656,281680374,440957815,0xdf92529f,1,5,48000,301824,-1,470658864,86621,,,475072
657,281731220,440957815,0xdf92529f,1,5,48000,121619,-1,422678256,26195,,,475712
658,281907494,440957815,0xdf92529f,1,5,48000,348589,-1,441617312,87603,,,476192
659,281963236,440957815,0xdf92529f,1,5,48000,195164,-1,462463248,49780,,,476864
660,282482659,440957815,0xdf92529f,1,5,48000,199962,-1,417123760,32202,,,477424
661,282662475,440957815,0xdf92529f,1,5,48000,120793,-1,313344800,36335,,,477984
662,283919656,440957815,0xdf92529f,1,5,48000,314981,-1,369532528,86777,,,478512
663,284146497,440957815,0xdf92529f,1,5,48000,244514,-1,276011152,46737,,,479200
664,284214280,440957815,0xdf92529f,1,5,48000,173463,-1,409475904,44830,,,479840
665,284390477,440957815,0xdf92529f,1,5,48000,89929,-1,352907728,33691,,,480336
666,288343320,440957815,0xdf92529f,1,5,48000,70287,-1,146892528,11768,,,480832
667,288398041,440957815,0xdf92529f,1,5,48000,92318,-1,120991104,16583,,,481296
668,288452762,440957815,0xdf92529f,1,5,48000,288474,-1,100461056,62428,,,481776
669,290767111,440957815,0xdf92529f,1,5,48000,240458,-1,562638912,57042,,,482432
670,290782067,440957815,0xdf92529f,1,5,48000,136128,-1,472632336,30890,,,483008
671,290811964,440957815,0xdf92529f,1,5,48000,326600,-1,367597680,105533,,,483504
672,291552288,440957815,0xdf92529f,1,5,48000,198238,-1,309725008,40681,,,484160
673,293777612,440957815,0xdf92529f,1,5,48000,334109,-1,88369504,84103,,,484736
674,294530002,440957815,0xdf92529f,1,5,48000,176683,-1,189730816,36905,,,485424
675,294687847,440957815,0xdf92529f,1,5,48000,328813,-1,352583520,78456,,,485968
676,295118229,440957815,0xdf92529f,1,5,48000,453109,-1,231381184,134475,,,486720
677,295347591,440957815,0xdf92529f,1,5,48000,374631,-1,497715488,79631,,,487552
678,295454512,440957815,0xdf92529f,1,5,48000,273192,-1,57996128,61419,,,488240
679,295509233,440957815,0xdf92529f,1,5,48000,382061,-1,37676176,86748,,,488880
680,295529231,440957815,0xdf92529f,1,5,48000,340278,-1,153255312,80351,,,489648
681,295583952,440957815,0xdf92529f,1,5,48000,281421,-1,128235056,68133,,,490336
682,295638673,440957815,0xdf92529f,1,5,48000,244690,-1,105336224,45400,,,490976
683,295860078,440957815,0xdf92529f,1,5,48000,248846,-1,493822224,63267,,,491600
684,295877555,440957815,0xdf92529f,1,5,48000,265948,-1,139733168,59569,,,492208
685,295937352,440957815,0xdf92529f,1,5,48000,65491,-1,353877136,25727,,,492832
686,297023470,440957815,0xdf92529f,1,5,48000,132632,-1,484206496,28530,,,493312
687,297502255,440957815,0xdf92529f,1,5,48000,356384,-1,500973888,74238,,,493808
688,298520361,440957815,0xdf92529f,1,5,48000,229439,-1,360270496,56603,,,494512
689,298582765,440957815,0xdf92529f,1,5,48000,99074,-1,492416544,25243,,,495120
690,299040805,440957815,0xdf92529f,1,5,48000,335055,-1,273227264,77776,,,495600
691,299519590,440957815,0xdf92529f,1,5,48000,271012,-1,345306560,65194,,,496272
692,299922635,440957815,0xdf92529f,1,5,48000,386872,-1,331758880,87858,,,496896
693,300271980,440957815,0xdf92529f,1,5,48000,288365,-1,381062784,68080,,,497600
694,300607118,440957815,0xdf92529f,1,5,48000,5337213,-1,527057392,1746803,,,498208
695,300956587,440957815,0xdf92529f,1,5,48000,271456,-1,270681456,76381,,,503472
696,301011308,440957815,0xdf92529f,1,5,48000,346947,-1,257231840,91033,,,504080
697,301086027,440957815,0xdf92529f,1,5,48000,353286,-1,292865024,95055,,,504752
698,301200878,440957815,0xdf92529f,1,5,48000,112152,-1,169539152,22489,,,505440
699,301251211,440957815,0xdf92529f,1,5,48000,349467,-1,327789264,84143,,,505920
700,301421289,440957815,0xdf92529f,1,5,48000,91696,-1,42749472,15965,,,506624
701,301490093,440957815,0xdf92529f,1,5,48000,365581,-1,335118112,91498,,,507104
702,301544814,440957815,0xdf92529f,1,5,48000,536788,-1,329574560,113158,,,507808
703,302695144,440957815,0xdf92529f,1,5,48000,247283,-1,42026816,52210,,,508656
704,302824584,440957815,0xdf92529f,1,5,48000,320708,-1,110493200,77310,,,509264
705,302934026,440957815,0xdf92529f,1,5,48000,189761,-1,67927376,35839,,,509920
706,302988747,440957815,0xdf92529f,1,5,48000,216971,-1,50921552,39184,,,510480
707,303816877,440957815,0xdf92529f,1,5,48000,257818,-1,238838976,57916,,,511120
708,304655223,440957815,0xdf92529f,1,5,48000,203081,-1,467459936,44738,,,511728
709,306294499,440957815,0xdf92529f,1,5,48000,489861,-1,410330960,98726,,,512304
710,307243833,440957815,0xdf92529f,1,5,48000,391361,-1,479182080,97466,,,513104
711,307328451,440957815,0xdf92529f,1,5,48000,87497,-1,355201696,12949,,,513840
712,307470953,440957815,0xdf92529f,1,5,48000,192007,-1,450111184,54582,,,514304
713,308197219,440957815,0xdf92529f,1,5,48000,304655,-1,260794512,77682,,,514864
714,309553740,440957815,0xdf92529f,1,5,48000,127283,-1,158658992,24647,,,515552
715,311473074,440957815,0xdf92529f,1,5,48000,427951,-1,537918976,114033,,,516032
716,312339321,440957815,0xdf92529f,1,5,48000,145582,-1,143308144,31327,,,516704
717,313145148,440957815,0xdf92529f,1,5,48000,380241,-1,465081248,76087,,,517216
718,314753244,440957815,0xdf92529f,1,5,48000,130666,-1,371505184,31118,,,517952
719,315740969,440957815,0xdf92529f,1,5,48000,71614,-1,481147296,9839,,,518464
720,315905747,440957815,0xdf92529f,1,5,48000,68911,-1,451854160,11389,,,518912
721,316972628,440957815,0xdf92529f,1,5,48000,315587,-1,392292448,108012,,,519360
722,317764721,440957815,0xdf92529f,1,5,48000,107663,-1,347002368,22458,,,520000
723,317773613,440957815,0xdf92529f,1,5,48000,134027,-1,83545040,30644,,,520496
724,317883055,440957815,0xdf92529f,1,5,48000,63480,-1,46764448,7897,,,521008
725,317937776,440957815,0xdf92529f,1,5,48000,265588,-1,26927760,69838,,,521456
726,318119870,440957815,0xdf92529f,1,5,48000,303939,-1,207875088,75142,,,522048
727,318122958,440957815,0xdf92529f,1,5,48000,331419,-1,198633312,77457,,,522720
728,318232400,440957815,0xdf92529f,1,5,48000,295110,-1,187374736,61537,,,523392
729,319395792,440957815,0xdf92529f,1,5,48000,386391,-1,71694912,101924,,,524000
730,319450513,440957815,0xdf92529f,1,5,48000,544599,-1,53681248,119605,,,524720
731,319505234,440957815,0xdf92529f,1,5,48000,268818,-1,34414176,58442,,,525584
732,319525232,440957815,0xdf92529f,1,5,48000,289944,-1,148435664,71175,,,526224
733,319634674,440957815,0xdf92529f,1,5,48000,307796,-1,101768080,73878,,,526864
734,319744116,440957815,0xdf92529f,1,5,48000,396442,-1,61463936,81180,,,527536
735,320574767,440957815,0xdf92529f,1,5,48000,322097,-1,540111984,88055,,,528288
736,321441014,440957815,0xdf92529f,1,5,48000,153953,-1,144407264,34245,,,528944
737,321963979,440957815,0xdf92529f,1,5,48000,281819,-1,475565152,74178,,,529472
738,322516362,440957815,0xdf92529f,1,5,48000,371453,-1,356744272,107992,,,530096
739,322698888,440957815,0xdf92529f,1,5,48000,343476,-1,425897056,72716,,,530832
740,322940426,440957815,0xdf92529f,1,5,48000,378303,-1,416392240,63304,,,531504
741,323864936,440957815,0xdf92529f,1,5,48000,303719,-1,385320000,74277,,,532160
742,324010954,440957815,0xdf92529f,1,5,48000,64654,-1,96,22049,,,532832
743,324604264,440957815,0xdf92529f,1,5,48000,405623,-1,275689920,93465,,,533328
744,324788425,440957815,0xdf92529f,1,5,48000,143033,-1,291142032,28286,,,534032
745,324830084,440957815,0xdf92529f,1,5,48000,165762,-1,23415584,36261,,,534544
746,325192491,440957815,0xdf92529f,1,5,48000,144002,-1,330438512,24227,,,535088
747,325769156,440957815,0xdf92529f,1,5,48000,191866,-1,508657376,43489,,,535616
748,326581703,440957815,0xdf92529f,1,5,48000,65176,-1,77327376,8610,,,536176
749,326594765,440957815,0xdf92529f,1,5,48000,311266,-1,304880224,83602,,,536624
750,326636424,440957815,0xdf92529f,1,5,48000,412750,-1,59263120,99942,,,537296
751,326649486,440957815,0xdf92529f,1,5,48000,348172,-1,299114912,83486,,,538080
752,326765864,440957815,0xdf92529f,1,5,48000,272194,-1,130309024,61987,,,538736
753,326875306,440957815,0xdf92529f,1,5,48000,175093,-1,83901440,35168,,,539360
754,326984748,440957815,0xdf92529f,1,5,48000,237574,-1,47625136,51412,,,539904
755,327039469,440957815,0xdf92529f,1,5,48000,386869,-1,28060016,98927,,,540528
756,327094190,440957815,0xdf92529f,1,5,48000,317791,-1,2582672,71518,,,541200
757,327224651,440957815,0xdf92529f,1,5,48000,261988,-1,199848736,68240,,,541872
758,327281893,440957815,0xdf92529f,1,5,48000,384376,-1,511118144,129180,,,542480
759,328388043,440957815,0xdf92529f,1,5,48000,268031,-1,114194096,60765,,,543168
760,328736367,440957815,0xdf92529f,1,5,48000,332164,-1,102652704,73274,,,543792
761,330920386,440957815,0xdf92529f,1,5,48000,177985,-1,321594848,38083,,,544416
762,331125301,440957815,0xdf92529f,1,5,48000,137854,-1,155532736,32888,,,544976
763,331692774,440957815,0xdf92529f,1,5,48000,338965,-1,389128496,66254,,,545472
764,332029057,440957815,0xdf92529f,1,5,48000,245644,-1,285166528,48152,,,546144
765,332042119,440957815,0xdf92529f,1,5,48000,368368,-1,417221904,76092,,,546768
766,332617284,440957815,0xdf92529f,1,5,48000,428329,-1,341653408,94813,,,547424
767,333705957,440957815,0xdf92529f,1,5,48000,293163,-1,276057936,61606,,,548176
768,333736463,440957815,0xdf92529f,1,5,48000,251423,-1,541687744,57726,,,548832
769,334406147,440957815,0xdf92529f,1,5,48000,141695,-1,547926992,32476,,,549456
770,334587787,440957815,0xdf92529f,1,5,48000,458021,-1,333390352,91585,,,549936
771,335738117,440957815,0xdf92529f,1,5,48000,226100,-1,60112096,52344,,,550752
772,337285831,440957815,0xdf92529f,1,5,48000,49412,-1,177467680,18832,,,551360
773,337582182,440957815,0xdf92529f,1,5,48000,51807,-1,210870704,19971,,,551824
774,337793338,440957815,0xdf92529f,1,5,48000,177121,-1,155135216,38359,,,552288
775,338803966,440957815,0xdf92529f,1,5,48000,341971,-1,362094272,98360,,,552832
776,342059823,440957815,0xdf92529f,1,5,48000,115756,-1,548879120,21819,,,553536
777,342228401,440957815,0xdf92529f,1,5,48000,410777,-1,186705536,85898,,,554032
778,343575954,440957815,0xdf92529f,1,5,48000,245052,-1,117845664,55374,,,554752
779,343723541,440957815,0xdf92529f,1,5,48000,110271,-1,312816192,35605,,,555376
780,343728267,440957815,0xdf92529f,1,5,48000,85986,-1,242094448,16596,,,555904
781,344614253,440957815,0xdf92529f,1,5,48000,101060,-1,746560,31182,,,556368
782,344904530,440957815,0xdf92529f,1,5,48000,94386,-1,98085536,16850,,,556896
783,345198133,440957815,0xdf92529f,1,5,48000,392425,-1,105495600,92041,,,557376
784,345496812,440957815,0xdf92529f,1,5,48000,21570,-1,354271488,8219,,,558048
785,347928720,440957815,0xdf92529f,1,5,48000,248197,-1,448532320,66035,,,558496
786,348654986,440957815,0xdf92529f,1,5,48000,261414,-1,259861680,57233,,,559088
787,348729705,440957815,0xdf92529f,1,5,48000,299173,-1,300021584,71075,,,559744
788,348839147,440957815,0xdf92529f,1,5,48000,175488,-1,283869904,31105,,,560416
789,349484616,440957815,0xdf92529f,1,5,48000,110428,-1,551753856,21607,,,560960
790,349831440,440957815,0xdf92529f,1,5,48000,308686,-1,381412128,105000,,,561440
791,350468262,440957815,0xdf92529f,1,5,48000,119929,-1,114622816,17582,,,562128
792,350632425,440957815,0xdf92529f,1,5,48000,181246,-1,55085152,38722,,,562640
793,351161516,440957815,0xdf92529f,1,5,48000,156531,-1,549072144,34704,,,563216
794,351918321,440957815,0xdf92529f,1,5,48000,181974,-1,223395968,50265,,,563792
795,352254604,440957815,0xdf92529f,1,5,48000,275174,-1,42079072,60587,,,564336
796,352384044,440957815,0xdf92529f,1,5,48000,200855,-1,110862912,51845,,,565024
797,352493486,440957815,0xdf92529f,1,5,48000,155527,-1,67963248,30760,,,565552
798,352548207,440957815,0xdf92529f,1,5,48000,142393,-1,51038496,30434,,,566096
799,352622926,440957815,0xdf92529f,1,5,48000,216990,-1,145906880,55358,,,566640
800,352787089,440957815,0xdf92529f,1,5,48000,324359,-1,78700272,73976,,,567232
801,352960556,440957815,0xdf92529f,1,5,48000,248970,-1,350105696,61890,,,567936
802,353205520,440957815,0xdf92529f,1,5,48000,150660,-1,167404480,30902,,,568560
803,353602915,440957815,0xdf92529f,1,5,48000,244000,-1,463867440,69485,,,569056
804,354978791,440957815,0xdf92529f,1,5,48000,92383,-1,204386992,16147,,,569664
805,355265732,440957815,0xdf92529f,1,5,48000,455641,-1,364678288,119283,,,570128
806,355615077,440957815,0xdf92529f,1,5,48000,163217,-1,403735824,30729,,,570944
807,356668006,440957815,0xdf92529f,1,5,48000,126646,-1,334162432,20772,,,571488
808,356832169,440957815,0xdf92529f,1,5,48000,232583,-1,320781808,49325,,,572016
809,356998418,440957815,0xdf92529f,1,5,48000,85200,-1,353066032,29897,,,572608
810,357030413,440957815,0xdf92529f,1,5,48000,400910,-1,450429008,110374,,,573088
811,357181514,440957815,0xdf92529f,1,5,48000,484932,-1,361573744,143913,,,573824
812,357550577,440957815,0xdf92529f,1,5,48000,105427,-1,396572400,20437,,,574640
813,357889130,440957815,0xdf92529f,1,5,48000,72000,-1,178303376,24290,,,575136
814,357927778,440957815,0xdf92529f,1,5,48000,307422,-1,20397568,74933,,,575616
815,359113200,440957815,0xdf92529f,1,5,48000,310212,-1,162541664,68440,,,576336
816,359624676,440957815,0xdf92529f,1,5,48000,306642,-1,96943344,65634,,,577008
817,359788839,440957815,0xdf92529f,1,5,48000,355905,-1,36413968,74641,,,577664
818,359843560,440957815,0xdf92529f,1,5,48000,198596,-1,14642592,48489,,,578384
819,360590120,440957815,0xdf92529f,1,5,48000,375575,-1,166727616,73244,,,578944
820,360995672,440957815,0xdf92529f,1,5,48000,3358317,-1,423726736,1034577,,,579680
821,361032534,440957815,0xdf92529f,1,5,48000,368401,-1,538369088,91748,,,582880
822,361898781,440957815,0xdf92529f,1,5,48000,304139,-1,143395216,77063,,,583584
823,362406790,440957815,0xdf92529f,1,5,48000,225671,-1,563516448,48113,,,584240
824,362421746,440957815,0xdf92529f,1,5,48000,108187,-1,474018992,17009,,,584800
825,362704608,440957815,0xdf92529f,1,5,48000,105542,-1,465300656,23163,,,585296
826,363748114,440957815,0xdf92529f,1,5,48000,124564,-1,451735200,39614,,,585776
827,364378540,440957815,0xdf92529f,1,5,48000,280600,-1,207381648,63725,,,586256
828,364679369,440957815,0xdf92529f,1,5,48000,101353,-1,402556432,28192,,,586896
829,366193296,440957815,0xdf92529f,1,5,48000,98206,-1,451227760,27219,,,587440
830,366466826,440957815,0xdf92529f,1,5,48000,485258,-1,530965456,118526,,,587920
831,367041991,440957815,0xdf92529f,1,5,48000,293899,-1,497299712,56981,,,588720
832,367168910,440957815,0xdf92529f,1,5,48000,236635,-1,154126480,62258,,,589344
833,367387794,440957815,0xdf92529f,1,5,48000,242681,-1,63967616,49359,,,589904
834,367442515,440957815,0xdf92529f,1,5,48000,135522,-1,46853936,22075,,,590528
835,368314825,440957815,0xdf92529f,1,5,48000,331031,-1,484853776,81031,,,591056
836,368791089,440957815,0xdf92529f,1,5,48000,305986,-1,138961648,71667,,,591728
837,368955252,440957815,0xdf92529f,1,5,48000,213256,-1,71906528,43018,,,592384
838,369248855,440957815,0xdf92529f,1,5,48000,159386,-1,80830000,36349,,,592960
839,369551764,440957815,0xdf92529f,1,5,48000,204265,-1,566819328,46249,,,593472
840,370825454,440957815,0xdf92529f,1,5,48000,87908,-1,423504032,14246,,,594032
841,371523439,440957815,0xdf92529f,1,5,48000,101395,-1,475957280,20203,,,594512
842,372075822,440957815,0xdf92529f,1,5,48000,156054,-1,356975104,32088,,,594992
843,372893411,440957815,0xdf92529f,1,5,48000,81817,-1,550082240,13643,,,595552
844,373132293,440957815,0xdf92529f,1,5,48000,88668,-1,552866400,17791,,,596032
845,374347885,440957815,0xdf92529f,1,5,48000,110174,-1,291263152,22418,,,596496
846,374457327,440957815,0xdf92529f,1,5,48000,260034,-1,278491648,67889,,,596976
847,374566769,440957815,0xdf92529f,1,5,48000,466935,-1,251282096,115486,,,597584
848,374573705,440957815,0xdf92529f,1,5,48000,117001,-1,68707056,23438,,,598352
849,374737868,440957815,0xdf92529f,1,5,48000,153063,-1,9037616,32331,,,598864
850,375456556,440957815,0xdf92529f,1,5,48000,326079,-1,239508128,94312,,,599424
851,375752680,440957815,0xdf92529f,1,5,48000,461414,-1,534230064,121483,,,600096
852,375859601,440957815,0xdf92529f,1,5,48000,146007,-1,234182208,21148,,,600912
853,375929893,440957815,0xdf92529f,1,5,48000,130455,-1,353438304,39191,,,601424
854,376544208,440957815,0xdf92529f,1,5,48000,271672,-1,47981392,57417,,,601952
855,376673648,440957815,0xdf92529f,1,5,48000,99881,-1,115491280,16302,,,602624
856,378186385,440957815,0xdf92529f,1,5,48000,373711,-1,150054560,93891,,,603104
857,378447686,440957815,0xdf92529f,1,5,48000,193772,-1,430447344,60910,,,603840
858,378575306,440957815,0xdf92529f,1,5,48000,73641,-1,492143648,12067,,,604400
859,379272299,440957815,0xdf92529f,1,5,48000,233418,-1,176984064,58786,,,604864
860,379528138,440957815,0xdf92529f,1,5,48000,366606,-1,245782512,81056,,,605456
861,379836898,440957815,0xdf92529f,1,5,48000,235666,-1,262297632,53662,,,606176
862,380664007,440957815,0xdf92529f,1,5,48000,280211,-1,332967216,68706,,,606752
863,381026414,440957815,0xdf92529f,1,5,48000,335619,-1,442218064,84426,,,607376
864,381252234,440957815,0xdf92529f,1,5,48000,342820,-1,389383312,103301,,,608048
865,381882120,440957815,0xdf92529f,1,5,48000,335673,-1,289712016,87004,,,608752
866,381923779,440957815,0xdf92529f,1,5,48000,315608,-1,15259248,85950,,,609424
867,382075978,440957815,0xdf92529f,1,5,48000,102507,-1,396468752,19985,,,610064
868,382124544,440957815,0xdf92529f,1,5,48000,114585,-1,554345728,25960,,,610544
869,382161681,440957815,0xdf92529f,1,5,48000,181614,-1,158778320,39144,,,611024
870,382398149,440957815,0xdf92529f,1,5,48000,109254,-1,547526912,21149,,,611584
871,382402564,440957815,0xdf92529f,1,5,48000,150569,-1,196701120,27930,,,612048
872,382457285,440957815,0xdf92529f,1,5,48000,315736,-1,191868272,67768,,,612560
873,382526089,440957815,0xdf92529f,1,5,48000,275698,-1,386607040,76732,,,613200
874,383100233,440957815,0xdf92529f,1,5,48000,174502,-1,225397968,43406,,,613824
875,383340136,440957815,0xdf92529f,1,5,48000,189859,-1,305185680,38738,,,614368
876,383620677,440957815,0xdf92529f,1,5,48000,219642,-1,92160464,58867,,,614896
877,383784840,440957815,0xdf92529f,1,5,48000,234502,-1,33535936,55867,,,615472
878,384079464,440957815,0xdf92529f,1,5,48000,89444,-1,188681808,18209,,,616048
879,384647764,440957815,0xdf92529f,1,5,48000,85950,-1,467173184,14645,,,616528
880,385003711,440957815,0xdf92529f,1,5,48000,287665,-1,456671440,72137,,,617008
881,386625890,440957815,0xdf92529f,1,5,48000,333484,-1,455824320,92962,,,617616
882,388348910,440957815,0xdf92529f,1,5,48000,91480,-1,481222624,16091,,,618272
883,388712771,440957815,0xdf92529f,1,5,48000,332380,-1,403043024,71683,,,618752
884,388938591,440957815,0xdf92529f,1,5,48000,242769,-1,263617392,58757,,,619376
885,389233902,440957815,0xdf92529f,1,5,48000,163153,-1,568420432,43558,,,619936
886,389930884,440957815,0xdf92529f,1,5,48000,373032,-1,367883184,120637,,,620480
887,391219632,440957815,0xdf92529f,1,5,48000,136378,-1,123906112,29250,,,621168
888,391850183,440957815,0xdf92529f,1,5,48000,96996,-1,501617984,16781,,,621680
889,392896532,440957815,0xdf92529f,1,5,48000,107134,-1,89041600,18911,,,622176
890,393005974,440957815,0xdf92529f,1,5,48000,58347,-1,49836240,7943,,,622656
891,393135414,440957815,0xdf92529f,1,5,48000,124208,-1,117933552,22879,,,623104
892,396537546,440957815,0xdf92529f,1,5,48000,403210,-1,278685792,95079,,,623600
893,396618895,440957815,0xdf92529f,1,5,48000,34602,-1,93968,12560,,,624320
894,396646988,440957815,0xdf92529f,1,5,48000,311751,-1,252463296,64652,,,624784
895,397237736,440957815,0xdf92529f,1,5,48000,102636,-1,548198992,17963,,,625440
896,397488180,440957815,0xdf92529f,1,5,48000,227920,-1,448811024,40066,,,625920
897,398398607,440957815,0xdf92529f,1,5,48000,362620,-1,284328384,79332,,,626560
898,398569706,440957815,0xdf92529f,1,5,48000,251415,-1,65328256,52901,,,627248
899,398679148,440957815,0xdf92529f,1,5,48000,176494,-1,28897952,42599,,,627904
900,398733869,440957815,0xdf92529f,1,5,48000,141025,-1,3665072,32203,,,628448
901,399746160,440957815,0xdf92529f,1,5,48000,390494,-1,240544288,109330,,,628960
902,400082443,440957815,0xdf92529f,1,5,48000,109436,-1,96099392,19464,,,629664
903,400137164,440957815,0xdf92529f,1,5,48000,140578,-1,73345536,29802,,,630144
904,400204947,440957815,0xdf92529f,1,5,48000,363889,-1,293488896,76763,,,630656
905,400266604,440957815,0xdf92529f,1,5,48000,376431,-1,150526464,99146,,,631344
906,400376046,440957815,0xdf92529f,1,5,48000,307368,-1,103345056,72588,,,632080
907,400430767,440957815,0xdf92529f,1,5,48000,165153,-1,81877616,40656,,,632704
908,400540209,440957815,0xdf92529f,1,5,48000,227509,-1,43102672,52197,,,633200
909,400673191,440957815,0xdf92529f,1,5,48000,196632,-1,525386384,50985,,,633808
910,401888783,440957815,0xdf92529f,1,5,48000,325244,-1,136492448,84287,,,634384
911,402237107,440957815,0xdf92529f,1,5,48000,333136,-1,118848528,88167,,,635040
912,402588973,440957815,0xdf92529f,1,5,48000,219131,-1,519146768,39479,,,635744
913,402864557,440957815,0xdf92529f,1,5,48000,403327,-1,562361536,85778,,,636320
914,403312455,440957815,0xdf92529f,1,5,48000,270916,-1,354717216,75589,,,637072
915,403791240,440957815,0xdf92529f,1,5,48000,375005,-1,410898704,77524,,,637680
916,404072802,440957815,0xdf92529f,1,5,48000,185370,-1,328262912,40649,,,638352
917,404825192,440957815,0xdf92529f,1,5,48000,232688,-1,365218288,48715,,,638880
918,405079562,440957815,0xdf92529f,1,5,48000,347919,-1,206715760,81137,,,639472
919,405748681,440957815,0xdf92529f,1,5,48000,337379,-1,253684544,77059,,,640176
920,406095720,440957815,0xdf92529f,1,5,48000,295078,-1,175049168,75441,,,640880
921,406344404,440957815,0xdf92529f,1,5,48000,212619,-1,541897024,49571,,,641584
922,406453286,440957815,0xdf92529f,1,5,48000,107193,-1,191659536,17586,,,642176
923,407390858,440957815,0xdf92529f,1,5,48000,302439,-1,301192816,79564,,,642640
924,407835562,440957815,0xdf92529f,1,5,48000,261565,-1,5638672,68485,,,643264
925,409184136,440957815,0xdf92529f,1,5,48000,219684,-1,97198112,32830,,,643872
926,409293578,440957815,0xdf92529f,1,5,48000,290176,-1,55834080,64319,,,644464
927,409893772,440957815,0xdf92529f,1,5,48000,83741,-1,177583744,24812,,,645104
928,410149580,440957815,0xdf92529f,1,5,48000,158220,-1,168951280,38199,,,645632
929,410190123,440957815,0xdf92529f,1,5,48000,70612,-1,210995168,22886,,,646160
930,410674738,440957815,0xdf92529f,1,5,48000,298537,-1,400807344,92830,,,646656
931,411966250,440957815,0xdf92529f,1,5,48000,341652,-1,563970528,69566,,,647264
932,411981206,440957815,0xdf92529f,1,5,48000,117319,-1,474316576,25379,,,647968
933,412264068,440957815,0xdf92529f,1,5,48000,337979,-1,465430592,68787,,,648448
934,412594762,440957815,0xdf92529f,1,5,48000,126334,-1,156999904,25198,,,649136
935,413283937,440957815,0xdf92529f,1,5,48000,151888,-1,318767504,26996,,,649648
936,415090277,440957815,0xdf92529f,1,5,48000,280493,-1,327366560,65308,,,650192
937,415270354,440957815,0xdf92529f,1,5,48000,223913,-1,99714816,52601,,,650816
938,415505842,440957815,0xdf92529f,1,5,48000,177569,-1,552445072,42915,,,651424
939,415915379,440957815,0xdf92529f,1,5,48000,295484,-1,347970112,62360,,,651952
940,416317368,440957815,0xdf92529f,1,5,48000,445760,-1,232659888,93339,,,652560
941,416601451,440957815,0xdf92529f,1,5,48000,208419,-1,497551888,38380,,,653312
942,416783091,440957815,0xdf92529f,1,5,48000,209125,-1,129433456,43784,,,653888
943,417222194,440957815,0xdf92529f,1,5,48000,160424,-1,919680,49623,,,654480
944,418644152,440957815,0xdf92529f,1,5,48000,457138,-1,148711968,100956,,,655088
945,419839962,440957815,0xdf92529f,1,5,48000,134700,-1,408171920,30301,,,655920
946,421751660,440957815,0xdf92529f,1,5,48000,154990,-1,214230912,36547,,,656448
947,422620428,440957815,0xdf92529f,1,5,48000,152235,-1,43836608,29601,,,656960
948,422634511,440957815,0xdf92529f,1,5,48000,324127,-1,341110288,57246,,,657488
949,422688777,440957815,0xdf92529f,1,5,48000,292971,-1,398471616,73646,,,658192
950,423209676,440957815,0xdf92529f,1,5,48000,205471,-1,228054176,53941,,,658832
951,423720808,440957815,0xdf92529f,1,5,48000,71281,-1,241818544,11244,,,659392
952,423895783,440957815,0xdf92529f,1,5,48000,195606,-1,483000528,43255,,,659840
953,424078444,440957815,0xdf92529f,1,5,48000,343206,-1,90748560,86778,,,660400
954,424187886,440957815,0xdf92529f,1,5,48000,432854,-1,51767648,103855,,,661104
955,424372047,440957815,0xdf92529f,1,5,48000,281007,-1,100025072,63857,,,661824
956,424888076,440957815,0xdf92529f,1,5,48000,246546,-1,508971952,71176,,,662448
957,425016016,440957815,0xdf92529f,1,5,48000,150557,-1,239676928,46134,,,663072
958,425700623,440957815,0xdf92529f,1,5,48000,242369,-1,77857856,57696,,,663568
959,425740435,440957815,0xdf92529f,1,5,48000,232063,-1,401733904,52390,,,664192
960,425884784,440957815,0xdf92529f,1,5,48000,113712,-1,130754400,23888,,,664848
961,426178387,440957815,0xdf92529f,1,5,48000,189543,-1,141763968,45559,,,665328
962,428134766,440957815,0xdf92529f,1,5,48000,295866,-1,492573824,77907,,,665888
963,428895912,440957815,0xdf92529f,1,5,48000,347083,-1,395661488,90579,,,666512
964,429396358,440957815,0xdf92529f,1,5,48000,156818,-1,262456080,29084,,,667232
965,429635240,440957815,0xdf92529f,1,5,48000,226943,-1,277143488,64355,,,667792
966,429649323,440957815,0xdf92529f,1,5,48000,145001,-1,435044688,31244,,,668368
967,429875143,440957815,0xdf92529f,1,5,48000,338564,-1,336468448,80000,,,668928
968,430158518,440957815,0xdf92529f,1,5,48000,85958,-1,396686928,14969,,,669584
969,430223467,440957815,0xdf92529f,1,5,48000,306984,-1,333271408,63733,,,670048
970,430393693,440957815,0xdf92529f,1,5,48000,232111,-1,561090496,55466,,,670784
971,430497071,440957815,0xdf92529f,1,5,48000,65259,-1,178425312,20859,,,671344
972,431037514,440957815,0xdf92529f,1,5,48000,294025,-1,230161856,65727,,,671840
973,431147977,440957815,0xdf92529f,1,5,48000,351349,-1,285543168,84869,,,672528
974,431161039,440957815,0xdf92529f,1,5,48000,286820,-1,417959568,60020,,,673168
975,431319076,440957815,0xdf92529f,1,5,48000,222559,-1,74621216,41118,,,673760
976,431373797,440957815,0xdf92529f,1,5,48000,224347,-1,56794528,50205,,,674352
977,431386859,440957815,0xdf92529f,1,5,48000,265372,-1,295390384,66180,,,674912
978,431428518,440957815,0xdf92529f,1,5,48000,135164,-1,37000816,30207,,,675552
979,431441580,440957815,0xdf92529f,1,5,48000,122383,-1,289851472,16717,,,676048
980,431483239,440957815,0xdf92529f,1,5,48000,174590,-1,15505808,34058,,,676576
981,431667400,440957815,0xdf92529f,1,5,48000,83022,-1,62760144,15379,,,677088
982,431721141,440957815,0xdf92529f,1,5,48000,197302,-1,162895200,43368,,,677552
983,431722121,440957815,0xdf92529f,1,5,48000,264722,-1,45119440,55162,,,678128
984,431736204,440957815,0xdf92529f,1,5,48000,258401,-1,341942112,66239,,,678800
985,431962024,440957815,0xdf92529f,1,5,48000,422731,-1,196918448,98310,,,679424
986,432659693,440957815,0xdf92529f,1,5,48000,241367,-1,225714064,80962,,,680160
987,433050697,440957815,0xdf92529f,1,5,48000,213797,-1,24124464,48610,,,680736
988,433180137,440957815,0xdf92529f,1,5,48000,342831,-1,92268016,91186,,,681344
989,433198061,440957815,0xdf92529f,1,5,48000,414540,-1,167082848,86078,,,682016
990,433234858,440957815,0xdf92529f,1,5,48000,360356,-1,69866048,79577,,,682800
991,434081221,440957815,0xdf92529f,1,5,48000,144216,-1,526866688,25298,,,683568
992,434106761,440957815,0xdf92529f,1,5,48000,288758,-1,245271952,68489,,,684096
993,436260069,440957815,0xdf92529f,1,5,48000,294418,-1,459043296,77157,,,684752
994,436990959,440957815,0xdf92529f,1,5,48000,24688,-1,352711424,12483,,,685392
995,436995685,440957815,0xdf92529f,1,5,48000,109785,-1,307209616,20251,,,685856
996,437227738,440957815,0xdf92529f,1,5,48000,137852,-1,547983440,27965,,,686336
997,437282459,440957815,0xdf92529f,1,5,48000,155491,-1,546663776,35737,,,686832
998,437354657,440957815,0xdf92529f,1,5,48000,84549,-1,339170176,15678,,,687344
999,438039264,440957815,0xdf92529f,1,5,48000,180246,-1,216811696,45585,,,687808
1000,438614429,440957815,0xdf92529f,1,5,48000,163024,-1,40967856,37369,,,688352
1001,439672942,440957815,0xdf92529f,1,5,48000,209874,-1,511497568,44203,,,688928
1002,440888534,440957815,0xdf92529f,1,5,48000,215750,-1,81235360,50275,,,689520
1003,442163889,440957815,0xdf92529f,1,5,48000,427033,-1,489259392,135181,,,690112
1004,444465849,440957815,0xdf92529f,1,5,48000,73923,-1,319555808,13041,,,690832
1005,446339430,440957815,0xdf92529f,1,5,48000,105739,-1,553322656,23392,,,691280
1006,446797196,440957815,0xdf92529f,1,5,48000,117462,-1,548227200,25701,,,691760
1007,447499280,440957815,0xdf92529f,1,5,48000,252313,-1,234894752,63569,,,692240
1008,447780842,440957815,0xdf92529f,1,5,48000,291817,-1,78599328,61180,,,692864
1009,447945005,440957815,0xdf92529f,1,5,48000,222929,-1,19517632,51918,,,693520
1010,447958067,440957815,0xdf92529f,1,5,48000,162199,-1,284606192,30075,,,694128
1011,447965003,440957815,0xdf92529f,1,5,48000,229753,-1,131148224,49774,,,694672
1012,448019724,440957815,0xdf92529f,1,5,48000,261625,-1,107020560,60809,,,695264
1013,448074445,440957815,0xdf92529f,1,5,48000,104516,-1,84401232,19363,,,695872
1014,448258606,440957815,0xdf92529f,1,5,48000,367409,-1,142441360,84888,,,696368
1015,448293329,440957815,0xdf92529f,1,5,48000,168954,-1,3816768,37412,,,697040
1016,448313327,440957815,0xdf92529f,1,5,48000,146141,-1,115784336,29135,,,697616
1017,448423790,440957815,0xdf92529f,1,5,48000,385253,-1,200727200,90457,,,698144
1018,448537834,440957815,0xdf92529f,1,5,48000,124741,-1,353661056,39789,,,698848
1019,448603536,440957815,0xdf92529f,1,5,48000,82041,-1,551869280,14013,,,699344
1020,449056197,440957815,0xdf92529f,1,5,48000,416769,-1,485692608,123165,,,699808
1021,449256359,440957815,0xdf92529f,1,5,48000,426986,-1,311276880,98233,,,700576
1022,449641903,440957815,0xdf92529f,1,5,48000,333714,-1,96284336,78924,,,701296
1023,449880785,440957815,0xdf92529f,1,5,48000,286143,-1,125425200,68351,,,702016
1024,450232651,440957815,0xdf92529f,1,5,48000,318814,-1,525713648,105771,,,702672
1025,451183247,440957815,0xdf92529f,1,5,48000,101734,-1,492243152,28739,,,703312
1026,451265582,440957815,0xdf92529f,1,5,48000,413923,-1,490556688,114677,,,703808
1027,452707752,440957815,0xdf92529f,1,5,48000,450945,-1,374841792,123510,,,704576
1028,452762473,440957815,0xdf92529f,1,5,48000,299671,-1,370053728,75980,,,705328
1029,453241258,440957815,0xdf92529f,1,5,48000,172944,-1,418702736,42070,,,705984
1030,453337638,440957815,0xdf92529f,1,5,48000,195292,-1,272111920,35932,,,706528
1031,453350700,440957815,0xdf92529f,1,5,48000,473474,-1,411318112,101318,,,707120
1032,454905096,440957815,0xdf92529f,1,5,48000,201070,-1,276307600,48441,,,707856
1033,455253420,440957815,0xdf92529f,1,5,48000,168402,-1,269378976,31665,,,708432
1034,455315077,440957815,0xdf92529f,1,5,48000,233866,-1,70486352,58404,,,708976
1035,455369798,440957815,0xdf92529f,1,5,48000,184853,-1,52632704,38135,,,709584
1036,455437581,440957815,0xdf92529f,1,5,48000,236353,-1,289501712,56068,,,710192
1037,455786926,440957815,0xdf92529f,1,5,48000,483009,-1,334560160,104184,,,710768
1038,456600973,440957815,0xdf92529f,1,5,48000,244645,-1,236816784,68576,,,711600
1039,457066696,440957815,0xdf92529f,1,5,48000,81210,-1,133271296,13582,,,712192
1040,457121417,440957815,0xdf92529f,1,5,48000,98957,-1,108058912,17559,,,712672
1041,457176138,440957815,0xdf92529f,1,5,48000,210352,-1,85824560,48642,,,713152
1042,457255705,440957815,0xdf92529f,1,5,48000,96484,-1,467269888,17488,,,713712
1043,457285580,440957815,0xdf92529f,1,5,48000,114138,-1,49087232,31807,,,714192
1044,457395022,440957815,0xdf92529f,1,5,48000,129885,-1,5797872,25888,,,714704
1045,457473283,440957815,0xdf92529f,1,5,48000,480047,-1,517102128,133442,,,715216
1046,457580204,440957815,0xdf92529f,1,5,48000,370203,-1,192515184,76483,,,716000
1047,460674343,440957815,0xdf92529f,1,5,48000,345908,-1,174407520,85846,,,716784
1048,460926594,440957815,0xdf92529f,1,5,48000,324806,-1,249790800,81892,,,717440
1049,461275939,440957815,0xdf92529f,1,5,48000,448427,-1,316956432,106996,,,718096
1050,461525710,440957815,0xdf92529f,1,5,48000,327091,-1,564243120,75566,,,718880
1051,461763692,440957815,0xdf92529f,1,5,48000,98254,-1,567910256,21517,,,719552
1052,461767786,440957815,0xdf92529f,1,5,48000,394318,-1,446069232,120075,,,720032
1053,461841843,440957815,0xdf92529f,1,5,48000,136833,-1,568669024,43625,,,720720
1054,461928470,440957815,0xdf92529f,1,5,48000,96272,-1,567276464,19370,,,721200
1055,462154222,440957815,0xdf92529f,1,5,48000,143199,-1,158372336,31542,,,721680
1056,462275168,440957815,0xdf92529f,1,5,48000,334193,-1,291688304,83176,,,722208
1057,462329889,440957815,0xdf92529f,1,5,48000,337628,-1,287486800,80525,,,722880
1058,462342951,440957815,0xdf92529f,1,5,48000,500156,-1,420071936,96579,,,723584
1059,463631142,440957815,0xdf92529f,1,5,48000,307680,-1,161183888,66413,,,724368
1060,464300392,440957815,0xdf92529f,1,5,48000,99511,-1,279003216,18764,,,725024
1061,464458124,440957815,0xdf92529f,1,5,48000,89636,-1,501693568,17405,,,725488
1062,464829814,440957815,0xdf92529f,1,5,48000,339213,-1,99817728,78967,,,725968
1063,466220674,440957815,0xdf92529f,1,5,48000,367614,-1,564942928,118655,,,726624
1064,466563956,440957815,0xdf92529f,1,5,48000,84069,-1,494081872,14104,,,727296
1065,469399422,440957815,0xdf92529f,1,5,48000,283883,-1,408280480,58151,,,727760
1066,470042370,440957815,0xdf92529f,1,5,48000,250117,-1,433272448,61220,,,728352
1067,470683755,440957815,0xdf92529f,1,5,48000,75742,-1,552039440,13454,,,728976
1068,471776843,440957815,0xdf92529f,1,5,48000,227185,-1,73943824,50579,,,729440
1069,472070446,440957815,0xdf92529f,1,5,48000,165393,-1,82240880,37022,,,730064
1070,472179888,440957815,0xdf92529f,1,5,48000,305485,-1,44160864,67260,,,730608
1071,472490095,440957815,0xdf92529f,1,5,48000,126605,-1,553928752,27187,,,731296
1072,472641196,440957815,0xdf92529f,1,5,48000,251837,-1,504889632,77615,,,731792
1073,472688382,440957815,0xdf92529f,1,5,48000,319358,-1,172481696,80975,,,732400
1074,473455243,440957815,0xdf92529f,1,5,48000,130236,-1,483100496,37558,,,733088
1075,473637904,440957815,0xdf92529f,1,5,48000,371491,-1,90988576,102692,,,733600
1076,473692625,440957815,0xdf92529f,1,5,48000,236539,-1,68958112,53313,,,734304
1077,473747346,440957815,0xdf92529f,1,5,48000,95437,-1,52003088,12789,,,734928
1078,473876786,440957815,0xdf92529f,1,5,48000,255560,-1,120280960,68443,,,735424
1079,473986228,440957815,0xdf92529f,1,5,48000,244671,-1,79259648,56740,,,736032
1080,474871600,440957815,0xdf92529f,1,5,48000,281612,-1,534695136,73020,,,736640
1081,475823941,440957815,0xdf92529f,1,5,48000,369938,-1,209496464,81614,,,737248
1082,477267400,440957815,0xdf92529f,1,5,48000,287980,-1,397922240,75754,,,737936
1083,478564814,440957815,0xdf92529f,1,5,48000,603861,-1,377768720,172687,,,738608
1084,478568356,440957815,0xdf92529f,1,5,48000,191935,-1,559215152,48004,,,739600
1085,478955818,440957815,0xdf92529f,1,5,48000,320422,-1,262620416,73034,,,740144
1086,479194700,440957815,0xdf92529f,1,5,48000,370988,-1,277449664,95360,,,740816
1087,479306663,440957815,0xdf92529f,1,5,48000,341282,-1,544787376,106175,,,741536
1088,479307684,440957815,0xdf92529f,1,5,48000,124992,-1,547201840,28490,,,742272
1089,479324140,440957815,0xdf92529f,1,5,48000,253477,-1,304252144,55147,,,742784
1090,479769865,440957815,0xdf92529f,1,5,48000,153813,-1,183942304,34647,,,743408
1091,479837648,440957815,0xdf92529f,1,5,48000,279083,-1,328472944,54082,,,743936
1092,480008747,440957815,0xdf92529f,1,5,48000,275946,-1,189522832,63972,,,744608
1093,480402959,440957815,0xdf92529f,1,5,48000,190552,-1,427373744,38957,,,745216
1094,480412813,440957815,0xdf92529f,1,5,48000,199184,-1,214695104,41375,,,745808
1095,480707437,440957815,0xdf92529f,1,5,48000,313448,-1,285800480,69121,,,746352
1096,481007976,440957815,0xdf92529f,1,5,48000,90699,-1,152320992,17286,,,747008
1097,481042699,440957815,0xdf92529f,1,5,48000,69520,-1,16006688,10426,,,747488
1098,481062697,440957815,0xdf92529f,1,5,48000,241211,-1,127337200,59642,,,747936
1099,481521484,440957815,0xdf92529f,1,5,48000,258821,-1,197082048,48614,,,748544
1100,482757521,440957815,0xdf92529f,1,5,48000,165915,-1,169178224,31775,,,749184
1101,483903747,440957815,0xdf92529f,1,5,48000,90566,-1,466514176,18873,,,749728
1102,484067910,440957815,0xdf92529f,1,5,48000,338501,-1,458543072,83995,,,750208
1103,485162498,440957815,0xdf92529f,1,5,48000,385682,-1,325204336,85802,,,750880
1104,485271940,440957815,0xdf92529f,1,5,48000,141785,-1,314940736,27664,,,751552
1105,486338952,440957815,0xdf92529f,1,5,48000,390164,-1,415295584,90444,,,752096
1106,486914117,440957815,0xdf92529f,1,5,48000,339088,-1,339404928,83173,,,752832
1107,488173889,440957815,0xdf92529f,1,5,48000,133128,-1,41108656,29057,,,753520
1108,488716373,440957815,0xdf92529f,1,5,48000,254886,-1,141516192,57288,,,754032
1109,489886313,440957815,0xdf92529f,1,5,48000,16637,-1,177321376,7384,,,754640
1110,491024680,440957815,0xdf92529f,1,5,48000,193195,-1,396054928,56809,,,755088
1111,492416998,440957815,0xdf92529f,1,5,48000,288900,-1,425601424,62382,,,755632
1112,492722578,440957815,0xdf92529f,1,5,48000,313327,-1,477444336,82791,,,756304
1113,494025309,440957815,0xdf92529f,1,5,48000,189296,-1,319590240,43008,,,756960
1114,496288873,440957815,0xdf92529f,1,5,48000,254934,-1,507537232,62148,,,757536
1115,496328749,440957815,0xdf92529f,1,5,48000,84741,-1,241923104,12573,,,758160
1116,496415792,440957815,0xdf92529f,1,5,48000,313004,-1,195347568,82019,,,758624
1117,497048199,440957815,0xdf92529f,1,5,48000,346386,-1,484504768,79083,,,759264
1118,497341802,440957815,0xdf92529f,1,5,48000,388860,-1,487444720,103985,,,759936
1119,497524463,440957815,0xdf92529f,1,5,48000,468055,-1,131429616,117280,,,760736
1120,497579184,440957815,0xdf92529f,1,5,48000,176474,-1,107329264,36491,,,761520
1121,497688626,440957815,0xdf92529f,1,5,48000,94639,-1,65607824,17127,,,762080
1122,497743347,440957815,0xdf92529f,1,5,48000,291010,-1,48616624,66186,,,762576
1123,497852789,440957815,0xdf92529f,1,5,48000,367030,-1,3979536,84627,,,763200
1124,497983250,440957815,0xdf92529f,1,5,48000,302069,-1,201129568,59363,,,763904
1125,498348376,440957815,0xdf92529f,1,5,48000,17250,-1,401936368,7094,,,764576
1126,499440245,440957815,0xdf92529f,1,5,48000,252490,-1,125596416,56074,,,765008
1127,499792111,440957815,0xdf92529f,1,5,48000,367555,-1,526007536,103098,,,765616
1128,501384361,440957815,0xdf92529f,1,5,48000,95568,-1,248815584,19213,,,766336
1129,502225553,440957815,0xdf92529f,1,5,48000,256693,-1,444284544,70305,,,766800
1130,502267212,440957815,0xdf92529f,1,5,48000,340121,-1,375426352,96243,,,767424
1131,502787656,440957815,0xdf92529f,1,5,48000,386280,-1,286567680,94245,,,768112
1132,502842377,440957815,0xdf92529f,1,5,48000,329714,-1,280239152,91069,,,768816
1133,503026538,440957815,0xdf92529f,1,5,48000,138348,-1,297065552,28496,,,769472
1134,503161190,440957815,0xdf92529f,1,5,48000,59877,-1,209840032,24366,,,770000
1135,503457541,440957815,0xdf92529f,1,5,48000,58320,-1,248649008,17754,,,770480
1136,503601703,440957815,0xdf92529f,1,5,48000,152617,-1,197928832,32585,,,770960
1137,503725228,440957815,0xdf92529f,1,5,48000,225637,-1,388350784,73070,,,771472
1138,503765866,440957815,0xdf92529f,1,5,48000,282330,-1,182779472,58569,,,772064
1139,503834982,440957815,0xdf92529f,1,5,48000,204783,-1,310705984,45384,,,772672
1140,504354093,440957815,0xdf92529f,1,5,48000,309837,-1,220999728,75142,,,773264
1141,504710374,440957815,0xdf92529f,1,5,48000,211635,-1,137911264,48056,,,773904
1142,504765095,440957815,0xdf92529f,1,5,48000,119642,-1,112787616,27442,,,774480
1143,504874537,440957815,0xdf92529f,1,5,48000,204795,-1,70767680,52276,,,774960
1144,504929258,440957815,0xdf92529f,1,5,48000,187433,-1,52971536,38033,,,775536
1145,504983979,440957815,0xdf92529f,1,5,48000,194950,-1,33833568,43415,,,776112
1146,505038700,440957815,0xdf92529f,1,5,48000,405655,-1,10689856,95549,,,776672
1147,505058698,440957815,0xdf92529f,1,5,48000,281763,-1,121777952,69400,,,777392
1148,505222861,440957815,0xdf92529f,1,5,48000,225855,-1,61140400,43493,,,778016
1149,506790319,440957815,0xdf92529f,1,5,48000,88077,-1,66102784,15345,,,778592
1150,507899748,440957815,0xdf92529f,1,5,48000,307604,-1,460287296,87644,,,779056
1151,508289731,440957815,0xdf92529f,1,5,48000,200081,-1,406524448,38990,,,779712
1152,508761610,440957815,0xdf92529f,1,5,48000,31320,-1,1444080,12762,,,780272
1153,509603626,440957815,0xdf92529f,1,5,48000,165195,-1,307299728,36683,,,780720
1154,510489612,440957815,0xdf92529f,1,5,48000,102974,-1,178105936,37432,,,781264
1155,510616515,440957815,0xdf92529f,1,5,48000,355922,-1,337025536,74621,,,781760
1156,510951777,440957815,0xdf92529f,1,5,48000,229378,-1,184510336,53792,,,782432
1157,511184744,440957815,0xdf92529f,1,5,48000,324089,-1,354865136,103861,,,783008
1158,511327246,440957815,0xdf92529f,1,5,48000,378175,-1,446291312,91463,,,783712
1159,511423626,440957815,0xdf92529f,1,5,48000,325688,-1,370414032,83149,,,784432
1160,511553066,440957815,0xdf92529f,1,5,48000,375215,-1,392732144,90331,,,785088
1161,511713682,440957815,0xdf92529f,1,5,48000,249210,-1,161939312,54494,,,785776
1162,511889349,440957815,0xdf92529f,1,5,48000,211594,-1,287928592,48449,,,786400
1163,511902411,440957815,0xdf92529f,1,5,48000,471892,-1,420406896,98097,,,786992
1164,512224611,440957815,0xdf92529f,1,5,48000,208170,-1,17799504,50505,,,787776
1165,513190602,440957815,0xdf92529f,1,5,48000,319562,-1,166106320,76989,,,788352
1166,513486953,440957815,0xdf92529f,1,5,48000,92099,-1,204111648,19524,,,789024
1167,514686419,440957815,0xdf92529f,1,5,48000,500940,-1,518902992,154020,,,789488
1168,515329367,440957815,0xdf92529f,1,5,48000,451563,-1,533177536,120245,,,790256
1169,516348596,440957815,0xdf92529f,1,5,48000,122710,-1,451407040,32280,,,790992
1170,517269607,440957815,0xdf92529f,1,5,48000,120104,-1,568226352,28841,,,791456
1171,517279851,440957815,0xdf92529f,1,5,48000,172951,-1,402297952,48401,,,791936
1172,518793778,440957815,0xdf92529f,1,5,48000,167132,-1,450935760,35755,,,792528
1173,518984580,440957815,0xdf92529f,1,5,48000,206595,-1,351725680,45644,,,793072
1174,520243215,440957815,0xdf92529f,1,5,48000,112911,-1,552075072,24186,,,793664
1175,521520464,440957815,0xdf92529f,1,5,48000,215084,-1,126172880,50015,,,794160
1176,521575185,440957815,0xdf92529f,1,5,48000,227992,-1,104098000,53910,,,794784
1177,521629906,440957815,0xdf92529f,1,5,48000,288194,-1,82308032,65723,,,795376
1178,523014703,440957815,0xdf92529f,1,5,48000,287129,-1,483278496,85724,,,796000
1179,523087922,440957815,0xdf92529f,1,5,48000,218969,-1,136832016,50972,,,796672
1180,523425936,440957815,0xdf92529f,1,5,48000,118327,-1,423343744,23223,,,797248
1181,523493488,440957815,0xdf92529f,1,5,48000,417855,-1,498684320,77408,,,797728
1182,526208492,440957815,0xdf92529f,1,5,48000,388082,-1,380194096,139623,,,798448
1183,526838378,440957815,0xdf92529f,1,5,48000,264807,-1,278896304,51524,,,799152
1184,528004291,440957815,0xdf92529f,1,5,48000,236589,-1,529687536,65058,,,799776
1185,528124274,440957815,0xdf92529f,1,5,48000,339675,-1,378315648,81448,,,800352
1186,528146553,440957815,0xdf92529f,1,5,48000,206598,-1,466762064,50496,,,801072
1187,528460557,440957815,0xdf92529f,1,5,48000,95277,-1,274905584,16970,,,801648
1188,528815817,440957815,0xdf92529f,1,5,48000,254751,-1,87483792,65849,,,802128
1189,528867144,440957815,0xdf92529f,1,5,48000,94578,-1,547284784,18426,,,802720
1190,528870538,440957815,0xdf92529f,1,5,48000,111735,-1,66540576,14861,,,803200
1191,528925259,440957815,0xdf92529f,1,5,48000,110572,-1,49338496,20289,,,803696
1192,528979980,440957815,0xdf92529f,1,5,48000,229583,-1,30871648,46286,,,804208
1193,529034701,440957815,0xdf92529f,1,5,48000,267171,-1,6356192,68339,,,804784
1194,529054699,440957815,0xdf92529f,1,5,48000,139361,-1,117094976,26658,,,805424
1195,529109420,440957815,0xdf92529f,1,5,48000,312774,-1,98374192,64048,,,805952
1196,529274604,440957815,0xdf92529f,1,5,48000,231855,-1,187926784,57153,,,806640
1197,530402564,440957815,0xdf92529f,1,5,48000,248428,-1,208890576,61659,,,807264
1198,530437996,440957815,0xdf92529f,1,5,48000,292582,-1,75036928,63431,,,807824
1199,530841041,440957815,0xdf92529f,1,5,48000,85290,-1,45361904,14715,,,808464
1200,533407465,440957815,0xdf92529f,1,5,48000,266454,-1,447210272,88265,,,808944
1201,533982630,440957815,0xdf92529f,1,5,48000,186735,-1,421605744,36971,,,809552
1202,534079010,440957815,0xdf92529f,1,5,48000,377879,-1,272866272,78702,,,810112
1203,534201514,440957815,0xdf92529f,1,5,48000,115783,-1,404855568,24649,,,810848
1204,534557795,440957815,0xdf92529f,1,5,48000,200281,-1,344340560,34586,,,811328
1205,534762163,440957815,0xdf92529f,1,5,48000,142469,-1,158517280,29419,,,811888
1206,534779200,440957815,0xdf92529f,1,5,48000,73837,-1,547593968,11704,,,812400
1207,535016582,440957815,0xdf92529f,1,5,48000,539729,-1,377190544,138492,,,812864
1208,535898412,440957815,0xdf92529f,1,5,48000,327669,-1,415460128,72677,,,813712
1209,536239083,440957815,0xdf92529f,1,5,48000,312660,-1,161543104,65614,,,814320
1210,536822922,440957815,0xdf92529f,1,5,48000,362327,-1,382519248,105218,,,814944
1211,536863560,440957815,0xdf92529f,1,5,48000,239213,-1,180265264,51460,,,815600
1212,537158184,440957815,0xdf92529f,1,5,48000,216345,-1,216895216,46973,,,816224
1213,537248246,440957815,0xdf92529f,1,5,48000,81063,-1,467028512,14772,,,816784
1214,538263436,440957815,0xdf92529f,1,5,48000,129652,-1,241293104,30051,,,817264
1215,538559787,440957815,0xdf92529f,1,5,48000,135865,-1,306690192,28177,,,817776
1216,540949392,440957815,0xdf92529f,1,5,48000,91324,-1,481081360,18186,,,818272
1217,541093822,440957815,0xdf92529f,1,5,48000,154874,-1,403645952,36261,,,818736
1218,541805252,440957815,0xdf92529f,1,5,48000,60951,-1,402179152,18842,,,819264
1219,542282038,440957815,0xdf92529f,1,5,48000,273227,-1,477839776,54304,,,819744
1220,543180703,440957815,0xdf92529f,1,5,48000,392522,-1,274038528,89021,,,820384
1221,543584769,440957815,0xdf92529f,1,5,48000,162677,-1,319733920,37754,,,821120
1222,544280875,440957815,0xdf92529f,1,5,48000,209706,-1,505239904,69028,,,821664
1223,544450665,440957815,0xdf92529f,1,5,48000,112975,-1,501488608,17493,,,822256
1224,545461744,440957815,0xdf92529f,1,5,48000,238877,-1,146838448,54041,,,822768
1225,545516465,440957815,0xdf92529f,1,5,48000,294005,-1,120864064,51924,,,823376
1226,546029973,440957815,0xdf92529f,1,5,48000,105621,-1,190181216,18569,,,824064
1227,546511279,440957815,0xdf92529f,1,5,48000,401932,-1,536309312,109386,,,824528
1228,546595897,440957815,0xdf92529f,1,5,48000,444462,-1,454527968,111047,,,825296
1229,547083923,440957815,0xdf92529f,1,5,48000,188966,-1,131929872,47891,,,826048
1230,547138644,440957815,0xdf92529f,1,5,48000,153396,-1,107596704,26589,,,826592
1231,547900491,440957815,0xdf92529f,1,5,48000,402560,-1,472430304,110050,,,827120
1232,551243730,440957815,0xdf92529f,1,5,48000,78484,-1,210189616,31338,,,827856
1233,551785013,440957815,0xdf92529f,1,5,48000,266983,-1,444574944,77628,,,828336
1234,551826672,440957815,0xdf92529f,1,5,48000,349762,-1,375877264,112647,,,828960
1235,551936114,440957815,0xdf92529f,1,5,48000,411706,-1,359113504,139021,,,829648
1236,552014375,440957815,0xdf92529f,1,5,48000,254517,-1,559441200,68524,,,830384
1237,552052492,440957815,0xdf92529f,1,5,48000,264126,-1,215338608,73748,,,830976
1238,552236653,440957815,0xdf92529f,1,5,48000,323534,-1,231220720,111146,,,831600
1239,552627657,440957815,0xdf92529f,1,5,48000,131331,-1,37650848,25294,,,832256
1240,552753703,440957815,0xdf92529f,1,5,48000,129105,-1,550248864,26115,,,832768
1241,552921260,440957815,0xdf92529f,1,5,48000,354066,-1,46118752,70198,,,833264
1242,553510508,440957815,0xdf92529f,1,5,48000,236861,-1,229519040,77165,,,833984
1243,553913553,440957815,0xdf92529f,1,5,48000,342986,-1,221457600,88529,,,834608
1244,554141894,440957815,0xdf92529f,1,5,48000,196103,-1,484153456,53006,,,835248
1245,554324555,440957815,0xdf92529f,1,5,48000,251358,-1,112906736,49333,,,835840
1246,554488718,440957815,0xdf92529f,1,5,48000,123929,-1,53074608,22465,,,836464
1247,554618158,440957815,0xdf92529f,1,5,48000,289231,-1,122021376,63867,,,836976
1248,554782321,440957815,0xdf92529f,1,5,48000,339294,-1,61183936,77100,,,837600
1249,554970024,440957815,0xdf92529f,1,5,48000,295956,-1,521489248,72221,,,838320
1250,556185616,440957815,0xdf92529f,1,5,48000,87877,-1,133618352,14914,,,838912
1251,556479219,440957815,0xdf92529f,1,5,48000,214836,-1,143789088,47433,,,839376
1252,558129732,440957815,0xdf92529f,1,5,48000,436410,-1,257050320,104581,,,839968
1253,558663238,440957815,0xdf92529f,1,5,48000,517000,-1,329339792,127041,,,840784
1254,558841484,440957815,0xdf92529f,1,5,48000,307306,-1,438561072,99564,,,841616
1255,559936072,440957815,0xdf92529f,1,5,48000,218123,-1,278042656,43978,,,842272
1256,560045514,440957815,0xdf92529f,1,5,48000,143663,-1,250223024,38873,,,842896
1257,561112526,440957815,0xdf92529f,1,5,48000,152659,-1,393272880,33057,,,843392
1258,561687691,440957815,0xdf92529f,1,5,48000,251432,-1,298334976,43515,,,843920
1259,561784071,440957815,0xdf92529f,1,5,48000,433463,-1,18065232,108038,,,844528
1260,562494254,440957815,0xdf92529f,1,5,48000,44396,-1,177390880,16966,,,845264
1261,562750062,440957815,0xdf92529f,1,5,48000,214688,-1,168794912,52524,,,845728
1262,563535690,440957815,0xdf92529f,1,5,48000,89728,-1,72097440,17019,,,846336
1263,563632621,440957815,0xdf92529f,1,5,48000,269948,-1,396281664,55597,,,846800
1264,563896534,440957815,0xdf92529f,1,5,48000,261416,-1,499503808,42071,,,847456
1265,563926431,440957815,0xdf92529f,1,5,48000,233116,-1,428322704,82313,,,848064
1266,565195244,440957815,0xdf92529f,1,5,48000,128654,-1,156738208,29083,,,848624
1267,565243250,440957815,0xdf92529f,1,5,48000,304900,-1,351104992,72138,,,849136
1268,565664988,440957815,0xdf92529f,1,5,48000,189733,-1,320139024,51146,,,849792
1269,565958591,440957815,0xdf92529f,1,5,48000,366912,-1,321507456,87352,,,850352
1270,566278039,440957815,0xdf92529f,1,5,48000,185424,-1,469714176,51092,,,851104
1271,566291878,440957815,0xdf92529f,1,5,48000,43160,-1,314137552,15379,,,851632
1272,566307936,440957815,0xdf92529f,1,5,48000,148392,-1,366254256,46739,,,852096
1273,566656260,440957815,0xdf92529f,1,5,48000,461315,-1,357215376,155458,,,852640
1274,567526049,440957815,0xdf92529f,1,5,48000,214784,-1,323457216,44959,,,853504
1275,568798883,440957815,0xdf92529f,1,5,48000,264183,-1,264736240,71826,,,854096
1276,569512466,440957815,0xdf92529f,1,5,48000,214292,-1,116342432,46159,,,854736
1277,571079924,440957815,0xdf92529f,1,5,48000,256433,-1,126344368,63257,,,855312
1278,571134645,440957815,0xdf92529f,1,5,48000,190528,-1,104350752,40242,,,855936
1279,571244087,440957815,0xdf92529f,1,5,48000,136083,-1,62584720,27401,,,856480
1280,571298808,440957815,0xdf92529f,1,5,48000,129202,-1,44501520,30692,,,856976
1281,572116397,440957815,0xdf92529f,1,5,48000,102446,-1,491683088,17914,,,857456
1282,573052948,440957815,0xdf92529f,1,5,48000,351482,-1,499020224,71831,,,857936
1283,573223174,440957815,0xdf92529f,1,5,48000,272904,-1,565290384,78813,,,858624
1284,575767952,440957815,0xdf92529f,1,5,48000,217721,-1,380676912,77350,,,859280
1285,575769131,440957815,0xdf92529f,1,5,48000,48005,-1,209986944,21108,,,859872
1286,575773857,440957815,0xdf92529f,1,5,48000,110996,-1,170049488,17979,,,860336
1287,576452559,440957815,0xdf92529f,1,5,48000,169402,-1,269791664,35181,,,860816
1288,576568937,440957815,0xdf92529f,1,5,48000,381226,-1,53492544,91489,,,861360
1289,576859146,440957815,0xdf92529f,1,5,48000,81675,-1,546604144,14236,,,862064
1290,576931344,440957815,0xdf92529f,1,5,48000,242792,-1,338744352,57798,,,862528
1291,577098028,440957815,0xdf92529f,1,5,48000,137316,-1,548722464,25183,,,863104
1292,577214406,440957815,0xdf92529f,1,5,48000,241038,-1,509814320,53550,,,863664
1293,577321327,440957815,0xdf92529f,1,5,48000,352986,-1,179986976,77719,,,864320
1294,577563751,440957815,0xdf92529f,1,5,48000,344589,-1,530146080,95677,,,865056
1295,577693191,440957815,0xdf92529f,1,5,48000,397215,-1,539875200,100818,,,865744
1296,578191116,440957815,0xdf92529f,1,5,48000,161405,-1,40344560,35414,,,866496
1297,578245837,440957815,0xdf92529f,1,5,48000,154434,-1,21070208,32708,,,867024
1298,578265835,440957815,0xdf92529f,1,5,48000,267048,-1,134157792,61253,,,867552
1299,578340917,440957815,0xdf92529f,1,5,48000,45165,-1,401534160,14846,,,868176
1300,578429998,440957815,0xdf92529f,1,5,48000,143154,-1,66661200,26745,,,868656
1301,578484719,440957815,0xdf92529f,1,5,48000,217572,-1,49358832,42941,,,869168
1302,578539440,440957815,0xdf92529f,1,5,48000,364041,-1,31035328,76782,,,869776
1303,578559438,440957815,0xdf92529f,1,5,48000,74826,-1,144327776,13039,,,870480
1304,578849647,440957815,0xdf92529f,1,5,48000,106738,-1,553725856,22471,,,870944
1305,579072946,440957815,0xdf92529f,1,5,48000,104812,-1,194800688,16617,,,871424
1306,580181617,440957815,0xdf92529f,1,5,48000,255544,-1,127651696,60606,,,871904
1307,582139816,440957815,0xdf92529f,1,5,48000,478622,-1,432836704,167896,,,872528
1308,583097553,440957815,0xdf92529f,1,5,48000,36657,-1,178230992,12571,,,873280
1309,583118026,440957815,0xdf92529f,1,5,48000,442504,-1,359903344,105754,,,873744
1310,583192745,440957815,0xdf92529f,1,5,48000,429826,-1,394479440,127858,,,874560
1311,583412650,440957815,0xdf92529f,1,5,48000,394780,-1,407407872,80148,,,875264
1312,583542090,440957815,0xdf92529f,1,5,48000,382290,-1,421840704,69805,,,875984
1313,583638470,440957815,0xdf92529f,1,5,48000,169432,-1,273078256,31536,,,876640
1314,583767910,440957815,0xdf92529f,1,5,48000,191379,-1,298996064,39242,,,877168
1315,583946156,440957815,0xdf92529f,1,5,48000,373949,-1,434193296,114760,,,877696
1316,584042536,440957815,0xdf92529f,1,5,48000,263715,-1,319170656,53272,,,878448
1317,584321623,440957815,0xdf92529f,1,5,48000,317756,-1,162270656,73865,,,879088
1318,585260649,440957815,0xdf92529f,1,5,48000,311393,-1,267116576,53284,,,879728
1319,585280647,440957815,0xdf92529f,1,5,48000,257185,-1,306164912,50332,,,880448
1320,585561188,440957815,0xdf92529f,1,5,48000,299069,-1,95774032,70027,,,881040
1321,585780072,440957815,0xdf92529f,1,5,48000,338300,-1,12416096,66695,,,881696
1322,585798543,440957815,0xdf92529f,1,5,48000,396425,-1,166428016,92662,,,882368
1323,586019975,440957815,0xdf92529f,1,5,48000,300734,-1,188868944,68857,,,883104
1324,586094894,440957815,0xdf92529f,1,5,48000,198758,-1,204272224,42224,,,883744
1325,586423020,440957815,0xdf92529f,1,5,48000,177427,-1,180571872,41224,,,884288
1326,586552808,440957815,0xdf92529f,1,5,48000,172445,-1,566239680,43003,,,884848
1327,586681703,440957815,0xdf92529f,1,5,48000,123801,-1,526683568,24672,,,885360
1328,587292809,440957815,0xdf92529f,1,5,48000,328709,-1,41621296,77152,,,885856
1329,587476970,440957815,0xdf92529f,1,5,48000,233655,-1,89298016,54567,,,886528
1330,588956537,440957815,0xdf92529f,1,5,48000,113349,-1,451616416,30589,,,887120
1331,589596167,440957815,0xdf92529f,1,5,48000,96101,-1,307037040,16561,,,887616
1332,589887792,440957815,0xdf92529f,1,5,48000,94907,-1,402444416,31281,,,888080
1333,590623212,440957815,0xdf92529f,1,5,48000,158301,-1,177042896,36055,,,888576
1334,590879102,440957815,0xdf92529f,1,5,48000,271104,-1,265249504,66825,,,889088
1335,590892164,440957815,0xdf92529f,1,5,48000,415933,-1,409677904,92530,,,889680
1336,591401719,440957815,0xdf92529f,1,5,48000,99978,-1,451102608,21595,,,890400
1337,591810832,440957815,0xdf92529f,1,5,48000,209020,-1,246930416,66871,,,890880
1338,592794884,440957815,0xdf92529f,1,5,48000,86535,-1,260196608,15746,,,891456
1339,593218948,440957815,0xdf92529f,1,5,48000,406287,-1,345734288,90081,,,891936
1340,595021204,440957815,0xdf92529f,1,5,48000,191853,-1,146904336,40826,,,892688
1341,595130646,440957815,0xdf92529f,1,5,48000,218895,-1,100560192,32668,,,893264
1342,595427791,440957815,0xdf92529f,1,5,48000,343226,-1,520936976,91389,,,893856
1343,596033877,440957815,0xdf92529f,1,5,48000,76987,-1,423438432,12061,,,894496
1344,596070739,440957815,0xdf92529f,1,5,48000,308942,-1,536763568,68868,,,894960
1345,596643383,440957815,0xdf92529f,1,5,48000,388042,-1,132232992,82366,,,895616
1346,597444995,440957815,0xdf92529f,1,5,48000,379136,-1,562753776,83732,,,896368
1347,597459951,440957815,0xdf92529f,1,5,48000,309000,-1,472766800,88401,,,897056
1348,600619659,440957815,0xdf92529f,1,5,48000,171857,-1,31750912,29637,,,897712
1349,600745705,440957815,0xdf92529f,1,5,48000,89165,-1,549630672,15439,,,898240
1350,600754494,440957815,0xdf92529f,1,5,48000,184184,-1,466917888,42968,,,898720
1351,601570293,440957815,0xdf92529f,1,5,48000,114672,-1,391413472,28799,,,899280
1352,602022954,440957815,0xdf92529f,1,5,48000,287568,-1,98014192,71298,,,899760
1353,602132396,440957815,0xdf92529f,1,5,48000,247073,-1,58210048,63908,,,900400
1354,602187117,440957815,0xdf92529f,1,5,48000,307919,-1,37838864,64630,,,901008
1355,602207115,440957815,0xdf92529f,1,5,48000,282524,-1,153335696,72854,,,901712
1356,602241838,440957815,0xdf92529f,1,5,48000,157954,-1,17333536,37243,,,902352
1357,602316557,440957815,0xdf92529f,1,5,48000,347646,-1,105381664,85213,,,902896
1358,602425999,440957815,0xdf92529f,1,5,48000,245431,-1,63427152,51218,,,903616
1359,602480720,440957815,0xdf92529f,1,5,48000,70788,-1,46425600,11719,,,904240
1360,602535441,440957815,0xdf92529f,1,5,48000,233820,-1,26278848,49081,,,904688
1361,602871044,440957815,0xdf92529f,1,5,48000,125268,-1,347915824,26983,,,905312
1362,603418477,440957815,0xdf92529f,1,5,48000,82687,-1,423102896,12461,,,905792
1363,603757030,440957815,0xdf92529f,1,5,48000,127308,-1,210572608,45028,,,906240
1364,603783729,440957815,0xdf92529f,1,5,48000,106353,-1,492075584,22728,,,906784
1365,603824871,440957815,0xdf92529f,1,5,48000,319501,-1,244842208,101702,,,907280
1366,604232339,440957815,0xdf92529f,1,5,48000,266196,-1,101171424,65360,,,907936
1367,604529484,440957815,0xdf92529f,1,5,48000,275991,-1,521782832,84635,,,908544
1368,606471079,440957815,0xdf92529f,1,5,48000,320101,-1,315389648,71972,,,909152
1369,606720850,440957815,0xdf92529f,1,5,48000,457916,-1,561732416,99454,,,909824
1370,606949864,440957815,0xdf92529f,1,5,48000,414741,-1,381219568,107602,,,910624
1371,607340868,440957815,0xdf92529f,1,5,48000,359295,-1,267494720,85429,,,911376
1372,607408651,440957815,0xdf92529f,1,5,48000,205421,-1,406640896,47483,,,912064
1373,607634471,440957815,0xdf92529f,1,5,48000,380944,-1,270849456,100024,,,912640
1374,608113256,440957815,0xdf92529f,1,5,48000,285064,-1,340221232,67764,,,913360
1375,608167977,440957815,0xdf92529f,1,5,48000,203813,-1,335274944,41373,,,913952
1376,608279940,440957815,0xdf92529f,1,5,48000,269760,-1,549014048,58058,,,914528
1377,608462601,440957815,0xdf92529f,1,5,48000,496584,-1,383797136,127872,,,915136
1378,608503239,440957815,0xdf92529f,1,5,48000,238986,-1,181349200,59774,,,915904
1379,609036745,440957815,0xdf92529f,1,5,48000,156794,-1,223357840,38089,,,916480
1380,609256650,440957815,0xdf92529f,1,5,48000,261255,-1,264343424,69685,,,916992
1381,609331369,440957815,0xdf92529f,1,5,48000,215192,-1,302482128,49505,,,917616
1382,609557189,440957815,0xdf92529f,1,5,48000,203266,-1,89898448,40907,,,918208
1383,609721352,440957815,0xdf92529f,1,5,48000,83838,-1,32237488,14488,,,918768
1384,609776073,440957815,0xdf92529f,1,5,48000,415725,-1,8096800,101712,,,919232
1385,609856187,440957815,0xdf92529f,1,5,48000,90773,-1,467104480,16886,,,919952
1386,609902119,440957815,0xdf92529f,1,5,48000,177603,-1,547738816,40288,,,920432
1387,610195722,440957815,0xdf92529f,1,5,48000,95611,-1,548123760,17981,,,921008
1388,610494761,440957815,0xdf92529f,1,5,48000,371699,-1,238948352,104708,,,921472
1389,611472971,440957815,0xdf92529f,1,5,48000,130986,-1,83674816,28077,,,922192
1390,611582413,440957815,0xdf92529f,1,5,48000,322240,-1,47116224,80450,,,922688
1391,611822316,440957815,0xdf92529f,1,5,48000,300923,-1,199151936,73110,,,923344
1392,613455994,440957815,0xdf92529f,1,5,48000,391492,-1,499626464,72113,,,924000
1393,613921717,440957815,0xdf92529f,1,5,48000,183574,-1,479333488,43867,,,924768
1394,613964676,440957815,0xdf92529f,1,5,48000,200191,-1,440400192,50460,,,925328
1395,614364174,440957815,0xdf92529f,1,5,48000,195273,-1,567504672,46497,,,925904
1396,614413193,440957815,0xdf92529f,1,5,48000,64538,-1,402262384,19611,,,926464
1397,614754704,440957815,0xdf92529f,1,5,48000,150228,-1,158125136,34934,,,926960
1398,615867396,440957815,0xdf92529f,1,5,48000,358696,-1,366528944,94687,,,927472
1399,616215720,440957815,0xdf92529f,1,5,48000,129864,-1,357774304,27830,,,928192
1400,616231624,440957815,0xdf92529f,1,5,48000,253786,-1,160615040,58972,,,928688
1401,616693354,440957815,0xdf92529f,1,5,48000,75161,-1,436079888,11111,,,929280
1402,617058606,440957815,0xdf92529f,1,5,48000,68429,-1,501573056,10820,,,929728
1403,617140230,440957815,0xdf92529f,1,5,48000,207539,-1,317333440,40187,,,930176
1404,617527888,440957815,0xdf92529f,1,5,48000,4867587,-1,242385360,1828832,,,930784
1405,617564294,440957815,0xdf92529f,1,5,48000,179596,-1,385798352,40774,,,935568
1406,618150958,440957815,0xdf92529f,1,5,48000,351923,-1,538191264,83728,,,936128
1407,618529442,440957815,0xdf92529f,1,5,48000,134678,-1,23696656,27742,,,936832
1408,620584663,440957815,0xdf92529f,1,5,48000,276346,-1,151473280,67227,,,937376
1409,621326512,440957815,0xdf92529f,1,5,48000,155269,-1,468871600,26005,,,938048
1410,623851671,440957815,0xdf92529f,1,5,48000,44995,-1,210316816,18009,,,938576
1411,624910284,440957815,0xdf92529f,1,5,48000,96556,-1,187436320,16755,,,939040
1412,626018955,440957815,0xdf92529f,1,5,48000,209699,-1,94157872,40357,,,939504
1413,626073676,440957815,0xdf92529f,1,5,48000,297258,-1,71796880,68868,,,940080
1414,626128397,440957815,0xdf92529f,1,5,48000,189175,-1,53845296,40111,,,940768
1415,626237839,440957815,0xdf92529f,1,5,48000,155324,-1,11518608,36486,,,941312
1416,626609703,440957815,0xdf92529f,1,5,48000,394026,-1,522560448,81678,,,941824
1417,627123211,440957815,0xdf92529f,1,5,48000,359451,-1,530555328,91890,,,942480
1418,627880016,440957815,0xdf92529f,1,5,48000,100592,-1,108586000,18322,,,943136
1419,627934737,440957815,0xdf92529f,1,5,48000,375776,-1,87897472,88205,,,943600
1420,627989458,440957815,0xdf92529f,1,5,48000,102839,-1,66801728,19325,,,944304
1421,628118898,440957815,0xdf92529f,1,5,48000,229532,-1,144441552,54872,,,944784
1422,628641863,440957815,0xdf92529f,1,5,48000,316167,-1,475783984,80507,,,945376
1423,630392453,440957815,0xdf92529f,1,5,48000,264081,-1,173987152,69125,,,946032
1424,631000586,440957815,0xdf92529f,1,5,48000,143425,-1,373280192,31842,,,946640
1425,631295210,440957815,0xdf92529f,1,5,48000,200782,-1,413700784,36158,,,947184
1426,631336869,440957815,0xdf92529f,1,5,48000,243434,-1,264659776,57172,,,947744
1427,631685193,440957815,0xdf92529f,1,5,48000,329953,-1,251119712,77697,,,948336
1428,632218699,440957815,0xdf92529f,1,5,48000,266290,-1,328812528,55055,,,949024
1429,632500261,440957815,0xdf92529f,1,5,48000,302307,-1,212877968,83610,,,949664
1430,632526385,440957815,0xdf92529f,1,5,48000,370938,-1,447704304,116271,,,950304
1431,632677486,440957815,0xdf92529f,1,5,48000,287880,-1,360149440,74863,,,951024
1432,633272649,440957815,0xdf92529f,1,5,48000,370830,-1,304963872,83580,,,951632
1433,633327370,440957815,0xdf92529f,1,5,48000,379043,-1,299334176,112626,,,952336
1434,633369029,440957815,0xdf92529f,1,5,48000,318063,-1,39191776,70346,,,953072
1435,633662632,440957815,0xdf92529f,1,5,48000,363572,-1,47870464,71838,,,953744
1436,633731436,440957815,0xdf92529f,1,5,48000,124818,-1,335667952,25345,,,954432
1437,633772074,440957815,0xdf92529f,1,5,48000,68366,-1,2683360,10942,,,954944
1438,633902535,440957815,0xdf92529f,1,5,48000,267943,-1,199917008,61928,,,955392
1439,634082281,440957815,0xdf92529f,1,5,48000,90932,-1,551580912,17111,,,956032
1440,634971471,440957815,0xdf92529f,1,5,48000,237643,-1,399651824,70769,,,956496
1441,635284811,440957815,0xdf92529f,1,5,48000,185614,-1,35590144,31862,,,957104
1442,635358003,440957815,0xdf92529f,1,5,48000,175620,-1,168907136,44107,,,957696
1443,635359530,440957815,0xdf92529f,1,5,48000,370825,-1,124470368,85450,,,958224
1444,636926988,440957815,0xdf92529f,1,5,48000,199791,-1,135667472,51865,,,958928
1445,636981709,440957815,0xdf92529f,1,5,48000,117503,-1,109607712,26769,,,959520
1446,637803185,440957815,0xdf92529f,1,5,48000,128009,-1,156891424,27547,,,960016
1447,638144838,440957815,0xdf92529f,1,5,48000,236717,-1,442060336,52646,,,960512
1448,639220449,440957815,0xdf92529f,1,5,48000,70396,-1,317898672,10226,,,961088
1449,639644513,440957815,0xdf92529f,1,5,48000,262542,-1,386514816,57365,,,961536
1450,640383841,440957815,0xdf92529f,1,5,48000,268208,-1,276119584,66004,,,962160
1451,640451624,440957815,0xdf92529f,1,5,48000,271746,-1,409974096,64215,,,962768
1452,641429834,440957815,0xdf92529f,1,5,48000,344334,-1,320700368,81407,,,963376
1453,641895557,440957815,0xdf92529f,1,5,48000,153351,-1,216296800,41810,,,964080
1454,642525443,440957815,0xdf92529f,1,5,48000,313762,-1,19755216,67371,,,964592
1455,642778408,440957815,0xdf92529f,1,5,48000,178807,-1,346104080,34545,,,965232
1456,644159121,440957815,0xdf92529f,1,5,48000,132123,-1,483764912,28262,,,965792
1457,644511148,440957815,0xdf92529f,1,5,48000,83863,-1,247838656,32844,,,966320
1458,644580664,440957815,0xdf92529f,1,5,48000,440255,-1,146997072,111935,,,966784
1459,644987251,440957815,0xdf92529f,1,5,48000,286492,-1,521113840,96598,,,967632
1460,645187785,440957815,0xdf92529f,1,5,48000,147590,-1,156249136,36513,,,968240
1461,647004455,440957815,0xdf92529f,1,5,48000,316019,-1,562991408,63193,,,968736
1462,647019411,440957815,0xdf92529f,1,5,48000,467405,-1,473081632,117354,,,969408
1463,647049308,440957815,0xdf92529f,1,5,48000,134624,-1,367856224,26920,,,970176
1464,647302273,440957815,0xdf92529f,1,5,48000,260271,-1,464552736,54460,,,970704
1465,648929231,440957815,0xdf92529f,1,5,48000,99439,-1,241762736,17395,,,971312
1466,649494512,440957815,0xdf92529f,1,5,48000,133092,-1,222736912,25648,,,971792
1467,649549233,440957815,0xdf92529f,1,5,48000,116863,-1,219661872,18863,,,972304
1468,650121069,440957815,0xdf92529f,1,5,48000,220050,-1,427072288,43384,,,972816
1469,650486805,440957815,0xdf92529f,1,5,48000,341753,-1,337752672,81238,,,973376
1470,650660425,440957815,0xdf92529f,1,5,48000,258486,-1,514527280,70981,,,974064
1471,650948858,440957815,0xdf92529f,1,5,48000,49863,-1,401660928,17285,,,974672
1472,651248652,440957815,0xdf92529f,1,5,48000,258953,-1,531117472,66271,,,975152
1473,651355573,440957815,0xdf92529f,1,5,48000,293772,-1,231693264,86560,,,975776
1474,651584935,440957815,0xdf92529f,1,5,48000,85518,-1,498167584,13946,,,976448
1475,651691856,440957815,0xdf92529f,1,5,48000,342247,-1,58337264,77486,,,976896
1476,651766575,440957815,0xdf92529f,1,5,48000,182104,-1,153626432,43995,,,977584
1477,651821296,440957815,0xdf92529f,1,5,48000,334990,-1,128505856,87170,,,978144
1478,651930738,440957815,0xdf92529f,1,5,48000,79431,-1,83427936,13912,,,978832
1479,652114899,440957815,0xdf92529f,1,5,48000,113394,-1,140095392,25147,,,979296
1480,652280083,440957815,0xdf92529f,1,5,48000,110173,-1,198319600,22831,,,979776
1481,653388754,440957815,0xdf92529f,1,5,48000,350476,-1,138510944,90799,,,980256
1482,654606604,440957815,0xdf92529f,1,5,48000,244514,-1,448675392,50057,,,980960
1483,655761672,440957815,0xdf92529f,1,5,48000,19646,-1,209679056,8183,,,981584
1484,656030539,440957815,0xdf92529f,1,5,48000,147911,-1,315558736,28691,,,982032
1485,656058023,440957815,0xdf92529f,1,5,48000,109718,-1,248404064,35206,,,982592
1486,656509324,440957815,0xdf92529f,1,5,48000,205584,-1,381749168,68674,,,983104
1487,656673487,440957815,0xdf92529f,1,5,48000,402264,-1,355961440,102955,,,983696
1488,656789865,440957815,0xdf92529f,1,5,48000,276806,-1,213865072,64575,,,984400
1489,657097551,440957815,0xdf92529f,1,5,48000,308389,-1,416169600,59160,,,985024
1490,657323371,440957815,0xdf92529f,1,5,48000,331559,-1,293327024,81141,,,985664
1491,657436355,440957815,0xdf92529f,1,5,48000,125479,-1,551040080,27247,,,986336
1492,657658633,440957815,0xdf92529f,1,5,48000,292702,-1,43041024,61610,,,986864
1493,657786025,440957815,0xdf92529f,1,5,48000,44444,-1,313301984,16909,,,987520
1494,657839400,440957815,0xdf92529f,1,5,48000,102622,-1,549106880,19451,,,987984
1495,658022061,440957815,0xdf92529f,1,5,48000,245650,-1,384281984,74549,,,988464
1496,658119941,440957815,0xdf92529f,1,5,48000,295644,-1,504220784,85523,,,989088
1497,659226091,440957815,0xdf92529f,1,5,48000,133281,-1,51116592,27485,,,989744
1498,659289644,440957815,0xdf92529f,1,5,48000,71185,-1,526771984,11022,,,990256
1499,659335533,440957815,0xdf92529f,1,5,48000,173086,-1,8405072,25857,,,990704
1500,659355531,440957815,0xdf92529f,1,5,48000,358470,-1,118700432,86256,,,991232
1501,659464973,440957815,0xdf92529f,1,5,48000,192985,-1,78774288,44424,,,991984
1502,659630157,440957815,0xdf92529f,1,5,48000,267812,-1,184938544,69958,,,992576
1503,659687399,440957815,0xdf92529f,1,5,48000,362122,-1,506746992,109340,,,993152
1504,661539053,440957815,0xdf92529f,1,5,48000,238063,-1,312406944,55007,,,993904
1505,662204108,440957815,0xdf92529f,1,5,48000,147321,-1,307132784,24113,,,994480
1506,663045351,440957815,0xdf92529f,1,5,48000,217914,-1,428901936,68836,,,995008
1507,663243795,440957815,0xdf92529f,1,5,48000,366839,-1,559990800,102531,,,995616
1508,663524136,440957815,0xdf92529f,1,5,48000,411659,-1,440735520,109400,,,996304
1509,663565795,440957815,0xdf92529f,1,5,48000,196565,-1,355230784,45028,,,997040
1510,663708297,440957815,0xdf92529f,1,5,48000,221794,-1,450686224,60320,,,997632
1511,663749956,440957815,0xdf92529f,1,5,48000,274335,-1,376823664,89793,,,998208
1512,664392904,440957815,0xdf92529f,1,5,48000,189742,-1,411977008,39190,,,998832
1513,664434563,440957815,0xdf92529f,1,5,48000,269341,-1,261341040,74565,,,999376
1514,664786429,440957815,0xdf92529f,1,5,48000,120282,-1,547069744,24707,,,1000064
1515,664858627,440957815,0xdf92529f,1,5,48000,272622,-1,346747824,53644,,,1000560
1516,665022790,440957815,0xdf92529f,1,5,48000,115212,-1,325735568,21501,,,1001168
1517,665261672,440957815,0xdf92529f,1,5,48000,313755,-1,332301408,78160,,,1001664
1518,665316393,440957815,0xdf92529f,1,5,48000,325934,-1,328303600,80890,,,1002320
1519,665372135,440957815,0xdf92529f,1,5,48000,264906,-1,372238864,77259,,,1002992
1520,665791084,440957815,0xdf92529f,1,5,48000,412222,-1,165408160,90944,,,1003616
1521,666302560,440957815,0xdf92529f,1,5,48000,233484,-1,97105008,53962,,,1004336
1522,666412002,440957815,0xdf92529f,1,5,48000,153809,-1,55800192,33855,,,1004912
1523,666466723,440957815,0xdf92529f,1,5,48000,395787,-1,36488656,97483,,,1005456
1524,666521444,440957815,0xdf92529f,1,5,48000,114553,-1,14729760,21963,,,1006160
1525,667710418,440957815,0xdf92529f,1,5,48000,366463,-1,538596512,96874,,,1006672
1526,668215002,440957815,0xdf92529f,1,5,48000,56328,-1,566321760,17886,,,1007408
1527,668576665,440957815,0xdf92529f,1,5,48000,419830,-1,143488736,88588,,,1007888
1528,669037973,440957815,0xdf92529f,1,5,48000,425446,-1,514313328,152698,,,1008656
1529,669099630,440957815,0xdf92529f,1,5,48000,301213,-1,474143824,80524,,,1009392
1530,671357253,440957815,0xdf92529f,1,5,48000,31339,-1,402669200,11389,,,1010032
1531,673553092,440957815,0xdf92529f,1,5,48000,226190,-1,310441600,56487,,,1010496
1532,674175120,440957815,0xdf92529f,1,5,48000,300218,-1,27222528,75676,,,1011104
1533,675468973,440957815,0xdf92529f,1,5,48000,176326,-1,139123056,36087,,,1011744
1534,675578415,440957815,0xdf92529f,1,5,48000,420995,-1,94217568,99907,,,1012272
1535,675687857,440957815,0xdf92529f,1,5,48000,238088,-1,54080048,56243,,,1013008
1536,675817297,440957815,0xdf92529f,1,5,48000,377438,-1,123312768,76255,,,1013600
1537,675872018,440957815,0xdf92529f,1,5,48000,201354,-1,102003936,44097,,,1014272
1538,676026418,440957815,0xdf92529f,1,5,48000,96068,-1,423181408,16403,,,1014832
1539,676169163,440957815,0xdf92529f,1,5,48000,477462,-1,522888496,99237,,,1015312
1540,676364971,440957815,0xdf92529f,1,5,48000,25822,-1,210706496,9991,,,1016096
1541,677257836,440957815,0xdf92529f,1,5,48000,345006,-1,495827664,88100,,,1016544
1542,677384755,440957815,0xdf92529f,1,5,48000,236677,-1,134638736,56696,,,1017216
1543,677790321,440957815,0xdf92529f,1,5,48000,121439,-1,498319024,26187,,,1017824
1544,678201323,440957815,0xdf92529f,1,5,48000,249554,-1,476095536,61328,,,1018320
1545,681244653,440957815,0xdf92529f,1,5,48000,259422,-1,251541408,68515,,,1018896
1546,681415752,440957815,0xdf92529f,1,5,48000,214541,-1,9109440,42154,,,1019552
1547,682819047,440957815,0xdf92529f,1,5,48000,381663,-1,77709504,85750,,,1020160
1548,682983210,440957815,0xdf92529f,1,5,48000,300532,-1,18838048,70821,,,1020880
1549,683057929,440957815,0xdf92529f,1,5,48000,414639,-1,106419888,100372,,,1021536
1550,683236175,440957815,0xdf92529f,1,5,48000,254610,-1,344991072,61687,,,1022304
1551,683351532,440957815,0xdf92529f,1,5,48000,318837,-1,115507616,78717,,,1022944
1552,683402859,440957815,0xdf92529f,1,5,48000,91528,-1,549318704,17003,,,1023616
1553,683461995,440957815,0xdf92529f,1,5,48000,108068,-1,200029024,19352,,,1024096
1554,684864269,440957815,0xdf92529f,1,5,48000,204806,-1,150200720,43991,,,1024592
1555,684918990,440957815,0xdf92529f,1,5,48000,75270,-1,124637072,13247,,,1025184
1556,684971076,440957815,0xdf92529f,1,5,48000,294066,-1,173428240,62662,,,1025648
1557,684973711,440957815,0xdf92529f,1,5,48000,414114,-1,102821296,84851,,,1026320
1558,685270856,440957815,0xdf92529f,1,5,48000,150720,-1,524424880,22064,,,1027072
1559,686972115,440957815,0xdf92529f,1,5,48000,174578,-1,567734544,47774,,,1027584
1560,687362645,440957815,0xdf92529f,1,5,48000,39710,-1,158253104,15266,,,1028144
1561,687507075,440957815,0xdf92529f,1,5,48000,288059,-1,366854560,101187,,,1028592
1562,687704298,440957815,0xdf92529f,1,5,48000,354841,-1,442391904,109723,,,1029248
1563,688279463,440957815,0xdf92529f,1,5,48000,447074,-1,417822064,94475,,,1029920
1564,688614725,440957815,0xdf92529f,1,5,48000,329523,-1,282783280,74885,,,1030640
1565,688670467,440957815,0xdf92529f,1,5,48000,162744,-1,328003712,34802,,,1031312
1566,688839565,440957815,0xdf92529f,1,5,48000,288310,-1,160940400,57139,,,1031824
1567,688854628,440957815,0xdf92529f,1,5,48000,299713,-1,341783312,57399,,,1032480
1568,689301295,440957815,0xdf92529f,1,5,48000,86809,-1,436185024,20381,,,1033184
1569,689429793,440957815,0xdf92529f,1,5,48000,337597,-1,228764144,72829,,,1033648
1570,689998022,440957815,0xdf92529f,1,5,48000,205090,-1,265364096,38610,,,1034336
1571,690018020,440957815,0xdf92529f,1,5,48000,250423,-1,305224464,56786,,,1034896
1572,690169121,440957815,0xdf92529f,1,5,48000,315943,-1,24056640,67791,,,1035472
1573,690346346,440957815,0xdf92529f,1,5,48000,274109,-1,252909824,74920,,,1036160
1574,690517445,440957815,0xdf92529f,1,5,48000,201645,-1,10136304,48818,,,1036784
1575,690531528,440957815,0xdf92529f,1,5,48000,339770,-1,330938608,70436,,,1037344
1576,690588770,440957815,0xdf92529f,1,5,48000,137346,-1,549762560,31980,,,1038080
1577,691236133,440957815,0xdf92529f,1,5,48000,319749,-1,239882944,70213,,,1038576
1578,691933802,440957815,0xdf92529f,1,5,48000,332084,-1,305095840,63847,,,1039264
1579,691975461,440957815,0xdf92529f,1,5,48000,120539,-1,60302272,25296,,,1039968
1580,691988523,440957815,0xdf92529f,1,5,48000,90092,-1,300588176,14152,,,1040448
1581,692563688,440957815,0xdf92529f,1,5,48000,280454,-1,201310160,66538,,,1040912
1582,694197366,440957815,0xdf92529f,1,5,48000,374126,-1,500565680,76152,,,1041536
1583,694747245,440957815,0xdf92529f,1,5,48000,164061,-1,157671072,36729,,,1042192
1584,695978882,440957815,0xdf92529f,1,5,48000,135949,-1,431261232,37774,,,1042752
1585,696972996,440957815,0xdf92529f,1,5,48000,77178,-1,170195536,12517,,,1043264
1586,697051147,440957815,0xdf92529f,1,5,48000,103351,-1,501370432,19177,,,1043728
1587,698654070,440957815,0xdf92529f,1,5,48000,257631,-1,452384176,75161,,,1044208
1588,699464974,440957815,0xdf92529f,1,5,48000,302360,-1,135235296,75796,,,1044800
1589,699574416,440957815,0xdf92529f,1,5,48000,202102,-1,89222512,49686,,,1045456
1590,699683858,440957815,0xdf92529f,1,5,48000,200314,-1,49888624,38880,,,1046016
1591,699793300,440957815,0xdf92529f,1,5,48000,250238,-1,7363552,56038,,,1046592
1592,699868019,440957815,0xdf92529f,1,5,48000,417074,-1,98858064,79768,,,1047232
1593,700120674,440957815,0xdf92529f,1,5,48000,330279,-1,208519168,76895,,,1047984
1594,700165164,440957815,0xdf92529f,1,5,48000,286591,-1,517487232,103224,,,1048656
1595,700808112,440957815,0xdf92529f,1,5,48000,357186,-1,531444800,89466,,,1049344
1596,701674359,440957815,0xdf92529f,1,5,48000,248520,-1,140172224,59963,,,1050048
1597,702586434,440957815,0xdf92529f,1,5,48000,523800,-1,564654944,116212,,,1050672
1598,704699692,440957815,0xdf92529f,1,5,48000,366795,-1,426608016,73374,,,1051488
1599,705076491,440957815,0xdf92529f,1,5,48000,216302,-1,284494016,50158,,,1052128
1600,705189475,440957815,0xdf92529f,1,5,48000,109740,-1,548067824,21922,,,1052688
1601,706657011,440957815,0xdf92529f,1,5,48000,287015,-1,416257072,56953,,,1053184
1602,706808112,440957815,0xdf92529f,1,5,48000,378142,-1,257902544,79016,,,1053824
1603,706995815,440957815,0xdf92529f,1,5,48000,75327,-1,551087552,11849,,,1054528
1604,708210386,440957815,0xdf92529f,1,5,48000,212927,-1,219903296,36001,,,1054992
1605,708840272,440957815,0xdf92529f,1,5,48000,322046,-1,32370560,71181,,,1055552
1606,708914991,440957815,0xdf92529f,1,5,48000,472464,-1,119095968,100712,,,1056208
1607,709266857,440957815,0xdf92529f,1,5,48000,204904,-1,519186288,35468,,,1057072
1608,709485741,440957815,0xdf92529f,1,5,48000,337942,-1,508022480,91454,,,1057632
1609,712426565,440957815,0xdf92529f,1,5,48000,258035,-1,253761648,51376,,,1058320
1610,712905350,440957815,0xdf92529f,1,5,48000,255976,-1,334501616,58505,,,1058976
1611,713994023,440957815,0xdf92529f,1,5,48000,338699,-1,261793008,81753,,,1059648
1612,714698628,440957815,0xdf92529f,1,5,48000,349019,-1,192390016,78427,,,1060336
1613,715350544,440957815,0xdf92529f,1,5,48000,132167,-1,168578480,28338,,,1061072
1614,715409359,440957815,0xdf92529f,1,5,48000,348754,-1,388609392,118483,,,1061568
1615,715862020,440957815,0xdf92529f,1,5,48000,267102,-1,97264528,53502,,,1062224
1616,715971462,440957815,0xdf92529f,1,5,48000,452943,-1,55898432,98544,,,1062848
1617,716277585,440957815,0xdf92529f,1,5,48000,110323,-1,500951136,22716,,,1063616
1618,717119089,440957815,0xdf92529f,1,5,48000,73009,-1,247975264,22785,,,1064112
1619,717795726,440957815,0xdf92529f,1,5,48000,117870,-1,156407872,25974,,,1064608
1620,718659090,440957815,0xdf92529f,1,5,48000,232087,-1,474478864,65289,,,1065104
1621,718941952,440957815,0xdf92529f,1,5,48000,323543,-1,465610832,89110,,,1065648
1622,723040995,440957815,0xdf92529f,1,5,48000,91946,-1,275027504,18555,,,1066320
1623,723095716,440957815,0xdf92529f,1,5,48000,186471,-1,263214816,44600,,,1066800
1624,723460975,440957815,0xdf92529f,1,5,48000,274958,-1,129537680,60106,,,1067360
1625,723625138,440957815,0xdf92529f,1,5,48000,90935,-1,64220336,15865,,,1068016
1626,723682380,440957815,0xdf92529f,1,5,48000,137744,-1,494036048,22455,,,1068496
1627,725376757,440957815,0xdf92529f,1,5,48000,190221,-1,123535776,47885,,,1069008
1628,725431478,440957815,0xdf92529f,1,5,48000,249904,-1,102087632,58124,,,1069568
1629,725540920,440957815,0xdf92529f,1,5,48000,340956,-1,61595152,88502,,,1070160
1630,725728623,440957815,0xdf92529f,1,5,48000,215601,-1,523520384,45550,,,1070880
1631,726371571,440957815,0xdf92529f,1,5,48000,422198,-1,541224752,98874,,,1071440
1632,728131715,440957815,0xdf92529f,1,5,48000,294995,-1,309854432,69575,,,1072160
1633,728369613,440957815,0xdf92529f,1,5,48000,51889,-1,209759968,23367,,,1072784
1634,728374339,440957815,0xdf92529f,1,5,48000,106757,-1,169898368,19838,,,1073248
1635,728665964,440957815,0xdf92529f,1,5,48000,89949,-1,248555200,26097,,,1073728
1636,729240197,440957815,0xdf92529f,1,5,48000,84132,-1,546773664,14680,,,1074240
1637,729312395,440957815,0xdf92529f,1,5,48000,227206,-1,341167568,53820,,,1074720
1638,729887560,440957815,0xdf92529f,1,5,48000,257674,-1,228124160,57963,,,1075312
1639,730290605,440957815,0xdf92529f,1,5,48000,135375,-1,220008480,30178,,,1075936
1640,730804113,440957815,0xdf92529f,1,5,48000,325878,-1,251910272,70644,,,1076432
1641,730865770,440957815,0xdf92529f,1,5,48000,428147,-1,51908048,94994,,,1077104
1642,730878832,440957815,0xdf92529f,1,5,48000,433096,-1,292455360,94598,,,1077904
1643,730920491,440957815,0xdf92529f,1,5,48000,206992,-1,32889072,47169,,,1078704
1644,730941399,440957815,0xdf92529f,1,5,48000,28568,-1,401384976,9887,,,1079280
1645,731394861,440957815,0xdf92529f,1,5,48000,79810,-1,548141776,12875,,,1079728
1646,731987503,440957815,0xdf92529f,1,5,48000,210523,-1,240889792,45921,,,1080208
1647,732096945,440957815,0xdf92529f,1,5,48000,164160,-1,234582992,51079,,,1080768
1648,732726831,440957815,0xdf92529f,1,5,48000,246274,-1,64990864,51458,,,1081296
1649,732856271,440957815,0xdf92529f,1,5,48000,297165,-1,141863904,72450,,,1081888
1650,732890994,440957815,0xdf92529f,1,5,48000,297900,-1,3155632,77110,,,1082544
1651,732910992,440957815,0xdf92529f,1,5,48000,160654,-1,115586368,33077,,,1083184
1652,733653862,440957815,0xdf92529f,1,5,48000,119600,-1,484964944,23210,,,1083744
1653,733947465,440957815,0xdf92529f,1,5,48000,282680,-1,490671408,86368,,,1084240
1654,734184847,440957815,0xdf92529f,1,5,48000,182160,-1,114434000,37241,,,1084864
1655,734423729,440957815,0xdf92529f,1,5,48000,60779,-1,150348256,8938,,,1085424
1656,736327207,440957815,0xdf92529f,1,5,48000,333547,-1,435173616,98933,,,1085872
1657,736956072,440957815,0xdf92529f,1,5,48000,135573,-1,328448368,24531,,,1086528
1658,737066535,440957815,0xdf92529f,1,5,48000,470691,-1,367026336,132581,,,1087056
1659,737263758,440957815,0xdf92529f,1,5,48000,307813,-1,442826384,88082,,,1087888
1660,737319500,440957815,0xdf92529f,1,5,48000,360148,-1,463361872,97053,,,1088544
1661,737825861,440957815,0xdf92529f,1,5,48000,155534,-1,285715200,29503,,,1089280
1662,738064743,440957815,0xdf92529f,1,5,48000,398197,-1,295603312,87179,,,1089808
1663,738161123,440957815,0xdf92529f,1,5,48000,418931,-1,15734272,105084,,,1090576
1664,738399025,440957815,0xdf92529f,1,5,48000,376209,-1,165792160,86752,,,1091328
1665,738454726,440957815,0xdf92529f,1,5,48000,459380,-1,25543504,110587,,,1092000
1666,738763433,440957815,0xdf92529f,1,5,48000,179396,-1,386934320,58330,,,1092816
1667,738989253,440957815,0xdf92529f,1,5,48000,302868,-1,228837008,65481,,,1093376
1668,739282185,440957815,0xdf92529f,1,5,48000,144338,-1,526504640,36625,,,1094048
1669,739748579,440957815,0xdf92529f,1,5,48000,164381,-1,137591792,38488,,,1094576
1670,739858021,440957815,0xdf92529f,1,5,48000,137410,-1,92359248,27539,,,1095120
1671,739967463,440957815,0xdf92529f,1,5,48000,161322,-1,52500592,31714,,,1095632
1672,740262087,440957815,0xdf92529f,1,5,48000,178030,-1,193077920,39829,,,1096192
1673,740610411,440957815,0xdf92529f,1,5,48000,390342,-1,190700064,87063,,,1096768
1674,742196649,440957815,0xdf92529f,1,5,48000,80293,-1,306897104,11616,,,1097456
1675,742478030,440957815,0xdf92529f,1,5,48000,115473,-1,568097024,27304,,,1097920
1676,742937953,440957815,0xdf92529f,1,5,48000,259964,-1,459169840,60083,,,1098400
1677,742947312,440957815,0xdf92529f,1,5,48000,135365,-1,566752448,29055,,,1099056
1678,743102116,440957815,0xdf92529f,1,5,48000,157285,-1,457290896,29061,,,1099568
1679,743965194,440957815,0xdf92529f,1,5,48000,38465,-1,402730848,13189,,,1100112
1680,745538342,440957815,0xdf92529f,1,5,48000,369754,-1,431785280,133092,,,1100576
1681,745873604,440957815,0xdf92529f,1,5,48000,284511,-1,316806512,63173,,,1101248
1682,746168228,440957815,0xdf92529f,1,5,48000,185016,-1,368323664,47874,,,1101888
1683,746927554,440957815,0xdf92529f,1,5,48000,186600,-1,286934384,38878,,,1102432
1684,746982275,440957815,0xdf92529f,1,5,48000,279267,-1,280463424,66172,,,1103008
1685,747511697,440957815,0xdf92529f,1,5,48000,282993,-1,102587200,65461,,,1103648
1686,749724624,440957815,0xdf92529f,1,5,48000,272730,-1,517736992,84076,,,1104320
1687,750758576,440957815,0xdf92529f,1,5,48000,241295,-1,497184896,56139,,,1104944
1688,753104495,440957815,0xdf92529f,1,5,48000,153575,-1,555178768,33276,,,1105552
1689,753181477,440957815,0xdf92529f,1,5,48000,172595,-1,547884304,42647,,,1106096
1690,753354976,440957815,0xdf92529f,1,5,48000,255619,-1,466692352,69667,,,1106640
1691,753475080,440957815,0xdf92529f,1,5,48000,90689,-1,548270368,17186,,,1107232
1692,754916492,440957815,0xdf92529f,1,5,48000,289758,-1,29145264,67856,,,1107696
1693,754971213,440957815,0xdf92529f,1,5,48000,289187,-1,3912112,67384,,,1108336
1694,755226699,440957815,0xdf92529f,1,5,48000,73978,-1,553585872,13186,,,1108944
1695,755471526,440957815,0xdf92529f,1,5,48000,104416,-1,347753648,18552,,,1109408
1696,756265066,440957815,0xdf92529f,1,5,48000,434997,-1,114991856,98885,,,1109888
1697,756319787,440957815,0xdf92529f,1,5,48000,259011,-1,96426608,60802,,,1110576
1698,756503948,440957815,0xdf92529f,1,5,48000,269901,-1,150699056,60240,,,1111184
1699,756613390,440957815,0xdf92529f,1,5,48000,256461,-1,103567104,56888,,,1111824
1700,756777553,440957815,0xdf92529f,1,5,48000,344042,-1,43415840,75237,,,1112432
1701,756910535,440957815,0xdf92529f,1,5,48000,344343,-1,525819456,90630,,,1113168
1702,758235569,440957815,0xdf92529f,1,5,48000,180468,-1,90380048,42614,,,1113856
1703,758474451,440957815,0xdf92529f,1,5,48000,361327,-1,119537040,90600,,,1114400
1704,758826317,440957815,0xdf92529f,1,5,48000,97477,-1,519442640,18017,,,1115104
1705,758881038,440957815,0xdf92529f,1,5,48000,153046,-1,515686288,33343,,,1115584
1706,760028584,440957815,0xdf92529f,1,5,48000,463126,-1,411491632,86304,,,1116128
1707,760843652,440957815,0xdf92529f,1,5,48000,316158,-1,388100832,94161,,,1116880
1708,761062536,440957815,0xdf92529f,1,5,48000,232028,-1,365319456,51780,,,1117568
1709,761356139,440957815,0xdf92529f,1,5,48000,246707,-1,369619344,58099,,,1118224
1710,761637701,440957815,0xdf92529f,1,5,48000,306643,-1,265798000,74038,,,1118832
1711,762115465,440957815,0xdf92529f,1,5,48000,371707,-1,289585792,87918,,,1119488
1712,762280649,440957815,0xdf92529f,1,5,48000,282734,-1,322118672,62918,,,1120192
1713,762337891,440957815,0xdf92529f,1,5,48000,84492,-1,546469200,14938,,,1120848
1714,762522052,440957815,0xdf92529f,1,5,48000,93184,-1,550378896,24662,,,1121328
1715,762800072,440957815,0xdf92529f,1,5,48000,103603,-1,179233568,16722,,,1121808
1716,763553483,440957815,0xdf92529f,1,5,48000,206758,-1,261995088,38105,,,1122288
1717,763682923,440957815,0xdf92529f,1,5,48000,322816,-1,290255840,68334,,,1122880
1718,763768210,440957815,0xdf92529f,1,5,48000,165128,-1,306564496,29915,,,1123552
1719,763854022,440957815,0xdf92529f,1,5,48000,318709,-1,86093984,80949,,,1124080
1720,765476201,440957815,0xdf92529f,1,5,48000,303429,-1,74310000,74745,,,1124704
1721,767355186,440957815,0xdf92529f,1,5,48000,124755,-1,157814304,28663,,,1125328
1722,768445670,440957815,0xdf92529f,1,5,48000,277706,-1,446223408,67866,,,1125824
1723,768501412,440957815,0xdf92529f,1,5,48000,412725,-1,466009696,117313,,,1126448
1724,768832106,440957815,0xdf92529f,1,5,48000,272410,-1,160072000,66939,,,1127168
1725,769020835,440957815,0xdf92529f,1,5,48000,237207,-1,420329888,35835,,,1127808
1726,769293836,440957815,0xdf92529f,1,5,48000,73907,-1,435934880,11944,,,1128400
1727,769580937,440957815,0xdf92529f,1,5,48000,144585,-1,170303904,28894,,,1128864
1728,769814884,440957815,0xdf92529f,1,5,48000,215301,-1,321201200,46883,,,1129360
1729,771382342,440957815,0xdf92529f,1,5,48000,252615,-1,322365504,57249,,,1129968
1730,772447791,440957815,0xdf92529f,1,5,48000,426763,-1,532998992,108117,,,1130608
1731,775288083,440957815,0xdf92529f,1,5,48000,165985,-1,523835312,28043,,,1131376
1732,775334784,440957815,0xdf92529f,1,5,48000,105896,-1,564318720,20326,,,1131888
1733,778618890,440957815,0xdf92529f,1,5,48000,343530,-1,14505088,87153,,,1132368
1734,779261838,440957815,0xdf92529f,1,5,48000,379854,-1,182258368,74790,,,1133040
1735,779850065,440957815,0xdf92529f,1,5,48000,208594,-1,220038704,62471,,,1133744
1736,780239533,440957815,0xdf92529f,1,5,48000,93413,-1,558106256,16761,,,1134320
1737,780315788,440957815,0xdf92529f,1,5,48000,221621,-1,91091312,42449,,,1134800
1738,780370509,440957815,0xdf92529f,1,5,48000,346872,-1,69011472,79529,,,1135424
1739,780373030,440957815,0xdf92529f,1,5,48000,340594,-1,496980944,72922,,,1136096
1740,780425230,440957815,0xdf92529f,1,5,48000,188972,-1,52048496,39526,,,1136768
1741,780479951,440957815,0xdf92529f,1,5,48000,194665,-1,32959280,36846,,,1137376
1742,780551276,440957815,0xdf92529f,1,5,48000,127661,-1,550440464,25869,,,1137952
1743,780609391,440957815,0xdf92529f,1,5,48000,216744,-1,100164640,43052,,,1138448
1744,781937967,440957815,0xdf92529f,1,5,48000,165650,-1,78122784,34970,,,1139056
1745,781992688,440957815,0xdf92529f,1,5,48000,212162,-1,59808368,48808,,,1139616
1746,782122128,440957815,0xdf92529f,1,5,48000,257330,-1,130912112,66116,,,1140208
1747,782343533,440957815,0xdf92529f,1,5,48000,191274,-1,494864160,26210,,,1140800
1748,782568713,440957815,0xdf92529f,1,5,48000,79710,-1,452074432,19367,,,1141360
1749,785242698,440957815,0xdf92529f,1,5,48000,340639,-1,378112880,86821,,,1141824
1750,785578981,440957815,0xdf92529f,1,5,48000,274504,-1,274841136,64403,,,1142528
1751,785633702,440957815,0xdf92529f,1,5,48000,312565,-1,262749280,73204,,,1143152
1752,785886667,440957815,0xdf92529f,1,5,48000,382252,-1,435735056,113822,,,1143840
1753,785984547,440957815,0xdf92529f,1,5,48000,334322,-1,545055280,90678,,,1144544
1754,786810156,440957815,0xdf92529f,1,5,48000,363200,-1,381919456,76819,,,1145248
1755,786823218,440957815,0xdf92529f,1,5,48000,308193,-1,443136336,105419,,,1145952
1756,787494763,440957815,0xdf92529f,1,5,48000,245617,-1,271977952,64950,,,1146608
1757,787665862,440957815,0xdf92529f,1,5,48000,190036,-1,37117120,35710,,,1147184
1758,787720583,440957815,0xdf92529f,1,5,48000,147540,-1,16090144,25108,,,1147760
1759,787904744,440957815,0xdf92529f,1,5,48000,128268,-1,62831712,26604,,,1148288
1760,787973548,440957815,0xdf92529f,1,5,48000,224056,-1,342182432,53605,,,1148768
1761,788069928,440957815,0xdf92529f,1,5,48000,87872,-1,178922144,14995,,,1149376
1762,788199368,440957815,0xdf92529f,1,5,48000,184934,-1,197190496,50042,,,1149840
1763,788383529,440957815,0xdf92529f,1,5,48000,319110,-1,203235520,73648,,,1150368
1764,788548713,440957815,0xdf92529f,1,5,48000,280977,-1,229125360,79717,,,1151024
1765,788835688,440957815,0xdf92529f,1,5,48000,94344,-1,314166992,30703,,,1151664
1766,788897037,440957815,0xdf92529f,1,5,48000,367143,-1,226264528,100892,,,1152176
1767,788951758,440957815,0xdf92529f,1,5,48000,92017,-1,220331360,17861,,,1152896
1768,789288041,440957815,0xdf92529f,1,5,48000,127995,-1,24357888,29486,,,1153376
1769,789472202,440957815,0xdf92529f,1,5,48000,173933,-1,70238032,38760,,,1153872
1770,789539983,440957815,0xdf92529f,1,5,48000,347680,-1,350232272,78460,,,1154416
1771,789821547,440957815,0xdf92529f,1,5,48000,269105,-1,193117792,73071,,,1155120
1772,790115150,440957815,0xdf92529f,1,5,48000,344063,-1,195963568,74557,,,1155776
1773,791500301,440957815,0xdf92529f,1,5,48000,38621,-1,314083872,13720,,,1156480
1774,792661576,440957815,0xdf92529f,1,5,48000,297681,-1,457541840,74696,,,1156944
1775,793407840,440957815,0xdf92529f,1,5,48000,379771,-1,327592336,86467,,,1157584
1776,794160230,440957815,0xdf92529f,1,5,48000,284578,-1,362860960,95339,,,1158352
1777,794735395,440957815,0xdf92529f,1,5,48000,96633,-1,263816976,16417,,,1159008
1778,794810114,440957815,0xdf92529f,1,5,48000,455817,-1,302044640,105400,,,1159472
1779,794906494,440957815,0xdf92529f,1,5,48000,297097,-1,22338160,73980,,,1160240
1780,796487014,440957815,0xdf92529f,1,5,48000,267212,-1,287134272,64139,,,1160928
1781,797111630,440957815,0xdf92529f,1,5,48000,49227,-1,247649984,17811,,,1161584
1782,797368302,440957815,0xdf92529f,1,5,48000,320793,-1,524314576,73213,,,1162048
1783,797788267,440957815,0xdf92529f,1,5,48000,106631,-1,155953792,23291,,,1162752
1784,799400462,440957815,0xdf92529f,1,5,48000,311771,-1,477672912,78514,,,1163232
1785,800703193,440957815,0xdf92529f,1,5,48000,447656,-1,319633280,100601,,,1163872
1786,800982280,440957815,0xdf92529f,1,5,48000,128626,-1,169978896,19792,,,1164656
1787,801974125,440957815,0xdf92529f,1,5,48000,295438,-1,177078992,77225,,,1165152
1788,803148397,440957815,0xdf92529f,1,5,48000,309073,-1,190043440,79761,,,1165744
1789,803549340,440957815,0xdf92529f,1,5,48000,81537,-1,401460784,26004,,,1166368
1790,804085969,440957815,0xdf92529f,1,5,48000,423463,-1,300322960,109899,,,1166880
1791,804257068,440957815,0xdf92529f,1,5,48000,337287,-1,107511552,85108,,,1167600
1792,804530673,440957815,0xdf92529f,1,5,48000,352969,-1,4294656,78313,,,1168256
1793,804550671,440957815,0xdf92529f,1,5,48000,69268,-1,115908640,8644,,,1168960
1794,804689581,440957815,0xdf92529f,1,5,48000,315730,-1,399201920,103583,,,1169408
1795,805824526,440957815,0xdf92529f,1,5,48000,173879,-1,115208432,41429,,,1170048
1796,806043410,440957815,0xdf92529f,1,5,48000,253164,-1,36057120,64386,,,1170592
1797,806063408,440957815,0xdf92529f,1,5,48000,162178,-1,150882224,37788,,,1171232
1798,806469995,440957815,0xdf92529f,1,5,48000,267558,-1,526139360,47657,,,1171760
1799,807612368,440957815,0xdf92529f,1,5,48000,180147,-1,482962688,37808,,,1172352
1800,808091153,440957815,0xdf92529f,1,5,48000,330840,-1,498423168,60366,,,1172896
1801,808502155,440957815,0xdf92529f,1,5,48000,389174,-1,479966736,105318,,,1173552
1802,808658505,440957815,0xdf92529f,1,5,48000,110929,-1,248197344,30264,,,1174336
1803,808945096,440957815,0xdf92529f,1,5,48000,232932,-1,375716176,57688,,,1174880
1804,809054538,440957815,0xdf92529f,1,5,48000,352173,-1,358903760,110049,,,1175440
1805,809574982,440957815,0xdf92529f,1,5,48000,178623,-1,272243104,46771,,,1176112
1806,810386507,440957815,0xdf92529f,1,5,48000,103477,-1,313073264,34220,,,1176640
1807,810738374,440957815,0xdf92529f,1,5,48000,301864,-1,217939712,94752,,,1177184
1808,811031977,440957815,0xdf92529f,1,5,48000,217143,-1,221292784,63938,,,1177840
1809,811368260,440957815,0xdf92529f,1,5,48000,134925,-1,24814544,27596,,,1178416
1810,811490764,440957815,0xdf92529f,1,5,48000,163787,-1,269508384,27331,,,1178944
1811,811661863,440957815,0xdf92529f,1,5,48000,164408,-1,33927024,36731,,,1179488
1812,811890126,440957815,0xdf92529f,1,5,48000,78057,-1,526608768,13630,,,1180016
1813,811897351,440957815,0xdf92529f,1,5,48000,109739,-1,546513792,20194,,,1180464
1814,812359532,440957815,0xdf92529f,1,5,48000,60049,-1,179387344,8040,,,1180960
1815,812612497,440957815,0xdf92529f,1,5,48000,395843,-1,395090896,110258,,,1181408
1816,812838317,440957815,0xdf92529f,1,5,48000,151246,-1,237073904,32180,,,1182144
1817,813187662,440957815,0xdf92529f,1,5,48000,360000,-1,301421456,94760,,,1182656
1818,813242383,440957815,0xdf92529f,1,5,48000,382442,-1,290512272,88839,,,1183376
1819,813284042,440957815,0xdf92529f,1,5,48000,191530,-1,20737936,45820,,,1184128
1820,813304040,440957815,0xdf92529f,1,5,48000,270021,-1,133463280,58921,,,1184704
1821,813358761,440957815,0xdf92529f,1,5,48000,354230,-1,108159776,80732,,,1185344
1822,813413482,440957815,0xdf92529f,1,5,48000,439132,-1,86343936,113483,,,1186016
1823,813481265,440957815,0xdf92529f,1,5,48000,205055,-1,304040016,31213,,,1186736
1824,813762827,440957815,0xdf92529f,1,5,48000,330430,-1,202057776,98421,,,1187312
1825,814111151,440957815,0xdf92529f,1,5,48000,433719,-1,194152336,93653,,,1187968
1826,814804590,440957815,0xdf92529f,1,5,48000,71735,-1,306970112,10628,,,1188704
1827,815165101,440957815,0xdf92529f,1,5,48000,359246,-1,151970304,102524,,,1189152
1828,815219822,440957815,0xdf92529f,1,5,48000,406312,-1,126780112,97875,,,1189808
1829,815274543,440957815,0xdf92529f,1,5,48000,351625,-1,104698128,86327,,,1190560
1830,816107565,440957815,0xdf92529f,1,5,48000,276864,-1,245951184,74613,,,1191264
1831,817778010,440957815,0xdf92529f,1,5,48000,247592,-1,475114608,69449,,,1191904
1832,818005130,440957815,0xdf92529f,1,5,48000,306750,-1,446577040,90663,,,1192480
1833,818060872,440957815,0xdf92529f,1,5,48000,256167,-1,466177952,56439,,,1193184
1834,818230950,440957815,0xdf92529f,1,5,48000,677335,-1,393027392,146451,,,1193824
1835,818391566,440957815,0xdf92529f,1,5,48000,488567,-1,164701392,109567,,,1194656
1836,818580295,440957815,0xdf92529f,1,5,48000,450280,-1,420708464,89093,,,1195552
1837,818806115,440957815,0xdf92529f,1,5,48000,429190,-1,298239616,95326,,,1196304
1838,819024999,440957815,0xdf92529f,1,5,48000,123646,-1,267666624,15703,,,1197072
1839,819962571,440957815,0xdf92529f,1,5,48000,288382,-1,374267376,54602,,,1197584
1840,821583187,440957815,0xdf92529f,1,5,48000,295270,-1,507656016,79470,,,1198176
1841,821933382,440957815,0xdf92529f,1,5,48000,128798,-1,313846032,36748,,,1198832
1842,822007251,440957815,0xdf92529f,1,5,48000,224620,-1,533457520,55695,,,1199376
1843,822873498,440957815,0xdf92529f,1,5,48000,273091,-1,141160992,62998,,,1199952
1844,823389527,440957815,0xdf92529f,1,5,48000,63218,-1,511359872,10290,,,1200608
1845,823396463,440957815,0xdf92529f,1,5,48000,259891,-1,469591296,76336,,,1201056
1846,824894244,440957815,0xdf92529f,1,5,48000,90656,-1,564548032,16185,,,1201632
1847,828079467,440957815,0xdf92529f,1,5,48000,120899,-1,347840640,26711,,,1202112
1848,828081970,440957815,0xdf92529f,1,5,48000,359779,-1,294284656,75877,,,1202624
1849,828417232,440957815,0xdf92529f,1,5,48000,215674,-1,44444576,46123,,,1203312
1850,828965453,440957815,0xdf92529f,1,5,48000,101316,-1,210418640,30335,,,1203920
1851,829354804,440957815,0xdf92529f,1,5,48000,369976,-1,224969616,117198,,,1204448
1852,829765806,440957815,0xdf92529f,1,5,48000,182794,-1,136883024,42032,,,1205136
1853,829875248,440957815,0xdf92529f,1,5,48000,315886,-1,91237360,87705,,,1205712
1854,829984690,440957815,0xdf92529f,1,5,48000,184625,-1,52130992,38525,,,1206352
1855,830171372,440957815,0xdf92529f,1,5,48000,257397,-1,498793824,57622,,,1206896
1856,830341598,440957815,0xdf92529f,1,5,48000,104751,-1,565268576,21765,,,1207504
1857,831108944,440957815,0xdf92529f,1,5,48000,319478,-1,535089040,78107,,,1207984
1858,831257163,440957815,0xdf92529f,1,5,48000,256194,-1,312043872,61663,,,1208672
1859,831975191,440957815,0xdf92529f,1,5,48000,153835,-1,142257216,36682,,,1209248
1860,833625704,440957815,0xdf92529f,1,5,48000,190044,-1,254405024,40207,,,1209760
1861,834622051,440957815,0xdf92529f,1,5,48000,32700,-1,178586176,13251,,,1210320
1862,834802158,440957815,0xdf92529f,1,5,48000,328370,-1,378465712,101799,,,1210784
1863,835138441,440957815,0xdf92529f,1,5,48000,444475,-1,274922592,104875,,,1211440
1864,835432044,440957815,0xdf92529f,1,5,48000,90122,-1,277797008,16814,,,1212192
1865,835657864,440957815,0xdf92529f,1,5,48000,246310,-1,30973776,61519,,,1212672
1866,835712585,440957815,0xdf92529f,1,5,48000,134866,-1,6442560,31973,,,1213264
1867,835968071,440957815,0xdf92529f,1,5,48000,87965,-1,553708048,17770,,,1213808
1868,836007209,440957815,0xdf92529f,1,5,48000,208383,-1,183976992,44495,,,1214272
1869,836301833,440957815,0xdf92529f,1,5,48000,272894,-1,219105808,67379,,,1214880
1870,836608498,440957815,0xdf92529f,1,5,48000,413943,-1,390415312,118596,,,1215504
1871,836834318,440957815,0xdf92529f,1,5,48000,244712,-1,230654928,41580,,,1216208
1872,836944781,440957815,0xdf92529f,1,5,48000,239240,-1,286325136,52939,,,1216752
1873,837183663,440957815,0xdf92529f,1,5,48000,345549,-1,296240272,98242,,,1217360
1874,837225322,440957815,0xdf92529f,1,5,48000,278624,-1,37236928,63282,,,1218032
1875,837280043,440957815,0xdf92529f,1,5,48000,187890,-1,16312464,35899,,,1218688
1876,837464204,440957815,0xdf92529f,1,5,48000,188180,-1,62956000,43114,,,1219264
1877,837518925,440957815,0xdf92529f,1,5,48000,213306,-1,45421440,46605,,,1219824
1878,837758828,440957815,0xdf92529f,1,5,48000,208506,-1,197503184,44813,,,1220416
1879,837813549,440957815,0xdf92529f,1,5,48000,284765,-1,191936080,51446,,,1221008
1880,838976941,440957815,0xdf92529f,1,5,48000,404552,-1,92625920,88460,,,1221632
1881,839161102,440957815,0xdf92529f,1,5,48000,347363,-1,147490496,77911,,,1222368
1882,841064580,440957815,0xdf92529f,1,5,48000,479645,-1,433782640,164503,,,1223040
1883,841440047,440957815,0xdf92529f,1,5,48000,280214,-1,160385376,55232,,,1223888
1884,841901777,440957815,0xdf92529f,1,5,48000,63548,-1,436004144,10382,,,1224512
1885,842056873,440957815,0xdf92529f,1,5,48000,193978,-1,459657008,39908,,,1224960
1886,842675147,440957815,0xdf92529f,1,5,48000,317135,-1,175196816,78523,,,1225520
1887,842727397,440957815,0xdf92529f,1,5,48000,414895,-1,256060736,99251,,,1226192
1888,843151461,440957815,0xdf92529f,1,5,48000,347674,-1,339575040,76330,,,1226928
1889,843500806,440957815,0xdf92529f,1,5,48000,247472,-1,382722032,53038,,,1227648
1890,843541444,440957815,0xdf92529f,1,5,48000,342348,-1,180398416,67354,,,1228272
1891,843719690,440957815,0xdf92529f,1,5,48000,352076,-1,363289904,108982,,,1228960
1892,844411233,440957815,0xdf92529f,1,5,48000,481352,-1,41424368,111104,,,1229680
1893,844465954,440957815,0xdf92529f,1,5,48000,100464,-1,22492880,16456,,,1230464
1894,844773640,440957815,0xdf92529f,1,5,48000,186359,-1,336582160,34246,,,1230944
1895,845108902,440957815,0xdf92529f,1,5,48000,311656,-1,184139552,59325,,,1231488
1896,846217573,440957815,0xdf92529f,1,5,48000,357123,-1,75988064,91176,,,1232144
1897,847347727,440957815,0xdf92529f,1,5,48000,140333,-1,157482448,35191,,,1232864
1898,847948931,440957815,0xdf92529f,1,5,48000,207449,-1,454933264,47920,,,1233360
1899,848959922,440957815,0xdf92529f,1,5,48000,246076,-1,478052032,60123,,,1233936
1900,849338143,440957815,0xdf92529f,1,5,48000,412306,-1,360733952,129150,,,1234560
1901,849913308,440957815,0xdf92529f,1,5,48000,144674,-1,260169072,27503,,,1235312
1902,850262653,440957815,0xdf92529f,1,5,48000,136750,-1,319817216,29861,,,1235824
1903,852594000,440957815,0xdf92529f,1,5,48000,241564,-1,548387104,64040,,,1236352
1904,853871249,440957815,0xdf92529f,1,5,48000,109647,-1,84654272,16564,,,1236960
1905,854090133,440957815,0xdf92529f,1,5,48000,347435,-1,4776976,64238,,,1237472
1906,854110131,440957815,0xdf92529f,1,5,48000,284566,-1,115973456,79075,,,1238208
1907,854689186,440957815,0xdf92529f,1,5,48000,336730,-1,173145040,75709,,,1238800
1908,855011876,440957815,0xdf92529f,1,5,48000,86574,-1,481442016,15591,,,1239488
1909,855176654,440957815,0xdf92529f,1,5,48000,78712,-1,452173872,15990,,,1239968
1910,855677589,440957815,0xdf92529f,1,5,48000,192760,-1,125765904,44599,,,1240432
1911,855732310,440957815,0xdf92529f,1,5,48000,187144,-1,103732592,40863,,,1240992
1912,855844273,440957815,0xdf92529f,1,5,48000,190142,-1,496310400,47850,,,1241552
1913,858462897,440957815,0xdf92529f,1,5,48000,164353,-1,444684720,46039,,,1242080
1914,858613998,440957815,0xdf92529f,1,5,48000,322140,-1,359449712,106363,,,1242592
1915,859038062,440957815,0xdf92529f,1,5,48000,325362,-1,419198192,66152,,,1243264
1916,859079721,440957815,0xdf92529f,1,5,48000,415645,-1,280330256,91874,,,1243936
1917,859134442,440957815,0xdf92529f,1,5,48000,311596,-1,272289920,51348,,,1244720
1918,859263882,440957815,0xdf92529f,1,5,48000,260817,-1,297219984,62231,,,1245408
1919,859268204,440957815,0xdf92529f,1,5,48000,358988,-1,398625168,88770,,,1246048
1920,859613227,440957815,0xdf92529f,1,5,48000,302523,-1,342762272,66653,,,1246768
1921,859832111,440957815,0xdf92529f,1,5,48000,228280,-1,320872048,46515,,,1247424
1922,859964072,440957815,0xdf92529f,1,5,48000,123267,-1,553500080,24910,,,1248016
1923,861050224,440957815,0xdf92529f,1,5,48000,301751,-1,269723040,68577,,,1248512
1924,861111881,440957815,0xdf92529f,1,5,48000,327595,-1,70983616,72155,,,1249152
1925,861647908,440957815,0xdf92529f,1,5,48000,373606,-1,521580688,75146,,,1249856
1926,861918992,440957815,0xdf92529f,1,5,48000,319638,-1,179444064,82153,,,1250592
1927,862863500,440957815,0xdf92529f,1,5,48000,145058,-1,133633312,27735,,,1251248
1928,862918221,440957815,0xdf92529f,1,5,48000,380822,-1,108319120,84574,,,1251792
1929,862972942,440957815,0xdf92529f,1,5,48000,190239,-1,86736944,45827,,,1252512
1930,865519368,440957815,0xdf92529f,1,5,48000,256186,-1,438874336,88747,,,1253040
1931,866375074,440957815,0xdf92529f,1,5,48000,247752,-1,264280672,62710,,,1253648
1932,866723398,440957815,0xdf92529f,1,5,48000,229196,-1,250308032,46681,,,1254256
1933,866853859,440957815,0xdf92529f,1,5,48000,426502,-1,337335072,88985,,,1254848
1934,866965822,440957815,0xdf92529f,1,5,48000,108530,-1,549703920,21985,,,1255632
1935,867564590,440957815,0xdf92529f,1,5,48000,129833,-1,446902272,33140,,,1256128
1936,867832069,440957815,0xdf92529f,1,5,48000,267768,-1,215663216,74710,,,1256640
1937,867951026,440957815,0xdf92529f,1,5,48000,274927,-1,168173504,65495,,,1257264
1938,868126693,440957815,0xdf92529f,1,5,48000,244788,-1,288231040,53785,,,1257872
1939,868139755,440957815,0xdf92529f,1,5,48000,71646,-1,421057360,11141,,,1258464
1940,868236135,440957815,0xdf92529f,1,5,48000,217200,-1,272747024,47776,,,1258928
1941,868365575,440957815,0xdf92529f,1,5,48000,341426,-1,298525264,77799,,,1259488
1942,868461955,440957815,0xdf92529f,1,5,48000,138691,-1,18367584,32593,,,1260144
1943,868475017,440957815,0xdf92529f,1,5,48000,245737,-1,283192912,40690,,,1260640
1944,868881604,440957815,0xdf92529f,1,5,48000,80338,-1,549210160,13574,,,1261264
1945,869719571,440957815,0xdf92529f,1,5,48000,58665,-1,247763216,22429,,,1261728
1946,869724297,440957815,0xdf92529f,1,5,48000,122121,-1,204832048,20257,,,1262192
1947,869878312,440957815,0xdf92529f,1,5,48000,357203,-1,305970768,81661,,,1262688
1948,870158853,440957815,0xdf92529f,1,5,48000,196636,-1,94763312,41516,,,1263376
1949,870213574,440957815,0xdf92529f,1,5,48000,362865,-1,72147536,79697,,,1263968
1950,870396208,440957815,0xdf92529f,1,5,48000,162485,-1,156099520,37529,,,1264672
1951,870574418,440957815,0xdf92529f,1,5,48000,237670,-1,499591456,34975,,,1265216
1952,871873128,440957815,0xdf92529f,1,5,48000,122999,-1,157320880,25967,,,1265824
1953,872955923,440957815,0xdf92529f,1,5,48000,284808,-1,469889648,77964,,,1266336
1954,874417802,440957815,0xdf92529f,1,5,48000,361009,-1,426266992,76028,,,1266944
1955,874682718,440957815,0xdf92529f,1,5,48000,246597,-1,385733664,64647,,,1267616
1956,874846881,440957815,0xdf92529f,1,5,48000,370358,-1,371122960,92759,,,1268208
1957,875476767,440957815,0xdf92529f,1,5,48000,195512,-1,264808112,35824,,,1268896
1958,875544550,440957815,0xdf92529f,1,5,48000,286359,-1,405130368,79025,,,1269472
1959,877703087,440957815,0xdf92529f,1,5,48000,114758,-1,151449280,23965,,,1270064
1960,877976692,440957815,0xdf92529f,1,5,48000,155250,-1,44592576,33199,,,1270560
1961,878048017,440957815,0xdf92529f,1,5,48000,102966,-1,552905744,20966,,,1271088
1962,879434708,440957815,0xdf92529f,1,5,48000,178457,-1,91580256,37041,,,1271568
1963,879489429,440957815,0xdf92529f,1,5,48000,262148,-1,69322400,56640,,,1272128
1964,879509427,440957815,0xdf92529f,1,5,48000,213520,-1,154761072,54867,,,1272752
1965,879728311,440957815,0xdf92529f,1,5,48000,146665,-1,100295296,30544,,,1273360
1966,880632143,440957815,0xdf92529f,1,5,48000,133530,-1,542801472,29066,,,1273872
1967,880974821,440957815,0xdf92529f,1,5,48000,97476,-1,169711296,17589,,,1274384
1968,881266446,440957815,0xdf92529f,1,5,48000,15153,-1,248358352,8106,,,1274848
1969,882994448,440957815,0xdf92529f,1,5,48000,137360,-1,313232320,32479,,,1275280
1970,883130443,440957815,0xdf92529f,1,5,48000,191249,-1,269845776,40897,,,1275840
1971,883185164,440957815,0xdf92529f,1,5,48000,358273,-1,254637776,78209,,,1276400
1972,883609228,440957815,0xdf92529f,1,5,48000,327447,-1,338802192,75582,,,1277168
1973,883650887,440957815,0xdf92529f,1,5,48000,165427,-1,185578096,31513,,,1277904
1974,883885160,440957815,0xdf92529f,1,5,48000,93779,-1,1198144,33528,,,1278448
1975,884923721,440957815,0xdf92529f,1,5,48000,298068,-1,21213776,60825,,,1278960
1976,885046225,440957815,0xdf92529f,1,5,48000,288015,-1,267930176,73950,,,1279616
1977,885053161,440957815,0xdf92529f,1,5,48000,108616,-1,87876256,21180,,,1280256
1978,885107882,440957815,0xdf92529f,1,5,48000,168648,-1,66768528,33165,,,1280752
1979,885162603,440957815,0xdf92529f,1,5,48000,199250,-1,49401808,45752,,,1281296
1980,885272045,440957815,0xdf92529f,1,5,48000,292703,-1,6623488,72860,,,1281872
1981,885511948,440957815,0xdf92529f,1,5,48000,394715,-1,188033600,87445,,,1282512
1982,885805551,440957815,0xdf92529f,1,5,48000,389131,-1,189586848,95756,,,1283264
1983,885835786,440957815,0xdf92529f,1,5,48000,164735,-1,311464576,42532,,,1283984
1984,886394799,440957815,0xdf92529f,1,5,48000,236549,-1,303775248,60944,,,1284512
1985,886784782,440957815,0xdf92529f,1,5,48000,347925,-1,37371536,77811,,,1285104
1986,886839503,440957815,0xdf92529f,1,5,48000,341850,-1,16578496,61619,,,1285840
1987,886859501,440957815,0xdf92529f,1,5,48000,87264,-1,127712336,16179,,,1286592
1988,886914222,440957815,0xdf92529f,1,5,48000,239701,-1,105090432,55311,,,1287072
1989,886968943,440957815,0xdf92529f,1,5,48000,276738,-1,82839984,65870,,,1287648
1990,887023664,440957815,0xdf92529f,1,5,48000,221505,-1,63134880,48708,,,1288272
1991,887502449,440957815,0xdf92529f,1,5,48000,228139,-1,203673200,59042,,,1288848
1992,888426959,440957815,0xdf92529f,1,5,48000,127598,-1,137773504,27010,,,1289440
1993,888817700,440957815,0xdf92529f,1,5,48000,96085,-1,433251952,20459,,,1289968
1994,890999507,440957815,0xdf92529f,1,5,48000,255217,-1,165143184,51429,,,1290432
1995,891938533,440957815,0xdf92529f,1,5,48000,207247,-1,267169904,42622,,,1291040
1996,892403235,440957815,0xdf92529f,1,5,48000,301555,-1,35473584,67494,,,1291648
1997,892457956,440957815,0xdf92529f,1,5,48000,324256,-1,12592560,68078,,,1292272
1998,892581481,440957815,0xdf92529f,1,5,48000,271640,-1,322619904,65733,,,1292944
1999,892710921,440957815,0xdf92529f,1,5,48000,301490,-1,339694016,62055,,,1293552
2000,892752580,440957815,0xdf92529f,1,5,48000,205805,-1,185780672,44434,,,1294240
2001,892877605,440957815,0xdf92529f,1,5,48000,117326,-1,548990960,23043,,,1294832
2002,893100904,440957815,0xdf92529f,1,5,48000,188925,-1,180640112,34498,,,1295328
2003,893743852,440957815,0xdf92529f,1,5,48000,206733,-1,213065824,42244,,,1295904
2004,893744873,440957815,0xdf92529f,1,5,48000,227819,-1,281565264,34088,,,1296480
2005,893901063,440957815,0xdf92529f,1,5,48000,72328,-1,402830208,21224,,,1297072
2006,893970693,440957815,0xdf92529f,1,5,48000,133457,-1,41808848,27300,,,1297568
2007,893983755,440957815,0xdf92529f,1,5,48000,177087,-1,290873968,32690,,,1298080
2008,894045412,440957815,0xdf92529f,1,5,48000,126286,-1,135573536,28844,,,1298656
2009,894319017,440957815,0xdf92529f,1,5,48000,179823,-1,32122048,38776,,,1299168
2010,894541323,440957815,0xdf92529f,1,5,48000,94777,-1,313996448,25772,,,1299728
2011,895547794,440957815,0xdf92529f,1,5,48000,242936,-1,566423888,57379,,,1300256
2012,895777033,440957815,0xdf92529f,1,5,48000,354809,-1,76164816,74680,,,1300848
2013,896302040,440957815,0xdf92529f,1,5,48000,94351,-1,496132240,16886,,,1301600
2014,896838067,440957815,0xdf92529f,1,5,48000,335811,-1,557060224,126880,,,1302080
2015,897570048,440957815,0xdf92529f,1,5,48000,229021,-1,409861360,52010,,,1302720
2016,898083556,440957815,0xdf92529f,1,5,48000,264964,-1,427638976,82656,,,1303296
2017,899896832,440957815,0xdf92529f,1,5,48000,321232,-1,345985088,73049,,,1303920
2018,900170437,440957815,0xdf92529f,1,5,48000,410469,-1,315658624,97500,,,1304576
2019,900355619,440957815,0xdf92529f,1,5,48000,298835,-1,377329072,98190,,,1305344
2020,900985384,440957815,0xdf92529f,1,5,48000,376612,-1,352357440,80070,,,1306000
2021,901808530,440957815,0xdf92529f,1,5,48000,323714,-1,100606208,66676,,,1306720
2022,901863251,440957815,0xdf92529f,1,5,48000,183553,-1,79914032,31300,,,1307360
2023,901925923,440957815,0xdf92529f,1,5,48000,62648,-1,313454128,20661,,,1307936
2024,902160396,440957815,0xdf92529f,1,5,48000,319830,-1,516488736,71169,,,1308416
2025,902855544,440957815,0xdf92529f,1,5,48000,301062,-1,235449792,90491,,,1309136
2026,903138606,440957815,0xdf92529f,1,5,48000,199866,-1,487767424,46304,,,1309792
2027,903321267,440957815,0xdf92529f,1,5,48000,230406,-1,132467472,42760,,,1310368
2028,903375988,440957815,0xdf92529f,1,5,48000,147020,-1,107819616,30091,,,1310976
2029,904137835,440957815,0xdf92529f,1,5,48000,346179,-1,472937856,90602,,,1311504
2030,905157544,440957815,0xdf92529f,1,5,48000,98447,-1,542651648,16568,,,1312192
2031,905704977,440957815,0xdf92529f,1,5,48000,207409,-1,554925728,53501,,,1312656
2032,907181165,440957815,0xdf92529f,1,5,48000,440914,-1,249017408,111276,,,1313184
2033,907229992,440957815,0xdf92529f,1,5,48000,34567,-1,178663824,14630,,,1313984
2034,907605229,440957815,0xdf92529f,1,5,48000,368510,-1,337670864,81767,,,1314432
2035,908072008,440957815,0xdf92529f,1,5,48000,78549,-1,347571552,11470,,,1315136
2036,908248177,440957815,0xdf92529f,1,5,48000,142070,-1,391520528,32191,,,1315600
2037,908597522,440957815,0xdf92529f,1,5,48000,447336,-1,419321760,86793,,,1316128
2038,908865001,440957815,0xdf92529f,1,5,48000,145609,-1,37983872,33323,,,1316896
2039,909158604,440957815,0xdf92529f,1,5,48000,322083,-1,46510192,69094,,,1317408
2040,909172687,440957815,0xdf92529f,1,5,48000,174886,-1,342988832,33514,,,1318080
2041,909267809,440957815,0xdf92529f,1,5,48000,281976,-1,172619600,64802,,,1318640
2042,909747852,440957815,0xdf92529f,1,5,48000,251733,-1,229896016,46164,,,1319264
2043,911371531,440957815,0xdf92529f,1,5,48000,135562,-1,509043168,29009,,,1319840
2044,911850316,440957815,0xdf92529f,1,5,48000,401957,-1,539239536,109818,,,1320352
2045,912422960,440957815,0xdf92529f,1,5,48000,222512,-1,133802528,54924,,,1321088
2046,912716563,440957815,0xdf92529f,1,5,48000,103550,-1,144018656,22304,,,1321648
2047,912771284,440957815,0xdf92529f,1,5,48000,335004,-1,116870960,71301,,,1322128
2048,912829547,440957815,0xdf92529f,1,5,48000,252752,-1,517429568,57622,,,1322816
2049,913791911,440957815,0xdf92529f,1,5,48000,293757,-1,355878592,82809,,,1323424
2050,913846827,440957815,0xdf92529f,1,5,48000,301362,-1,398044880,74260,,,1324048
2051,914606979,440957815,0xdf92529f,1,5,48000,327868,-1,327873440,69343,,,1324656
2052,915078828,440957815,0xdf92529f,1,5,48000,250432,-1,439370032,76128,,,1325376
2053,915140485,440957815,0xdf92529f,1,5,48000,185033,-1,384060384,48879,,,1326000
2054,915200800,440957815,0xdf92529f,1,5,48000,152362,-1,353964832,46269,,,1326576
2055,915359369,440957815,0xdf92529f,1,5,48000,171709,-1,363850304,63967,,,1327152
2056,916002317,440957815,0xdf92529f,1,5,48000,312093,-1,404880256,71868,,,1327664
2057,916453957,440957815,0xdf92529f,1,5,48000,291343,-1,8294464,68266,,,1328288
2058,916805823,440957815,0xdf92529f,1,5,48000,380151,-1,506557920,96270,,,1328928
2059,917172645,440957815,0xdf92529f,1,5,48000,281616,-1,239053104,81270,,,1329664
2060,917575690,440957815,0xdf92529f,1,5,48000,304305,-1,233211360,73146,,,1330288
2061,917846213,440957815,0xdf92529f,1,5,48000,136161,-1,492488192,25775,,,1330912
2062,917966694,440957815,0xdf92529f,1,5,48000,275718,-1,38800848,40720,,,1331472
2063,918041413,440957815,0xdf92529f,1,5,48000,255249,-1,129658992,52671,,,1332096
2064,918260297,440957815,0xdf92529f,1,5,48000,236891,-1,47216384,44617,,,1332736
2065,918274380,440957815,0xdf92529f,1,5,48000,209290,-1,344074224,43399,,,1333344
2066,918331622,440957815,0xdf92529f,1,5,48000,121755,-1,553153904,26801,,,1333936
2067,918369739,440957815,0xdf92529f,1,5,48000,243186,-1,1764944,54588,,,1334432
2068,918500200,440957815,0xdf92529f,1,5,48000,205069,-1,199225088,45926,,,1335040
2069,919088427,440957815,0xdf92529f,1,5,48000,355681,-1,238658016,78139,,,1335600
2070,919718313,440957815,0xdf92529f,1,5,48000,330870,-1,94922144,80347,,,1336240
2071,919827755,440957815,0xdf92529f,1,5,48000,63114,-1,54473824,7795,,,1336960
2072,919955668,440957815,0xdf92529f,1,5,48000,156134,-1,157578016,40684,,,1337408
2073,920133878,440957815,0xdf92529f,1,5,48000,426525,-1,499781920,88579,,,1337952
2074,921432588,440957815,0xdf92529f,1,5,48000,159403,-1,159538560,33307,,,1338672
2075,922250656,440957815,0xdf92529f,1,5,48000,165828,-1,315938480,39428,,,1339200
2076,922515383,440957815,0xdf92529f,1,5,48000,367388,-1,470212224,100402,,,1339760
2077,922742503,440957815,0xdf92529f,1,5,48000,365875,-1,441123840,120988,,,1340480
2078,922893604,440957815,0xdf92529f,1,5,48000,273397,-1,357908416,78104,,,1341152
2079,923711193,440957815,0xdf92529f,1,5,48000,83084,-1,550157008,14685,,,1341760
2080,923763393,440957815,0xdf92529f,1,5,48000,194603,-1,323566928,46785,,,1342240
2081,924242178,440957815,0xdf92529f,1,5,48000,287074,-1,385839168,57606,,,1342784
2082,924981506,440957815,0xdf92529f,1,5,48000,342029,-1,275931408,79708,,,1343344
2083,925036227,440957815,0xdf92529f,1,5,48000,387054,-1,264901232,83427,,,1344032
2084,925333426,440957815,0xdf92529f,1,5,48000,69128,-1,566282720,19114,,,1344768
2085,926156397,440957815,0xdf92529f,1,5,48000,343007,-1,514173712,96521,,,1345248
2086,927317268,440957815,0xdf92529f,1,5,48000,238697,-1,126557792,57874,,,1345936
2087,927536152,440957815,0xdf92529f,1,5,48000,220842,-1,44750352,52972,,,1346544
2088,928996425,440957815,0xdf92529f,1,5,48000,269684,-1,425726976,60540,,,1347152
2089,930374139,440957815,0xdf92529f,1,5,48000,106335,-1,407798384,22378,,,1347776
2090,931899938,440957815,0xdf92529f,1,5,48000,447485,-1,463936960,117793,,,1348256
2091,932593523,440957815,0xdf92529f,1,5,48000,300639,-1,414918832,71288,,,1349072
2092,932861002,440957815,0xdf92529f,1,5,48000,246889,-1,34568160,57536,,,1349696
2093,934503179,440957815,0xdf92529f,1,5,48000,109591,-1,134540224,19025,,,1350288
2094,934557900,440957815,0xdf92529f,1,5,48000,249120,-1,108604368,64789,,,1350800
2095,934612621,440957815,0xdf92529f,1,5,48000,288464,-1,88001520,69032,,,1351408
2096,934667342,440957815,0xdf92529f,1,5,48000,463461,-1,66844880,104586,,,1352048
2097,934796782,440957815,0xdf92529f,1,5,48000,274526,-1,144496464,69395,,,1352832
2098,934906224,440957815,0xdf92529f,1,5,48000,204266,-1,98527920,41685,,,1353456
2099,935169195,440957815,0xdf92529f,1,5,48000,97824,-1,451889120,21541,,,1354032
2100,935889802,440957815,0xdf92529f,1,5,48000,55494,-1,502960,18490,,,1354512
2101,936364240,440957815,0xdf92529f,1,5,48000,279420,-1,152726480,68539,,,1354992
2102,936418961,440957815,0xdf92529f,1,5,48000,169790,-1,127912752,36317,,,1355680
2103,936473682,440957815,0xdf92529f,1,5,48000,125190,-1,105167776,26261,,,1356240
2104,937028169,440957815,0xdf92529f,1,5,48000,240579,-1,347115328,51657,,,1356720
2105,939355370,440957815,0xdf92529f,1,5,48000,149015,-1,360224336,46128,,,1357360
2106,939649994,440957815,0xdf92529f,1,5,48000,479646,-1,407580640,107776,,,1357904
2107,940224138,440957815,0xdf92529f,1,5,48000,378629,-1,267842544,87585,,,1358656
2108,940354599,440957815,0xdf92529f,1,5,48000,283095,-1,344716736,75347,,,1359360
2109,940414409,440957815,0xdf92529f,1,5,48000,325427,-1,310800512,73692,,,1360016
2110,940558967,440957815,0xdf92529f,1,5,48000,188125,-1,168435440,43725,,,1360688
2111,940628204,440957815,0xdf92529f,1,5,48000,194071,-1,315050784,40642,,,1361264
2112,940757644,440957815,0xdf92529f,1,5,48000,336314,-1,331307392,79539,,,1361840
2113,941039206,440957815,0xdf92529f,1,5,48000,258063,-1,218430944,60746,,,1362528
2114,941791596,440957815,0xdf92529f,1,5,48000,134003,-1,270404448,21785,,,1363152
2115,941798532,440957815,0xdf92529f,1,5,48000,128255,-1,95877440,24685,,,1363680
2116,941846317,440957815,0xdf92529f,1,5,48000,135435,-1,256670256,18031,,,1364176
2117,941853253,440957815,0xdf92529f,1,5,48000,288093,-1,72721312,64806,,,1364704
2118,942017416,440957815,0xdf92529f,1,5,48000,197922,-1,12892784,45612,,,1365376
2119,942034020,440957815,0xdf92529f,1,5,48000,183507,-1,550807488,45548,,,1365920
2120,942088741,440957815,0xdf92529f,1,5,48000,133642,-1,549937040,28061,,,1366464
2121,942198183,440957815,0xdf92529f,1,5,48000,117760,-1,546699552,24146,,,1366976
2122,942660364,440957815,0xdf92529f,1,5,48000,458078,-1,180776000,100094,,,1367440
2123,943584874,440957815,0xdf92529f,1,5,48000,340987,-1,22887584,75374,,,1368176
2124,943604872,440957815,0xdf92529f,1,5,48000,224737,-1,135902736,55738,,,1368848
2125,943823756,440957815,0xdf92529f,1,5,48000,223511,-1,50443296,51530,,,1369440
2126,944481069,440957815,0xdf92529f,1,5,48000,118326,-1,157437696,21748,,,1370064
2127,946486560,440957815,0xdf92529f,1,5,48000,323498,-1,371328416,76469,,,1370576
2128,946746196,440957815,0xdf92529f,1,5,48000,251771,-1,481587280,61329,,,1371264
2129,947116446,440957815,0xdf92529f,1,5,48000,218384,-1,265316368,47690,,,1371872
2130,947464770,440957815,0xdf92529f,1,5,48000,319886,-1,252833664,76113,,,1372464
2131,947943555,440957815,0xdf92529f,1,5,48000,304870,-1,333632480,72827,,,1373184
2132,948305962,440957815,0xdf92529f,1,5,48000,274542,-1,449413232,83504,,,1373856
2133,948457063,440957815,0xdf92529f,1,5,48000,114646,-1,361011680,21744,,,1374496
2134,949148606,440957815,0xdf92529f,1,5,48000,215340,-1,39743600,47139,,,1375008
2135,949203327,440957815,0xdf92529f,1,5,48000,352086,-1,19863648,91235,,,1375568
2136,949456292,440957815,0xdf92529f,1,5,48000,384075,-1,346235520,67316,,,1376272
2137,949712112,440957815,0xdf92529f,1,5,48000,46599,-1,247500592,14433,,,1376976
2138,950388749,440957815,0xdf92529f,1,5,48000,143743,-1,155645344,33363,,,1377440
2139,951315790,440957815,0xdf92529f,1,5,48000,284028,-1,500437200,68177,,,1377968
2140,952308083,440957815,0xdf92529f,1,5,48000,298001,-1,537254928,75670,,,1378560
2141,952698066,440957815,0xdf92529f,1,5,48000,370027,-1,487813760,94833,,,1379200
2142,953229051,440957815,0xdf92529f,1,5,48000,194305,-1,116177328,42568,,,1379872
2143,953240084,440957815,0xdf92529f,1,5,48000,159518,-1,542928496,39478,,,1380416
2144,953582762,440957815,0xdf92529f,1,5,48000,125010,-1,169802080,20148,,,1380960
2145,953697295,440957815,0xdf92529f,1,5,48000,476648,-1,473345232,107157,,,1381440
2146,955000026,440957815,0xdf92529f,1,5,48000,351879,-1,318455600,82543,,,1382256
2147,955186286,440957815,0xdf92529f,1,5,48000,279181,-1,348032512,60720,,,1382992
2148,955564007,440957815,0xdf92529f,1,5,48000,282206,-1,351861088,54849,,,1383600
2149,956493101,440957815,0xdf92529f,1,5,48000,59025,-1,1335840,18777,,,1384256
2150,957807637,440957815,0xdf92529f,1,5,48000,289589,-1,391877264,60845,,,1384736
2151,958260298,440957815,0xdf92529f,1,5,48000,134510,-1,98182096,27543,,,1385344
2152,958553901,440957815,0xdf92529f,1,5,48000,135052,-1,105587680,27257,,,1385872
2153,958718064,440957815,0xdf92529f,1,5,48000,113486,-1,46709584,24433,,,1386400
2154,960176080,440957815,0xdf92529f,1,5,48000,426635,-1,93721744,100971,,,1386896
2155,960285522,440957815,0xdf92529f,1,5,48000,93391,-1,53272688,18648,,,1387632
2156,960414962,440957815,0xdf92529f,1,5,48000,426643,-1,122438320,98437,,,1388128
2157,960417483,440957815,0xdf92529f,1,5,48000,101583,-1,501241440,20321,,,1388848
2158,960472204,440957815,0xdf92529f,1,5,48000,345211,-1,499195488,59084,,,1389328
2159,960524404,440957815,0xdf92529f,1,5,48000,313525,-1,80538224,58783,,,1389984
2160,960930991,440957815,0xdf92529f,1,5,48000,348343,-1,509300656,88713,,,1390640
2161,962101003,440957815,0xdf92529f,1,5,48000,211140,-1,422882192,46832,,,1391312
2162,962986989,440957815,0xdf92529f,1,5,48000,79173,-1,312892368,26459,,,1391872
2163,963820529,440957815,0xdf92529f,1,5,48000,143080,-1,558325536,31849,,,1392352
2164,963871815,440957815,0xdf92529f,1,5,48000,347813,-1,271353760,89547,,,1392848
2165,963926536,440957815,0xdf92529f,1,5,48000,434629,-1,257802256,100242,,,1393536
2166,964168960,440957815,0xdf92529f,1,5,48000,162467,-1,550006336,37391,,,1394320
2167,964460042,440957815,0xdf92529f,1,5,48000,220169,-1,330036800,41479,,,1394848
2168,964490608,440957815,0xdf92529f,1,5,48000,80561,-1,526449744,13246,,,1395440
2169,964699945,440957815,0xdf92529f,1,5,48000,248018,-1,384434784,54123,,,1395904
2170,964925765,440957815,0xdf92529f,1,5,48000,356178,-1,227208928,89327,,,1396528
2171,965274089,440957815,0xdf92529f,1,5,48000,278520,-1,223560048,71063,,,1397184
2172,965375363,440957815,0xdf92529f,1,5,48000,96528,-1,1486256,28880,,,1397808
2173,965636496,440957815,0xdf92529f,1,5,48000,424434,-1,422084240,109962,,,1398352
2174,965903975,440957815,0xdf92529f,1,5,48000,374262,-1,51144112,78011,,,1399040
2175,966253320,440957815,0xdf92529f,1,5,48000,243000,-1,188193456,48789,,,1399744
2176,966657386,440957815,0xdf92529f,1,5,48000,146064,-1,212602224,29668,,,1400352
2177,967135150,440957815,0xdf92529f,1,5,48000,334188,-1,233710880,103521,,,1400864
2178,967405673,440957815,0xdf92529f,1,5,48000,304495,-1,492651776,87367,,,1401536
2179,967416712,440957815,0xdf92529f,1,5,48000,296918,-1,76849408,73940,,,1402144
2180,967484495,440957815,0xdf92529f,1,5,48000,384283,-1,298675056,77597,,,1402816
2181,967580875,440957815,0xdf92529f,1,5,48000,96741,-1,18592208,18889,,,1403536
2182,967600873,440957815,0xdf92529f,1,5,48000,355190,-1,129879424,74059,,,1404032
2183,967929199,440957815,0xdf92529f,1,5,48000,344286,-1,2274768,90247,,,1404720
2184,968116902,440957815,0xdf92529f,1,5,48000,442259,-1,510375552,140622,,,1405424
2185,968155735,440957815,0xdf92529f,1,5,48000,105846,-1,566636064,26862,,,1406144
2186,968407984,440957815,0xdf92529f,1,5,48000,272974,-1,193565104,58263,,,1406608
2187,970676077,440957815,0xdf92529f,1,5,48000,310934,-1,207153488,84087,,,1407216
2188,970992048,440957815,0xdf92529f,1,5,48000,254487,-1,164030240,56791,,,1407856
2189,971365412,440957815,0xdf92529f,1,5,48000,185313,-1,434609296,49306,,,1408464
2190,971939556,440957815,0xdf92529f,1,5,48000,213179,-1,332527008,49557,,,1409008
2191,972301963,440957815,0xdf92529f,1,5,48000,426137,-1,441389984,143392,,,1409600
2192,972468968,440957815,0xdf92529f,1,5,48000,129060,-1,167497136,25757,,,1410320
2193,972569442,440957815,0xdf92529f,1,5,48000,180249,-1,214470688,56466,,,1410848
2194,973377574,440957815,0xdf92529f,1,5,48000,374457,-1,317667424,82721,,,1411376
2195,974242239,440957815,0xdf92529f,1,5,48000,70744,-1,204434384,11448,,,1412064
2196,974533864,440957815,0xdf92529f,1,5,48000,26688,-1,313625808,11095,,,1412512
2197,975254549,440957815,0xdf92529f,1,5,48000,341078,-1,143700720,88326,,,1412976
2198,976261866,440957815,0xdf92529f,1,5,48000,34258,-1,353145088,15219,,,1413680
2199,977563856,440957815,0xdf92529f,1,5,48000,278178,-1,469401616,66798,,,1414160
2200,977765485,440957815,0xdf92529f,1,5,48000,100167,-1,542758896,22630,,,1414768
2201,977901439,440957815,0xdf92529f,1,5,48000,218242,-1,454981216,50794,,,1415232
2202,978312918,440957815,0xdf92529f,1,5,48000,82427,-1,555099792,15198,,,1415824
2203,980679949,440957815,0xdf92529f,1,5,48000,118155,-1,347661728,25509,,,1416288
2204,982256299,440957815,0xdf92529f,1,5,48000,224101,-1,94528848,52339,,,1416800
2205,982311020,440957815,0xdf92529f,1,5,48000,322179,-1,72013936,83468,,,1417408
2206,982475183,440957815,0xdf92529f,1,5,48000,250180,-1,11710784,56507,,,1418080
2207,982659344,440957815,0xdf92529f,1,5,48000,232588,-1,61545152,49965,,,1418720
2208,983651637,440957815,0xdf92529f,1,5,48000,226773,-1,222362816,60628,,,1419312
2209,984062639,440957815,0xdf92529f,1,5,48000,392193,-1,134695472,87667,,,1419920
2210,984172081,440957815,0xdf92529f,1,5,48000,381098,-1,88209152,84100,,,1420640
2211,984229323,440957815,0xdf92529f,1,5,48000,347089,-1,496915680,65226,,,1421344
2212,984281523,440957815,0xdf92529f,1,5,48000,364059,-1,49617040,88272,,,1422032
2213,984356242,440957815,0xdf92529f,1,5,48000,205429,-1,144657360,47087,,,1422704
2214,984563276,440957815,0xdf92529f,1,5,48000,148443,-1,241544928,32267,,,1423264
2215,985742060,440957815,0xdf92529f,1,5,48000,88878,-1,497676048,14202,,,1423808
2216,987237930,440957815,0xdf92529f,1,5,48000,154918,-1,373360624,51073,,,1424256
2217,987774978,440957815,0xdf92529f,1,5,48000,136065,-1,559657744,38260,,,1424768
2218,987808741,440957815,0xdf92529f,1,5,48000,96293,-1,354147520,24923,,,1425264
2219,987922537,440957815,0xdf92529f,1,5,48000,264100,-1,251788448,67442,,,1425792
2220,987924500,440957815,0xdf92529f,1,5,48000,116792,-1,557639824,26903,,,1426416
2221,988737605,440957815,0xdf92529f,1,5,48000,152215,-1,213031296,34481,,,1426880
2222,989841861,440957815,0xdf92529f,1,5,48000,160936,-1,546862944,34867,,,1427408
2223,989899976,440957815,0xdf92529f,1,5,48000,73810,-1,48220784,11075,,,1427936
2224,989914059,440957815,0xdf92529f,1,5,48000,340154,-1,345052800,74576,,,1428384
2225,989954697,440957815,0xdf92529f,1,5,48000,70587,-1,28397376,11090,,,1429056
2226,990009418,440957815,0xdf92529f,1,5,48000,217059,-1,2908016,50175,,,1429520
2227,990080743,440957815,0xdf92529f,1,5,48000,97802,-1,549335744,17817,,,1430128
2228,990135464,440957815,0xdf92529f,1,5,48000,138237,-1,547605712,30554,,,1430608
2229,990139879,440957815,0xdf92529f,1,5,48000,351447,-1,200048416,75202,,,1431104
2230,990304042,440957815,0xdf92529f,1,5,48000,195081,-1,183760688,36464,,,1431792
2231,990319625,440957815,0xdf92529f,1,5,48000,201056,-1,551665536,44203,,,1432352
2232,991303271,440957815,0xdf92529f,1,5,48000,320567,-1,114360640,73315,,,1432928
2233,991357992,440957815,0xdf92529f,1,5,48000,234372,-1,95945552,55019,,,1433616
2234,991596874,440957815,0xdf92529f,1,5,48000,214432,-1,124650352,48988,,,1434176
2235,991761037,440957815,0xdf92529f,1,5,48000,306782,-1,62064464,70560,,,1434736
2236,991948740,440957815,0xdf92529f,1,5,48000,442970,-1,524501168,76734,,,1435408
2237,993164332,440957815,0xdf92529f,1,5,48000,372514,-1,136169632,94681,,,1436112
2238,993219053,440957815,0xdf92529f,1,5,48000,139133,-1,110187696,31021,,,1436800
2239,994040529,440957815,0xdf92529f,1,5,48000,373219,-1,159776272,94524,,,1437344
2240,994437924,440957815,0xdf92529f,1,5,48000,286788,-1,463287120,74715,,,1438096
2241,994502259,440957815,0xdf92529f,1,5,48000,116288,-1,435848912,25743,,,1438736
2242,996621185,440957815,0xdf92529f,1,5,48000,147642,-1,276242448,30590,,,1439248
2243,996675906,440957815,0xdf92529f,1,5,48000,249327,-1,265402752,51563,,,1439792
2244,997503015,440957815,0xdf92529f,1,5,48000,479544,-1,333903184,105666,,,1440400
2245,998591688,440957815,0xdf92529f,1,5,48000,228760,-1,260536400,57630,,,1441216
2246,998611686,440957815,0xdf92529f,1,5,48000,147237,-1,305159728,25916,,,1441856
2247,998666407,440957815,0xdf92529f,1,5,48000,334123,-1,300602368,77012,,,1442384
2248,998762787,440957815,0xdf92529f,1,5,48000,105653,-1,20159616,20933,,,1443024
2249,999015752,440957815,0xdf92529f,1,5,48000,146666,-1,346389536,26656,,,1443504
2250,1001425129,440957815,0xdf92529f,1,5,48000,195091,-1,158873344,42086,,,1444048
2251,1001867543,440957815,0xdf92529f,1,5,48000,330098,-1,537581760,64407,,,1444640
2252,1002257526,440957815,0xdf92529f,1,5,48000,445556,-1,488169520,143407,,,1445328
2253,1003256755,440957815,0xdf92529f,1,5,48000,349278,-1,473601600,89056,,,1446080
2254,1003286652,440957815,0xdf92529f,1,5,48000,158462,-1,368287520,36109,,,1446784
2255,1003539617,440957815,0xdf92529f,1,5,48000,274437,-1,464952128,64778,,,1447328
2256,1005029772,440957815,0xdf92529f,1,5,48000,112736,-1,547384192,21902,,,1447952
2257,1006307021,440957815,0xdf92529f,1,5,48000,366938,-1,67396400,84865,,,1448432
2258,1006416463,440957815,0xdf92529f,1,5,48000,291794,-1,31992992,66636,,,1449136
2259,1006471184,440957815,0xdf92529f,1,5,48000,203371,-1,7521360,54746,,,1449824
2260,1007485996,440957815,0xdf92529f,1,5,48000,333959,-1,531588144,86900,,,1450416
2261,1007592917,440957815,0xdf92529f,1,5,48000,162690,-1,232130736,32607,,,1451120
2262,1007612358,440957815,0xdf92529f,1,5,48000,91591,-1,481287584,17477,,,1451680
2263,1007777136,440957815,0xdf92529f,1,5,48000,93619,-1,451997520,21379,,,1452144
2264,1007877000,440957815,0xdf92529f,1,5,48000,313079,-1,497070192,60452,,,1452624
2265,1007942262,440957815,0xdf92529f,1,5,48000,298335,-1,297781392,71027,,,1453296
2266,1008003919,440957815,0xdf92529f,1,5,48000,193727,-1,153872352,43515,,,1453904
2267,1008058640,440957815,0xdf92529f,1,5,48000,295689,-1,128810016,54084,,,1454464
2268,1008168082,440957815,0xdf92529f,1,5,48000,339270,-1,83459328,85667,,,1455136
2269,1008277524,440957815,0xdf92529f,1,5,48000,87978,-1,46749760,14650,,,1455824
2270,1008332245,440957815,0xdf92529f,1,5,48000,440293,-1,26651648,102027,,,1456288
2271,1008334766,440957815,0xdf92529f,1,5,48000,259917,-1,493991952,44061,,,1457120
2272,1008497743,440957815,0xdf92529f,1,5,48000,29837,-1,642768,12781,,,1457728
2273,1009636110,440957815,0xdf92529f,1,5,48000,179887,-1,347374416,32703,,,1458176
2274,1009919701,440957815,0xdf92529f,1,5,48000,342595,-1,148327952,92154,,,1458736
2275,1010843948,440957815,0xdf92529f,1,5,48000,126680,-1,448958992,31034,,,1459408
2276,1012295367,440957815,0xdf92529f,1,5,48000,31896,-1,248755872,12080,,,1459920
2277,1012393257,440957815,0xdf92529f,1,5,48000,316750,-1,174825088,77942,,,1460384
2278,1012910831,440957815,0xdf92529f,1,5,48000,235368,-1,356471408,78873,,,1461040
2279,1013325038,440957815,0xdf92529f,1,5,48000,197608,-1,177156256,49770,,,1461632
2280,1013657095,440957815,0xdf92529f,1,5,48000,154423,-1,13786272,38601,,,1462208
2281,1013673699,440957815,0xdf92529f,1,5,48000,89252,-1,551214352,14775,,,1462704
2282,1014259405,440957815,0xdf92529f,1,5,48000,617103,-1,384847296,168640,,,1463184
2283,1014300043,440957815,0xdf92529f,1,5,48000,315944,-1,181982208,60880,,,1464016
2284,1015292336,440957815,0xdf92529f,1,5,48000,416284,-1,278236016,105178,,,1464672
2285,1015299272,440957815,0xdf92529f,1,5,48000,348399,-1,111389488,77744,,,1465424
2286,1015353993,440957815,0xdf92529f,1,5,48000,384500,-1,90223440,73808,,,1466096
2287,1015476497,440957815,0xdf92529f,1,5,48000,123233,-1,291895840,20556,,,1466800
2288,1015538154,440957815,0xdf92529f,1,5,48000,373353,-1,146050032,96699,,,1467312
2289,1015758059,440957815,0xdf92529f,1,5,48000,348886,-1,192743808,77641,,,1468064
2290,1015924743,440957815,0xdf92529f,1,5,48000,289910,-1,506989584,67993,,,1468736
2291,1015999462,440957815,0xdf92529f,1,5,48000,411282,-1,515492144,137254,,,1469376
2292,1016694610,440957815,0xdf92529f,1,5,48000,68019,-1,234106592,10908,,,1470128
2293,1016972275,440957815,0xdf92529f,1,5,48000,273333,-1,400546624,86999,,,1470592
2294,1017160333,440957815,0xdf92529f,1,5,48000,263503,-1,130112288,63612,,,1471184
2295,1017269775,440957815,0xdf92529f,1,5,48000,456120,-1,83797344,104062,,,1471808
2296,1017324496,440957815,0xdf92529f,1,5,48000,183088,-1,64568224,41213,,,1472656
2297,1017676362,440957815,0xdf92529f,1,5,48000,311118,-1,510872528,102857,,,1473216
2298,1019282695,440957815,0xdf92529f,1,5,48000,295302,-1,429547088,104778,,,1473904
2299,1020391366,440957815,0xdf92529f,1,5,48000,380866,-1,407710512,87840,,,1474608
2300,1020551508,440957815,0xdf92529f,1,5,48000,109485,-1,167876736,23653,,,1475280
2301,1020562465,440957815,0xdf92529f,1,5,48000,321828,-1,281266080,70373,,,1475760
2302,1020630248,440957815,0xdf92529f,1,5,48000,370383,-1,412245104,72937,,,1476416
2303,1020671907,440957815,0xdf92529f,1,5,48000,310454,-1,261920368,63508,,,1477088
2304,1021499016,440957815,0xdf92529f,1,5,48000,494676,-1,332669264,99802,,,1477792
2305,1021861423,440957815,0xdf92529f,1,5,48000,241246,-1,441704960,69117,,,1478688
2306,1022314084,440957815,0xdf92529f,1,5,48000,216219,-1,303513136,52833,,,1479296
2307,1022320053,440957815,0xdf92529f,1,5,48000,43200,-1,247587008,16108,,,1479904
2308,1022324779,440957815,0xdf92529f,1,5,48000,90220,-1,204653408,15962,,,1480368
2309,1022423526,440957815,0xdf92529f,1,5,48000,205966,-1,285049536,41739,,,1480832
2310,1022436588,440957815,0xdf92529f,1,5,48000,177057,-1,417156000,29372,,,1481424
2311,1022478247,440957815,0xdf92529f,1,5,48000,311779,-1,279719040,54113,,,1481968
2312,1022587689,440957815,0xdf92529f,1,5,48000,389389,-1,259219728,114782,,,1482608
2313,1022662408,440957815,0xdf92529f,1,5,48000,85984,-1,294655344,13986,,,1483344
2314,1022771850,440957815,0xdf92529f,1,5,48000,356239,-1,282621232,88571,,,1483808
2315,1022996690,440957815,0xdf92529f,1,5,48000,122853,-1,155828416,28616,,,1484496
2316,1023011753,440957815,0xdf92529f,1,5,48000,333580,-1,341581008,72366,,,1484992
2317,1023237573,440957815,0xdf92529f,1,5,48000,233522,-1,196332576,55461,,,1485664
2318,1023347015,440957815,0xdf92529f,1,5,48000,171621,-1,187010448,39796,,,1486304
2319,1023586918,440957815,0xdf92529f,1,5,48000,287937,-1,228367904,82488,,,1486848
2320,1025607852,440957815,0xdf92529f,1,5,48000,102016,-1,542059824,19397,,,1487488
2321,1028986314,440957815,0xdf92529f,1,5,48000,260335,-1,398262592,57422,,,1487968
2322,1031999920,440957815,0xdf92529f,1,5,48000,92026,-1,149035200,19010,,,1488560
2323,1032109362,440957815,0xdf92529f,1,5,48000,214439,-1,102169344,49431,,,1489024
2324,1032406507,440957815,0xdf92529f,1,5,48000,170390,-1,523729920,27787,,,1489600
2325,1033049455,440957815,0xdf92529f,1,5,48000,366860,-1,541471232,90784,,,1490128
2326,1033731541,440957815,0xdf92529f,1,5,48000,339452,-1,88569488,84582,,,1490832
2327,1035594930,440957815,0xdf92529f,1,5,48000,73081,-1,312989456,31796,,,1491520
2328,1036428470,440957815,0xdf92529f,1,5,48000,201521,-1,558462464,46855,,,1492000
2329,1036485642,440957815,0xdf92529f,1,5,48000,26521,-1,1018272,9651,,,1492560
2330,1037372555,440957815,0xdf92529f,1,5,48000,352619,-1,278602960,82800,,,1493008
2331,1037481997,440957815,0xdf92529f,1,5,48000,357312,-1,252156656,94778,,,1493696
2332,1037556716,440957815,0xdf92529f,1,5,48000,349695,-1,292695024,85498,,,1494416
2333,1037892999,440957815,0xdf92529f,1,5,48000,431442,-1,188436448,102539,,,1495104
2334,1038072745,440957815,0xdf92529f,1,5,48000,115499,-1,548154688,23462,,,1495872
2335,1038994734,440957815,0xdf92529f,1,5,48000,315701,-1,273361824,76790,,,1496368
2336,1039049455,440957815,0xdf92529f,1,5,48000,369205,-1,259672704,88058,,,1497024
2337,1039111112,440957815,0xdf92529f,1,5,48000,161774,-1,59771872,36450,,,1497728
2338,1039124174,440957815,0xdf92529f,1,5,48000,302566,-1,299816480,77084,,,1498272
2339,1039233616,440957815,0xdf92529f,1,5,48000,338165,-1,283557184,71215,,,1498944
2340,1039349994,440957815,0xdf92529f,1,5,48000,302734,-1,84034272,78200,,,1499584
2341,1039401321,440957815,0xdf92529f,1,5,48000,242823,-1,546943680,51761,,,1500208
2342,1039459436,440957815,0xdf92529f,1,5,48000,325605,-1,48361168,84647,,,1500848
2343,1039473519,440957815,0xdf92529f,1,5,48000,298203,-1,345371792,69324,,,1501536
2344,1039514157,440957815,0xdf92529f,1,5,48000,169971,-1,28594640,36980,,,1502176
2345,1039568878,440957815,0xdf92529f,1,5,48000,260555,-1,3362880,56537,,,1502720
2346,1039569899,440957815,0xdf92529f,1,5,48000,151553,-1,179140624,32031,,,1503360
2347,1039699339,440957815,0xdf92529f,1,5,48000,253891,-1,200254560,60211,,,1503904
2348,1039863502,440957815,0xdf92529f,1,5,48000,188650,-1,183797184,36563,,,1504528
2349,1040331746,440957815,0xdf92529f,1,5,48000,296190,-1,485038992,78862,,,1505088
2350,1040404298,440957815,0xdf92529f,1,5,48000,292241,-1,245044608,98681,,,1505728
2351,1040625349,440957815,0xdf92529f,1,5,48000,202972,-1,490757808,42625,,,1506384
2352,1041026894,440957815,0xdf92529f,1,5,48000,133967,-1,54951664,30505,,,1506944
2353,1041101613,440957815,0xdf92529f,1,5,48000,296134,-1,150357232,64517,,,1507456
2354,1043599989,440957815,0xdf92529f,1,5,48000,349217,-1,164392352,78711,,,1508112
2355,1043699566,440957815,0xdf92529f,1,5,48000,180919,-1,562002720,32541,,,1508848
2356,1044613187,440957815,0xdf92529f,1,5,48000,207322,-1,271860256,47418,,,1509408
2357,1044907811,440957815,0xdf92529f,1,5,48000,275309,-1,328051872,55600,,,1509968
2358,1044920873,440957815,0xdf92529f,1,5,48000,210476,-1,433432688,51865,,,1510608
2359,1045017253,440957815,0xdf92529f,1,5,48000,268351,-1,317986224,54833,,,1511232
2360,1045076909,440957815,0xdf92529f,1,5,48000,165307,-1,167654848,37582,,,1511888
2361,1045091972,440957815,0xdf92529f,1,5,48000,338866,-1,342090112,54485,,,1512400
2362,1045441317,440957815,0xdf92529f,1,5,48000,226966,-1,387136224,55657,,,1513104
2363,1046015461,440957815,0xdf92529f,1,5,48000,254730,-1,226058736,74013,,,1513696
2364,1046180645,440957815,0xdf92529f,1,5,48000,65158,-1,276273072,10417,,,1514320
2365,1046406465,440957815,0xdf92529f,1,5,48000,134904,-1,24327600,30241,,,1514768
2366,1046419527,440957815,0xdf92529f,1,5,48000,275655,-1,284671680,57595,,,1515264
2367,1046645347,440957815,0xdf92529f,1,5,48000,98655,-1,52532352,19187,,,1515904
2368,1046700068,440957815,0xdf92529f,1,5,48000,373306,-1,33697696,81941,,,1516384
2369,1046850180,440957815,0xdf92529f,1,5,48000,117626,-1,204508000,22706,,,1517104
2370,1047233574,440957815,0xdf92529f,1,5,48000,227766,-1,195913424,50112,,,1517616
2371,1047288295,440957815,0xdf92529f,1,5,48000,376424,-1,190977136,91604,,,1518208
2372,1048225867,440957815,0xdf92529f,1,5,48000,219222,-1,300818416,48733,,,1518880
2373,1048855753,440957815,0xdf92529f,1,5,48000,182032,-1,192131680,44578,,,1519456
2374,1048869807,440957815,0xdf92529f,1,5,48000,32197,-1,353304256,14796,,,1520016
2375,1049421966,440957815,0xdf92529f,1,5,48000,85546,-1,396751792,14989,,,1520464
2376,1049760519,440957815,0xdf92529f,1,5,48000,85109,-1,178502096,28794,,,1520944
2377,1049780000,440957815,0xdf92529f,1,5,48000,203416,-1,457399840,38310,,,1521456
2378,1050703489,440957815,0xdf92529f,1,5,48000,276127,-1,430662560,83391,,,1522016
2379,1050984589,440957815,0xdf92529f,1,5,48000,286801,-1,163094480,68241,,,1522656
2380,1051627999,440957815,0xdf92529f,1,5,48000,164754,-1,403142832,32181,,,1523296
2381,1052216226,440957815,0xdf92529f,1,5,48000,219167,-1,432191280,60174,,,1523856
2382,1052442046,440957815,0xdf92529f,1,5,48000,442371,-1,326193184,106609,,,1524432
2383,1052551488,440957815,0xdf92529f,1,5,48000,211221,-1,316869728,33340,,,1525168
2384,1052816215,440957815,0xdf92529f,1,5,48000,65066,-1,473849088,9670,,,1525728
2385,1053099077,440957815,0xdf92529f,1,5,48000,277317,-1,465157376,70012,,,1526176
2386,1055337059,440957815,0xdf92529f,1,5,48000,73656,-1,266287840,11981,,,1526848
2387,1055553896,440957815,0xdf92529f,1,5,48000,311800,-1,311027456,71434,,,1527296
2388,1055995921,440957815,0xdf92529f,1,5,48000,328649,-1,145496784,77008,,,1527952
2389,1056105363,440957815,0xdf92529f,1,5,48000,343919,-1,99131344,65437,,,1528624
2390,1056402508,440957815,0xdf92529f,1,5,48000,351476,-1,517846160,113210,,,1529312
2391,1056861295,440957815,0xdf92529f,1,5,48000,351838,-1,530758208,83915,,,1529984
2392,1057045456,440957815,0xdf92529f,1,5,48000,161041,-1,531806368,38366,,,1530688
2393,1057152377,440957815,0xdf92529f,1,5,48000,307235,-1,232324800,90347,,,1531200
2394,1057618100,440957815,0xdf92529f,1,5,48000,318033,-1,129105824,76783,,,1531872
2395,1057758026,440957815,0xdf92529f,1,5,48000,97128,-1,542473936,19495,,,1532512
2396,1057782263,440957815,0xdf92529f,1,5,48000,262555,-1,63866112,51991,,,1532992
2397,1057911703,440957815,0xdf92529f,1,5,48000,368519,-1,140442688,82806,,,1533616
2398,1058305459,440957815,0xdf92529f,1,5,48000,79427,-1,554718576,15041,,,1534304
2399,1060953871,440957815,0xdf92529f,1,5,48000,155424,-1,558255808,35273,,,1534768
2400,1061423153,440957815,0xdf92529f,1,5,48000,117530,-1,567096976,25068,,,1535296
2401,1061720422,440957815,0xdf92529f,1,5,48000,128873,-1,549415392,25674,,,1535776
2402,1061959304,440957815,0xdf92529f,1,5,48000,111541,-1,551904528,22199,,,1536288
2403,1062470291,440957815,0xdf92529f,1,5,48000,118701,-1,356852304,32373,,,1536768
2404,1063045456,440957815,0xdf92529f,1,5,48000,308405,-1,258202368,85111,,,1537264
2405,1063052392,440957815,0xdf92529f,1,5,48000,168766,-1,73706176,35291,,,1537920
2406,1063161834,440957815,0xdf92529f,1,5,48000,162120,-1,36029200,27874,,,1538480
2407,1064044685,440957815,0xdf92529f,1,5,48000,227382,-1,227686400,60427,,,1539024
2408,1064729292,440957815,0xdf92529f,1,5,48000,189097,-1,42377344,39373,,,1539616
2409,1064730792,440957815,0xdf92529f,1,5,48000,300188,-1,482880672,81981,,,1540160
2410,1064858732,440957815,0xdf92529f,1,5,48000,112157,-1,111659552,21489,,,1540816
2411,1064968174,440957815,0xdf92529f,1,5,48000,478699,-1,68323568,103006,,,1541296
2412,1065022895,440957815,0xdf92529f,1,5,48000,191554,-1,51443632,43827,,,1542096
2413,1065132337,440957815,0xdf92529f,1,5,48000,399994,-1,8783904,102544,,,1542640
2414,1065261777,440957815,0xdf92529f,1,5,48000,406719,-1,78995376,94394,,,1543344
2415,1065723085,440957815,0xdf92529f,1,5,48000,112738,-1,508700912,27160,,,1544144
2416,1066719793,440957815,0xdf92529f,1,5,48000,230417,-1,130477600,56594,,,1544640
2417,1066971880,440957815,0xdf92529f,1,5,48000,278264,-1,174166560,67478,,,1545248
2418,1067801282,440957815,0xdf92529f,1,5,48000,18413,-1,353754640,7976,,,1545920
2419,1068512808,440957815,0xdf92529f,1,5,48000,285435,-1,413963440,50488,,,1546368
2420,1068842155,440957815,0xdf92529f,1,5,48000,429276,-1,430005264,158080,,,1546976
2421,1069015775,440957815,0xdf92529f,1,5,48000,85619,-1,546498592,15155,,,1547728
2422,1069142694,440957815,0xdf92529f,1,5,48000,527513,-1,334808048,115065,,,1548192
2423,1069307878,440957815,0xdf92529f,1,5,48000,332351,-1,369438736,93749,,,1549024
2424,1069375661,440957815,0xdf92529f,1,5,48000,322964,-1,438314288,104840,,,1549728
2425,1070189708,440957815,0xdf92529f,1,5,48000,464774,-1,412481584,102302,,,1550368
2426,1070446695,440957815,0xdf92529f,1,5,48000,69384,-1,492315568,11319,,,1551120
2427,1070470249,440957815,0xdf92529f,1,5,48000,138768,-1,276970432,26575,,,1551568
2428,1070696069,440957815,0xdf92529f,1,5,48000,122463,-1,30185712,19478,,,1552096
2429,1070750790,440957815,0xdf92529f,1,5,48000,141131,-1,5916400,32586,,,1552592
2430,1070822115,440957815,0xdf92529f,1,5,48000,133642,-1,549500640,27737,,,1553104
2431,1071394759,440957815,0xdf92529f,1,5,48000,118864,-1,211617232,22261,,,1553616
2432,1071982986,440957815,0xdf92529f,1,5,48000,228246,-1,285214720,39768,,,1554096
2433,1072208806,440957815,0xdf92529f,1,5,48000,286898,-1,56344016,54498,,,1554656
2434,1072797033,440957815,0xdf92529f,1,5,48000,150608,-1,196532592,28933,,,1555312
2435,1073064808,440957815,0xdf92529f,1,5,48000,136012,-1,169327552,29548,,,1555872
2436,1073146378,440957815,0xdf92529f,1,5,48000,180907,-1,228484640,47475,,,1556400
2437,1074015146,440957815,0xdf92529f,1,5,48000,231684,-1,91923120,57364,,,1556960
2438,1074033070,440957815,0xdf92529f,1,5,48000,227621,-1,159141456,48510,,,1557552
2439,1074069867,440957815,0xdf92529f,1,5,48000,338976,-1,69613024,73435,,,1558160
2440,1074896434,440957815,0xdf92529f,1,5,48000,350989,-1,474972176,95088,,,1558864
2441,1075932907,440957815,0xdf92529f,1,5,48000,214274,-1,559772176,60847,,,1559520
2442,1076492768,440957815,0xdf92529f,1,5,48000,110877,-1,321248128,21485,,,1560096
2443,1076519153,440957815,0xdf92529f,1,5,48000,78903,-1,467322416,10692,,,1560592
2444,1077710881,440957815,0xdf92529f,1,5,48000,119166,-1,270359552,27499,,,1561040
2445,1078060226,440957815,0xdf92529f,1,5,48000,281531,-1,322422800,67898,,,1561536
2446,1079333060,440957815,0xdf92529f,1,5,48000,307534,-1,263494688,70384,,,1562192
2447,1080214348,440957815,0xdf92529f,1,5,48000,289122,-1,510063696,84289,,,1562848
2448,1080220299,440957815,0xdf92529f,1,5,48000,69460,-1,481376272,12015,,,1563504
2449,1081191918,440957815,0xdf92529f,1,5,48000,141654,-1,567350240,33587,,,1563968
2450,1081559380,440957815,0xdf92529f,1,5,48000,300495,-1,149123792,71401,,,1564480
2451,1081614101,440957815,0xdf92529f,1,5,48000,156777,-1,123772576,30740,,,1565104
2452,1081723543,440957815,0xdf92529f,1,5,48000,171452,-1,81060336,42491,,,1565664
2453,1082121478,440957815,0xdf92529f,1,5,48000,242151,-1,209303664,62705,,,1566176
2454,1083998127,440957815,0xdf92529f,1,5,48000,227979,-1,476867680,59336,,,1566784
2455,1086473228,440957815,0xdf92529f,1,5,48000,333825,-1,224739648,88842,,,1567392
2456,1086700496,440957815,0xdf92529f,1,5,48000,252330,-1,427193936,49648,,,1568096
2457,1087157835,440957815,0xdf92529f,1,5,48000,151896,-1,33167568,32609,,,1568704
2458,1088227368,440957815,0xdf92529f,1,5,48000,352774,-1,534916880,83441,,,1569232
2459,1088334289,440957815,0xdf92529f,1,5,48000,232372,-1,234760272,56164,,,1569920
2460,1088490284,440957815,0xdf92529f,1,5,48000,88191,-1,258576,29865,,,1570560
2461,1088615851,440957815,0xdf92529f,1,5,48000,200201,-1,78349168,40500,,,1571056
2462,1088725293,440957815,0xdf92529f,1,5,48000,235603,-1,39350656,56397,,,1571616
2463,1088780014,440957815,0xdf92529f,1,5,48000,209772,-1,19231168,51174,,,1572240
2464,1088909454,440957815,0xdf92529f,1,5,48000,231954,-1,84196112,50799,,,1572832
2465,1088964175,440957815,0xdf92529f,1,5,48000,401775,-1,65085376,83582,,,1573424
2466,1090422191,440957815,0xdf92529f,1,5,48000,107951,-1,114640432,19192,,,1574144
2467,1090661073,440957815,0xdf92529f,1,5,48000,94606,-1,150480672,16716,,,1574624
2468,1090715794,440957815,0xdf92529f,1,5,48000,467175,-1,125004032,116975,,,1575088
2469,1090770515,440957815,0xdf92529f,1,5,48000,300358,-1,103192992,72090,,,1575872
2470,1091402922,440957815,0xdf92529f,1,5,48000,419357,-1,468512768,100923,,,1576512
2471,1093159449,440957815,0xdf92529f,1,5,48000,219147,-1,168022256,48443,,,1577344
2472,1093501102,440957815,0xdf92529f,1,5,48000,308535,-1,443392352,83056,,,1577888
2473,1094063205,440957815,0xdf92529f,1,5,48000,408272,-1,286141616,100123,,,1578560
2474,1094076267,440957815,0xdf92529f,1,5,48000,343768,-1,418293296,87286,,,1579264
2475,1094185709,440957815,0xdf92529f,1,5,48000,372963,-1,410744928,72319,,,1579920
2476,1094302087,440957815,0xdf92529f,1,5,48000,322003,-1,296112768,84549,,,1580656
2477,1094466250,440957815,0xdf92529f,1,5,48000,361246,-1,276529936,97354,,,1581296
2478,1094651432,440957815,0xdf92529f,1,5,48000,588600,-1,342306192,109049,,,1582000
2479,1094932720,440957815,0xdf92529f,1,5,48000,119977,-1,204742096,18341,,,1582880
2480,1094982921,440957815,0xdf92529f,1,5,48000,187083,-1,244415136,37742,,,1583392
2481,1095000777,440957815,0xdf92529f,1,5,48000,314894,-1,387604560,70946,,,1583936
2482,1095164940,440957815,0xdf92529f,1,5,48000,120020,-1,371404928,23347,,,1584544
2483,1095226597,440957815,0xdf92529f,1,5,48000,378210,-1,229214480,86215,,,1585040
2484,1095574921,440957815,0xdf92529f,1,5,48000,358650,-1,226545936,107533,,,1585744
2485,1095794826,440957815,0xdf92529f,1,5,48000,140100,-1,265479344,26733,,,1586432
2486,1095965925,440957815,0xdf92529f,1,5,48000,393464,-1,24387408,81770,,,1586960
2487,1096272590,440957815,0xdf92529f,1,5,48000,252659,-1,289233424,57309,,,1587696
2488,1096314249,440957815,0xdf92529f,1,5,48000,114337,-1,10364784,25077,,,1588304
2489,1096847755,440957815,0xdf92529f,1,5,48000,524754,-1,191274608,112155,,,1588800
2490,1097435982,440957815,0xdf92529f,1,5,48000,287576,-1,236300272,69411,,,1589584
2491,1097442538,440957815,0xdf92529f,1,5,48000,233337,-1,397775936,61406,,,1590240
2492,1097901705,440957815,0xdf92529f,1,5,48000,329559,-1,132962688,77896,,,1590832
2493,1098011147,440957815,0xdf92529f,1,5,48000,476458,-1,85219616,107405,,,1591520
2494,1098215793,440957815,0xdf92529f,1,5,48000,204883,-1,542266096,51419,,,1592352
2495,1100838114,440957815,0xdf92529f,1,5,48000,405791,-1,363003760,117954,,,1592880
2496,1101187459,440957815,0xdf92529f,1,5,48000,382482,-1,403175056,83285,,,1593600
2497,1101358558,440957815,0xdf92529f,1,5,48000,329608,-1,275232816,68876,,,1594336
2498,1101413279,440957815,0xdf92529f,1,5,48000,64039,-1,263899408,8933,,,1595024
2499,1101765161,440957815,0xdf92529f,1,5,48000,94181,-1,177770384,31536,,,1595472
2500,1101775686,440957815,0xdf92529f,1,5,48000,277871,-1,432451376,61902,,,1595952
2501,1102056227,440957815,0xdf92529f,1,5,48000,386016,-1,321700048,92802,,,1596608
2502,1102405572,440957815,0xdf92529f,1,5,48000,207915,-1,368582080,63107,,,1597312
2503,1102989231,440957815,0xdf92529f,1,5,48000,121724,-1,155342064,26130,,,1597840
2504,1103164898,440957815,0xdf92529f,1,5,48000,261960,-1,287198448,63358,,,1598336
2505,1103177960,440957815,0xdf92529f,1,5,48000,301726,-1,419703872,60672,,,1598928
2506,1103287402,440957815,0xdf92529f,1,5,48000,106141,-1,411745056,20723,,,1599552
2507,1103753125,440957815,0xdf92529f,1,5,48000,461760,-1,343301536,81010,,,1600048
2508,1104374512,440957815,0xdf92529f,1,5,48000,389645,-1,503590112,129980,,,1600768
2509,1105555381,440957815,0xdf92529f,1,5,48000,179412,-1,145595824,42721,,,1601520
2510,1105961968,440957815,0xdf92529f,1,5,48000,153350,-1,518060208,29908,,,1602080
2511,1106604916,440957815,0xdf92529f,1,5,48000,261774,-1,532249920,65046,,,1602624
2512,1106995920,440957815,0xdf92529f,1,5,48000,361459,-1,497435648,74794,,,1603248
2513,1107177560,440957815,0xdf92529f,1,5,48000,276815,-1,129335440,64295,,,1603936
2514,1107266800,440957815,0xdf92529f,1,5,48000,226345,-1,241235536,57527,,,1604576
2515,1108276990,440957815,0xdf92529f,1,5,48000,282684,-1,461348608,74203,,,1605168
2516,1109093583,440957815,0xdf92529f,1,5,48000,79718,-1,1104960,27028,,,1605808
2517,1110132519,440957815,0xdf92529f,1,5,48000,217963,-1,310563456,48294,,,1606320
2518,1110763853,440957815,0xdf92529f,1,5,48000,260176,-1,300432896,65297,,,1606912
2519,1111208557,440957815,0xdf92529f,1,5,48000,392177,-1,4659088,88995,,,1607488
2520,1111242638,440957815,0xdf92529f,1,5,48000,213397,-1,346935296,45199,,,1608256
2521,1111279882,440957815,0xdf92529f,1,5,48000,82833,-1,549441104,12317,,,1608832
2522,1111686469,440957815,0xdf92529f,1,5,48000,302787,-1,560494896,66080,,,1609296
2523,1112146129,440957815,0xdf92529f,1,5,48000,94654,-1,214212016,18864,,,1609968
2524,1112502410,440957815,0xdf92529f,1,5,48000,207505,-1,115300896,49517,,,1610448
2525,1112776015,440957815,0xdf92529f,1,5,48000,127230,-1,14061648,25041,,,1611024
2526,1113014897,440957815,0xdf92529f,1,5,48000,502508,-1,43694256,114082,,,1611520
2527,1113476205,440957815,0xdf92529f,1,5,48000,157247,-1,504706512,47454,,,1612384
2528,1114527634,440957815,0xdf92529f,1,5,48000,213321,-1,68730528,42553,,,1612928
2529,1114711795,440957815,0xdf92529f,1,5,48000,382387,-1,119962672,89462,,,1613504
2530,1115180039,440957815,0xdf92529f,1,5,48000,287032,-1,480234800,65664,,,1614256
2531,1115587471,440957815,0xdf92529f,1,5,48000,34108,-1,312663344,13763,,,1614912
2532,1117611824,440957815,0xdf92529f,1,5,48000,52000,-1,401970160,17109,,,1615360
2533,1117875045,440957815,0xdf92529f,1,5,48000,434722,-1,266052992,102067,,,1615824
2534,1117942828,440957815,0xdf92529f,1,5,48000,270999,-1,405910112,51153,,,1616560
2535,1118223369,440957815,0xdf92529f,1,5,48000,390225,-1,253988032,98390,,,1617168
2536,1118465793,440957815,0xdf92529f,1,5,48000,85155,-1,549794576,14698,,,1617888
2537,1119109486,440957815,0xdf92529f,1,5,48000,59528,-1,402744080,18404,,,1618368
2538,1119516201,440957815,0xdf92529f,1,5,48000,191886,-1,237106128,45677,,,1618848
2539,1119736106,440957815,0xdf92529f,1,5,48000,221724,-1,274758608,42145,,,1619376
2540,1119865546,440957815,0xdf92529f,1,5,48000,174960,-1,301635920,39104,,,1620000
2541,1119920267,440957815,0xdf92529f,1,5,48000,342345,-1,290699536,82981,,,1620560
2542,1119961926,440957815,0xdf92529f,1,5,48000,114403,-1,20812832,21924,,,1621232
2543,1120029709,440957815,0xdf92529f,1,5,48000,278364,-1,277064448,64451,,,1621744
2544,1120091366,440957815,0xdf92529f,1,5,48000,183023,-1,86513296,44244,,,1622400
2545,1120255529,440957815,0xdf92529f,1,5,48000,125119,-1,30263600,26671,,,1622928
2546,1120269612,440957815,0xdf92529f,1,5,48000,302515,-1,336400080,68326,,,1623424
2547,1120310250,440957815,0xdf92529f,1,5,48000,269447,-1,6077376,65470,,,1624112
2548,1120788162,440957815,0xdf92529f,1,5,48000,270373,-1,560786416,89359,,,1624736
2549,1120898477,440957815,0xdf92529f,1,5,48000,303936,-1,186289376,70455,,,1625408
2550,1121431983,440957815,0xdf92529f,1,5,48000,286185,-1,230046336,83448,,,1626080
2551,1121550503,440957815,0xdf92529f,1,5,48000,208573,-1,173564944,57999,,,1626720
2552,1121768266,440957815,0xdf92529f,1,5,48000,79644,-1,56697728,11129,,,1627296
2553,1121822987,440957815,0xdf92529f,1,5,48000,355141,-1,36889920,73170,,,1627744
2554,1121897706,440957815,0xdf92529f,1,5,48000,138892,-1,127026880,27515,,,1628464
2555,1122007148,440957815,0xdf92529f,1,5,48000,223347,-1,82714128,46091,,,1628992
2556,1122029907,440957815,0xdf92529f,1,5,48000,97784,-1,396856384,20612,,,1629584
2557,1122078473,440957815,0xdf92529f,1,5,48000,104435,-1,554371728,22800,,,1630080
2558,1122171311,440957815,0xdf92529f,1,5,48000,151360,-1,25300240,35656,,,1630560
2559,1122356493,440957815,0xdf92529f,1,5,48000,108826,-1,196729088,22857,,,1631056
2560,1123592530,440957815,0xdf92529f,1,5,48000,283095,-1,163417664,58695,,,1631552
2561,1124683014,440957815,0xdf92529f,1,5,48000,186574,-1,446848880,53360,,,1632176
2562,1124779394,440957815,0xdf92529f,1,5,48000,338948,-1,370497216,94133,,,1632720
2563,1124902919,440957815,0xdf92529f,1,5,48000,321442,-1,457937584,94353,,,1633392
2564,1124957640,440957815,0xdf92529f,1,5,48000,317046,-1,456743616,84472,,,1634032
2565,1125258179,440957815,0xdf92529f,1,5,48000,334147,-1,420883344,72693,,,1634704
2566,1125477063,440957815,0xdf92529f,1,5,48000,299860,-1,404609232,78649,,,1635376
2567,1126517951,440957815,0xdf92529f,1,5,48000,201684,-1,218229504,58228,,,1636016
2568,1127051457,440957815,0xdf92529f,1,5,48000,163951,-1,302704336,30389,,,1636608
2569,1127134346,440957815,0xdf92529f,1,5,48000,82077,-1,313318928,25833,,,1637152
2570,1127325062,440957815,0xdf92529f,1,5,48000,389496,-1,255541296,89020,,,1637680
2571,1127564965,440957815,0xdf92529f,1,5,48000,238739,-1,327493008,53447,,,1638400
2572,1128261071,440957815,0xdf92529f,1,5,48000,586242,-1,507839120,183315,,,1638992
2573,1128685135,440957815,0xdf92529f,1,5,48000,324726,-1,533651472,78816,,,1639840
2574,1128862348,440957815,0xdf92529f,1,5,48000,84729,-1,352876496,31196,,,1640512
2575,1129008898,440957815,0xdf92529f,1,5,48000,77517,-1,40694656,12750,,,1640976
2576,1129063619,440957815,0xdf92529f,1,5,48000,285739,-1,21836384,70250,,,1641440
2577,1130913400,440957815,0xdf92529f,1,5,48000,165608,-1,554788080,35478,,,1642096
2578,1131173561,440957815,0xdf92529f,1,5,48000,238533,-1,124004784,52554,,,1642608
2579,1131228282,440957815,0xdf92529f,1,5,48000,384601,-1,102371392,91083,,,1643216
2580,1133280431,440957815,0xdf92529f,1,5,48000,92059,-1,347522592,15188,,,1643936
2581,1135866631,440957815,0xdf92529f,1,5,48000,187662,-1,561388256,65097,,,1644416
2582,1136032688,440957815,0xdf92529f,1,5,48000,124447,-1,225086848,26894,,,1644944
2583,1136553132,440957815,0xdf92529f,1,5,48000,257080,-1,91515792,64418,,,1645424
2584,1136700101,440957815,0xdf92529f,1,5,48000,331893,-1,208653232,84067,,,1646048
2585,1136788620,440957815,0xdf92529f,1,5,48000,82461,-1,550520416,14685,,,1646688
2586,1136792014,440957815,0xdf92529f,1,5,48000,390683,-1,120649344,99454,,,1647168
2587,1136898062,440957815,0xdf92529f,1,5,48000,108398,-1,547795920,21444,,,1647888
2588,1137123882,440957815,0xdf92529f,1,5,48000,400902,-1,507086608,107324,,,1648368
2589,1137784307,440957815,0xdf92529f,1,5,48000,298940,-1,241156672,78818,,,1649088
2590,1137786828,440957815,0xdf92529f,1,5,48000,304803,-1,535309696,76470,,,1649760
2591,1138175311,440957815,0xdf92529f,1,5,48000,155871,-1,78513232,34700,,,1650416
2592,1138284753,440957815,0xdf92529f,1,5,48000,178080,-1,39495648,40913,,,1650944
2593,1138414193,440957815,0xdf92529f,1,5,48000,166165,-1,106981872,38645,,,1651504
2594,1138468914,440957815,0xdf92529f,1,5,48000,274727,-1,84246944,59079,,,1652032
2595,1138523635,440957815,0xdf92529f,1,5,48000,101145,-1,65381200,20481,,,1652704
2596,1138653075,440957815,0xdf92529f,1,5,48000,312611,-1,142350576,90737,,,1653184
2597,1140409223,440957815,0xdf92529f,1,5,48000,117600,-1,353838496,38596,,,1653824
2598,1141279119,440957815,0xdf92529f,1,5,48000,281947,-1,426753712,63062,,,1654368
2599,1141871046,440957815,0xdf92529f,1,5,48000,369319,-1,263112896,101877,,,1654976
2600,1142979717,440957815,0xdf92529f,1,5,48000,214233,-1,219173232,50876,,,1655664
2601,1143047500,440957815,0xdf92529f,1,5,48000,429735,-1,382399664,85550,,,1656224
2602,1143054636,440957815,0xdf92529f,1,5,48000,90905,-1,492401504,15006,,,1656992
2603,1143286382,440957815,0xdf92529f,1,5,48000,332701,-1,390663200,95335,,,1657472
2604,1143512202,440957815,0xdf92529f,1,5,48000,439250,-1,230771232,75405,,,1658176
2605,1143622665,440957815,0xdf92529f,1,5,48000,213939,-1,286416592,42816,,,1658864
2606,1143635727,440957815,0xdf92529f,1,5,48000,512679,-1,418497440,111891,,,1659440
2607,1143957927,440957815,0xdf92529f,1,5,48000,110552,-1,16480720,22141,,,1660240
2608,1144142088,440957815,0xdf92529f,1,5,48000,220366,-1,63087056,47789,,,1660736
2609,1144196809,440957815,0xdf92529f,1,5,48000,162999,-1,45483904,36020,,,1661344
2610,1144251530,440957815,0xdf92529f,1,5,48000,254907,-1,25762976,66598,,,1661904
2611,1144546154,440957815,0xdf92529f,1,5,48000,279979,-1,187186160,73347,,,1662496
2612,1144600875,440957815,0xdf92529f,1,5,48000,137092,-1,182753312,26123,,,1663120
2613,1144895499,440957815,0xdf92529f,1,5,48000,293921,-1,217755296,78877,,,1663664
2614,1145672749,440957815,0xdf92529f,1,5,48000,180022,-1,169501424,37691,,,1664320
2615,1145709546,440957815,0xdf92529f,1,5,48000,264577,-1,70347136,61061,,,1664896
2616,1146003149,440957815,0xdf92529f,1,5,48000,182236,-1,80272176,40064,,,1665504
2617,1146057870,440957815,0xdf92529f,1,5,48000,293483,-1,61042032,69147,,,1666080
2618,1147461165,440957815,0xdf92529f,1,5,48000,238120,-1,133100928,47279,,,1666752
2619,1148734757,440957815,0xdf92529f,1,5,48000,308133,-1,459848240,74322,,,1667360
2620,1149124740,440957815,0xdf92529f,1,5,48000,220236,-1,406260784,56461,,,1668000
2621,1149127094,440957815,0xdf92529f,1,5,48000,166258,-1,467421968,37924,,,1668560
2622,1149822409,440957815,0xdf92529f,1,5,48000,407590,-1,431112144,113915,,,1669120
2623,1150972739,440957815,0xdf92529f,1,5,48000,181202,-1,263952400,45477,,,1669872
2624,1151321063,440957815,0xdf92529f,1,5,48000,163353,-1,249561392,43107,,,1670448
2625,1151451524,440957815,0xdf92529f,1,5,48000,297103,-1,336726320,62630,,,1670944
2626,1151786786,440957815,0xdf92529f,1,5,48000,252488,-1,184246784,54330,,,1671616
2627,1152950178,440957815,0xdf92529f,1,5,48000,287648,-1,58616832,57848,,,1672208
2628,1153004899,440957815,0xdf92529f,1,5,48000,426327,-1,38277536,106810,,,1672832
2629,1153293158,440957815,0xdf92529f,1,5,48000,330705,-1,424907520,58978,,,1673616
2630,1153799859,440957815,0xdf92529f,1,5,48000,102131,-1,567484336,20289,,,1674256
2631,1154025611,440957815,0xdf92529f,1,5,48000,165799,-1,158620928,38022,,,1674736
2632,1155114841,440957815,0xdf92529f,1,5,48000,311162,-1,145734976,81476,,,1675264
2633,1159271884,440957815,0xdf92529f,1,5,48000,289487,-1,548466816,76714,,,1675904
2634,1160212840,440957815,0xdf92529f,1,5,48000,82372,-1,481134272,12979,,,1676528
2635,1160377618,440957815,0xdf92529f,1,5,48000,88006,-1,451838496,15621,,,1676992
2636,1160713296,440957815,0xdf92529f,1,5,48000,111872,-1,29384544,19553,,,1677472
2637,1161098225,440957815,0xdf92529f,1,5,48000,51761,-1,381520,18621,,,1677968
2638,1162116591,440957815,0xdf92529f,1,5,48000,245640,-1,96852144,53686,,,1678448
2639,1162171312,440957815,0xdf92529f,1,5,48000,97152,-1,73843952,16694,,,1679056
2640,1162280754,440957815,0xdf92529f,1,5,48000,233955,-1,36252208,52302,,,1679536
2641,1162300752,440957815,0xdf92529f,1,5,48000,335526,-1,151033984,88788,,,1680144
2642,1162355473,440957815,0xdf92529f,1,5,48000,344484,-1,125810544,82765,,,1680832
2643,1164739499,440957815,0xdf92529f,1,5,48000,326469,-1,480687808,81330,,,1681536
2644,1167782829,440957815,0xdf92529f,1,5,48000,150347,-1,254167200,23342,,,1682208
2645,1168134695,440957815,0xdf92529f,1,5,48000,94776,-1,546572496,17767,,,1682752
2646,1169521386,440957815,0xdf92529f,1,5,48000,61274,-1,20884624,8642,,,1683216
2647,1169541384,440957815,0xdf92529f,1,5,48000,98555,-1,133783392,19092,,,1683664
2648,1169701132,440957815,0xdf92529f,1,5,48000,347415,-1,544418352,98450,,,1684160
2649,1169705547,440957815,0xdf92529f,1,5,48000,443331,-1,66283920,107666,,,1684864
2650,1169718609,440957815,0xdf92529f,1,5,48000,312176,-1,304151424,75695,,,1685664
2651,1169834987,440957815,0xdf92529f,1,5,48000,259194,-1,143882496,56902,,,1686336
2652,1169944429,440957815,0xdf92529f,1,5,48000,128967,-1,98274224,24187,,,1686976
2653,1171218284,440957815,0xdf92529f,1,5,48000,209032,-1,97554224,46634,,,1687472
2654,1171273005,440957815,0xdf92529f,1,5,48000,141900,-1,74727344,27312,,,1688032
2655,1171457166,440957815,0xdf92529f,1,5,48000,204611,-1,127199552,45017,,,1688560
2656,1171511887,440957815,0xdf92529f,1,5,48000,461454,-1,104784496,93041,,,1689120
2657,1172197252,440957815,0xdf92529f,1,5,48000,319718,-1,439186000,102231,,,1689872
2658,1174373102,440957815,0xdf92529f,1,5,48000,38875,-1,177879840,14557,,,1690544
2659,1174804577,440957815,0xdf92529f,1,5,48000,245639,-1,288363584,55099,,,1690992
2660,1174817639,440957815,0xdf92529f,1,5,48000,269016,-1,421068544,62505,,,1691584
2661,1175262343,440957815,0xdf92529f,1,5,48000,257821,-1,267682368,54718,,,1692176
2662,1175392804,440957815,0xdf92529f,1,5,48000,388312,-1,343982976,91216,,,1692848
2663,1175597172,440957815,0xdf92529f,1,5,48000,166391,-1,155493136,39556,,,1693584
2664,1176610917,440957815,0xdf92529f,1,5,48000,268461,-1,302973248,55473,,,1694112
2665,1176836737,440957815,0xdf92529f,1,5,48000,152550,-1,94854704,27839,,,1694736
2666,1176884522,440957815,0xdf92529f,1,5,48000,315109,-1,255743840,69171,,,1695280
2667,1176946179,440957815,0xdf92529f,1,5,48000,428252,-1,54364544,109244,,,1695936
2668,1177181667,440957815,0xdf92529f,1,5,48000,74931,-1,548011440,10782,,,1696688
2669,1178208334,440957815,0xdf92529f,1,5,48000,134505,-1,541655424,32278,,,1697152
2670,1178568358,440957815,0xdf92529f,1,5,48000,147503,-1,41005264,33949,,,1697648
2671,1179626871,440957815,0xdf92529f,1,5,48000,298806,-1,511541808,94380,,,1698176
2672,1179633807,440957815,0xdf92529f,1,5,48000,302012,-1,470137184,75000,,,1698832
2673,1179860740,440957815,0xdf92529f,1,5,48000,357001,-1,350979424,75336,,,1699488
2674,1181757702,440957815,0xdf92529f,1,5,48000,59556,-1,177447360,20276,,,1700208
2675,1182054053,440957815,0xdf92529f,1,5,48000,87678,-1,210837776,32883,,,1700672
2676,1182167713,440957815,0xdf92529f,1,5,48000,340806,-1,409310208,63935,,,1701152
2677,1182222434,440957815,0xdf92529f,1,5,48000,177050,-1,405244928,45183,,,1701808
2678,1182688157,440957815,0xdf92529f,1,5,48000,174673,-1,330686432,33024,,,1702320
2679,1184654576,440957815,0xdf92529f,1,5,48000,177746,-1,44659872,38585,,,1702864
2680,1184964783,440957815,0xdf92529f,1,5,48000,106145,-1,554060992,22049,,,1703424
2681,1185115884,440957815,0xdf92529f,1,5,48000,95316,-1,505222208,17654,,,1703904
2682,1186003150,440957815,0xdf92529f,1,5,48000,187558,-1,137165136,43570,,,1704384
2683,1186057871,440957815,0xdf92529f,1,5,48000,408051,-1,111949312,107852,,,1704944
2684,1186810261,440957815,0xdf92529f,1,5,48000,358581,-1,194999552,90249,,,1705712
2685,1187309426,440957815,0xdf92529f,1,5,48000,185827,-1,422735824,38648,,,1706416
2686,1187346288,440957815,0xdf92529f,1,5,48000,281409,-1,535704672,67811,,,1706976
2687,1187973653,440957815,0xdf92529f,1,5,48000,378901,-1,107081408,93986,,,1707568
2688,1188195412,440957815,0xdf92529f,1,5,48000,136681,-1,312772848,43300,,,1708304
2689,1188200138,440957815,0xdf92529f,1,5,48000,102373,-1,242069520,24894,,,1708848
2690,1188212535,440957815,0xdf92529f,1,5,48000,61166,-1,142526288,9505,,,1709312
2691,1188267256,440957815,0xdf92529f,1,5,48000,160059,-1,115813504,39067,,,1709760
2692,1188735500,440957815,0xdf92529f,1,5,48000,391393,-1,471750960,88292,,,1710272
2693,1189086124,440957815,0xdf92529f,1,5,48000,113008,-1,712752,33762,,,1711040
2694,1189968683,440957815,0xdf92529f,1,5,48000,29180,-1,354258624,12823,,,1711552
2695,1191388847,440957815,0xdf92529f,1,5,48000,350093,-1,413036864,77438,,,1712000
2696,1192661681,440957815,0xdf92529f,1,5,48000,357690,-1,374965344,89959,,,1712656
2697,1193182125,440957815,0xdf92529f,1,5,48000,79870,-1,286556096,11551,,,1713392
2698,1193407945,440957815,0xdf92529f,1,5,48000,302097,-1,57439952,45104,,,1713856
2699,1193462666,440957815,0xdf92529f,1,5,48000,415158,-1,37449392,94556,,,1714512
2700,1193517387,440957815,0xdf92529f,1,5,48000,381217,-1,16721744,82056,,,1715248
2701,1193537385,440957815,0xdf92529f,1,5,48000,299704,-1,127829600,83118,,,1715968
2702,1193585170,440957815,0xdf92529f,1,5,48000,335800,-1,276665552,79419,,,1716592
2703,1193996172,440957815,0xdf92529f,1,5,48000,108011,-1,197824496,20860,,,1717248
2704,1194345517,440957815,0xdf92529f,1,5,48000,306835,-1,229443888,75119,,,1717728
2705,1195214285,440957815,0xdf92529f,1,5,48000,156862,-1,92807824,24546,,,1718432
2706,1195507888,440957815,0xdf92529f,1,5,48000,109575,-1,100907776,19842,,,1718976
2707,1195859754,440957815,0xdf92529f,1,5,48000,414640,-1,516937152,104717,,,1719472
2708,1197301924,440957815,0xdf92529f,1,5,48000,446143,-1,434407856,135201,,,1720224
2709,1197677391,440957815,0xdf92529f,1,5,48000,147082,-1,167369792,34656,,,1721008
2710,1198813640,440957815,0xdf92529f,1,5,48000,220576,-1,415847344,36335,,,1721504
2711,1198964741,440957815,0xdf92529f,1,5,48000,323835,-1,256514240,89004,,,1722048
2712,1199148902,440957815,0xdf92529f,1,5,48000,193203,-1,282015568,44642,,,1722688
2713,1199450662,440957815,0xdf92529f,1,5,48000,84532,-1,204371248,15711,,,1723264
2714,1199663431,440957815,0xdf92529f,1,5,48000,232004,-1,355337936,51827,,,1723744
2715,1200073412,440957815,0xdf92529f,1,5,48000,300670,-1,217176752,62673,,,1724400
2716,1200141195,440957815,0xdf92529f,1,5,48000,297858,-1,378798800,87417,,,1725056
2717,1200312294,440957815,0xdf92529f,1,5,48000,276648,-1,222907408,78623,,,1725696
2718,1200421736,440957815,0xdf92529f,1,5,48000,241993,-1,213189968,60696,,,1726336
2719,1200422757,440957815,0xdf92529f,1,5,48000,506861,-1,281599392,106361,,,1726960
2720,1200703298,440957815,0xdf92529f,1,5,48000,179801,-1,22795248,40054,,,1727760
2721,1200887459,440957815,0xdf92529f,1,5,48000,305815,-1,67666672,63355,,,1728336
2722,1200942180,440957815,0xdf92529f,1,5,48000,97334,-1,50304640,17756,,,1729040
2723,1201120426,440957815,0xdf92529f,1,5,48000,377974,-1,326503808,83652,,,1729504
2724,1201470289,440957815,0xdf92529f,1,5,48000,71564,-1,353029312,36686,,,1730224
2725,1201934473,440957815,0xdf92529f,1,5,48000,424921,-1,221546176,128760,,,1730704
2726,1202022448,440957815,0xdf92529f,1,5,48000,67228,-1,396561536,10829,,,1731456
2727,1202361001,440957815,0xdf92529f,1,5,48000,31414,-1,178290848,12485,,,1731904
2728,1202564359,440957815,0xdf92529f,1,5,48000,429094,-1,38502816,101473,,,1732352
2729,1202619080,440957815,0xdf92529f,1,5,48000,141880,-1,17752800,31275,,,1733152
2730,1203585071,440957815,0xdf92529f,1,5,48000,292275,-1,162487776,53853,,,1733680
2731,1204761440,440957815,0xdf92529f,1,5,48000,148687,-1,427826544,32893,,,1734336
2732,1205197266,440957815,0xdf92529f,1,5,48000,230587,-1,478469008,59625,,,1734880
2733,1207033503,440957815,0xdf92529f,1,5,48000,185438,-1,377485664,49321,,,1735488
2734,1207088224,440957815,0xdf92529f,1,5,48000,302007,-1,372138896,99935,,,1736064
2735,1208839843,440957815,0xdf92529f,1,5,48000,260436,-1,385412512,59770,,,1736736
2736,1209533428,440957815,0xdf92529f,1,5,48000,395233,-1,235725856,98300,,,1737344
2737,1209579171,440957815,0xdf92529f,1,5,48000,216638,-1,275877776,53599,,,1738048
2738,1209999151,440957815,0xdf92529f,1,5,48000,349508,-1,132644560,69668,,,1738624
2739,1210122408,440957815,0xdf92529f,1,5,48000,297420,-1,244606960,84928,,,1739360
2740,1210218035,440957815,0xdf92529f,1,5,48000,377665,-1,48815088,81271,,,1739984
2741,1210665167,440957815,0xdf92529f,1,5,48000,111732,-1,451197696,30031,,,1740704
2742,1211914933,440957815,0xdf92529f,1,5,48000,292162,-1,126027648,63362,,,1741184
2743,1212081617,440957815,0xdf92529f,1,5,48000,264492,-1,496421408,46621,,,1741856
2744,1214023635,440957815,0xdf92529f,1,5,48000,174298,-1,566781536,37756,,,1742480
2745,1215275406,440957815,0xdf92529f,1,5,48000,396102,-1,419500368,68603,,,1743024
2746,1215297325,440957815,0xdf92529f,1,5,48000,84510,-1,423491280,12707,,,1743712
2747,1215850571,440957815,0xdf92529f,1,5,48000,385885,-1,343091312,80577,,,1744176
2748,1216069455,440957815,0xdf92529f,1,5,48000,358318,-1,320996752,94001,,,1744896
2749,1216131859,440957815,0xdf92529f,1,5,48000,277009,-1,204916128,62532,,,1745584
2750,1216535178,440957815,0xdf92529f,1,5,48000,267851,-1,218034496,57789,,,1746208
2751,1217191188,440957815,0xdf92529f,1,5,48000,99113,-1,414557360,19829,,,1746864
2752,1217458667,440957815,0xdf92529f,1,5,48000,295018,-1,34071616,66224,,,1747344
2753,1217694155,440957815,0xdf92529f,1,5,48000,77334,-1,546590304,13805,,,1748016
2754,1217753291,440957815,0xdf92529f,1,5,48000,150227,-1,188784304,28938,,,1748480
2755,1217766353,440957815,0xdf92529f,1,5,48000,194359,-1,338465184,39973,,,1749024
2756,1218049415,440957815,0xdf92529f,1,5,48000,257214,-1,509121504,64262,,,1749600
2757,1218156336,440957815,0xdf92529f,1,5,48000,238914,-1,179720048,48915,,,1750272
2758,1218528200,440957815,0xdf92529f,1,5,48000,223324,-1,539514640,45099,,,1750896
2759,1218973925,440957815,0xdf92529f,1,5,48000,276949,-1,495127536,65515,,,1751520
2760,1219080846,440957815,0xdf92529f,1,5,48000,193568,-1,20976992,45044,,,1752128
2761,1219100844,440957815,0xdf92529f,1,5,48000,347719,-1,133902048,69559,,,1752720
2762,1219210286,440957815,0xdf92529f,1,5,48000,194597,-1,87301248,40028,,,1753408
2763,1219394447,440957815,0xdf92529f,1,5,48000,307850,-1,144096560,61197,,,1753984
2764,1219503889,440957815,0xdf92529f,1,5,48000,65761,-1,98340000,8223,,,1754720
2765,1220401764,440957815,0xdf92529f,1,5,48000,99629,-1,353398144,40121,,,1755168
2766,1222276135,440957815,0xdf92529f,1,5,48000,306349,-1,372939472,81616,,,1755664
2767,1222612418,440957815,0xdf92529f,1,5,48000,342352,-1,264500352,70766,,,1756368
2768,1223047177,440957815,0xdf92529f,1,5,48000,73791,-1,492128784,14822,,,1757056
2769,1224027754,440957815,0xdf92529f,1,5,48000,235859,-1,393759216,47869,,,1757504
2770,1224548198,440957815,0xdf92529f,1,5,48000,361558,-1,304554960,91888,,,1758064
2771,1224675951,440957815,0xdf92529f,1,5,48000,243044,-1,177206064,59357,,,1758736
2772,1224938181,440957815,0xdf92529f,1,5,48000,339648,-1,47365376,86133,,,1759328
2773,1224952264,440957815,0xdf92529f,1,5,48000,348266,-1,344203488,49408,,,1760016
2774,1225047623,440957815,0xdf92529f,1,5,48000,128118,-1,2090720,25180,,,1760656
2775,1225116427,440957815,0xdf92529f,1,5,48000,356047,-1,325290176,70872,,,1761184
2776,1225178084,440957815,0xdf92529f,1,5,48000,260469,-1,199299760,70700,,,1761920
2777,1225636871,440957815,0xdf92529f,1,5,48000,216514,-1,218287776,52790,,,1762560
2778,1226396197,440957815,0xdf92529f,1,5,48000,324453,-1,95163088,61625,,,1763136
2779,1226505639,440957815,0xdf92529f,1,5,48000,470774,-1,54514432,102822,,,1763824
2780,1226547849,440957815,0xdf92529f,1,5,48000,76052,-1,396456688,12019,,,1764688
2781,1226633552,440957815,0xdf92529f,1,5,48000,112589,-1,158758624,19660,,,1765136
2782,1226811762,440957815,0xdf92529f,1,5,48000,310896,-1,500023520,72446,,,1765648
2783,1226866483,440957815,0xdf92529f,1,5,48000,103977,-1,498401408,21721,,,1766288
2784,1229119635,440957815,0xdf92529f,1,5,48000,121705,-1,467149648,23489,,,1766752
2785,1229193267,440957815,0xdf92529f,1,5,48000,242178,-1,470425456,53751,,,1767216
2786,1229476129,440957815,0xdf92529f,1,5,48000,161302,-1,462244464,31969,,,1767856
2787,1230920062,440957815,0xdf92529f,1,5,48000,162709,-1,385990064,40472,,,1768400
2788,1231084225,440957815,0xdf92529f,1,5,48000,207238,-1,371215760,57669,,,1768944
2789,1231727173,440957815,0xdf92529f,1,5,48000,173089,-1,409433008,42861,,,1769536
2790,1232820781,440957815,0xdf92529f,1,5,48000,75602,-1,481209904,12682,,,1770064
2791,1233575172,440957815,0xdf92529f,1,5,48000,279963,-1,273904320,81225,,,1770528
2792,1233629893,440957815,0xdf92529f,1,5,48000,199176,-1,259982000,57464,,,1771136
2793,1233995152,440957815,0xdf92529f,1,5,48000,143015,-1,126749360,30714,,,1771680
2794,1234049873,440957815,0xdf92529f,1,5,48000,327771,-1,104625280,72806,,,1772224
2795,1234104594,440957815,0xdf92529f,1,5,48000,385063,-1,82447600,92021,,,1772848
2796,1234214036,440957815,0xdf92529f,1,5,48000,294898,-1,44899664,68033,,,1773568
2797,1234469522,440957815,0xdf92529f,1,5,48000,209849,-1,554439264,53833,,,1774256
2798,1236020376,440957815,0xdf92529f,1,5,48000,116947,-1,79569728,23435,,,1774816
2799,1236138402,440957815,0xdf92529f,1,5,48000,369700,-1,565568080,107380,,,1775312
2800,1236262800,440957815,0xdf92529f,1,5,48000,411561,-1,520366384,115875,,,1776016
2801,1236322054,440957815,0xdf92529f,1,5,48000,62077,-1,501609488,8458,,,1776752
2802,1236689990,440957815,0xdf92529f,1,5,48000,375424,-1,173763648,101512,,,1777200
2803,1236869487,440957815,0xdf92529f,1,5,48000,281405,-1,543051632,66750,,,1777936
2804,1237924977,440957815,0xdf92529f,1,5,48000,4897234,-1,452459376,1651934,,,1778528
2805,1238294960,440957815,0xdf92529f,1,5,48000,402265,-1,472049776,115909,,,1783488
2806,1238577822,440957815,0xdf92529f,1,5,48000,319334,-1,464204368,80707,,,1784192
2807,1239271407,440957815,0xdf92529f,1,5,48000,93452,-1,414990160,18336,,,1784880
2808,1239774374,440957815,0xdf92529f,1,5,48000,82360,-1,546649968,13765,,,1785360
2809,1240531179,440957815,0xdf92529f,1,5,48000,300313,-1,216639152,78144,,,1785840
2810,1240770061,440957815,0xdf92529f,1,5,48000,146408,-1,222329296,33475,,,1786480
2811,1241090766,440957815,0xdf92529f,1,5,48000,80221,-1,70624,23306,,,1786992
2812,1241269008,440957815,0xdf92529f,1,5,48000,314406,-1,399412032,83933,,,1787488
2813,1241345226,440957815,0xdf92529f,1,5,48000,169171,-1,66981248,32334,,,1788096
2814,1241454668,440957815,0xdf92529f,1,5,48000,157034,-1,31412512,38144,,,1788656
2815,1241509389,440957815,0xdf92529f,1,5,48000,91719,-1,6765888,16588,,,1789168
2816,1242860484,440957815,0xdf92529f,1,5,48000,172268,-1,497647808,28208,,,1789632
2817,1242967405,440957815,0xdf92529f,1,5,48000,142283,-1,57798832,32107,,,1790192
2818,1243042124,440957815,0xdf92529f,1,5,48000,307888,-1,153091472,87907,,,1790688
2819,1243261008,440957815,0xdf92529f,1,5,48000,64405,-1,63306080,8274,,,1791344
2820,1243315729,440957815,0xdf92529f,1,5,48000,308858,-1,45862688,73706,,,1791792
2821,1243372971,440957815,0xdf92529f,1,5,48000,308240,-1,493647776,60596,,,1792480
2822,1243390448,440957815,0xdf92529f,1,5,48000,353889,-1,139488592,87258,,,1793136
2823,1243555632,440957815,0xdf92529f,1,5,48000,196932,-1,198031008,49204,,,1793824
2824,1245012627,440957815,0xdf92529f,1,5,48000,171293,-1,121847392,36301,,,1794384
2825,1245882153,440957815,0xdf92529f,1,5,48000,239964,-1,448074688,55476,,,1794944
2826,1246635764,440957815,0xdf92529f,1,5,48000,92840,-1,559754560,17573,,,1795568
2827,1247435528,440957815,0xdf92529f,1,5,48000,263301,-1,331445472,64575,,,1796048
2828,1247784873,440957815,0xdf92529f,1,5,48000,303016,-1,380806496,88915,,,1796672
2829,1247853677,440957815,0xdf92529f,1,5,48000,381451,-1,460374976,95335,,,1797328
2830,1248524201,440957815,0xdf92529f,1,5,48000,261246,-1,256810144,65362,,,1798064
2831,1249005507,440957815,0xdf92529f,1,5,48000,138396,-1,552625888,31058,,,1798672
2832,1249297610,440957815,0xdf92529f,1,5,48000,449943,-1,383394368,110160,,,1799168
2833,1249700655,440957815,0xdf92529f,1,5,48000,434120,-1,379256544,116479,,,1799984
2834,1249871754,440957815,0xdf92529f,1,5,48000,274365,-1,222986064,82331,,,1800752
2835,1249982217,440957815,0xdf92529f,1,5,48000,422053,-1,281705792,92625,,,1801360
2836,1250282756,440957815,0xdf92529f,1,5,48000,315000,-1,136007008,76183,,,1802080
2837,1250337477,440957815,0xdf92529f,1,5,48000,392873,-1,109954880,90963,,,1802768
2838,1250392198,440957815,0xdf92529f,1,5,48000,293564,-1,89578832,71873,,,1803488
2839,1250501640,440957815,0xdf92529f,1,5,48000,103382,-1,50735360,18650,,,1804144
2840,1250816275,440957815,0xdf92529f,1,5,48000,181675,-1,541852464,44521,,,1804624
2841,1252014377,440957815,0xdf92529f,1,5,48000,342785,-1,76401024,78394,,,1805168
2842,1252069098,440957815,0xdf92529f,1,5,48000,76906,-1,58922608,11735,,,1805904
2843,1253757497,440957815,0xdf92529f,1,5,48000,234067,-1,489967360,76172,,,1806368
2844,1254320900,440957815,0xdf92529f,1,5,48000,261882,-1,427977792,81355,,,1806976
2845,1254365643,440957815,0xdf92529f,1,5,48000,56193,-1,177562624,21088,,,1807568
2846,1254661994,440957815,0xdf92529f,1,5,48000,93874,-1,210969792,25344,,,1808048
2847,1254756726,440957815,0xdf92529f,1,5,48000,351284,-1,478737312,96069,,,1808576
2848,1254983846,440957815,0xdf92529f,1,5,48000,425404,-1,449609328,104029,,,1809296
2849,1255025505,440957815,0xdf92529f,1,5,48000,160211,-1,376560112,42380,,,1810048
2850,1256059457,440957815,0xdf92529f,1,5,48000,321425,-1,320055344,83633,,,1810608
2851,1256418606,440957815,0xdf92529f,1,5,48000,117520,-1,426940064,21292,,,1811264
2852,1256818783,440957815,0xdf92529f,1,5,48000,185507,-1,218771696,48361,,,1811760
2853,1257050729,440957815,0xdf92529f,1,5,48000,102168,-1,357071872,21840,,,1812320
2854,1257066633,440957815,0xdf92529f,1,5,48000,140534,-1,156968512,31359,,,1812800
2855,1257352289,440957815,0xdf92529f,1,5,48000,335963,-1,303251440,82793,,,1813312
2856,1259906935,440957815,0xdf92529f,1,5,48000,133448,-1,116229696,23230,,,1814016
2857,1260808079,440957815,0xdf92529f,1,5,48000,98749,-1,242197344,29137,,,1814544
2858,1261419672,440957815,0xdf92529f,1,5,48000,200220,-1,151318784,51309,,,1815024
2859,1261694065,440957815,0xdf92529f,1,5,48000,159087,-1,871440,48205,,,1815568
2860,1264485521,440957815,0xdf92529f,1,5,48000,375563,-1,391938144,85020,,,1816144
2861,1265102345,440957815,0xdf92529f,1,5,48000,361455,-1,38087680,79855,,,1816880
2862,1265170128,440957815,0xdf92529f,1,5,48000,229236,-1,283095712,51063,,,1817568
2863,1265467273,440957815,0xdf92529f,1,5,48000,76955,-1,553108752,13671,,,1818176
2864,1265745293,440957815,0xdf92529f,1,5,48000,108938,-1,187293920,19494,,,1818640
2865,1265857256,440957815,0xdf92529f,1,5,48000,409072,-1,505677616,104968,,,1819152
2866,1266799243,440957815,0xdf92529f,1,5,48000,264798,-1,113383328,62675,,,1819856
2867,1267072848,440957815,0xdf92529f,1,5,48000,501911,-1,11109632,108908,,,1820464
2868,1267092846,440957815,0xdf92529f,1,5,48000,406819,-1,122745120,104450,,,1821296
2869,1267147567,440957815,0xdf92529f,1,5,48000,302594,-1,101565472,66520,,,1822016
2870,1267444712,440957815,0xdf92529f,1,5,48000,232290,-1,522141328,45009,,,1822688
2871,1267608875,440957815,0xdf92529f,1,5,48000,409754,-1,509488288,123647,,,1823280
2872,1267836590,440957815,0xdf92529f,1,5,48000,288706,-1,312185984,72612,,,1824080
2873,1267958220,440957815,0xdf92529f,1,5,48000,419343,-1,529752640,111218,,,1824704
2874,1268660304,440957815,0xdf92529f,1,5,48000,91364,-1,134095664,17486,,,1825472
2875,1270212306,440957815,0xdf92529f,1,5,48000,58341,-1,401713760,20097,,,1825968
2876,1271377829,440957815,0xdf92529f,1,5,48000,392653,-1,384650480,96403,,,1826448
2877,1271835595,440957815,0xdf92529f,1,5,48000,341808,-1,373112368,90683,,,1827184
2878,1273409989,440957815,0xdf92529f,1,5,48000,348288,-1,239316736,110877,,,1827904
2879,1273813034,440957815,0xdf92529f,1,5,48000,245267,-1,234047840,58707,,,1828560
2880,1274204038,440957815,0xdf92529f,1,5,48000,193270,-1,39016592,33972,,,1829168
2881,1274333478,440957815,0xdf92529f,1,5,48000,223361,-1,106119856,54151,,,1829760
2882,1274401261,440957815,0xdf92529f,1,5,48000,303314,-1,306235664,77225,,,1830352
2883,1274442920,440957815,0xdf92529f,1,5,48000,484104,-1,64421712,109176,,,1830992
2884,1274511724,440957815,0xdf92529f,1,5,48000,173084,-1,344375184,26947,,,1831792
2885,1274630389,440957815,0xdf92529f,1,5,48000,148480,-1,396657728,29168,,,1832352
2886,1274737544,440957815,0xdf92529f,1,5,48000,345321,-1,199457840,84179,,,1832896
2887,1274901707,440957815,0xdf92529f,1,5,48000,323916,-1,183507760,84493,,,1833552
2888,1274968942,440957815,0xdf92529f,1,5,48000,81891,-1,178399488,25784,,,1834240
2889,1275955657,440957815,0xdf92529f,1,5,48000,333021,-1,95412096,77495,,,1834768
2890,1276010378,440957815,0xdf92529f,1,5,48000,136041,-1,72421680,29470,,,1835424
2891,1276119820,440957815,0xdf92529f,1,5,48000,262554,-1,35130272,63603,,,1835952
2892,1276193012,440957815,0xdf92529f,1,5,48000,359707,-1,162815760,79401,,,1836544
2893,1276598605,440957815,0xdf92529f,1,5,48000,408171,-1,202698848,98199,,,1837232
2894,1277669932,440957815,0xdf92529f,1,5,48000,404952,-1,166988576,94229,,,1837984
2895,1278553092,440957815,0xdf92529f,1,5,48000,177087,-1,526828288,38359,,,1838704
2896,1278752727,440957815,0xdf92529f,1,5,48000,180266,-1,470610608,48209,,,1839264
2897,1280130177,440957815,0xdf92529f,1,5,48000,115918,-1,341392736,27552,,,1839808
2898,1281444670,440957815,0xdf92529f,1,5,48000,149084,-1,23875296,36315,,,1840304
2899,1281462830,440957815,0xdf92529f,1,5,48000,35648,-1,352695280,16107,,,1840800
2900,1284579323,440957815,0xdf92529f,1,5,48000,225369,-1,455076320,52147,,,1841280
2901,1284994130,440957815,0xdf92529f,1,5,48000,82108,-1,483703488,15353,,,1841872
2902,1285470394,440957815,0xdf92529f,1,5,48000,336251,-1,120916032,75028,,,1842352
2903,1286549826,440957815,0xdf92529f,1,5,48000,348039,-1,454744704,88859,,,1843072
2904,1287829596,440957815,0xdf92529f,1,5,48000,182124,-1,372316160,47568,,,1843776
2905,1290740523,440957815,0xdf92529f,1,5,48000,154730,-1,134859232,36957,,,1844336
2906,1290849965,440957815,0xdf92529f,1,5,48000,324638,-1,88293296,76173,,,1844864
2907,1291014128,440957815,0xdf92529f,1,5,48000,240390,-1,31673696,54037,,,1845568
2908,1291088847,440957815,0xdf92529f,1,5,48000,196788,-1,117623456,41965,,,1846192
2909,1291268613,440957815,0xdf92529f,1,5,48000,218396,-1,173290656,52430,,,1846784
2910,1291379056,440957815,0xdf92529f,1,5,48000,93446,-1,552264224,18054,,,1847376
2911,1292190582,440957815,0xdf92529f,1,5,48000,177439,-1,231331904,49240,,,1847840
2912,1292417423,440957815,0xdf92529f,1,5,48000,186398,-1,97826704,47305,,,1848368
2913,1292472144,440957815,0xdf92529f,1,5,48000,380887,-1,75430976,82533,,,1848896
2914,1292820468,440957815,0xdf92529f,1,5,48000,261783,-1,63331664,63930,,,1849648
2915,1293009705,440957815,0xdf92529f,1,5,48000,124719,-1,353613216,47808,,,1850256
2916,1293299253,440957815,0xdf92529f,1,5,48000,342971,-1,203914976,92147,,,1850800
2917,1294319880,440957815,0xdf92529f,1,5,48000,94155,-1,405111840,18496,,,1851456
2918,1295655118,440957815,0xdf92529f,1,5,48000,105859,-1,492211920,31186,,,1851936
2919,1295847631,440957815,0xdf92529f,1,5,48000,240507,-1,398770608,67102,,,1852432
2920,1296167879,440957815,0xdf92529f,1,5,48000,226153,-1,259533392,46956,,,1853040
2921,1296352040,440957815,0xdf92529f,1,5,48000,369278,-1,283407824,86239,,,1853632
2922,1296519745,440957815,0xdf92529f,1,5,48000,203953,-1,546897856,45791,,,1854320
2923,1296591943,440957815,0xdf92529f,1,5,48000,284310,-1,345246592,59928,,,1854864
2924,1296994988,440957815,0xdf92529f,1,5,48000,449913,-1,331665648,93195,,,1855504
2925,1297258041,440957815,0xdf92529f,1,5,48000,293970,-1,436387040,92601,,,1856304
2926,1297508496,440957815,0xdf92529f,1,5,48000,160377,-1,355501696,42521,,,1856928
2927,1297932560,440957815,0xdf92529f,1,5,48000,261913,-1,415992832,49926,,,1857472
2928,1298083661,440957815,0xdf92529f,1,5,48000,336608,-1,257154944,76851,,,1858080
2929,1298090597,440957815,0xdf92529f,1,5,48000,269697,-1,73070080,50140,,,1858752
2930,1298158380,440957815,0xdf92529f,1,5,48000,136709,-1,292834352,30638,,,1859376
2931,1298254760,440957815,0xdf92529f,1,5,48000,316075,-1,13050320,67836,,,1859872
2932,1298271364,440957815,0xdf92529f,1,5,48000,138952,-1,550959296,31065,,,1860528
2933,1298384200,440957815,0xdf92529f,1,5,48000,177338,-1,81699648,42731,,,1861040
2934,1298507725,440957815,0xdf92529f,1,5,48000,136037,-1,340097888,33962,,,1861568
2935,1298617167,440957815,0xdf92529f,1,5,48000,434971,-1,329466880,107644,,,1862048
2936,1298897708,440957815,0xdf92529f,1,5,48000,321296,-1,181234432,86100,,,1862832
2937,1299431214,440957815,0xdf92529f,1,5,48000,338539,-1,223145712,95975,,,1863520
2938,1299725838,440957815,0xdf92529f,1,5,48000,233829,-1,302319424,46163,,,1864192
2939,1299842216,440957815,0xdf92529f,1,5,48000,307025,-1,136300848,77872,,,1864800
2940,1299896937,440957815,0xdf92529f,1,5,48000,354791,-1,110418608,74551,,,1865472
2941,1299951658,440957815,0xdf92529f,1,5,48000,162722,-1,89717056,34216,,,1866208
2942,1300061100,440957815,0xdf92529f,1,5,48000,158774,-1,50895744,25770,,,1866752
2943,1300115821,440957815,0xdf92529f,1,5,48000,85796,-1,32221200,16248,,,1867296
2944,1300170542,440957815,0xdf92529f,1,5,48000,374885,-1,7967952,78723,,,1867760
2945,1300522408,440957815,0xdf92529f,1,5,48000,399370,-1,506421456,118911,,,1868480
2946,1301727576,440957815,0xdf92529f,1,5,48000,87335,-1,467253792,16054,,,1869232
2947,1303880360,440957815,0xdf92529f,1,5,48000,285243,-1,428405056,105174,,,1869696
2948,1304543306,440957815,0xdf92529f,1,5,48000,344208,-1,449993824,117319,,,1870320
2949,1304694407,440957815,0xdf92529f,1,5,48000,255989,-1,361357728,82737,,,1871008
2950,1305063750,440957815,0xdf92529f,1,5,48000,94224,-1,422485776,14863,,,1871632
2951,1305269572,440957815,0xdf92529f,1,5,48000,275849,-1,260712720,81750,,,1872112
2952,1305344291,440957815,0xdf92529f,1,5,48000,380026,-1,300721120,97255,,,1872752
2953,1305857799,440957815,0xdf92529f,1,5,48000,204006,-1,325602688,45609,,,1873472
2954,1306235563,440957815,0xdf92529f,1,5,48000,190028,-1,567852560,57658,,,1874032
2955,1306313714,440957815,0xdf92529f,1,5,48000,132277,-1,568622112,46872,,,1874576
2956,1306400341,440957815,0xdf92529f,1,5,48000,163137,-1,567241584,34838,,,1875072
2957,1306626093,440957815,0xdf92529f,1,5,48000,159797,-1,158334400,37895,,,1875616
2958,1307957200,440957815,0xdf92529f,1,5,48000,355276,-1,516851136,85970,,,1876144
2959,1308103013,440957815,0xdf92529f,1,5,48000,296133,-1,161113280,70574,,,1876816
2960,1308545427,440957815,0xdf92529f,1,5,48000,303751,-1,537839472,79459,,,1877472
2961,1308793451,440957815,0xdf92529f,1,5,48000,247924,-1,397837376,84832,,,1878112
2962,1308929995,440957815,0xdf92529f,1,5,48000,76302,-1,501681728,11796,,,1878720
2963,1309872982,440957815,0xdf92529f,1,5,48000,353334,-1,513866704,119622,,,1879184
2964,1310997229,440957815,0xdf92529f,1,5,48000,316726,-1,426433216,79009,,,1879920
2965,1311599777,440957815,0xdf92529f,1,5,48000,131018,-1,440368384,31763,,,1880576
2966,1312455483,440957815,0xdf92529f,1,5,48000,162321,-1,266255776,32017,,,1881104
2967,1313682574,440957815,0xdf92529f,1,5,48000,152218,-1,189845552,32629,,,1881648
2968,1314044981,440957815,0xdf92529f,1,5,48000,177721,-1,392254416,37987,,,1882176
2969,1314620146,440957815,0xdf92529f,1,5,48000,319808,-1,297852464,71887,,,1882736
2970,1314900687,440957815,0xdf92529f,1,5,48000,156228,-1,63831280,34799,,,1883456
2971,1315010129,440957815,0xdf92529f,1,5,48000,495828,-1,26799216,128510,,,1883984
2972,1315195311,440957815,0xdf92529f,1,5,48000,129020,-1,198610032,23244,,,1884752
2973,1316358703,440957815,0xdf92529f,1,5,48000,259527,-1,113488048,58822,,,1885248
2974,1316468145,440957815,0xdf92529f,1,5,48000,366737,-1,71603104,91766,,,1885872
2975,1316577587,440957815,0xdf92529f,1,5,48000,309529,-1,34338688,75453,,,1886608
2976,1316597585,440957815,0xdf92529f,1,5,48000,84211,-1,148420144,15483,,,1887264
2977,1316816469,440957815,0xdf92529f,1,5,48000,293284,-1,61401840,62057,,,1887744
2978,1317004172,440957815,0xdf92529f,1,5,48000,345340,-1,522325696,73602,,,1888400
2979,1317647120,440957815,0xdf92529f,1,5,48000,218326,-1,540060304,51633,,,1889088
2980,1319036332,440957815,0xdf92529f,1,5,48000,373246,-1,475468688,96424,,,1889696
2981,1320163880,440957815,0xdf92529f,1,5,48000,229488,-1,258079680,51288,,,1890416
2982,1320752107,440957815,0xdf92529f,1,5,48000,286269,-1,324400224,60370,,,1891008
2983,1320809349,440957815,0xdf92529f,1,5,48000,114337,-1,547453840,20815,,,1891680
2984,1320937289,440957815,0xdf92529f,1,5,48000,394488,-1,385226112,93846,,,1892176
2985,1321511433,440957815,0xdf92529f,1,5,48000,207273,-1,223838144,56513,,,1892880
2986,1322079662,440957815,0xdf92529f,1,5,48000,223534,-1,250917168,50146,,,1893424
2987,1322141319,440957815,0xdf92529f,1,5,48000,103355,-1,51278144,19970,,,1894032
2988,1322196040,440957815,0xdf92529f,1,5,48000,348136,-1,32487120,75893,,,1894528
2989,1322250761,440957815,0xdf92529f,1,5,48000,273827,-1,8660768,66358,,,1895232
2990,1322319565,440957815,0xdf92529f,1,5,48000,81581,-1,326855616,14298,,,1895872
2991,1322322086,440957815,0xdf92529f,1,5,48000,81220,-1,549749472,13053,,,1896336
2992,1322415213,440957815,0xdf92529f,1,5,48000,310908,-1,311585056,75293,,,1896800
2993,1322841509,440957815,0xdf92529f,1,5,48000,423570,-1,508541936,115408,,,1897408
2994,1323146674,440957815,0xdf92529f,1,5,48000,332471,-1,394607344,108156,,,1898192
2995,1323372494,440957815,0xdf92529f,1,5,48000,134116,-1,234117536,20848,,,1898848
2996,1323654056,440957815,0xdf92529f,1,5,48000,406751,-1,77235568,91764,,,1899360
2997,1323708777,440957815,0xdf92529f,1,5,48000,206170,-1,59221520,41563,,,1900160
2998,1324002380,440957815,0xdf92529f,1,5,48000,267390,-1,64624320,56699,,,1900768
2999,1324057101,440957815,0xdf92529f,1,5,48000,149947,-1,47602896,22201,,,1901408
3000,1324128426,440957815,0xdf92529f,1,5,48000,81940,-1,553180752,15087,,,1901968
3001,1324645328,440957815,0xdf92529f,1,5,48000,390294,-1,193856112,105277,,,1902432
3002,1325460396,440957815,0xdf92529f,1,5,48000,352846,-1,114116192,77871,,,1903136
3003,1325699278,440957815,0xdf92529f,1,5,48000,377275,-1,149774672,92723,,,1903824
3004,1325753999,440957815,0xdf92529f,1,5,48000,294267,-1,124158048,66240,,,1904544
3005,1325960579,440957815,0xdf92529f,1,5,48000,397298,-1,429739744,124894,,,1905184
3006,1326494085,440957815,0xdf92529f,1,5,48000,259689,-1,438167360,85624,,,1905840
3007,1327229392,440957815,0xdf92529f,1,5,48000,180367,-1,169140944,37235,,,1906464
3008,1328197654,440957815,0xdf92529f,1,5,48000,137484,-1,155204768,31403,,,1907008
3009,1328312187,440957815,0xdf92529f,1,5,48000,260705,-1,470929968,65389,,,1907504
3010,1328342084,440957815,0xdf92529f,1,5,48000,149704,-1,366730944,48282,,,1908096
3011,1329340292,440957815,0xdf92529f,1,5,48000,116769,-1,294773536,20588,,,1908640
3012,1329507997,440957815,0xdf92529f,1,5,48000,91180,-1,550232144,16683,,,1909136
3013,1329674574,440957815,0xdf92529f,1,5,48000,147980,-1,157108736,32247,,,1909600
3014,1329853800,440957815,0xdf92529f,1,5,48000,212762,-1,324540288,49778,,,1910128
3015,1330038982,440957815,0xdf92529f,1,5,48000,345872,-1,386333952,92123,,,1910704
3016,1330496748,440957815,0xdf92529f,1,5,48000,142126,-1,373565216,43123,,,1911344
3017,1331126634,440957815,0xdf92529f,1,5,48000,221478,-1,269076144,37781,,,1911856
3018,1331314337,440957815,0xdf92529f,1,5,48000,102237,-1,553402432,20856,,,1912464
3019,1334138783,440957815,0xdf92529f,1,5,48000,288772,-1,455351312,76613,,,1912960
3020,1334358184,440957815,0xdf92529f,1,5,48000,32687,-1,177308640,12692,,,1913584
3021,1334429252,440957815,0xdf92529f,1,5,48000,232125,-1,309672240,52733,,,1914032
3022,1337443777,440957815,0xdf92529f,1,5,48000,88794,-1,367703248,21382,,,1914608
3023,1337564811,440957815,0xdf92529f,1,5,48000,350640,-1,352506368,77105,,,1915088
3024,1340299983,440957815,0xdf92529f,1,5,48000,271438,-1,135044064,63020,,,1915776
3025,1340354704,440957815,0xdf92529f,1,5,48000,232291,-1,108999728,58719,,,1916400
3026,1340409425,440957815,0xdf92529f,1,5,48000,330910,-1,88790016,75589,,,1917008
3027,1340464146,440957815,0xdf92529f,1,5,48000,101620,-1,67104752,19551,,,1917664
3028,1340573588,440957815,0xdf92529f,1,5,48000,273767,-1,31780592,66342,,,1918144
3029,1340593586,440957815,0xdf92529f,1,5,48000,115469,-1,145037712,21615,,,1918768
3030,1340648307,440957815,0xdf92529f,1,5,48000,229906,-1,117802672,42951,,,1919280
3031,1340800620,440957815,0xdf92529f,1,5,48000,118625,-1,241889312,33745,,,1919872
3032,1341979404,440957815,0xdf92529f,1,5,48000,247995,-1,498037056,51446,,,1920384
3033,1342161044,440957815,0xdf92529f,1,5,48000,405192,-1,153408592,107197,,,1920944
3034,1342215765,440957815,0xdf92529f,1,5,48000,413318,-1,128372656,103584,,,1921664
3035,1342509368,440957815,0xdf92529f,1,5,48000,226982,-1,139966928,55778,,,1922432
3036,1342820247,440957815,0xdf92529f,1,5,48000,184376,-1,401899728,36601,,,1923024
3037,1344159881,440957815,0xdf92529f,1,5,48000,256955,-1,252251472,54420,,,1923584
3038,1345268552,440957815,0xdf92529f,1,5,48000,158636,-1,215987568,42446,,,1924240
3039,1345672618,440957815,0xdf92529f,1,5,48000,268376,-1,273564240,72925,,,1924768
3040,1345727339,440957815,0xdf92529f,1,5,48000,393092,-1,259760800,100842,,,1925408
3041,1345847236,440957815,0xdf92529f,1,5,48000,352484,-1,172750128,78292,,,1926192
3042,1345911500,440957815,0xdf92529f,1,5,48000,417560,-1,283784832,85034,,,1926880
3043,1346079205,440957815,0xdf92529f,1,5,48000,118685,-1,546995488,23552,,,1927616
3044,1346151403,440957815,0xdf92529f,1,5,48000,260049,-1,345441152,33348,,,1928096
3045,1346246762,440957815,0xdf92529f,1,5,48000,58961,-1,3478608,8701,,,1928688
3046,1346377223,440957815,0xdf92529f,1,5,48000,113152,-1,200314816,22871,,,1929136
3047,1346425008,440957815,0xdf92529f,1,5,48000,381783,-1,315461664,97026,,,1929616
3048,1346903793,440957815,0xdf92529f,1,5,48000,309251,-1,381327216,84866,,,1930384
3049,1347633061,440957815,0xdf92529f,1,5,48000,83594,-1,209806864,33130,,,1931040
3050,1347650057,440957815,0xdf92529f,1,5,48000,160190,-1,73227632,27543,,,1931520
3051,1347717840,440957815,0xdf92529f,1,5,48000,227216,-1,293172800,57204,,,1932064
3052,1347759499,440957815,0xdf92529f,1,5,48000,231229,-1,35870992,56788,,,1932640
3053,1347814220,440957815,0xdf92529f,1,5,48000,330256,-1,13345760,84517,,,1933248
3054,1347834218,440957815,0xdf92529f,1,5,48000,251874,-1,124936960,67030,,,1933904
3055,1347888939,440957815,0xdf92529f,1,5,48000,366241,-1,103116560,76395,,,1934496
3056,1347929412,440957815,0xdf92529f,1,5,48000,75373,-1,248627520,21454,,,1935232
3057,1347998381,440957815,0xdf92529f,1,5,48000,131803,-1,62209104,18406,,,1935744
3058,1348053102,440957815,0xdf92529f,1,5,48000,340650,-1,42905872,81815,,,1936256
3059,1348186084,440957815,0xdf92529f,1,5,48000,310212,-1,524997488,84014,,,1936976
3060,1348457168,440957815,0xdf92529f,1,5,48000,165228,-1,181409008,34412,,,1937648
3061,1348514410,440957815,0xdf92529f,1,5,48000,359679,-1,504104048,116702,,,1938192
3062,1349511118,440957815,0xdf92529f,1,5,48000,299300,-1,89939392,73549,,,1938848
3063,1350277873,440957815,0xdf92529f,1,5,48000,180900,-1,167273536,36811,,,1939488
3064,1350377450,440957815,0xdf92529f,1,5,48000,325836,-1,562165376,73103,,,1940016
3065,1350675268,440957815,0xdf92529f,1,5,48000,126393,-1,463838144,29264,,,1940736
3066,1352576967,440957815,0xdf92529f,1,5,48000,145324,-1,373945344,35406,,,1941216
3067,1352858529,440957815,0xdf92529f,1,5,48000,175943,-1,276283536,24030,,,1941760
3068,1352913250,440957815,0xdf92529f,1,5,48000,78901,-1,265465360,13942,,,1942352
3069,1353097411,440957815,0xdf92529f,1,5,48000,452325,-1,284871264,84540,,,1942816
3070,1353233481,440957815,0xdf92529f,1,5,48000,25973,-1,1432464,11580,,,1943632
3071,1353261574,440957815,0xdf92529f,1,5,48000,275647,-1,253290256,65564,,,1944096
3072,1353391014,440957815,0xdf92529f,1,5,48000,295733,-1,289075872,73817,,,1944736
3073,1353638264,440957815,0xdf92529f,1,5,48000,236536,-1,559909456,59252,,,1945376
3074,1354070771,440957815,0xdf92529f,1,5,48000,58906,-1,352782560,27009,,,1946000
3075,1354075497,440957815,0xdf92529f,1,5,48000,101284,-1,307277616,22074,,,1946464
3076,1354370245,440957815,0xdf92529f,1,5,48000,216514,-1,216439520,51414,,,1946944
3077,1354623210,440957815,0xdf92529f,1,5,48000,324768,-1,422500672,71333,,,1947520
3078,1354961483,440957815,0xdf92529f,1,5,48000,215472,-1,178058336,47562,,,1948144
3079,1355000131,440957815,0xdf92529f,1,5,48000,111494,-1,20373104,24432,,,1948784
3080,1355180898,440957815,0xdf92529f,1,5,48000,78174,-1,547032992,12690,,,1949264
3081,1355253096,440957815,0xdf92529f,1,5,48000,154035,-1,346646384,31512,,,1949728
3082,1355533637,440957815,0xdf92529f,1,5,48000,197583,-1,192176304,44481,,,1950256
3083,1356185553,440957815,0xdf92529f,1,5,48000,289642,-1,161874672,64593,,,1950832
3084,1356697029,440957815,0xdf92529f,1,5,48000,176448,-1,96905872,37430,,,1951456
3085,1356915913,440957815,0xdf92529f,1,5,48000,225364,-1,14592288,50266,,,1952016
3086,1357662473,440957815,0xdf92529f,1,5,48000,303885,-1,166042864,63411,,,1952608
3087,1357958824,440957815,0xdf92529f,1,5,48000,166234,-1,204085040,26566,,,1953232
3088,1358104887,440957815,0xdf92529f,1,5,48000,346455,-1,538275024,94025,,,1953776
3089,1360820467,440957815,0xdf92529f,1,5,48000,154025,-1,451363824,43179,,,1954480
3090,1360996834,440957815,0xdf92529f,1,5,48000,178143,-1,207833008,42047,,,1955024
3091,1361751722,440957815,0xdf92529f,1,5,48000,51805,-1,402282032,15873,,,1955584
3092,1362082726,440957815,0xdf92529f,1,5,48000,130357,-1,406074272,29290,,,1956064
3093,1362603170,440957815,0xdf92529f,1,5,48000,258999,-1,327233520,52495,,,1956576
3094,1363018735,440957815,0xdf92529f,1,5,48000,132498,-1,552386112,28145,,,1957184
3095,1363265649,440957815,0xdf92529f,1,5,48000,118723,-1,450903408,32319,,,1957680
3096,1363593900,440957815,0xdf92529f,1,5,48000,273364,-1,528839600,64276,,,1958160
3097,1363723340,440957815,0xdf92529f,1,5,48000,315264,-1,532067616,79856,,,1958816
3098,1363830261,440957815,0xdf92529f,1,5,48000,93886,-1,232493056,22822,,,1959440
3099,1364460147,440957815,0xdf92529f,1,5,48000,97672,-1,63950816,16766,,,1959920
3100,1364569589,440957815,0xdf92529f,1,5,48000,166264,-1,27088480,33414,,,1960400
3101,1364589587,440957815,0xdf92529f,1,5,48000,193570,-1,140590304,42140,,,1960976
3102,1365387178,440957815,0xdf92529f,1,5,48000,346386,-1,484774640,79091,,,1961536
3103,1365575852,440957815,0xdf92529f,1,5,48000,260010,-1,425835776,61236,,,1962208
3104,1365863442,440957815,0xdf92529f,1,5,48000,414292,-1,138855376,106240,,,1962832
3105,1365918163,440957815,0xdf92529f,1,5,48000,188894,-1,113615232,39321,,,1963568
3106,1366157045,440957815,0xdf92529f,1,5,48000,265467,-1,148531120,60470,,,1964144
3107,1366563632,440957815,0xdf92529f,1,5,48000,195348,-1,522642160,54502,,,1964784
3108,1367897807,440957815,0xdf92529f,1,5,48000,107797,-1,423323696,20015,,,1965344
3109,1369572239,440957815,0xdf92529f,1,5,48000,386250,-1,416465200,84053,,,1965808
3110,1369798059,440957815,0xdf92529f,1,5,48000,319407,-1,293964672,66262,,,1966512
3111,1369911043,440957815,0xdf92529f,1,5,48000,149413,-1,551466048,33609,,,1967168
3112,1370147404,440957815,0xdf92529f,1,5,48000,431835,-1,340997568,80566,,,1967696
3113,1370243784,440957815,0xdf92529f,1,5,48000,273121,-1,178740384,56705,,,1968464
3114,1370722569,440957815,0xdf92529f,1,5,48000,343804,-1,227899888,117419,,,1969120
3115,1371407176,440957815,0xdf92529f,1,5,48000,301507,-1,42472368,67992,,,1969840
3116,1371491563,440957815,0xdf92529f,1,5,48000,295519,-1,559509760,97113,,,1970464
3117,1371591337,440957815,0xdf92529f,1,5,48000,234833,-1,90649904,56127,,,1971056
3118,1371646058,440957815,0xdf92529f,1,5,48000,383799,-1,68620976,86047,,,1971616
3119,1371700779,440957815,0xdf92529f,1,5,48000,154400,-1,51516496,33445,,,1972336
3120,1371713841,440957815,0xdf92529f,1,5,48000,400600,-1,292064816,81395,,,1972880
3121,1371755500,440957815,0xdf92529f,1,5,48000,357050,-1,32692048,82316,,,1973600
3122,1371772104,440957815,0xdf92529f,1,5,48000,95699,-1,553217280,19991,,,1974320
3123,1371810221,440957815,0xdf92529f,1,5,48000,219981,-1,8993424,44145,,,1974784
3124,1372182085,440957815,0xdf92529f,1,5,48000,159416,-1,519664752,28740,,,1975408
3125,1372236806,440957815,0xdf92529f,1,5,48000,118474,-1,515719664,37361,,,1975936
3126,1372400969,440957815,0xdf92529f,1,5,48000,227790,-1,508774528,47830,,,1976432
3127,1373213516,440957815,0xdf92529f,1,5,48000,314019,-1,77537760,67354,,,1977024
3128,1373268237,440957815,0xdf92529f,1,5,48000,194474,-1,59586432,43934,,,1977664
3129,1373561840,440957815,0xdf92529f,1,5,48000,103650,-1,64766704,17702,,,1978256
3130,1375520039,440957815,0xdf92529f,1,5,48000,395039,-1,430313024,134277,,,1978736
3131,1376854530,440957815,0xdf92529f,1,5,48000,343206,-1,274687568,71001,,,1979472
3132,1376909251,440957815,0xdf92529f,1,5,48000,428546,-1,262205808,91789,,,1980112
3133,1377258596,440957815,0xdf92529f,1,5,48000,350305,-1,320459280,68775,,,1980848
3134,1378072643,440957815,0xdf92529f,1,5,48000,418677,-1,211712224,102788,,,1981584
3135,1378098767,440957815,0xdf92529f,1,5,48000,363111,-1,442113024,105003,,,1982352
3136,1378673932,440957815,0xdf92529f,1,5,48000,530581,-1,417496992,105416,,,1983040
3137,1378886690,440957815,0xdf92529f,1,5,48000,368549,-1,56594176,91031,,,1983856
3138,1378899752,440957815,0xdf92529f,1,5,48000,416711,-1,294929808,97088,,,1984608
3139,1378921655,440957815,0xdf92529f,1,5,48000,112106,-1,568818448,32432,,,1985328
3140,1378996132,440957815,0xdf92529f,1,5,48000,292119,-1,15191856,67352,,,1985808
3141,1379234034,440957815,0xdf92529f,1,5,48000,132647,-1,158489536,27709,,,1986448
3142,1379290756,440957815,0xdf92529f,1,5,48000,146139,-1,186054768,30904,,,1986944
3143,1379529638,440957815,0xdf92529f,1,5,48000,387950,-1,191768816,99420,,,1987488
3144,1380227307,440957815,0xdf92529f,1,5,48000,198109,-1,220140880,38357,,,1988240
3145,1380693030,440957815,0xdf92529f,1,5,48000,276425,-1,92090720,69699,,,1988816
3146,1380710954,440957815,0xdf92529f,1,5,48000,352147,-1,161456048,87013,,,1989424
3147,1381172684,440957815,0xdf92529f,1,5,48000,149086,-1,436354848,32159,,,1990128
3148,1381720117,440957815,0xdf92529f,1,5,48000,111594,-1,467009600,18877,,,1990656
3149,1382021343,440957815,0xdf92529f,1,5,48000,327582,-1,457740448,92412,,,1991136
3150,1382076064,440957815,0xdf92529f,1,5,48000,357772,-1,456576128,95272,,,1991776
3151,1383031658,440957815,0xdf92529f,1,5,48000,141249,-1,306659360,30789,,,1992464
3152,1383698243,440957815,0xdf92529f,1,5,48000,297317,-1,455739040,85234,,,1992960
3153,1383772962,440957815,0xdf92529f,1,5,48000,145784,-1,458821552,32905,,,1993616
3154,1385421263,440957815,0xdf92529f,1,5,48000,94472,-1,481063376,17949,,,1994144
3155,1385435779,440957815,0xdf92529f,1,5,48000,234201,-1,362420528,61531,,,1994608
3156,1385785124,440957815,0xdf92529f,1,5,48000,439009,-1,402956288,86701,,,1995200
3157,1386277123,440957815,0xdf92529f,1,5,48000,171950,-1,402135744,43364,,,1995936
3158,1386708613,440957815,0xdf92529f,1,5,48000,171079,-1,316746112,34291,,,1996512
3159,1386948516,440957815,0xdf92529f,1,5,48000,223573,-1,372557088,51364,,,1997088
3160,1388237264,440957815,0xdf92529f,1,5,48000,160855,-1,149296336,40509,,,1997648
3161,1388291985,440957815,0xdf92529f,1,5,48000,245333,-1,123852560,53517,,,1998176
3162,1388346706,440957815,0xdf92529f,1,5,48000,316136,-1,102235280,77202,,,1998784
3163,1388922536,440957815,0xdf92529f,1,5,48000,92062,-1,501472784,15790,,,1999456
3164,1389914164,440957815,0xdf92529f,1,5,48000,309082,-1,109167456,75042,,,1999936
3165,1389968885,440957815,0xdf92529f,1,5,48000,578014,-1,88917200,124362,,,2000592
3166,1390023606,440957815,0xdf92529f,1,5,48000,266028,-1,67221696,66748,,,2001504
3167,1390153046,440957815,0xdf92529f,1,5,48000,284746,-1,145102240,77652,,,2002128
3168,1390669075,440957815,0xdf92529f,1,5,48000,386118,-1,512065648,129449,,,2002784
3169,1390676011,440957815,0xdf92529f,1,5,48000,335830,-1,477025008,91302,,,2003504
3170,1392143434,440957815,0xdf92529f,1,5,48000,240050,-1,351972672,52579,,,2004208
3171,1395012173,440957815,0xdf92529f,1,5,48000,138252,-1,234839408,29825,,,2004848
3172,1395293735,440957815,0xdf92529f,1,5,48000,190174,-1,78473568,39617,,,2005376
3173,1395403177,440957815,0xdf92529f,1,5,48000,181220,-1,39460512,35103,,,2005952
3174,1395457898,440957815,0xdf92529f,1,5,48000,194297,-1,19335520,45767,,,2006528
3175,1395470960,440957815,0xdf92529f,1,5,48000,417543,-1,284229776,98567,,,2007104
3176,1395715601,440957815,0xdf92529f,1,5,48000,101717,-1,210159856,29720,,,2007872
3177,1395806222,440957815,0xdf92529f,1,5,48000,220376,-1,3607984,57046,,,2008368
3178,1395936683,440957815,0xdf92529f,1,5,48000,347119,-1,200486928,88203,,,2008944
3179,1396862693,440957815,0xdf92529f,1,5,48000,257497,-1,491118960,65216,,,2009632
3180,1397100075,440957815,0xdf92529f,1,5,48000,272560,-1,114659664,62802,,,2010240
3181,1397338957,440957815,0xdf92529f,1,5,48000,125879,-1,150497424,28997,,,2010864
3182,1397373680,440957815,0xdf92529f,1,5,48000,196560,-1,13470368,45854,,,2011344
3183,1397393678,440957815,0xdf92529f,1,5,48000,310320,-1,125257616,70921,,,2011904
3184,1397745544,440957815,0xdf92529f,1,5,48000,441152,-1,525264544,121796,,,2012560
3185,1398080806,440957815,0xdf92529f,1,5,48000,155987,-1,468714336,26392,,,2013312
3186,1400178986,440957815,0xdf92529f,1,5,48000,337358,-1,443536032,106411,,,2013824
3187,1400754151,440957815,0xdf92529f,1,5,48000,290081,-1,418404848,57968,,,2014480
3188,1400863593,440957815,0xdf92529f,1,5,48000,387496,-1,410817280,81390,,,2015072
3189,1401199876,440957815,0xdf92529f,1,5,48000,396875,-1,323613760,90321,,,2015776
3190,1401897545,440957815,0xdf92529f,1,5,48000,424446,-1,365082560,135694,,,2016576
3191,1402068644,440957815,0xdf92529f,1,5,48000,486610,-1,211429088,126521,,,2017296
3192,1402246890,440957815,0xdf92529f,1,5,48000,474051,-1,403993536,98436,,,2018064
3193,1402472710,440957815,0xdf92529f,1,5,48000,329274,-1,265552448,89606,,,2018848
3194,1402643809,440957815,0xdf92529f,1,5,48000,116123,-1,24531104,18237,,,2019536
3195,1402821034,440957815,0xdf92529f,1,5,48000,167004,-1,253649984,34523,,,2020048
3196,1402950474,440957815,0xdf92529f,1,5,48000,225460,-1,289290768,39456,,,2020592
3197,1403411782,440957815,0xdf92529f,1,5,48000,87205,-1,548567616,15079,,,2021152
3198,1403710821,440957815,0xdf92529f,1,5,48000,390192,-1,240366384,120001,,,2021616
3199,1404113866,440957815,0xdf92529f,1,5,48000,380870,-1,236535232,100604,,,2022352
3200,1404463211,440957815,0xdf92529f,1,5,48000,232976,-1,301138624,54160,,,2023088
3201,1404689031,440957815,0xdf92529f,1,5,48000,335134,-1,85483152,76134,,,2023712
3202,1404798473,440957815,0xdf92529f,1,5,48000,53599,-1,48916576,14589,,,2024352
3203,1405147818,440957815,0xdf92529f,1,5,48000,245821,-1,187701136,49804,,,2024800
3204,1406672054,440957815,0xdf92529f,1,5,48000,144653,-1,500789344,34446,,,2025408
3205,1406966125,440957815,0xdf92529f,1,5,48000,41890,-1,177374928,15911,,,2025936
3206,1407221933,440957815,0xdf92529f,1,5,48000,171382,-1,168757424,37452,,,2026400
3207,1408104492,440957815,0xdf92529f,1,5,48000,156736,-1,396247136,34494,,,2026960
3208,1409038603,440957815,0xdf92529f,1,5,48000,575346,-1,563837600,132886,,,2027456
3209,1409053559,440957815,0xdf92529f,1,5,48000,371752,-1,474224384,92149,,,2028304
3210,1409280679,440957815,0xdf92529f,1,5,48000,314725,-1,445629808,98865,,,2028992
3211,1409667115,440957815,0xdf92529f,1,5,48000,148476,-1,156706528,31639,,,2029664
3212,1410431009,440957815,0xdf92529f,1,5,48000,548207,-1,343475488,96570,,,2030160
3213,1410704614,440957815,0xdf92529f,1,5,48000,379995,-1,314355184,84605,,,2030976
3214,1410763749,440957815,0xdf92529f,1,5,48000,32705,-1,314126096,11421,,,2031696
3215,1411574403,440957815,0xdf92529f,1,5,48000,244048,-1,266530336,62019,,,2032160
3216,1412287986,440957815,0xdf92529f,1,5,48000,354541,-1,118567264,86883,,,2032816
3217,1412578195,440957815,0xdf92529f,1,5,48000,73910,-1,552432896,12131,,,2033488
3218,1413153360,440957815,0xdf92529f,1,5,48000,340288,-1,529272384,79485,,,2033952
3219,1413282800,440957815,0xdf92529f,1,5,48000,303982,-1,532392832,69728,,,2034624
3220,1413389721,440957815,0xdf92529f,1,5,48000,364939,-1,232575504,84352,,,2035296
3221,1413408561,440957815,0xdf92529f,1,5,48000,124519,-1,241991888,30451,,,2035968
3222,1413800723,440957815,0xdf92529f,1,5,48000,307430,-1,154306592,76800,,,2036464
3223,1414149047,440957815,0xdf92529f,1,5,48000,322136,-1,140776560,84778,,,2037136
3224,1416591615,440957815,0xdf92529f,1,5,48000,182909,-1,176334464,42016,,,2037792
3225,1416967036,440957815,0xdf92529f,1,5,48000,223966,-1,403458704,57687,,,2038352
3226,1418364353,440957815,0xdf92529f,1,5,48000,309814,-1,560649440,107197,,,2038944
3227,1419131699,440957815,0xdf92529f,1,5,48000,222609,-1,416613120,47603,,,2039552
3228,1419399178,440957815,0xdf92529f,1,5,48000,229263,-1,36203216,48950,,,2040112
3229,1419466961,440957815,0xdf92529f,1,5,48000,120843,-1,282282240,22908,,,2040736
3230,1419606098,440957815,0xdf92529f,1,5,48000,117363,-1,395933632,28884,,,2041280
3231,1420154089,440957815,0xdf92529f,1,5,48000,162134,-1,504754000,45458,,,2041760
3232,1420241002,440957815,0xdf92529f,1,5,48000,49520,-1,209965504,21405,,,2042320
3233,1420245728,440957815,0xdf92529f,1,5,48000,89053,-1,170033696,15751,,,2042784
3234,1420685074,440957815,0xdf92529f,1,5,48000,98965,-1,219989296,19146,,,2043248
3235,1421150797,440957815,0xdf92529f,1,5,48000,175604,-1,90706064,42457,,,2043728
3236,1421369681,440957815,0xdf92529f,1,5,48000,381330,-1,9151632,94024,,,2044272
3237,1421444400,440957815,0xdf92529f,1,5,48000,182803,-1,99985056,39976,,,2044992
3238,1421499121,440957815,0xdf92529f,1,5,48000,157864,-1,79156592,32111,,,2045536
3239,1421609584,440957815,0xdf92529f,1,5,48000,233029,-1,188302144,48455,,,2046080
3240,1422088369,440957815,0xdf92529f,1,5,48000,263861,-1,239602480,74412,,,2046688
3241,1422405102,440957815,0xdf92529f,1,5,48000,325819,-1,245685312,97166,,,2047296
3242,1422812788,440957815,0xdf92529f,1,5,48000,53002,-1,401517040,17073,,,2047936
3243,1423011858,440957815,0xdf92529f,1,5,48000,285510,-1,106520304,66401,,,2048400
3244,1426468711,440957815,0xdf92529f,1,5,48000,143355,-1,262430448,25588,,,2049056
3245,1426543430,440957815,0xdf92529f,1,5,48000,330778,-1,301675056,79412,,,2049600
3246,1426819556,440957815,0xdf92529f,1,5,48000,313323,-1,544183648,107312,,,2050256
3247,1426988134,440957815,0xdf92529f,1,5,48000,409890,-1,6142880,92779,,,2050896
3248,1427243620,440957815,0xdf92529f,1,5,48000,90894,-1,553667568,18490,,,2051664
3249,1427295820,440957815,0xdf92529f,1,5,48000,473642,-1,333164080,107284,,,2052128
3250,1427569424,440957815,0xdf92529f,1,5,48000,24617,-1,178221008,9945,,,2052960
3251,1427925706,440957815,0xdf92529f,1,5,48000,226722,-1,214636752,58307,,,2053408
3252,1428220330,440957815,0xdf92529f,1,5,48000,401151,-1,285460112,83009,,,2053984
3253,1428336708,440957815,0xdf92529f,1,5,48000,302131,-1,97448800,71317,,,2054720
3254,1428459212,440957815,0xdf92529f,1,5,48000,447044,-1,295292608,97742,,,2055408
3255,1428555592,440957815,0xdf92529f,1,5,48000,383970,-1,15413008,92766,,,2056192
3256,1428793494,440957815,0xdf92529f,1,5,48000,365850,-1,162189920,80699,,,2056864
3257,1430143048,440957815,0xdf92529f,1,5,48000,175851,-1,137503888,34521,,,2057600
3258,1430197769,440957815,0xdf92529f,1,5,48000,260797,-1,112370464,67098,,,2058144
3259,1430270414,440957815,0xdf92529f,1,5,48000,274117,-1,166370752,57231,,,2058768
3260,1430361932,440957815,0xdf92529f,1,5,48000,169194,-1,52378976,35109,,,2059424
3261,1430566765,440957815,0xdf92529f,1,5,48000,196692,-1,204231184,41008,,,2059968
3262,1431133778,440957815,0xdf92529f,1,5,48000,309282,-1,475325232,82029,,,2060544
3263,1431153574,440957815,0xdf92529f,1,5,48000,111791,-1,526657168,26368,,,2061232
3264,1431580803,440957815,0xdf92529f,1,5,48000,377572,-1,458239488,103428,,,2061696
3265,1431635524,440957815,0xdf92529f,1,5,48000,350188,-1,457016416,84851,,,2062384
3266,1433332422,440957815,0xdf92529f,1,5,48000,349738,-1,458944272,98978,,,2063040
3267,1433428408,440957815,0xdf92529f,1,5,48000,226813,-1,451545648,70722,,,2063728
3268,1433496585,440957815,0xdf92529f,1,5,48000,200045,-1,457209536,47274,,,2064336
3269,1434002946,440957815,0xdf92529f,1,5,48000,117344,-1,255715008,28786,,,2064880
3270,1434068038,440957815,0xdf92529f,1,5,48000,99636,-1,307017568,19430,,,2065360
3271,1434349419,440957815,0xdf92529f,1,5,48000,118992,-1,568351600,32296,,,2065824
3272,1434359663,440957815,0xdf92529f,1,5,48000,77971,-1,402419200,25177,,,2066304
3273,1434995239,440957815,0xdf92529f,1,5,48000,220587,-1,362482096,49064,,,2066800
3274,1435873590,440957815,0xdf92529f,1,5,48000,127057,-1,451069952,32620,,,2067376
3275,1436026864,440957815,0xdf92529f,1,5,48000,180777,-1,177265456,43137,,,2067872
3276,1437796724,440957815,0xdf92529f,1,5,48000,177757,-1,149527024,36198,,,2068416
3277,1437906166,440957815,0xdf92529f,1,5,48000,131437,-1,102535104,24647,,,2068992
3278,1438015608,440957815,0xdf92529f,1,5,48000,118008,-1,61892608,23389,,,2069520
3279,1438203311,440957815,0xdf92529f,1,5,48000,436585,-1,524145216,79188,,,2070000
3280,1439236242,440957815,0xdf92529f,1,5,48000,172177,-1,489211504,47841,,,2070704
3281,1440505748,440957815,0xdf92529f,1,5,48000,91044,-1,423421712,16682,,,2071216
3282,1442434115,440957815,0xdf92529f,1,5,48000,307613,-1,460914864,79834,,,2071696
3283,1443449900,440957815,0xdf92529f,1,5,48000,628567,-1,9693552,131925,,,2072352
3284,1443801766,440957815,0xdf92529f,1,5,48000,276414,-1,507391568,85757,,,2073216
3285,1444853195,440957815,0xdf92529f,1,5,48000,217524,-1,78547968,51319,,,2073872
3286,1445226365,440957815,0xdf92529f,1,5,48000,160645,-1,466884784,33072,,,2074448
3287,1445310961,440957815,0xdf92529f,1,5,48000,284391,-1,29049424,66343,,,2074976
3288,1445496143,440957815,0xdf92529f,1,5,48000,390839,-1,200631504,95657,,,2075616
3289,1446768977,440957815,0xdf92529f,1,5,48000,378885,-1,73484272,84360,,,2076416
3290,1446898417,440957815,0xdf92529f,1,5,48000,111759,-1,150676256,22763,,,2077152
3291,1447007859,440957815,0xdf92529f,1,5,48000,132652,-1,103460640,27383,,,2077616
3292,1447062580,440957815,0xdf92529f,1,5,48000,312986,-1,81918304,74754,,,2078096
3293,1447305004,440957815,0xdf92529f,1,5,48000,483064,-1,525578672,134931,,,2078800
3294,1447342915,440957815,0xdf92529f,1,5,48000,93489,-1,347898672,17112,,,2079584
3295,1448255600,440957815,0xdf92529f,1,5,48000,91961,-1,492059088,16462,,,2080064
3296,1448337935,440957815,0xdf92529f,1,5,48000,310022,-1,490462304,94338,,,2080528
3297,1448972684,440957815,0xdf92529f,1,5,48000,279950,-1,174969280,79850,,,2081136
3298,1449738446,440957815,0xdf92529f,1,5,48000,235599,-1,443903424,76639,,,2081728
3299,1449780105,440957815,0xdf92529f,1,5,48000,457021,-1,374723776,117974,,,2082304
3300,1449889547,440957815,0xdf92529f,1,5,48000,330381,-1,358353040,109359,,,2083056
3301,1450355270,440957815,0xdf92529f,1,5,48000,310018,-1,279960912,85539,,,2083696
3302,1450423053,440957815,0xdf92529f,1,5,48000,407763,-1,411234832,83236,,,2084336
3303,1450930435,440957815,0xdf92529f,1,5,48000,316241,-1,186146000,69350,,,2085040
3304,1451052939,440957815,0xdf92529f,1,5,48000,275885,-1,324775392,61904,,,2085696
3305,1451866986,440957815,0xdf92529f,1,5,48000,207562,-1,220552720,49558,,,2086352
3306,1452032170,440957815,0xdf92529f,1,5,48000,211352,-1,265694448,40705,,,2086896
3307,1452052168,440957815,0xdf92529f,1,5,48000,124694,-1,305488304,26945,,,2087488
3308,1452203269,440957815,0xdf92529f,1,5,48000,182523,-1,24631344,31452,,,2087968
3309,1452551593,440957815,0xdf92529f,1,5,48000,156276,-1,10593952,25178,,,2088528
3310,1452626312,440957815,0xdf92529f,1,5,48000,215810,-1,100857232,50501,,,2089072
3311,1453270281,440957815,0xdf92529f,1,5,48000,293534,-1,240486432,57810,,,2089648
3312,1454248491,440957815,0xdf92529f,1,5,48000,208608,-1,85771264,53258,,,2090288
3313,1454303212,440957815,0xdf92529f,1,5,48000,285896,-1,65983584,63561,,,2090848
3314,1454328058,440957815,0xdf92529f,1,5,48000,84851,-1,467091408,13037,,,2091504
3315,1454597836,440957815,0xdf92529f,1,5,48000,320989,-1,201781200,73302,,,2091968
3316,1455639599,440957815,0xdf92529f,1,5,48000,179840,-1,306809872,45287,,,2092624
3317,1458885064,440957815,0xdf92529f,1,5,48000,32302,-1,402250672,11669,,,2093136
3318,1459226575,440957815,0xdf92529f,1,5,48000,218964,-1,158072784,52314,,,2093584
3319,1459347521,440957815,0xdf92529f,1,5,48000,431559,-1,291615360,72903,,,2094192
3320,1459402242,440957815,0xdf92529f,1,5,48000,289992,-1,287420080,66681,,,2094928
3321,1459861029,440957815,0xdf92529f,1,5,48000,139846,-1,323732176,27909,,,2095568
3322,1459990469,440957815,0xdf92529f,1,5,48000,351331,-1,343740432,80884,,,2096096
3323,1460703495,440957815,0xdf92529f,1,5,48000,279592,-1,160555200,59796,,,2096768
3324,1461530477,440957815,0xdf92529f,1,5,48000,69984,-1,501561552,11464,,,2097408
3325,1461902167,440957815,0xdf92529f,1,5,48000,128409,-1,99799040,18643,,,2097856
3326,1462199312,440957815,0xdf92529f,1,5,48000,310701,-1,518494992,67474,,,2098368
3327,1462842260,440957815,0xdf92529f,1,5,48000,312772,-1,532766896,80053,,,2099040
3328,1463293027,440957815,0xdf92529f,1,5,48000,181594,-1,564888272,54614,,,2099664
3329,1463708507,440957815,0xdf92529f,1,5,48000,245232,-1,140920816,62593,,,2100224
3330,1464340041,440957815,0xdf92529f,1,5,48000,219312,-1,565926272,48092,,,2100816
3331,1464904317,440957815,0xdf92529f,1,5,48000,191104,-1,406707408,42216,,,2101376
3332,1465565741,440957815,0xdf92529f,1,5,48000,257704,-1,398400000,71578,,,2101936
3333,1467445901,440957815,0xdf92529f,1,5,48000,249454,-1,5180256,45302,,,2102560
3334,1467753587,440957815,0xdf92529f,1,5,48000,85793,-1,332074048,15273,,,2103168
3335,1467756108,440957815,0xdf92529f,1,5,48000,126190,-1,552011664,27729,,,2103632
3336,1468323542,440957815,0xdf92529f,1,5,48000,29360,-1,210303328,13452,,,2104128
3337,1468903917,440957815,0xdf92529f,1,5,48000,379646,-1,55626272,81812,,,2104592
3338,1468916979,440957815,0xdf92529f,1,5,48000,339296,-1,294176864,82452,,,2105344
3339,1468958638,440957815,0xdf92529f,1,5,48000,125884,-1,36388000,25926,,,2106000
3340,1469013359,440957815,0xdf92529f,1,5,48000,241419,-1,14357648,58895,,,2106512
3341,1469033357,440957815,0xdf92529f,1,5,48000,233182,-1,125947904,52253,,,2107120
3342,1469088078,440957815,0xdf92529f,1,5,48000,216155,-1,103864880,52389,,,2107728
3343,1469713549,440957815,0xdf92529f,1,5,48000,75702,-1,504871392,18200,,,2108288
3344,1470189813,440957815,0xdf92529f,1,5,48000,215617,-1,224369776,43323,,,2108736
3345,1470600815,440957815,0xdf92529f,1,5,48000,356924,-1,136728624,82519,,,2109328
3346,1471417383,440957815,0xdf92529f,1,5,48000,412312,-1,480908560,90053,,,2110016
3347,1474309612,440957815,0xdf92529f,1,5,48000,156988,-1,414522544,34784,,,2110720
3348,1475274760,440957815,0xdf92529f,1,5,48000,262171,-1,179672208,47799,,,2111264
3349,1475527725,440957815,0xdf92529f,1,5,48000,338026,-1,395842272,91313,,,2111872
3350,1476396493,440957815,0xdf92529f,1,5,48000,155214,-1,304227152,24952,,,2112592
3351,1476454756,440957815,0xdf92529f,1,5,48000,75975,-1,553801376,14158,,,2113136
3352,1476492873,440957815,0xdf92529f,1,5,48000,321793,-1,30644160,75266,,,2113600
3353,1476547594,440957815,0xdf92529f,1,5,48000,241497,-1,6269056,60007,,,2114272
3354,1476678055,440957815,0xdf92529f,1,5,48000,84456,-1,202334064,16609,,,2114896
3355,1476983725,440957815,0xdf92529f,1,5,48000,249208,-1,245195680,76227,,,2115360
3356,1477136842,440957815,0xdf92529f,1,5,48000,430413,-1,218988352,117423,,,2115952
3357,1477191563,440957815,0xdf92529f,1,5,48000,230126,-1,212188704,51331,,,2116736
3358,1477950889,440957815,0xdf92529f,1,5,48000,293533,-1,74804912,65651,,,2117296
3359,1478005610,440957815,0xdf92529f,1,5,48000,225943,-1,57017840,38684,,,2117936
3360,1478115052,440957815,0xdf92529f,1,5,48000,357763,-1,15920768,85885,,,2118544
3361,1478189771,440957815,0xdf92529f,1,5,48000,334070,-1,104877584,74283,,,2119248
3362,1478353934,440957815,0xdf92529f,1,5,48000,331836,-1,45174640,80943,,,2119904
3363,1478408655,440957815,0xdf92529f,1,5,48000,199718,-1,25654128,50350,,,2120608
3364,1478777998,440957815,0xdf92529f,1,5,48000,198091,-1,203149088,50622,,,2121184
3365,1478942161,440957815,0xdf92529f,1,5,48000,116242,-1,193363328,25871,,,2121744
3366,1479829874,440957815,0xdf92529f,1,5,48000,135742,-1,168877520,29573,,,2122224
3367,1481366083,440957815,0xdf92529f,1,5,48000,299777,-1,407351472,56356,,,2122736
3368,1482275056,440957815,0xdf92529f,1,5,48000,132833,-1,156860384,30999,,,2123392
3369,1482529475,440957815,0xdf92529f,1,5,48000,539253,-1,376913504,138476,,,2123888
3370,1482891882,440957815,0xdf92529f,1,5,48000,223479,-1,459229968,56864,,,2124736
3371,1483733505,440957815,0xdf92529f,1,5,48000,137998,-1,12011152,29380,,,2125296
3372,1483804830,440957815,0xdf92529f,1,5,48000,82341,-1,549851344,14318,,,2125792
3373,1483986470,440957815,0xdf92529f,1,5,48000,533469,-1,339297760,107123,,,2126256
3374,1485204583,440957815,0xdf92529f,1,5,48000,276212,-1,301983344,61249,,,2127136
3375,1485246242,440957815,0xdf92529f,1,5,48000,299250,-1,41039248,69376,,,2127776
3376,1485300963,440957815,0xdf92529f,1,5,48000,115912,-1,22290960,22333,,,2128448
3377,1485716528,440957815,0xdf92529f,1,5,48000,495000,-1,494527712,97188,,,2128928
3378,1486017103,440957815,0xdf92529f,1,5,48000,248628,-1,481648656,66720,,,2129728
3379,1487067623,440957815,0xdf92529f,1,5,48000,119173,-1,560343904,26623,,,2130304
3380,1487150744,440957815,0xdf92529f,1,5,48000,260626,-1,555473456,65318,,,2130800
3381,1491097662,440957815,0xdf92529f,1,5,48000,123722,-1,319568896,21305,,,2131424
3382,1492133323,440957815,0xdf92529f,1,5,48000,426773,-1,311181824,95020,,,2131952
3383,1492790476,440957815,0xdf92529f,1,5,48000,468728,-1,91826432,96646,,,2132704
3384,1492845197,440957815,0xdf92529f,1,5,48000,371736,-1,69525632,87353,,,2133520
3385,1492899918,440957815,0xdf92529f,1,5,48000,218250,-1,52330256,48681,,,2134256
3386,1493009360,440957815,0xdf92529f,1,5,48000,167321,-1,9931952,38888,,,2134816
3387,1493401102,440957815,0xdf92529f,1,5,48000,119072,-1,241732976,29727,,,2135376
3388,1493429009,440957815,0xdf92529f,1,5,48000,129348,-1,548287600,24631,,,2135856
3389,1493488145,440957815,0xdf92529f,1,5,48000,401420,-1,195270448,77086,,,2136368
3390,1494131093,440957815,0xdf92529f,1,5,48000,128495,-1,235160656,23491,,,2137056
3391,1494414155,440957815,0xdf92529f,1,5,48000,414913,-1,487317488,127188,,,2137584
3392,1494596816,440957815,0xdf92529f,1,5,48000,342149,-1,131349408,80171,,,2138320
3393,1494870421,440957815,0xdf92529f,1,5,48000,216339,-1,29300304,47193,,,2139008
3394,1495055603,440957815,0xdf92529f,1,5,48000,478517,-1,201012752,116776,,,2139584
3395,1495420729,440957815,0xdf92529f,1,5,48000,59825,-1,401641968,18922,,,2140400
3396,1498066731,440957815,0xdf92529f,1,5,48000,376599,-1,413339072,85358,,,2140880
3397,1498870550,440957815,0xdf92529f,1,5,48000,2067357,-1,397156752,619152,,,2141568
3398,1499297906,440957815,0xdf92529f,1,5,48000,232532,-1,444234560,49945,,,2143872
3399,1499339565,440957815,0xdf92529f,1,5,48000,355712,-1,375340544,85771,,,2144448
3400,1499449007,440957815,0xdf92529f,1,5,48000,434904,-1,358629168,117962,,,2145152
3401,1500195271,440957815,0xdf92529f,1,5,48000,346137,-1,16932736,73825,,,2145904
3402,1500233543,440957815,0xdf92529f,1,5,48000,31980,-1,209664288,14732,,,2146608
3403,1500529894,440957815,0xdf92529f,1,5,48000,63999,-1,248387200,16827,,,2147072
3404,1500797581,440957815,0xdf92529f,1,5,48000,423226,-1,388195040,155710,,,2147568
3405,1501262283,440957815,0xdf92529f,1,5,48000,195364,-1,237946912,39050,,,2148256
3406,1501544472,440957815,0xdf92529f,1,5,48000,198937,-1,565974400,46967,,,2148832
3407,1501892169,440957815,0xdf92529f,1,5,48000,394099,-1,92971296,103399,,,2149360
3408,1502001611,440957815,0xdf92529f,1,5,48000,291265,-1,52903744,67745,,,2150080
3409,1502069394,440957815,0xdf92529f,1,5,48000,194275,-1,289673744,38240,,,2150704
3410,1502405677,440957815,0xdf92529f,1,5,48000,404501,-1,185311008,85595,,,2151280
3411,1503551307,440957815,0xdf92529f,1,5,48000,324970,-1,174319744,87732,,,2152000
3412,1503698509,440957815,0xdf92529f,1,5,48000,285678,-1,133405312,57926,,,2152672
3413,1503761515,440957815,0xdf92529f,1,5,48000,97687,-1,526748016,23924,,,2153328
3414,1503807951,440957815,0xdf92529f,1,5,48000,127939,-1,86240608,26050,,,2153808
3415,1504972101,440957815,0xdf92529f,1,5,48000,240079,-1,460225712,61540,,,2154304
3416,1506675979,440957815,0xdf92529f,1,5,48000,86225,-1,307116928,15820,,,2154896
3417,1506819079,440957815,0xdf92529f,1,5,48000,489771,-1,379017312,130274,,,2155360
3418,1507798310,440957815,0xdf92529f,1,5,48000,333609,-1,326587504,86704,,,2156208
3419,1507907752,440957815,0xdf92529f,1,5,48000,389961,-1,317117024,84474,,,2156880
3420,1508625419,440957815,0xdf92529f,1,5,48000,474786,-1,392652816,79282,,,2157600
3421,1508906981,440957815,0xdf92529f,1,5,48000,306829,-1,291771520,79083,,,2158320
3422,1508961702,440957815,0xdf92529f,1,5,48000,300339,-1,287860512,68039,,,2159008
3423,1508974764,440957815,0xdf92529f,1,5,48000,207664,-1,420365760,41091,,,2159664
3424,1509132801,440957815,0xdf92529f,1,5,48000,273796,-1,76333600,67384,,,2160192
3425,1510262955,440957815,0xdf92529f,1,5,48000,345262,-1,165337632,70488,,,2160832
3426,1511089937,440957815,0xdf92529f,1,5,48000,6103076,-1,501857680,1387721,,,2161520
3427,1511813493,440957815,0xdf92529f,1,5,48000,270610,-1,515097456,75086,,,2166992
3428,1512401720,440957815,0xdf92529f,1,5,48000,286530,-1,533107152,70337,,,2167616
3429,1515288713,440957815,0xdf92529f,1,5,48000,363883,-1,564370096,72472,,,2168224
3430,1516211312,440957815,0xdf92529f,1,5,48000,414109,-1,236091856,113394,,,2168944
3431,1517005361,440957815,0xdf92529f,1,5,48000,230282,-1,5366224,59818,,,2169680
3432,1518538096,440957815,0xdf92529f,1,5,48000,111305,-1,151298976,19772,,,2170288
3433,1518700905,440957815,0xdf92529f,1,5,48000,289060,-1,209432176,64255,,,2170768
3434,1518811701,440957815,0xdf92529f,1,5,48000,170032,-1,44338336,38428,,,2171376
3435,1520498289,440957815,0xdf92529f,1,5,48000,101973,-1,423164256,17119,,,2171920
3436,1520508599,440957815,0xdf92529f,1,5,48000,306395,-1,120349440,67070,,,2172400
3437,1520565841,440957815,0xdf92529f,1,5,48000,356453,-1,498607552,76721,,,2173072
3438,1520836842,440957815,0xdf92529f,1,5,48000,20544,-1,210698352,8111,,,2173728
3439,1522117453,440957815,0xdf92529f,1,5,48000,388293,-1,408896288,82806,,,2174176
3440,1522692618,440957815,0xdf92529f,1,5,48000,234564,-1,325052000,48206,,,2174880
3441,1522892625,440957815,0xdf92529f,1,5,48000,292236,-1,471237584,66359,,,2175472
3442,1523279923,440957815,0xdf92529f,1,5,48000,340440,-1,427304304,69397,,,2176160
3443,1523869072,440957815,0xdf92529f,1,5,48000,119622,-1,414577232,25524,,,2176816
3444,1524834220,440957815,0xdf92529f,1,5,48000,252507,-1,179833232,45226,,,2177312
3445,1525076644,440957815,0xdf92529f,1,5,48000,403089,-1,529582064,105434,,,2177920
3446,1525196627,440957815,0xdf92529f,1,5,48000,343111,-1,378199744,115869,,,2178688
3447,1525651809,440957815,0xdf92529f,1,5,48000,275531,-1,495293008,55208,,,2179376
3448,1525888170,440957815,0xdf92529f,1,5,48000,97682,-1,87465152,18604,,,2180016
3449,1525938476,440957815,0xdf92529f,1,5,48000,286917,-1,545146000,114625,,,2180480
3450,1526072331,440957815,0xdf92529f,1,5,48000,292626,-1,144214560,68278,,,2181056
3451,1527228787,440957815,0xdf92529f,1,5,48000,584566,-1,230457216,117125,,,2181712
3452,1527858673,440957815,0xdf92529f,1,5,48000,194993,-1,62886432,43250,,,2182544
3453,1529358085,440957815,0xdf92529f,1,5,48000,318157,-1,404952160,62649,,,2183136
3454,1530479818,440957815,0xdf92529f,1,5,48000,304822,-1,447115824,94410,,,2183792
3455,1530906797,440957815,0xdf92529f,1,5,48000,28084,-1,211134320,11370,,,2184448
3456,1531054983,440957815,0xdf92529f,1,5,48000,303497,-1,421539792,65907,,,2184896
3457,1531443986,440957815,0xdf92529f,1,5,48000,122720,-1,567706176,28323,,,2185520
3458,1531796832,440957815,0xdf92529f,1,5,48000,218128,-1,549223776,41942,,,2186000
3459,1531834516,440957815,0xdf92529f,1,5,48000,41802,-1,158238720,14344,,,2186576
3460,1531902564,440957815,0xdf92529f,1,5,48000,273579,-1,309564368,57878,,,2187040
3461,1532314755,440957815,0xdf92529f,1,5,48000,316046,-1,218340608,90304,,,2187632
3462,1532553637,440957815,0xdf92529f,1,5,48000,378252,-1,226765504,110648,,,2188288
3463,1532773542,440957815,0xdf92529f,1,5,48000,206015,-1,267069200,47338,,,2189024
3464,1533012424,440957815,0xdf92529f,1,5,48000,146294,-1,279161504,28105,,,2189584
3465,1533238244,440957815,0xdf92529f,1,5,48000,71537,-1,35118016,12213,,,2190096
3466,1533292965,440957815,0xdf92529f,1,5,48000,422772,-1,12090128,104862,,,2190560
3467,1533311436,440957815,0xdf92529f,1,5,48000,299797,-1,160883072,57295,,,2191248
3468,1533361769,440957815,0xdf92529f,1,5,48000,115652,-1,327678848,21877,,,2191920
3469,1533773166,440957815,0xdf92529f,1,5,48000,82084,-1,436166240,18751,,,2192416
3470,1534805702,440957815,0xdf92529f,1,5,48000,128265,-1,41290992,27605,,,2192896
3471,1535293962,440957815,0xdf92529f,1,5,48000,227568,-1,425560352,41032,,,2193408
3472,1536627083,440957815,0xdf92529f,1,5,48000,334157,-1,560370560,89499,,,2193968
3473,1538343400,440957815,0xdf92529f,1,5,48000,305022,-1,454833600,67879,,,2194608
3474,1538925501,440957815,0xdf92529f,1,5,48000,264892,-1,330874928,63636,,,2195232
3475,1539439009,440957815,0xdf92529f,1,5,48000,372471,-1,355071488,92961,,,2195888
3476,1540891920,440957815,0xdf92529f,1,5,48000,319041,-1,45003008,65341,,,2196672
3477,1541444867,440957815,0xdf92529f,1,5,48000,196376,-1,170156000,39492,,,2197408
3478,1541523018,440957815,0xdf92529f,1,5,48000,68360,-1,501361648,8751,,,2197968
3479,1542769585,440957815,0xdf92529f,1,5,48000,117571,-1,554228256,22401,,,2198416
3480,1542940684,440957815,0xdf92529f,1,5,48000,184638,-1,520683104,33849,,,2198880
3481,1543047605,440957815,0xdf92529f,1,5,48000,289969,-1,195632080,73990,,,2199456
3482,1543102326,440957815,0xdf92529f,1,5,48000,245432,-1,190123248,57924,,,2200128
3483,1544449879,440957815,0xdf92529f,1,5,48000,276171,-1,142710592,65074,,,2200720
3484,1544972844,440957815,0xdf92529f,1,5,48000,269186,-1,472353296,76976,,,2201344
3485,1545247470,440957815,0xdf92529f,1,5,48000,366654,-1,485945088,109345,,,2201936
3486,1545255706,440957815,0xdf92529f,1,5,48000,299299,-1,464285120,86412,,,2202640
3487,1546711946,440957815,0xdf92529f,1,5,48000,199065,-1,310656736,49215,,,2203280
3488,1548899025,440957815,0xdf92529f,1,5,48000,354396,-1,375773904,103326,,,2203856
3489,1548953746,440957815,0xdf92529f,1,5,48000,224054,-1,370236656,66751,,,2204560
3490,1549083186,440957815,0xdf92529f,1,5,48000,201379,-1,391229952,56207,,,2205168
3491,1549124845,440957815,0xdf92529f,1,5,48000,252519,-1,215278992,59570,,,2205744
3492,1549432531,440957815,0xdf92529f,1,5,48000,81309,-1,419093376,14627,,,2206288
3493,1549590568,440957815,0xdf92529f,1,5,48000,168773,-1,75407008,23927,,,2206752
3494,1549658351,440957815,0xdf92529f,1,5,48000,268856,-1,297111344,61987,,,2207328
3495,1549993613,440957815,0xdf92529f,1,5,48000,531698,-1,45997280,121439,,,2207952
3496,1550007696,440957815,0xdf92529f,1,5,48000,145115,-1,342639520,28847,,,2208832
3497,1550048334,440957815,0xdf92529f,1,5,48000,204189,-1,26011936,42937,,,2209392
3498,1550050855,440957815,0xdf92529f,1,5,48000,181573,-1,493797024,25165,,,2209968
3499,1550358541,440957815,0xdf92529f,1,5,48000,104367,-1,553460880,21485,,,2210512
3500,1550454921,440957815,0xdf92529f,1,5,48000,174478,-1,505560720,51266,,,2210992
3501,1551451629,440957815,0xdf92529f,1,5,48000,317123,-1,93317152,70288,,,2211552
3502,1551506350,440957815,0xdf92529f,1,5,48000,404495,-1,70888544,95030,,,2212288
3503,1551615792,440957815,0xdf92529f,1,5,48000,347193,-1,33963792,71089,,,2213040
3504,1553790257,440957815,0xdf92529f,1,5,48000,258081,-1,307336448,61843,,,2213744
3505,1554531561,440957815,0xdf92529f,1,5,48000,291503,-1,460682288,81651,,,2214352
3506,1554626920,440957815,0xdf92529f,1,5,48000,224715,-1,355453440,48209,,,2214992
3507,1554853761,440957815,0xdf92529f,1,5,48000,138578,-1,267372032,30189,,,2215552
3508,1555050984,440957815,0xdf92529f,1,5,48000,97573,-1,415974576,18224,,,2216080
3509,1555147364,440957815,0xdf92529f,1,5,48000,234582,-1,270551184,41977,,,2216576
3510,1555735591,440957815,0xdf92529f,1,5,48000,417856,-1,329239024,100733,,,2217184
3511,1555975494,440957815,0xdf92529f,1,5,48000,280287,-1,383625360,77441,,,2217936
3512,1556433260,440957815,0xdf92529f,1,5,48000,338648,-1,372840048,70460,,,2218576
3513,1556604359,440957815,0xdf92529f,1,5,48000,335798,-1,219833952,69302,,,2219248
3514,1556885921,440957815,0xdf92529f,1,5,48000,247437,-1,41975104,51677,,,2219920
3515,1557248328,440957815,0xdf92529f,1,5,48000,397452,-1,337238400,96640,,,2220512
3516,1557288966,440957815,0xdf92529f,1,5,48000,211647,-1,7919056,48858,,,2221264
3517,1557583590,440957815,0xdf92529f,1,5,48000,165134,-1,184597040,29552,,,2221856
3518,1557640832,440957815,0xdf92529f,1,5,48000,261331,-1,506166992,96070,,,2222400
3519,1557651373,440957815,0xdf92529f,1,5,48000,163747,-1,328724272,34597,,,2223008
3520,1558746982,440957815,0xdf92529f,1,5,48000,210640,-1,58934384,40775,,,2223520
3521,1558856424,440957815,0xdf92529f,1,5,48000,353072,-1,17985312,79877,,,2224112
3522,1559822415,440957815,0xdf92529f,1,5,48000,160920,-1,168543888,34553,,,2224768
3523,1559923436,440957815,0xdf92529f,1,5,48000,409375,-1,238070400,96234,,,2225296
3524,1560435381,440957815,0xdf92529f,1,5,48000,294054,-1,490154256,91345,,,2226016
3525,1560498601,440957815,0xdf92529f,1,5,48000,262739,-1,113738080,67751,,,2226672
3526,1560553322,440957815,0xdf92529f,1,5,48000,388267,-1,94581232,89364,,,2227280
3527,1560998784,440957815,0xdf92529f,1,5,48000,331432,-1,428224080,98584,,,2228096
3528,1561434610,440957815,0xdf92529f,1,5,48000,327356,-1,479014592,89783,,,2228800
3529,1561590960,440957815,0xdf92529f,1,5,48000,46285,-1,247958400,16828,,,2229472
3530,1561861544,440957815,0xdf92529f,1,5,48000,161380,-1,351685984,39653,,,2229936
3531,1562267597,440957815,0xdf92529f,1,5,48000,137627,-1,156375616,32220,,,2230464
3532,1563350392,440957815,0xdf92529f,1,5,48000,197038,-1,469667664,46465,,,2230976
3533,1564303778,440957815,0xdf92529f,1,5,48000,291348,-1,258640976,74088,,,2231536
3534,1565077187,440957815,0xdf92529f,1,5,48000,321584,-1,385538736,83192,,,2232192
3535,1568206998,440957815,0xdf92529f,1,5,48000,298300,-1,104278704,72014,,,2232880
3536,1568316440,440957815,0xdf92529f,1,5,48000,235339,-1,62524224,60452,,,2233504
3537,1572840305,440957815,0xdf92529f,1,5,48000,454203,-1,380531664,145210,,,2234128
3538,1572841484,440957815,0xdf92529f,1,5,48000,60381,-1,209731536,28385,,,2234944
3539,1572846210,440957815,0xdf92529f,1,5,48000,111489,-1,169875152,23184,,,2235408
3540,1573137835,440957815,0xdf92529f,1,5,48000,54779,-1,248534688,20473,,,2235888
3541,1573279528,440957815,0xdf92529f,1,5,48000,332576,-1,208807920,82615,,,2236368
3542,1573428532,440957815,0xdf92529f,1,5,48000,273635,-1,414616256,49943,,,2237056
3543,1573579633,440957815,0xdf92529f,1,5,48000,260592,-1,254445264,55645,,,2237680
3544,1573641290,440957815,0xdf92529f,1,5,48000,189899,-1,53456320,36192,,,2238304
3545,1573696011,440957815,0xdf92529f,1,5,48000,255130,-1,34226864,66552,,,2238880
3546,1573708400,440957815,0xdf92529f,1,5,48000,294702,-1,558640688,87345,,,2239504
3547,1573750732,440957815,0xdf92529f,1,5,48000,322714,-1,11296544,66288,,,2240208
3548,1574636104,440957815,0xdf92529f,1,5,48000,387746,-1,530045296,100744,,,2240880
3549,1574765544,440957815,0xdf92529f,1,5,48000,324165,-1,539792400,82753,,,2241584
3550,1574927186,440957815,0xdf92529f,1,5,48000,194589,-1,222105664,38229,,,2242240
3551,1575263469,440957815,0xdf92529f,1,5,48000,303763,-1,40270064,74455,,,2242800
3552,1575338188,440957815,0xdf92529f,1,5,48000,181663,-1,134113184,44573,,,2243456
3553,1575392909,440957815,0xdf92529f,1,5,48000,122691,-1,108494592,26053,,,2243968
3554,1575413270,440957815,0xdf92529f,1,5,48000,34939,-1,401371840,13089,,,2244448
3555,1575447630,440957815,0xdf92529f,1,5,48000,127919,-1,87804528,30308,,,2244912
3556,1575573676,440957815,0xdf92529f,1,5,48000,136081,-1,553864544,29211,,,2245392
3557,1575686512,440957815,0xdf92529f,1,5,48000,284785,-1,117309024,72270,,,2245888
3558,1577547573,440957815,0xdf92529f,1,5,48000,194287,-1,139159184,43728,,,2246512
3559,1578808103,440957815,0xdf92529f,1,5,48000,193086,-1,413544544,36935,,,2247072
3560,1579212169,440957815,0xdf92529f,1,5,48000,436425,-1,432720176,116489,,,2247648
3561,1579786313,440957815,0xdf92529f,1,5,48000,396946,-1,324236064,81145,,,2248416
3562,1579842055,440957815,0xdf92529f,1,5,48000,204180,-1,368890480,55787,,,2249136
3563,1580039278,440957815,0xdf92529f,1,5,48000,256217,-1,447361424,52661,,,2249696
3564,1580169906,440957815,0xdf92529f,1,5,48000,64203,-1,177927920,23160,,,2250336
3565,1580190379,440957815,0xdf92529f,1,5,48000,353223,-1,359799024,104284,,,2250800
3566,1580265098,440957815,0xdf92529f,1,5,48000,184896,-1,394429280,50124,,,2251472
3567,1580614443,440957815,0xdf92529f,1,5,48000,286445,-1,421788528,52143,,,2252064
3568,1581018509,440957815,0xdf92529f,1,5,48000,436986,-1,434034064,159194,,,2252688
3569,1581079145,440957815,0xdf92529f,1,5,48000,91155,-1,306379984,15893,,,2253424
3570,1581230246,440957815,0xdf92529f,1,5,48000,335705,-1,27852112,84534,,,2253888
3571,1581284967,440957815,0xdf92529f,1,5,48000,164029,-1,2546272,36355,,,2254544
3572,1581356292,440957815,0xdf92529f,1,5,48000,208655,-1,549265760,52910,,,2255088
3573,1581415428,440957815,0xdf92529f,1,5,48000,393799,-1,199618176,101002,,,2255632
3574,1582571884,440957815,0xdf92529f,1,5,48000,282914,-1,279294048,65010,,,2256368
3575,1582633541,440957815,0xdf92529f,1,5,48000,276887,-1,95710768,63226,,,2256976
3576,1582688262,440957815,0xdf92529f,1,5,48000,426856,-1,72524352,97261,,,2257600
3577,1582852425,440957815,0xdf92529f,1,5,48000,380307,-1,12322096,93960,,,2258384
3578,1582870896,440957815,0xdf92529f,1,5,48000,331560,-1,165723200,68928,,,2259088
3579,1583276489,440957815,0xdf92529f,1,5,48000,170703,-1,202866032,44342,,,2259760
3580,1583495373,440957815,0xdf92529f,1,5,48000,478009,-1,180465808,106026,,,2260304
3581,1583754056,440957815,0xdf92529f,1,5,48000,68547,-1,526493024,11575,,,2261088
3582,1584439881,440957815,0xdf92529f,1,5,48000,153705,-1,135454592,34186,,,2261536
3583,1584494602,440957815,0xdf92529f,1,5,48000,234699,-1,109442960,54277,,,2262064
3584,1584549323,440957815,0xdf92529f,1,5,48000,133232,-1,89272240,25744,,,2262640
3585,1585293567,440957815,0xdf92529f,1,5,48000,316494,-1,207000416,85805,,,2263152
3586,1585430611,440957815,0xdf92529f,1,5,48000,259498,-1,470854016,75913,,,2263792
3587,1585713473,440957815,0xdf92529f,1,5,48000,187789,-1,462711536,44198,,,2264352
3588,1586668520,440957815,0xdf92529f,1,5,48000,74724,-1,306885424,11647,,,2264912
3589,1586733342,440957815,0xdf92529f,1,5,48000,208768,-1,317750192,45576,,,2265376
3590,1586949901,440957815,0xdf92529f,1,5,48000,121041,-1,568066288,30702,,,2265984
3591,1587419183,440957815,0xdf92529f,1,5,48000,113382,-1,566726144,26271,,,2266480
3592,1587964517,440957815,0xdf92529f,1,5,48000,422740,-1,409584960,92908,,,2266976
3593,1588437065,440957815,0xdf92529f,1,5,48000,43042,-1,402714864,15952,,,2267680
3594,1588474072,440957815,0xdf92529f,1,5,48000,147490,-1,450777040,43489,,,2268144
3595,1589703074,440957815,0xdf92529f,1,5,48000,186535,-1,288937392,38162,,,2268640
3596,1589757795,440957815,0xdf92529f,1,5,48000,119281,-1,280898576,21557,,,2269200
3597,1589872585,440957815,0xdf92529f,1,5,48000,323257,-1,425062944,65331,,,2269712
3598,1590291301,440957815,0xdf92529f,1,5,48000,271855,-1,345677968,56280,,,2270336
3599,1590975908,440957815,0xdf92529f,1,5,48000,292011,-1,218571296,66710,,,2270992
3600,1591672014,440957815,0xdf92529f,1,5,48000,223048,-1,483718880,45994,,,2271632
3601,1592148278,440957815,0xdf92529f,1,5,48000,114599,-1,121089424,24008,,,2272208
3602,1592257720,440957815,0xdf92529f,1,5,48000,308632,-1,79784912,76598,,,2272688
3603,1592500144,440957815,0xdf92529f,1,5,48000,379109,-1,520814224,122706,,,2273344
3604,1593106230,440957815,0xdf92529f,1,5,48000,84712,-1,423240800,13538,,,2274096
3605,1593143092,440957815,0xdf92529f,1,5,48000,380984,-1,536671440,92081,,,2274560
3606,1593444783,440957815,0xdf92529f,1,5,48000,111594,-1,210801920,35809,,,2275264
3607,1594532304,440957815,0xdf92529f,1,5,48000,302475,-1,472685408,81355,,,2275808
3608,1597007405,440957815,0xdf92529f,1,5,48000,112433,-1,222508528,25604,,,2276464
3609,1597576366,440957815,0xdf92529f,1,5,48000,106700,-1,555157056,21676,,,2276960
3610,1597826847,440957815,0xdf92529f,1,5,48000,166555,-1,466657616,34697,,,2277456
3611,1598684305,440957815,0xdf92529f,1,5,48000,335705,-1,215462672,76202,,,2278016
3612,1598868466,440957815,0xdf92529f,1,5,48000,238337,-1,231515696,73125,,,2278688
3613,1599095307,440957815,0xdf92529f,1,5,48000,259734,-1,97947952,66201,,,2279280
3614,1599150028,440957815,0xdf92529f,1,5,48000,194442,-1,75683616,27626,,,2279856
3615,1599204749,440957815,0xdf92529f,1,5,48000,173319,-1,58168432,41582,,,2280416
3616,1599217811,440957815,0xdf92529f,1,5,48000,376039,-1,297282256,91981,,,2280960
3617,1599443631,440957815,0xdf92529f,1,5,48000,206145,-1,83262848,47701,,,2281648
3618,1599498352,440957815,0xdf92529f,1,5,48000,108347,-1,63406640,20474,,,2282208
3619,1599607794,440957815,0xdf92529f,1,5,48000,262431,-1,26237520,41283,,,2282688
3620,1599627792,440957815,0xdf92529f,1,5,48000,395591,-1,139869840,97048,,,2283344
3621,1599863280,440957815,0xdf92529f,1,5,48000,96779,-1,554095616,20544,,,2284096
3622,1599918001,440957815,0xdf92529f,1,5,48000,153055,-1,553525024,32440,,,2284576
3623,1599943397,440957815,0xdf92529f,1,5,48000,91072,-1,347736016,17599,,,2285056
3624,1600956368,440957815,0xdf92529f,1,5,48000,203554,-1,113049328,51854,,,2285552
3625,1601011089,440957815,0xdf92529f,1,5,48000,296457,-1,93498768,71790,,,2286128
3626,1601252492,440957815,0xdf92529f,1,5,48000,257521,-1,501110832,51059,,,2286752
3627,1601601837,440957815,0xdf92529f,1,5,48000,404432,-1,521655872,126925,,,2287360
3628,1602858825,440957815,0xdf92529f,1,5,48000,170463,-1,409161376,27184,,,2288080
3629,1603543432,440957815,0xdf92529f,1,5,48000,354387,-1,315300304,89308,,,2288608
3630,1603793203,440957815,0xdf92529f,1,5,48000,624743,-1,561607488,124892,,,2289296
3631,1604186380,440957815,0xdf92529f,1,5,48000,263020,-1,355654416,53773,,,2290208
3632,1604836264,440957815,0xdf92529f,1,5,48000,445792,-1,293027776,101539,,,2290880
3633,1604949248,440957815,0xdf92529f,1,5,48000,74750,-1,551013344,12097,,,2291616
3634,1605185609,440957815,0xdf92529f,1,5,48000,413707,-1,340131888,89305,,,2292080
3635,1605242851,440957815,0xdf92529f,1,5,48000,88939,-1,552687792,17325,,,2292784
3636,1605349772,440957815,0xdf92529f,1,5,48000,193855,-1,324317248,36709,,,2293248
3637,1605870216,440957815,0xdf92529f,1,5,48000,295110,-1,217468512,75843,,,2293808
3638,1606381107,440957815,0xdf92529f,1,5,48000,77255,-1,436262272,15865,,,2294448
3639,1606403722,440957815,0xdf92529f,1,5,48000,291098,-1,302414688,67394,,,2294912
3640,1606738984,440957815,0xdf92529f,1,5,48000,194450,-1,50960768,35095,,,2295600
3641,1606807788,440957815,0xdf92529f,1,5,48000,406445,-1,337494736,94523,,,2296160
3642,1606848426,440957815,0xdf92529f,1,5,48000,251269,-1,8046720,50040,,,2296960
3643,1606981408,440957815,0xdf92529f,1,5,48000,240630,-1,513439648,70106,,,2297520
3644,1607143050,440957815,0xdf92529f,1,5,48000,243773,-1,184869280,49848,,,2298112
3645,1607268075,440957815,0xdf92529f,1,5,48000,148206,-1,548089792,33923,,,2298720
3646,1607567114,440957815,0xdf92529f,1,5,48000,221781,-1,238896928,51379,,,2299248
3647,1607970159,440957815,0xdf92529f,1,5,48000,384459,-1,232880496,72312,,,2299840
3648,1608240081,440957815,0xdf92529f,1,5,48000,200674,-1,306523168,41282,,,2300512
3649,1608251721,440957815,0xdf92529f,1,5,48000,332190,-1,76544256,84443,,,2301072
3650,1608306442,440957815,0xdf92529f,1,5,48000,183151,-1,59066384,31169,,,2301760
3651,1608381161,440957815,0xdf92529f,1,5,48000,246776,-1,154537952,56332,,,2302352
3652,1608490603,440957815,0xdf92529f,1,5,48000,310181,-1,105918320,80915,,,2302976
3653,1610558244,440957815,0xdf92529f,1,5,48000,293426,-1,428612976,95263,,,2303568
3654,1611372291,440957815,0xdf92529f,1,5,48000,118709,-1,361543056,30641,,,2304208
3655,1611485546,440957815,0xdf92529f,1,5,48000,77114,-1,401999712,24188,,,2304720
3656,1611827057,440957815,0xdf92529f,1,5,48000,174990,-1,157773792,40472,,,2305216
3657,1611892735,440957815,0xdf92529f,1,5,48000,308742,-1,274280304,73255,,,2305744
3658,1611947456,440957815,0xdf92529f,1,5,48000,463984,-1,260979328,121563,,,2306464
3659,1612371520,440957815,0xdf92529f,1,5,48000,344790,-1,346482080,74414,,,2307232
3660,1612939749,440957815,0xdf92529f,1,5,48000,441794,-1,366398128,130776,,,2307920
3661,1613136972,440957815,0xdf92529f,1,5,48000,144281,-1,441023248,27112,,,2308656
3662,1613288073,440957815,0xdf92529f,1,5,48000,591657,-1,357610336,163924,,,2309200
3663,1613303977,440957815,0xdf92529f,1,5,48000,345148,-1,160000768,71185,,,2310080
3664,1613765707,440957815,0xdf92529f,1,5,48000,108035,-1,435907744,27091,,,2310768
3665,1613863238,440957815,0xdf92529f,1,5,48000,316901,-1,258715104,69448,,,2311264
3666,1614052808,440957815,0xdf92529f,1,5,48000,117787,-1,170277232,26639,,,2311936
3667,1614130959,440957815,0xdf92529f,1,5,48000,73892,-1,501429808,11040,,,2312416
3668,1614157862,440957815,0xdf92529f,1,5,48000,263711,-1,323502208,64675,,,2312864
3669,1615223311,440957815,0xdf92529f,1,5,48000,282629,-1,538126656,64567,,,2313504
3670,1616089558,440957815,0xdf92529f,1,5,48000,224020,-1,143339504,55668,,,2314144
3671,1616144279,440957815,0xdf92529f,1,5,48000,208857,-1,116566480,51993,,,2314736
3672,1616550866,440957815,0xdf92529f,1,5,48000,283530,-1,513986368,71098,,,2315312
3673,1617711737,440957815,0xdf92529f,1,5,48000,296070,-1,126448672,76251,,,2315936
3674,1620722865,440957815,0xdf92529f,1,5,48000,246661,-1,392459344,41648,,,2316608
3675,1621688013,440957815,0xdf92529f,1,5,48000,258580,-1,27024912,63524,,,2317248
3676,1622094600,440957815,0xdf92529f,1,5,48000,461326,-1,505782624,138042,,,2317888
3677,1623036587,440957815,0xdf92529f,1,5,48000,296915,-1,113546912,68288,,,2318720
3678,1623267860,440957815,0xdf92529f,1,5,48000,266658,-1,558994176,75176,,,2319360
3679,1623275469,440957815,0xdf92529f,1,5,48000,147268,-1,148506880,24208,,,2319968
3680,1623384911,440957815,0xdf92529f,1,5,48000,313949,-1,101842000,78379,,,2320464
3681,1623682056,440957815,0xdf92529f,1,5,48000,574382,-1,522429024,131382,,,2321136
3682,1623898419,440957815,0xdf92529f,1,5,48000,282010,-1,186470608,64045,,,2322064
3683,1624711404,440957815,0xdf92529f,1,5,48000,105491,-1,558085504,20710,,,2322736
3684,1624897648,440957815,0xdf92529f,1,5,48000,373261,-1,134377024,82334,,,2323200
3685,1625714216,440957815,0xdf92529f,1,5,48000,223922,-1,475721872,62065,,,2323936
3686,1627040584,440957815,0xdf92529f,1,5,48000,99051,-1,452054320,20073,,,2324528
3687,1627942528,440957815,0xdf92529f,1,5,48000,275748,-1,176376512,56974,,,2325008
3688,1628648104,440957815,0xdf92529f,1,5,48000,251611,-1,278440512,51104,,,2325664
3689,1628997449,440957815,0xdf92529f,1,5,48000,293655,-1,326869952,65703,,,2326272
3690,1629598738,440957815,0xdf92529f,1,5,48000,270270,-1,447624640,79624,,,2326896
3691,1629749839,440957815,0xdf92529f,1,5,48000,263094,-1,360085296,64098,,,2327504
3692,1629824558,440957815,0xdf92529f,1,5,48000,316304,-1,394867600,78197,,,2328128
3693,1630325004,440957815,0xdf92529f,1,5,48000,423498,-1,259378736,111090,,,2328784
3694,1630331940,440957815,0xdf92529f,1,5,48000,258143,-1,77336032,55507,,,2329568
3695,1630386661,440957815,0xdf92529f,1,5,48000,387102,-1,59411248,99457,,,2330208
3696,1630399723,440957815,0xdf92529f,1,5,48000,222325,-1,299289072,45067,,,2330944
3697,1630496103,440957815,0xdf92529f,1,5,48000,149234,-1,18765248,33751,,,2331552
3698,1630680264,440957815,0xdf92529f,1,5,48000,158335,-1,64734992,31674,,,2332080
3699,1630789706,440957815,0xdf92529f,1,5,48000,241244,-1,28224528,59416,,,2332608
3700,1631323212,440957815,0xdf92529f,1,5,48000,353078,-1,193973344,99073,,,2333216
3701,1631589765,440957815,0xdf92529f,1,5,48000,363802,-1,400360144,121879,,,2333936
3702,1632247722,440957815,0xdf92529f,1,5,48000,123842,-1,72687216,22336,,,2334608
3703,1632302443,440957815,0xdf92529f,1,5,48000,100575,-1,54819040,19616,,,2335120
3704,1632377162,440957815,0xdf92529f,1,5,48000,314757,-1,149889264,77170,,,2335600
3705,1632411885,440957815,0xdf92529f,1,5,48000,190163,-1,12747040,46242,,,2336272
3706,1632430356,440957815,0xdf92529f,1,5,48000,125142,-1,168728928,28461,,,2336832
3707,1632431883,440957815,0xdf92529f,1,5,48000,407840,-1,124377040,93287,,,2337312
3708,1632486604,440957815,0xdf92529f,1,5,48000,166519,-1,102726016,37085,,,2338032
3709,1634198901,440957815,0xdf92529f,1,5,48000,39962,-1,248053008,15047,,,2338576
3710,1634875538,440957815,0xdf92529f,1,5,48000,181256,-1,156571168,41059,,,2339024
3711,1634990071,440957815,0xdf92529f,1,5,48000,184708,-1,471102912,38235,,,2339584
3712,1635217191,440957815,0xdf92529f,1,5,48000,272112,-1,441984560,75738,,,2340160
3713,1635272933,440957815,0xdf92529f,1,5,48000,256928,-1,462845984,65049,,,2340816
3714,1635792356,440957815,0xdf92529f,1,5,48000,82001,-1,417358656,14164,,,2341440
3715,1637523977,440957815,0xdf92529f,1,5,48000,258549,-1,409913408,60646,,,2341904
3716,1637578698,440957815,0xdf92529f,1,5,48000,248660,-1,405515232,50175,,,2342496
3717,1638270241,440957815,0xdf92529f,1,5,48000,180192,-1,188638320,43443,,,2343104
3718,1638749026,440957815,0xdf92529f,1,5,48000,246516,-1,239822256,60655,,,2343648
3719,1640816667,440957815,0xdf92529f,1,5,48000,408650,-1,455518320,109074,,,2344256
3720,1641583501,440957815,0xdf92529f,1,5,48000,60873,-1,247629456,20486,,,2344976
3721,1641707738,440957815,0xdf92529f,1,5,48000,177700,-1,121276800,42814,,,2345472
3722,1641762459,440957815,0xdf92529f,1,5,48000,199727,-1,100672928,40533,,,2346000
3723,1642114325,440957815,0xdf92529f,1,5,48000,257673,-1,516559952,53595,,,2346560
3724,1642260138,440957815,0xdf92529f,1,5,48000,95768,-1,155933120,20626,,,2347168
3725,1642903548,440957815,0xdf92529f,1,5,48000,327485,-1,402881680,74562,,,2347648
3726,1644764609,440957815,0xdf92529f,1,5,48000,336218,-1,406895104,79892,,,2348320
3727,1645454151,440957815,0xdf92529f,1,5,48000,83860,-1,169965488,13365,,,2348992
3728,1645810060,440957815,0xdf92529f,1,5,48000,95021,-1,548931328,17275,,,2349456
3729,1645978638,440957815,0xdf92529f,1,5,48000,64011,-1,186791472,8709,,,2349936
3730,1646566865,440957815,0xdf92529f,1,5,48000,149437,-1,222705168,31702,,,2350384
3731,1646701835,440957815,0xdf92529f,1,5,48000,189148,-1,244777696,64469,,,2350912
3732,1647142030,440957815,0xdf92529f,1,5,48000,255426,-1,67162768,58889,,,2351440
3733,1647839699,440957815,0xdf92529f,1,5,48000,172492,-1,189767760,36036,,,2352048
3734,1648021211,440957815,0xdf92529f,1,5,48000,59623,-1,401440752,20000,,,2352560
3735,1648321005,440957815,0xdf92529f,1,5,48000,166651,-1,531084016,33423,,,2353056
3736,1648654767,440957815,0xdf92529f,1,5,48000,221661,-1,98124032,50404,,,2353600
3737,1648709488,440957815,0xdf92529f,1,5,48000,273441,-1,75738896,65668,,,2354176
3738,1648838928,440957815,0xdf92529f,1,5,48000,454260,-1,153515824,110570,,,2354816
3739,1649057812,440957815,0xdf92529f,1,5,48000,225468,-1,63568384,55089,,,2355664
3740,1649112533,440957815,0xdf92529f,1,5,48000,282810,-1,46593904,55006,,,2356256
3741,1650333167,440957815,0xdf92529f,1,5,48000,78268,-1,484372304,16575,,,2356928
3742,1652405223,440957815,0xdf92529f,1,5,48000,279129,-1,259918960,63002,,,2357392
3743,1652829287,440957815,0xdf92529f,1,5,48000,308217,-1,345474544,58523,,,2358032
3744,1653130376,440957815,0xdf92529f,1,5,48000,74341,-1,248172032,25276,,,2358688
3745,1654169904,440957815,0xdf92529f,1,5,48000,351855,-1,416095760,73802,,,2359168
3746,1654266284,440957815,0xdf92529f,1,5,48000,213263,-1,271207728,44665,,,2359792
3747,1654676265,440957815,0xdf92529f,1,5,48000,435972,-1,62227552,75670,,,2360368
3748,1654858378,440957815,0xdf92529f,1,5,48000,55367,-1,313053408,19818,,,2361120
3749,1655094414,440957815,0xdf92529f,1,5,48000,392750,-1,384177184,104755,,,2361600
3750,1655135052,440957815,0xdf92529f,1,5,48000,332733,-1,181524240,66653,,,2362320
3751,1655320234,440957815,0xdf92529f,1,5,48000,295028,-1,227085616,63271,,,2363024
3752,1655778000,440957815,0xdf92529f,1,5,48000,268997,-1,213653184,75957,,,2363696
3753,1656243723,440957815,0xdf92529f,1,5,48000,292396,-1,67994048,55448,,,2364320
3754,1656361997,440957815,0xdf92529f,1,5,48000,93889,-1,526588432,20299,,,2364944
3755,1656759752,440957815,0xdf92529f,1,5,48000,313021,-1,506654224,92722,,,2365424
3756,1659276461,440957815,0xdf92529f,1,5,48000,62252,-1,306959248,10821,,,2366080
3757,1660117704,440957815,0xdf92529f,1,5,48000,382609,-1,428786720,115179,,,2366528
3758,1660179361,440957815,0xdf92529f,1,5,48000,227487,-1,327093152,52294,,,2367200
3759,1660583427,440957815,0xdf92529f,1,5,48000,142370,-1,369287072,30317,,,2367792
3760,1661506916,440957815,0xdf92529f,1,5,48000,352757,-1,261260256,80737,,,2368320
3761,1661930980,440957815,0xdf92529f,1,5,48000,313557,-1,346677936,69845,,,2369056
3762,1662204585,440957815,0xdf92529f,1,5,48000,195454,-1,315977952,42827,,,2369712
3763,1662799748,440957815,0xdf92529f,1,5,48000,427890,-1,237483424,110663,,,2370288
3764,1662863437,440957815,0xdf92529f,1,5,48000,383236,-1,164607712,93641,,,2371024
3765,1663149093,440957815,0xdf92529f,1,5,48000,263598,-1,303406832,71477,,,2371728
3766,1663374913,440957815,0xdf92529f,1,5,48000,322469,-1,97028032,76941,,,2372304
3767,1663429634,440957815,0xdf92529f,1,5,48000,158653,-1,74081712,27169,,,2372960
3768,1665649018,440957815,0xdf92529f,1,5,48000,86419,-1,143472320,16377,,,2373472
3769,1665703739,440957815,0xdf92529f,1,5,48000,76843,-1,116684896,14190,,,2373952
3770,1666110326,440957815,0xdf92529f,1,5,48000,158266,-1,514270272,43012,,,2374432
3771,1666157027,440957815,0xdf92529f,1,5,48000,313500,-1,563665584,77985,,,2374976
3772,1666405253,440957815,0xdf92529f,1,5,48000,58387,-1,313822640,23355,,,2375600
3773,1669226333,440957815,0xdf92529f,1,5,48000,358222,-1,331056320,78096,,,2376064
3774,1670508145,440957815,0xdf92529f,1,5,48000,98377,-1,232515920,20243,,,2376768
3775,1671192752,440957815,0xdf92529f,1,5,48000,273337,-1,46876048,63291,,,2377232
3776,1671247473,440957815,0xdf92529f,1,5,48000,421864,-1,27121936,100545,,,2377888
3777,1672541326,440957815,0xdf92529f,1,5,48000,232163,-1,139067776,55236,,,2378672
3778,1672551338,440957815,0xdf92529f,1,5,48000,112895,-1,347819200,21402,,,2379264
3779,1672834929,440957815,0xdf92529f,1,5,48000,149985,-1,148677520,34412,,,2379776
3780,1672999092,440957815,0xdf92529f,1,5,48000,139889,-1,80866384,23118,,,2380288
3781,1673056334,440957815,0xdf92529f,1,5,48000,202230,-1,496038128,51505,,,2380832
3782,1673241516,440957815,0xdf92529f,1,5,48000,430707,-1,522780592,107866,,,2381360
3783,1673269417,440957815,0xdf92529f,1,5,48000,284625,-1,173921312,65805,,,2382128
3784,1673437324,440957815,0xdf92529f,1,5,48000,87402,-1,210390880,27715,,,2382800
3785,1673884464,440957815,0xdf92529f,1,5,48000,268825,-1,540670576,62725,,,2383312
3786,1674750711,440957815,0xdf92529f,1,5,48000,62962,-1,144565904,8799,,,2383936
3787,1675826059,440957815,0xdf92529f,1,5,48000,263735,-1,357007232,64597,,,2384384
3788,1676138314,440957815,0xdf92529f,1,5,48000,97087,-1,204007168,21920,,,2385040
3789,1676250123,440957815,0xdf92529f,1,5,48000,112960,-1,416590864,22214,,,2385504
3790,1676401224,440957815,0xdf92529f,1,5,48000,184533,-1,258396336,38129,,,2386016
3791,1677509895,440957815,0xdf92529f,1,5,48000,402003,-1,217544400,110996,,,2386576
3792,1677848435,440957815,0xdf92529f,1,5,48000,308732,-1,399563216,88568,,,2387328
3793,1677927023,440957815,0xdf92529f,1,5,48000,126034,-1,413912736,27079,,,2387968
3794,1678317006,440957815,0xdf92529f,1,5,48000,267090,-1,251482400,58966,,,2388464
3795,1678391725,440957815,0xdf92529f,1,5,48000,427299,-1,292241712,99851,,,2389088
3796,1678433384,440957815,0xdf92529f,1,5,48000,273685,-1,32774400,59583,,,2389920
3797,1679959183,440957815,0xdf92529f,1,5,48000,461425,-1,299577024,99307,,,2390576
3798,1680075561,440957815,0xdf92529f,1,5,48000,170191,-1,130674720,33319,,,2391360
3799,1680239724,440957815,0xdf92529f,1,5,48000,86854,-1,64823600,15545,,,2391920
3800,1680403887,440957815,0xdf92529f,1,5,48000,219786,-1,2743344,53533,,,2392400
3801,1681752461,440957815,0xdf92529f,1,5,48000,181640,-1,95902160,43353,,,2392992
3802,1681807182,440957815,0xdf92529f,1,5,48000,397126,-1,72786160,91134,,,2393520
3803,1682100785,440957815,0xdf92529f,1,5,48000,304178,-1,81540576,76650,,,2394256
3804,1684284804,440957815,0xdf92529f,1,5,48000,276361,-1,316293568,64657,,,2394896
3805,1684434998,440957815,0xdf92529f,1,5,48000,138641,-1,157946544,32666,,,2395552
3806,1685002471,440957815,0xdf92529f,1,5,48000,400454,-1,389598752,118261,,,2396064
3807,1685351816,440957815,0xdf92529f,1,5,48000,302155,-1,417753136,68888,,,2396752
3808,1685393475,440957815,0xdf92529f,1,5,48000,279134,-1,279773200,59113,,,2397376
3809,1685448196,440957815,0xdf92529f,1,5,48000,323566,-1,271771840,75647,,,2398016
3810,1685911918,440957815,0xdf92529f,1,5,48000,329533,-1,160307920,77424,,,2398720
3811,1685926981,440957815,0xdf92529f,1,5,48000,65871,-1,341774160,9113,,,2399408
3812,1685981702,440957815,0xdf92529f,1,5,48000,272784,-1,335523408,55053,,,2399856
3813,1686276326,440957815,0xdf92529f,1,5,48000,248888,-1,386738368,69364,,,2400512
3814,1686373648,440957815,0xdf92529f,1,5,48000,79428,-1,435987264,16845,,,2401136
3815,1686850470,440957815,0xdf92529f,1,5,48000,288422,-1,225536944,70884,,,2401600
3816,1687370914,440957815,0xdf92529f,1,5,48000,207007,-1,92219376,48607,,,2402224
3817,1687774980,440957815,0xdf92529f,1,5,48000,219260,-1,192878608,53241,,,2402816
3818,1687897484,440957815,0xdf92529f,1,5,48000,250575,-1,333705344,51528,,,2403408
3819,1690376127,440957815,0xdf92529f,1,5,48000,381868,-1,456110960,95125,,,2404032
3820,1691269719,440957815,0xdf92529f,1,5,48000,259467,-1,500505424,60210,,,2404752
3821,1691819598,440957815,0xdf92529f,1,5,48000,116227,-1,157459488,22915,,,2405376
3822,1692688828,440957815,0xdf92529f,1,5,48000,161928,-1,263722144,26615,,,2405872
3823,1692998033,440957815,0xdf92529f,1,5,48000,228690,-1,427026112,46134,,,2406448
3824,1693681121,440957815,0xdf92529f,1,5,48000,380248,-1,368003856,120778,,,2407040
3825,1695134032,440957815,0xdf92529f,1,5,48000,383339,-1,61810560,82015,,,2407680
3826,1696592048,440957815,0xdf92529f,1,5,48000,370149,-1,109284816,80059,,,2408448
3827,1696646769,440957815,0xdf92529f,1,5,48000,134387,-1,89193648,28832,,,2409136
3828,1696701490,440957815,0xdf92529f,1,5,48000,269435,-1,67288480,64324,,,2409632
3829,1696756211,440957815,0xdf92529f,1,5,48000,206594,-1,49844224,44359,,,2410272
3830,1696830930,440957815,0xdf92529f,1,5,48000,121388,-1,145299840,27160,,,2410832
3831,1696885651,440957815,0xdf92529f,1,5,48000,201297,-1,118057712,47078,,,2411312
3832,1697319345,440957815,0xdf92529f,1,5,48000,113623,-1,558190784,26726,,,2411904
3833,1697346959,440957815,0xdf92529f,1,5,48000,263196,-1,512340560,74758,,,2412368
3834,1697880465,440957815,0xdf92529f,1,5,48000,330123,-1,531364256,80510,,,2412992
3835,1698453109,440957815,0xdf92529f,1,5,48000,345937,-1,128693728,85267,,,2413664
3836,1698507830,440957815,0xdf92529f,1,5,48000,134382,-1,105614976,25423,,,2414368
3837,1699648525,440957815,0xdf92529f,1,5,48000,87951,-1,452154448,19385,,,2414880
3838,1699658787,440957815,0xdf92529f,1,5,48000,412800,-1,564564256,90643,,,2415344
3839,1702555431,440957815,0xdf92529f,1,5,48000,80859,-1,549373344,12997,,,2416080
3840,1702794313,440957815,0xdf92529f,1,5,48000,111328,-1,551846240,23005,,,2416544
3841,1703421678,440957815,0xdf92529f,1,5,48000,306467,-1,214015792,84028,,,2417040
3842,1703496397,440957815,0xdf92529f,1,5,48000,427254,-1,240653664,133466,,,2417744
3843,1703832680,440957815,0xdf92529f,1,5,48000,123917,-1,96184544,25746,,,2418448
3844,1703887401,440957815,0xdf92529f,1,5,48000,288200,-1,73416848,67392,,,2418928
3845,1703942122,440957815,0xdf92529f,1,5,48000,292821,-1,55179120,76003,,,2419584
3846,1703955184,440957815,0xdf92529f,1,5,48000,282183,-1,293565696,64332,,,2420256
3847,1704051564,440957815,0xdf92529f,1,5,48000,258322,-1,13565152,63420,,,2420880
3848,1704290446,440957815,0xdf92529f,1,5,48000,355178,-1,43201776,88801,,,2421504
3849,1704361771,440957815,0xdf92529f,1,5,48000,120542,-1,552759184,28124,,,2422224
3850,1704416017,440957815,0xdf92529f,1,5,48000,331931,-1,312333952,72953,,,2422720
3851,1704423428,440957815,0xdf92529f,1,5,48000,107650,-1,525437408,22947,,,2423328
3852,1704694512,440957815,0xdf92529f,1,5,48000,194293,-1,181807040,42923,,,2423808
3853,1704879694,440957815,0xdf92529f,1,5,48000,125319,-1,227298288,25720,,,2424368
3854,1705564301,440957815,0xdf92529f,1,5,48000,179501,-1,42195968,39149,,,2424864
3855,1705693741,440957815,0xdf92529f,1,5,48000,273924,-1,111134048,72633,,,2425456
3856,1705803183,440957815,0xdf92529f,1,5,48000,153168,-1,68128880,23303,,,2426064
3857,1705987344,440957815,0xdf92529f,1,5,48000,297535,-1,119023312,72624,,,2426608
3858,1706096786,440957815,0xdf92529f,1,5,48000,264854,-1,78818752,59132,,,2427280
3859,1706393931,440957815,0xdf92529f,1,5,48000,163614,-1,515276240,31510,,,2427904
3860,1706614794,440957815,0xdf92529f,1,5,48000,366602,-1,562554608,84266,,,2428464
3861,1708814311,440957815,0xdf92529f,1,5,48000,110716,-1,373980784,21618,,,2429152
3862,1709150594,440957815,0xdf92529f,1,5,48000,239820,-1,265642096,52306,,,2429632
3863,1709922982,440957815,0xdf92529f,1,5,48000,257211,-1,337833952,63247,,,2430272
3864,1709977703,440957815,0xdf92529f,1,5,48000,503964,-1,334398880,102700,,,2430880
3865,1710034945,440957815,0xdf92529f,1,5,48000,107666,-1,550330688,20904,,,2431744
3866,1711024717,440957815,0xdf92529f,1,5,48000,445173,-1,412090528,81133,,,2432224
3867,1711066376,440957815,0xdf92529f,1,5,48000,388811,-1,261703312,89652,,,2432992
3868,1711195816,440957815,0xdf92529f,1,5,48000,129588,-1,290106864,21994,,,2433712
3869,1711531078,440957815,0xdf92529f,1,5,48000,158097,-1,29762688,35879,,,2434240
3870,1712422897,440957815,0xdf92529f,1,5,48000,327037,-1,168105792,67673,,,2434752
3871,1713056877,440957815,0xdf92529f,1,5,48000,204435,-1,294502752,38387,,,2435456
3872,1713153257,440957815,0xdf92529f,1,5,48000,385989,-1,14852032,95602,,,2436032
3873,1714191442,440957815,0xdf92529f,1,5,48000,65300,-1,247742480,20694,,,2436704
3874,1714196168,440957815,0xdf92529f,1,5,48000,188423,-1,204801056,30946,,,2437200
3875,1714868079,440957815,0xdf92529f,1,5,48000,168726,-1,156057664,41818,,,2437744
3876,1715731443,440957815,0xdf92529f,1,5,48000,267178,-1,474407728,71092,,,2438288
3877,1715958563,440957815,0xdf92529f,1,5,48000,236595,-1,445923904,50305,,,2438912
3878,1716014305,440957815,0xdf92529f,1,5,48000,274294,-1,465548640,62150,,,2439520
3879,1716344999,440957815,0xdf92529f,1,5,48000,95296,-1,157302128,18706,,,2440176
3880,1716430056,440957815,0xdf92529f,1,5,48000,234890,-1,310390832,50729,,,2440672
3881,1716979453,440957815,0xdf92529f,1,5,48000,139031,-1,323704128,28014,,,2441264
3882,1717382498,440957815,0xdf92529f,1,5,48000,238669,-1,314528048,53612,,,2441760
3883,1717677122,440957815,0xdf92529f,1,5,48000,372248,-1,365508752,103685,,,2442368
3884,1718252287,440957815,0xdf92529f,1,5,48000,237586,-1,266592400,60342,,,2443072
3885,1719256079,440957815,0xdf92529f,1,5,48000,96234,-1,552488032,18937,,,2443680
3886,1720588049,440957815,0xdf92529f,1,5,48000,276696,-1,105853008,65278,,,2444144
3887,1720806933,440957815,0xdf92529f,1,5,48000,468997,-1,27393856,110691,,,2444784
3888,1720826931,440957815,0xdf92529f,1,5,48000,146881,-1,140886464,34317,,,2445584
3889,1722113848,440957815,0xdf92529f,1,5,48000,228826,-1,306447216,49929,,,2446096
3890,1722394389,440957815,0xdf92529f,1,5,48000,313422,-1,148885600,76399,,,2446688
3891,1722503831,440957815,0xdf92529f,1,5,48000,218617,-1,102048080,39519,,,2447376
3892,1722800976,440957815,0xdf92529f,1,5,48000,363613,-1,523434176,86166,,,2447952
3893,1724833136,440957815,0xdf92529f,1,5,48000,243713,-1,476409536,60234,,,2448624
3894,1725104014,440957815,0xdf92529f,1,5,48000,117502,-1,542781568,19857,,,2449248
3895,1725446692,440957815,0xdf92529f,1,5,48000,70379,-1,169698928,12336,,,2449712
3896,1725738317,440957815,0xdf92529f,1,5,48000,86400,-1,248336096,22213,,,2450160
3897,1726203108,440957815,0xdf92529f,1,5,48000,94857,-1,550138800,18173,,,2450688
3898,1726774731,440957815,0xdf92529f,1,5,48000,206045,-1,182126480,38614,,,2451152
3899,1727191859,440957815,0xdf92529f,1,5,48000,112130,-1,373411744,28670,,,2451712
3900,1727308237,440957815,0xdf92529f,1,5,48000,356433,-1,224188112,90065,,,2452208
3901,1727466319,440957815,0xdf92529f,1,5,48000,120235,-1,313195040,37246,,,2452912
3902,1727848040,440957815,0xdf92529f,1,5,48000,152533,-1,173393408,34800,,,2453456
3903,1727876466,440957815,0xdf92529f,1,5,48000,199401,-1,251855936,54289,,,2453984
3904,1727938123,440957815,0xdf92529f,1,5,48000,171538,-1,51871536,36470,,,2454528
3905,1727992844,440957815,0xdf92529f,1,5,48000,282451,-1,32834016,55017,,,2455072
3906,1728177005,440957815,0xdf92529f,1,5,48000,292818,-1,79188736,70874,,,2455712
3907,1728474150,440957815,0xdf92529f,1,5,48000,360047,-1,516301712,102609,,,2456384
3908,1729062377,440957815,0xdf92529f,1,5,48000,211745,-1,534642560,52544,,,2457072
3909,1729169298,440957815,0xdf92529f,1,5,48000,616865,-1,234400448,182510,,,2457648
3910,1729615023,440957815,0xdf92529f,1,5,48000,363163,-1,19002112,89938,,,2458464
3911,1729635021,440957815,0xdf92529f,1,5,48000,167513,-1,130778320,32337,,,2459168
3912,1729689742,440957815,0xdf92529f,1,5,48000,204972,-1,106586752,46752,,,2459728
3913,1729853905,440957815,0xdf92529f,1,5,48000,128926,-1,48231904,28632,,,2460256
3914,1729856426,440957815,0xdf92529f,1,5,48000,292891,-1,494762928,59526,,,2460768
3915,1729908626,440957815,0xdf92529f,1,5,48000,238352,-1,28449024,61806,,,2461440
3916,1733104936,440957815,0xdf92529f,1,5,48000,191007,-1,412711888,33019,,,2462016
3917,1733146595,440957815,0xdf92529f,1,5,48000,186506,-1,262537360,41589,,,2462560
3918,1733844264,440957815,0xdf92529f,1,5,48000,135668,-1,316358272,27174,,,2463136
3919,1733973704,440957815,0xdf92529f,1,5,48000,301413,-1,333335184,55134,,,2463648
3920,1734309987,440957815,0xdf92529f,1,5,48000,395172,-1,212083920,104747,,,2464288
3921,1735191817,440957815,0xdf92529f,1,5,48000,308173,-1,289868224,76638,,,2464992
3922,1735233476,440957815,0xdf92529f,1,5,48000,214132,-1,15684288,49942,,,2465632
3923,1735471378,440957815,0xdf92529f,1,5,48000,218227,-1,165090160,52980,,,2466176
3924,1735527079,440957815,0xdf92529f,1,5,48000,443468,-1,25424544,118925,,,2466736
3925,1735653125,440957815,0xdf92529f,1,5,48000,111670,-1,549126368,21937,,,2467520
3926,1735712261,440957815,0xdf92529f,1,5,48000,258655,-1,197016800,65202,,,2468016
3927,1735876424,440957815,0xdf92529f,1,5,48000,337231,-1,182663008,73880,,,2468592
3928,1736409930,440957815,0xdf92529f,1,5,48000,219791,-1,225795072,52394,,,2469280
3929,1736800934,440957815,0xdf92529f,1,5,48000,399840,-1,24173120,92362,,,2469872
3930,1736875653,440957815,0xdf92529f,1,5,48000,195625,-1,112462352,41146,,,2470656
3931,1737039816,440957815,0xdf92529f,1,5,48000,124516,-1,52476144,24407,,,2471248
3932,1737628043,440957815,0xdf92529f,1,5,48000,113340,-1,195837296,25624,,,2471728
3933,1737682764,440957815,0xdf92529f,1,5,48000,345549,-1,190621552,78470,,,2472208
3934,1737867946,440957815,0xdf92529f,1,5,48000,354191,-1,240049136,113848,,,2472880
3935,1738372934,440957815,0xdf92529f,1,5,48000,86121,-1,402802336,27826,,,2473600
3936,1739013194,440957815,0xdf92529f,1,5,48000,83564,-1,313970048,26367,,,2474096
3937,1740019665,440957815,0xdf92529f,1,5,48000,128923,-1,566399856,23998,,,2474592
3938,1741673123,440957815,0xdf92529f,1,5,48000,373242,-1,362616560,108739,,,2475136
3939,1742610695,440957815,0xdf92529f,1,5,48000,458089,-1,431635984,149256,,,2475840
3940,1742997638,440957815,0xdf92529f,1,5,48000,270409,-1,208448512,70612,,,2476640
3941,1743253477,440957815,0xdf92529f,1,5,48000,189145,-1,309622288,49909,,,2477248
3942,1743479463,440957815,0xdf92529f,1,5,48000,313134,-1,376469488,90577,,,2477792
3943,1743534184,440957815,0xdf92529f,1,5,48000,234287,-1,370303440,61768,,,2478448
3944,1744529329,440957815,0xdf92529f,1,5,48000,109713,-1,124108000,17685,,,2479072
3945,1745209521,440957815,0xdf92529f,1,5,48000,327695,-1,503245440,80918,,,2479568
3946,1745914126,440957815,0xdf92529f,1,5,48000,273998,-1,489470688,68547,,,2480272
3947,1746390390,440957815,0xdf92529f,1,5,48000,260974,-1,145415776,59181,,,2480880
3948,1746445111,440957815,0xdf92529f,1,5,48000,141242,-1,118380080,26820,,,2481520
3949,1746499832,440957815,0xdf92529f,1,5,48000,259537,-1,99012480,66018,,,2482032
3950,1746796977,440957815,0xdf92529f,1,5,48000,254186,-1,517673520,63425,,,2482640
3951,1746851698,440957815,0xdf92529f,1,5,48000,168198,-1,514721600,36810,,,2483248
3952,1746906419,440957815,0xdf92529f,1,5,48000,357574,-1,512949168,133810,,,2483792
3953,1747576656,440957815,0xdf92529f,1,5,48000,347692,-1,426546336,61636,,,2484448
3954,1749111999,440957815,0xdf92529f,1,5,48000,267303,-1,461052304,74852,,,2485104
3955,1749629415,440957815,0xdf92529f,1,5,48000,86332,-1,542637344,14272,,,2485712
3956,1750176848,440957815,0xdf92529f,1,5,48000,132812,-1,554895072,30614,,,2486176
3957,1751249517,440957815,0xdf92529f,1,5,48000,207473,-1,235057040,50926,,,2486672
3958,1751701863,440957815,0xdf92529f,1,5,48000,44056,-1,178646640,17141,,,2487248
3959,1751879403,440957815,0xdf92529f,1,5,48000,281381,-1,65498608,53552,,,2487696
3960,1752114891,440957815,0xdf92529f,1,5,48000,140908,-1,549386384,28961,,,2488320
3961,1752174027,440957815,0xdf92529f,1,5,48000,424921,-1,200882304,92701,,,2488816
3962,1752543879,440957815,0xdf92529f,1,5,48000,75792,-1,347560784,10730,,,2489584
3963,1753337419,440957815,0xdf92529f,1,5,48000,399830,-1,114897984,93837,,,2490048
3964,1753446861,440957815,0xdf92529f,1,5,48000,138169,-1,73625920,24546,,,2490768
3965,1753514644,440957815,0xdf92529f,1,5,48000,272477,-1,293773488,63088,,,2491312
3966,1753556303,440957815,0xdf92529f,1,5,48000,226859,-1,35978208,50955,,,2491936
3967,1753631022,440957815,0xdf92529f,1,5,48000,444068,-1,125493584,102799,,,2492544
3968,1754311214,440957815,0xdf92529f,1,5,48000,286096,-1,504470272,79430,,,2493376
3969,1755253201,440957815,0xdf92529f,1,5,48000,270019,-1,111467264,67339,,,2494032
3970,1755402766,440957815,0xdf92529f,1,5,48000,5911593,-1,204978704,1676474,,,2494656
3971,1755546804,440957815,0xdf92529f,1,5,48000,391858,-1,119439536,97465,,,2500000
3972,1756416330,440957815,0xdf92529f,1,5,48000,303160,-1,444044960,92845,,,2500720
3973,1756567431,440957815,0xdf92529f,1,5,48000,358452,-1,358528112,101021,,,2501392
3974,1758710054,440957815,0xdf92529f,1,5,48000,285673,-1,265735200,62763,,,2502096
3975,1759537163,440957815,0xdf92529f,1,5,48000,380548,-1,334664384,94987,,,2502720
3976,1759594405,440957815,0xdf92529f,1,5,48000,98304,-1,550351632,27221,,,2503440
3977,1760351210,440957815,0xdf92529f,1,5,48000,136054,-1,236945040,21834,,,2503920
3978,1760700555,440957815,0xdf92529f,1,5,48000,182979,-1,301380752,40667,,,2504448
3979,1760755276,440957815,0xdf92529f,1,5,48000,183623,-1,290214800,40998,,,2504992
3980,1760796935,440957815,0xdf92529f,1,5,48000,289114,-1,20577920,72023,,,2505552
3981,1760816933,440957815,0xdf92529f,1,5,48000,185314,-1,133284912,50097,,,2506208
3982,1760926375,440957815,0xdf92529f,1,5,48000,214380,-1,86045024,48922,,,2506768
3983,1761035817,440957815,0xdf92529f,1,5,48000,106866,-1,49172864,22253,,,2507344
3984,1761090538,440957815,0xdf92529f,1,5,48000,156035,-1,29923408,27990,,,2507824
3985,1761145259,440957815,0xdf92529f,1,5,48000,388890,-1,5823792,92566,,,2508352
3986,1762603275,440957815,0xdf92529f,1,5,48000,102413,-1,56185296,19226,,,2509072
3987,1764427539,440957815,0xdf92529f,1,5,48000,61097,-1,157569440,8544,,,2509552
3988,1765290903,440957815,0xdf92529f,1,5,48000,285476,-1,474718800,55823,,,2510000
3989,1765573765,440957815,0xdf92529f,1,5,48000,332847,-1,465922416,87246,,,2510656
3990,1765904459,440957815,0xdf92529f,1,5,48000,204277,-1,159493792,44726,,,2511312
3991,1766941958,440957815,0xdf92529f,1,5,48000,439484,-1,314743664,108709,,,2511904
3992,1768105350,440957815,0xdf92529f,1,5,48000,274163,-1,270150288,66620,,,2512672
3993,1768160071,440957815,0xdf92529f,1,5,48000,272598,-1,254906816,54914,,,2513312
3994,1768931917,440957815,0xdf92529f,1,5,48000,330970,-1,514916048,80631,,,2513984
3995,1769349554,440957815,0xdf92529f,1,5,48000,149335,-1,204054000,31003,,,2514640
3996,1770314193,440957815,0xdf92529f,1,5,48000,145258,-1,494110288,25587,,,2515152
3997,1771008679,440957815,0xdf92529f,1,5,48000,361366,-1,309765728,88665,,,2515696
3998,1772091688,440957815,0xdf92529f,1,5,48000,176903,-1,481547472,39775,,,2516384
3999,1773204380,440957815,0xdf92529f,1,5,48000,90122,-1,403516432,18509,,,2516944
4000,1774431471,440957815,0xdf92529f,1,5,48000,379467,-1,332128928,94756,,,2517424
4001,1775233477,440957815,0xdf92529f,1,5,48000,124301,-1,556747168,28152,,,2518144
4002,1775704305,440957815,0xdf92529f,1,5,48000,277268,-1,282348336,59426,,,2518640
4003,1776867697,440957815,0xdf92529f,1,5,48000,449616,-1,224413136,119769,,,2519280
4004,1777510645,440957815,0xdf92529f,1,5,48000,136356,-1,292780560,22750,,,2520064
4005,1777684265,440957815,0xdf92529f,1,5,48000,95788,-1,498553040,17940,,,2520592
4006,1777736465,440957815,0xdf92529f,1,5,48000,284080,-1,79316432,71851,,,2521056
4007,1778621837,440957815,0xdf92529f,1,5,48000,188122,-1,534768192,46458,,,2521664
4008,1779010320,440957815,0xdf92529f,1,5,48000,409200,-1,78015808,106929,,,2522224
4009,1779194481,440957815,0xdf92529f,1,5,48000,305301,-1,130831360,80709,,,2523008
4010,1779249202,440957815,0xdf92529f,1,5,48000,313317,-1,106750432,81929,,,2523632
4011,1779641066,440957815,0xdf92529f,1,5,48000,68416,-1,451877728,11345,,,2524304
4012,1780361673,440957815,0xdf92529f,1,5,48000,168000,-1,457936,44979,,,2524752
4013,1781500040,440957815,0xdf92529f,1,5,48000,213323,-1,347060992,54292,,,2525248
4014,1782944937,440957815,0xdf92529f,1,5,48000,384153,-1,277610176,94770,,,2525840
4015,1782959020,440957815,0xdf92529f,1,5,48000,397140,-1,435616928,118082,,,2526560
4016,1783056900,440957815,0xdf92529f,1,5,48000,240625,-1,544991424,63816,,,2527312
4017,1783296803,440957815,0xdf92529f,1,5,48000,144571,-1,549538768,31381,,,2527888
4018,1783587885,440957815,0xdf92529f,1,5,48000,212459,-1,328527072,46169,,,2528416
4019,1783991951,440957815,0xdf92529f,1,5,48000,322877,-1,369811632,89504,,,2529008
4020,1784121391,440957815,0xdf92529f,1,5,48000,406443,-1,390103872,76253,,,2529664
4021,1784163050,440957815,0xdf92529f,1,5,48000,458248,-1,214810464,140808,,,2530384
4022,1784347211,440957815,0xdf92529f,1,5,48000,452641,-1,230315360,94921,,,2531168
4023,1784457674,440957815,0xdf92529f,1,5,48000,405255,-1,285944944,112925,,,2531936
4024,1784470736,440957815,0xdf92529f,1,5,48000,411025,-1,418080672,88241,,,2532688
4025,1784567116,440957815,0xdf92529f,1,5,48000,293380,-1,271907712,70203,,,2533408
4026,1784628773,440957815,0xdf92529f,1,5,48000,290723,-1,74920736,65603,,,2534080
4027,1784696556,440957815,0xdf92529f,1,5,48000,370425,-1,295883936,86285,,,2534720
4028,1784738215,440957815,0xdf92529f,1,5,48000,245237,-1,37074928,42160,,,2535376
4029,1784751277,440957815,0xdf92529f,1,5,48000,156199,-1,290000144,32095,,,2535984
4030,1784867655,440957815,0xdf92529f,1,5,48000,127726,-1,104951904,21516,,,2536512
4031,1785030838,440957815,0xdf92529f,1,5,48000,139387,-1,168403888,31511,,,2537024
4032,1785031818,440957815,0xdf92529f,1,5,48000,101908,-1,45303424,15152,,,2537520
4033,1785045901,440957815,0xdf92529f,1,5,48000,198968,-1,342144640,37758,,,2538016
4034,1785271721,440957815,0xdf92529f,1,5,48000,243345,-1,197130704,59747,,,2538576
4035,1785435884,440957815,0xdf92529f,1,5,48000,92442,-1,182736928,16351,,,2539168
4036,1785621066,440957815,0xdf92529f,1,5,48000,201529,-1,229094064,31256,,,2539648
4037,1786158277,440957815,0xdf92529f,1,5,48000,251467,-1,350783712,56862,,,2540192
4038,1786209293,440957815,0xdf92529f,1,5,48000,237482,-1,305370720,59084,,,2540800
4039,1786489834,440957815,0xdf92529f,1,5,48000,252096,-1,92484864,53343,,,2541360
4040,1786653997,440957815,0xdf92529f,1,5,48000,293748,-1,33779680,53849,,,2541968
4041,1788952940,440957815,0xdf92529f,1,5,48000,123240,-1,157412128,25521,,,2542624
4042,1789569766,440957815,0xdf92529f,1,5,48000,337638,-1,459339152,95399,,,2543120
4043,1790089189,440957815,0xdf92529f,1,5,48000,306614,-1,415386064,74030,,,2543776
4044,1790240290,440957815,0xdf92529f,1,5,48000,114955,-1,255978112,20991,,,2544400
4045,1790657418,440957815,0xdf92529f,1,5,48000,492967,-1,430745984,135502,,,2544912
4046,1791807748,440957815,0xdf92529f,1,5,48000,120700,-1,263800512,16428,,,2545712
4047,1791924126,440957815,0xdf92529f,1,5,48000,336579,-1,41156336,51116,,,2546208
4048,1792982639,440957815,0xdf92529f,1,5,48000,280510,-1,511863456,77501,,,2546896
4049,1794183983,440957815,0xdf92529f,1,5,48000,33600,-1,247487968,12585,,,2547520
4050,1794860620,440957815,0xdf92529f,1,5,48000,143418,-1,155609968,35341,,,2547984
4051,1796356437,440957815,0xdf92529f,1,5,48000,168657,-1,517959408,48220,,,2548464
4052,1796472815,440957815,0xdf92529f,1,5,48000,423331,-1,477566736,106130,,,2549008
4053,1797576261,440957815,0xdf92529f,1,5,48000,170785,-1,207950272,45111,,,2549744
4054,1797711955,440957815,0xdf92529f,1,5,48000,116432,-1,542903264,25197,,,2550256
4055,1798054633,440957815,0xdf92529f,1,5,48000,142357,-1,169774384,27661,,,2550752
4056,1800106893,440957815,0xdf92529f,1,5,48000,82181,-1,548322000,12653,,,2551296
4057,1800166029,440957815,0xdf92529f,1,5,48000,450236,-1,195429632,113979,,,2551760
4058,1800220750,440957815,0xdf92529f,1,5,48000,335176,-1,189992224,51180,,,2552512
4059,1800808977,440957815,0xdf92529f,1,5,48000,143554,-1,235224048,21438,,,2553152
4060,1800964972,440957815,0xdf92529f,1,5,48000,63741,-1,1313424,22378,,,2553664
4061,1801158322,440957815,0xdf92529f,1,5,48000,429120,-1,300229312,93603,,,2554144
4062,1801274700,440957815,0xdf92529f,1,5,48000,288143,-1,131767040,67970,,,2554912
4063,1801329421,440957815,0xdf92529f,1,5,48000,231709,-1,107448720,62793,,,2555552
4064,1801384142,440957815,0xdf92529f,1,5,48000,142322,-1,84516976,30637,,,2556112
4065,1801603026,440957815,0xdf92529f,1,5,48000,196277,-1,4249968,44642,,,2556672
4066,1801733487,440957815,0xdf92529f,1,5,48000,207369,-1,201271056,39072,,,2557264
4067,1801842929,440957815,0xdf92529f,1,5,48000,320822,-1,187586336,75705,,,2557808
4068,1802365894,440957815,0xdf92529f,1,5,48000,446672,-1,485815808,129242,,,2558512
4069,1802951600,440957815,0xdf92529f,1,5,48000,270439,-1,96666896,58533,,,2559296
4070,1803190482,440957815,0xdf92529f,1,5,48000,246950,-1,125652528,52117,,,2559920
4071,1803299924,440957815,0xdf92529f,1,5,48000,176760,-1,82139328,35497,,,2560512
4072,1805108785,440957815,0xdf92529f,1,5,48000,388089,-1,500096000,92727,,,2561072
4073,1805574508,440957815,0xdf92529f,1,5,48000,336156,-1,479883008,83681,,,2561808
4074,1805975790,440957815,0xdf92529f,1,5,48000,214900,-1,444450480,55969,,,2562512
4075,1806017449,440957815,0xdf92529f,1,5,48000,280566,-1,375619408,96723,,,2563104
4076,1806550955,440957815,0xdf92529f,1,5,48000,433755,-1,418998752,94578,,,2563744
4077,1806572874,440957815,0xdf92529f,1,5,48000,214515,-1,422842304,39849,,,2564464
4078,1807126120,440957815,0xdf92529f,1,5,48000,89758,-1,342622736,16752,,,2565056
4079,1807222500,440957815,0xdf92529f,1,5,48000,276991,-1,178958960,59463,,,2565536
4080,1807458860,440957815,0xdf92529f,1,5,48000,73476,-1,312865312,27010,,,2566224
4081,1807475465,440957815,0xdf92529f,1,5,48000,183491,-1,388423888,39422,,,2566704
4082,1807810727,440957815,0xdf92529f,1,5,48000,360876,-1,217834208,105460,,,2567296
4083,1808104330,440957815,0xdf92529f,1,5,48000,367537,-1,221195216,97523,,,2568032
4084,1808466737,440957815,0xdf92529f,1,5,48000,444855,-1,414013968,88034,,,2568736
4085,1808679495,440957815,0xdf92529f,1,5,48000,302031,-1,53009616,64960,,,2569456
4086,1808734216,440957815,0xdf92529f,1,5,48000,242462,-1,33877024,49966,,,2570096
4087,1808962479,440957815,0xdf92529f,1,5,48000,86742,-1,526434816,14895,,,2570688
4088,1809096623,440957815,0xdf92529f,1,5,48000,340336,-1,334923152,85523,,,2571152
4089,1809910670,440957815,0xdf92529f,1,5,48000,178382,-1,237023648,50216,,,2571872
4090,1810301674,440957815,0xdf92529f,1,5,48000,205092,-1,40139104,43084,,,2572400
4091,1810649998,440957815,0xdf92529f,1,5,48000,124976,-1,30205232,24451,,,2572976
4092,1812627606,440957815,0xdf92529f,1,5,48000,185416,-1,566576208,59812,,,2573456
4093,1812725859,440957815,0xdf92529f,1,5,48000,193657,-1,246583904,50176,,,2574016
4094,1813662147,440957815,0xdf92529f,1,5,48000,417607,-1,403298816,102825,,,2574576
4095,1815077483,440957815,0xdf92529f,1,5,48000,270235,-1,446480144,96849,,,2575296
4096,1815303303,440957815,0xdf92529f,1,5,48000,262940,-1,392964960,62390,,,2575872
4097,1815463919,440957815,0xdf92529f,1,5,48000,387150,-1,163956848,73353,,,2576480
4098,1815639586,440957815,0xdf92529f,1,5,48000,388499,-1,288053856,98647,,,2577168
4099,1815652648,440957815,0xdf92529f,1,5,48000,547621,-1,420606784,101640,,,2577856
4100,1815871532,440957815,0xdf92529f,1,5,48000,582049,-1,404492928,116266,,,2578672
4101,1815974848,440957815,0xdf92529f,1,5,48000,290204,-1,17850048,64675,,,2579424
4102,1815987910,440957815,0xdf92529f,1,5,48000,146525,-1,283170880,21991,,,2580096
4103,1816098373,440957815,0xdf92529f,1,5,48000,414389,-1,323961296,100707,,,2580624
4104,1816153094,440957815,0xdf92529f,1,5,48000,200177,-1,318902960,51628,,,2581424
4105,1816337255,440957815,0xdf92529f,1,5,48000,421917,-1,330129376,96178,,,2581984
4106,1816617796,440957815,0xdf92529f,1,5,48000,337024,-1,183113984,72899,,,2582784
4107,1816940839,440957815,0xdf92529f,1,5,48000,120097,-1,167471152,25938,,,2583472
4108,1817907234,440957815,0xdf92529f,1,5,48000,167175,-1,550631056,34976,,,2583968
4109,1818436656,440957815,0xdf92529f,1,5,48000,360084,-1,519057056,89670,,,2584544
4110,1819005735,440957815,0xdf92529f,1,5,48000,107550,-1,313591792,33972,,,2585216
4111,1820468816,440957815,0xdf92529f,1,5,48000,204761,-1,469548304,42959,,,2585744
4112,1820733737,440957815,0xdf92529f,1,5,48000,77536,-1,353111504,33552,,,2586320
4113,1822237356,440957815,0xdf92529f,1,5,48000,94845,-1,542742176,16682,,,2586800
4114,1822784789,440957815,0xdf92529f,1,5,48000,142143,-1,555066416,33338,,,2587264
4115,1823993452,440957815,0xdf92529f,1,5,48000,151346,-1,552099296,31979,,,2587776
4116,1824036674,440957815,0xdf92529f,1,5,48000,183556,-1,355023424,48023,,,2588272
4117,1825151820,440957815,0xdf92529f,1,5,48000,119842,-1,347635520,26169,,,2588832
4118,1825325422,440957815,0xdf92529f,1,5,48000,346756,-1,104206320,72337,,,2589344
4119,1825380143,440957815,0xdf92529f,1,5,48000,208247,-1,82373792,46501,,,2590048
4120,1825489585,440957815,0xdf92529f,1,5,48000,161000,-1,44411392,33151,,,2590608
4121,1826261100,440957815,0xdf92529f,1,5,48000,193003,-1,561146000,55382,,,2591168
4122,1826307174,440957815,0xdf92529f,1,5,48000,283358,-1,491582624,62765,,,2591728
4123,1826764940,440957815,0xdf92529f,1,5,48000,253308,-1,483464224,71370,,,2592416
4124,1826947601,440957815,0xdf92529f,1,5,48000,89071,-1,91220960,16361,,,2593024
4125,1827002322,440957815,0xdf92529f,1,5,48000,378492,-1,69166272,79210,,,2593488
4126,1827111764,440957815,0xdf92529f,1,5,48000,282789,-1,33200224,63818,,,2594272
4127,1827186483,440957815,0xdf92529f,1,5,48000,181577,-1,120427456,45774,,,2594912
4128,1828181297,440957815,0xdf92529f,1,5,48000,356641,-1,535000368,88637,,,2595472
4129,1828571280,440957815,0xdf92529f,1,5,48000,360336,-1,486606736,110933,,,2596176
4130,1829035147,440957815,0xdf92529f,1,5,48000,177639,-1,241497872,47014,,,2596880
4131,1829570509,440957815,0xdf92529f,1,5,48000,186111,-1,471377632,44511,,,2597408
4132,1831122121,440957815,0xdf92529f,1,5,48000,325700,-1,338670640,73680,,,2597984
4133,1831874511,440957815,0xdf92529f,1,5,48000,291259,-1,378397136,68530,,,2598688
4134,1832045610,440957815,0xdf92529f,1,5,48000,296783,-1,222005648,99981,,,2599344
4135,1832156073,440957815,0xdf92529f,1,5,48000,320314,-1,281472272,92954,,,2599968
4136,1832265515,440957815,0xdf92529f,1,5,48000,254430,-1,262970816,61268,,,2600640
4137,1832280612,440957815,0xdf92529f,1,5,48000,90992,-1,354116768,30714,,,2601296
4138,1832396371,440957815,0xdf92529f,1,5,48000,159483,-1,557596784,42996,,,2601824
4139,1832416947,440957815,0xdf92529f,1,5,48000,297975,-1,350167632,64593,,,2602368
4140,1833263723,440957815,0xdf92529f,1,5,48000,448662,-1,194698224,102417,,,2603024
4141,1833722510,440957815,0xdf92529f,1,5,48000,200691,-1,215124720,44563,,,2603792
4142,1833906671,440957815,0xdf92529f,1,5,48000,413394,-1,230574384,80501,,,2604368
4143,1834242954,440957815,0xdf92529f,1,5,48000,128444,-1,57200432,15764,,,2605008
4144,1834372394,440957815,0xdf92529f,1,5,48000,358816,-1,127571104,80547,,,2605520
4145,1834427115,440957815,0xdf92529f,1,5,48000,292675,-1,104973456,65631,,,2606208
4146,1834536557,440957815,0xdf92529f,1,5,48000,89474,-1,62941184,14776,,,2606864
4147,1834831181,440957815,0xdf92529f,1,5,48000,331332,-1,197416448,86702,,,2607328
4148,1834888423,440957815,0xdf92529f,1,5,48000,346816,-1,509867904,90541,,,2607936
4149,1835015342,440957815,0xdf92529f,1,5,48000,325143,-1,203443472,76824,,,2608640
4150,1836233455,440957815,0xdf92529f,1,5,48000,273761,-1,147421024,69426,,,2609376
4151,1836528948,440957815,0xdf92529f,1,5,48000,266435,-1,436479680,87232,,,2610016
4152,1838512400,440957815,0xdf92529f,1,5,48000,379362,-1,159692640,83589,,,2610640
4153,1839293441,440957815,0xdf92529f,1,5,48000,117649,-1,176433520,23798,,,2611360
4154,1839648649,440957815,0xdf92529f,1,5,48000,477022,-1,415532848,93129,,,2611840
4155,1839773395,440957815,0xdf92529f,1,5,48000,208383,-1,560252224,55862,,,2612592
4156,1839987453,440957815,0xdf92529f,1,5,48000,70707,-1,550743328,10721,,,2613120
4157,1840094374,440957815,0xdf92529f,1,5,48000,327308,-1,322536720,83137,,,2613568
4158,1840223814,440957815,0xdf92529f,1,5,48000,237724,-1,339525264,49729,,,2614272
4159,1840908421,440957815,0xdf92529f,1,5,48000,327455,-1,217059920,106752,,,2614896
4160,1843289926,440957815,0xdf92529f,1,5,48000,260219,-1,75926768,61250,,,2615568
4161,1843344647,440957815,0xdf92529f,1,5,48000,398607,-1,58528928,87861,,,2616224
4162,1846032275,440957815,0xdf92529f,1,5,48000,256085,-1,477979520,72465,,,2616976
4163,1846410496,440957815,0xdf92529f,1,5,48000,207125,-1,360672832,61074,,,2617584
4164,1849780210,440957815,0xdf92529f,1,5,48000,383649,-1,190224016,90765,,,2618144
4165,1849919827,440957815,0xdf92529f,1,5,48000,148649,-1,557942400,34170,,,2618912
4166,1850261516,440957815,0xdf92529f,1,5,48000,279600,-1,536510704,67287,,,2619456
4167,1850368437,440957815,0xdf92529f,1,5,48000,291171,-1,235313568,52128,,,2620080
4168,1850834160,440957815,0xdf92529f,1,5,48000,118329,-1,132030992,23335,,,2620752
4169,1850943602,440957815,0xdf92529f,1,5,48000,289722,-1,84598064,56173,,,2621264
4170,1850998323,440957815,0xdf92529f,1,5,48000,344895,-1,65722816,89778,,,2621904
4171,1851127763,440957815,0xdf92529f,1,5,48000,214686,-1,142845696,41977,,,2622608
4172,1851162486,440957815,0xdf92529f,1,5,48000,166849,-1,4748128,28810,,,2623184
4173,1851925354,440957815,0xdf92529f,1,5,48000,320066,-1,486131952,105682,,,2623696
4174,1852084229,440957815,0xdf92529f,1,5,48000,133622,-1,481260528,27020,,,2624320
4175,1852249007,440957815,0xdf92529f,1,5,48000,115137,-1,451969744,27735,,,2624848
4176,1852456339,440957815,0xdf92529f,1,5,48000,147365,-1,115350448,37307,,,2625344
4177,1852749942,440957815,0xdf92529f,1,5,48000,252442,-1,125704688,61169,,,2625840
4178,1852916626,440957815,0xdf92529f,1,5,48000,300295,-1,496250320,60043,,,2626496
4179,1852969614,440957815,0xdf92529f,1,5,48000,27136,-1,632784,9952,,,2627184
4180,1854107981,440957815,0xdf92529f,1,5,48000,187793,-1,347329856,44514,,,2627632
4181,1855133968,440957815,0xdf92529f,1,5,48000,454094,-1,480373888,117076,,,2628192
4182,1855576909,440957815,0xdf92529f,1,5,48000,234935,-1,376132512,49747,,,2629040
4183,1855686351,440957815,0xdf92529f,1,5,48000,343474,-1,359324608,125065,,,2629600
4184,1855761070,440957815,0xdf92529f,1,5,48000,284097,-1,391286192,78136,,,2630256
4185,1856432615,440957815,0xdf92529f,1,5,48000,347559,-1,17256496,76995,,,2630912
4186,1856726218,440957815,0xdf92529f,1,5,48000,239434,-1,26104576,59790,,,2631616
4187,1856767238,440957815,0xdf92529f,1,5,48000,25158,-1,248744896,10929,,,2632208
4188,1858000073,440957815,0xdf92529f,1,5,48000,223450,-1,24887392,46857,,,2632656
4189,1858368395,440957815,0xdf92529f,1,5,48000,244114,-1,122085280,50826,,,2633248
4190,1858984529,440957815,0xdf92529f,1,5,48000,298859,-1,245863600,87539,,,2633840
4191,1859363209,440957815,0xdf92529f,1,5,48000,294852,-1,538788064,71256,,,2634464
4192,1859990574,440957815,0xdf92529f,1,5,48000,298037,-1,108255264,63818,,,2635072
4193,1860045295,440957815,0xdf92529f,1,5,48000,387159,-1,86648528,88382,,,2635728
4194,1860100016,440957815,0xdf92529f,1,5,48000,161433,-1,66213120,32141,,,2636496
4195,1860284177,440957815,0xdf92529f,1,5,48000,228206,-1,116810144,60782,,,2637040
4196,1860338898,440957815,0xdf92529f,1,5,48000,105559,-1,98232192,21217,,,2637632
4197,1860546292,440957815,0xdf92529f,1,5,48000,312966,-1,545358112,91409,,,2638096
4198,1860911627,440957815,0xdf92529f,1,5,48000,201789,-1,561552784,54663,,,2638704
4199,1862591721,440957815,0xdf92529f,1,5,48000,264007,-1,438786816,87474,,,2639264
4200,1863337985,440957815,0xdf92529f,1,5,48000,367952,-1,281798464,71261,,,2639888
4201,1863447427,440957815,0xdf92529f,1,5,48000,210931,-1,264244064,36562,,,2640624
4202,1864849701,440957815,0xdf92529f,1,5,48000,208574,-1,221843072,73153,,,2641248
4203,1864862763,440957815,0xdf92529f,1,5,48000,77525,-1,393510832,13650,,,2641824
4204,1865023379,440957815,0xdf92529f,1,5,48000,146457,-1,167842080,34622,,,2642288
4205,1865424866,440957815,0xdf92529f,1,5,48000,195293,-1,59031104,35237,,,2642784
4206,1865479587,440957815,0xdf92529f,1,5,48000,98745,-1,38757072,17918,,,2643360
4207,1865534308,440957815,0xdf92529f,1,5,48000,489925,-1,18257120,110428,,,2643856
4208,1865660354,440957815,0xdf92529f,1,5,48000,129337,-1,548041248,26530,,,2644640
4209,1865787273,440957815,0xdf92529f,1,5,48000,93497,-1,343846288,15934,,,2645168
4210,1866013093,440957815,0xdf92529f,1,5,48000,233408,-1,199053760,51789,,,2645648
4211,1866601320,440957815,0xdf92529f,1,5,48000,299979,-1,238241968,74906,,,2646240
4212,1866791924,440957815,0xdf92529f,1,5,48000,56408,-1,247568304,18658,,,2646864
4213,1866796650,440957815,0xdf92529f,1,5,48000,93590,-1,204637696,15680,,,2647328
4214,1867005386,440957815,0xdf92529f,1,5,48000,274211,-1,302734768,67095,,,2647808
4215,1867113265,440957815,0xdf92529f,1,5,48000,270542,-1,490391664,70602,,,2648432
4216,1867285927,440957815,0xdf92529f,1,5,48000,152993,-1,72114496,33007,,,2649056
4217,1867395369,440957815,0xdf92529f,1,5,48000,182444,-1,34625728,41015,,,2649600
4218,1867450090,440957815,0xdf92529f,1,5,48000,226576,-1,11833040,49038,,,2650176
4219,1867468561,440957815,0xdf92529f,1,5,48000,163554,-1,155787408,40967,,,2650768
4220,1868639064,440957815,0xdf92529f,1,5,48000,212505,-1,533730320,51294,,,2651328
4221,1870311138,440957815,0xdf92529f,1,5,48000,372009,-1,461865584,109842,,,2651888
4222,1870406497,440957815,0xdf92529f,1,5,48000,517027,-1,357406016,150885,,,2652560
4223,1871755071,440957815,0xdf92529f,1,5,48000,399028,-1,385621968,111664,,,2653424
4224,1873082626,440957815,0xdf92529f,1,5,48000,323791,-1,330610992,75403,,,2654208
4225,1873137347,440957815,0xdf92529f,1,5,48000,191453,-1,326970720,44172,,,2654896
4226,1873552912,440957815,0xdf92529f,1,5,48000,378299,-1,552131312,99210,,,2655424
4227,1874134127,440957815,0xdf92529f,1,5,48000,322941,-1,311957216,86612,,,2656128
4228,1874830161,440957815,0xdf92529f,1,5,48000,197645,-1,126407664,40963,,,2656752
4229,1875359252,440957815,0xdf92529f,1,5,48000,74706,-1,554034448,13052,,,2657344
4230,1875517289,440957815,0xdf92529f,1,5,48000,126744,-1,468740768,26465,,,2657808
4231,1876324400,440957815,0xdf92529f,1,5,48000,125605,-1,483679040,24411,,,2658320
4232,1876745943,440957815,0xdf92529f,1,5,48000,66882,-1,120748832,10921,,,2658848
4233,1876803185,440957815,0xdf92529f,1,5,48000,317799,-1,499134288,61164,,,2659296
4234,1877097809,440957815,0xdf92529f,1,5,48000,359123,-1,520014848,121402,,,2659904
4235,1877825375,440957815,0xdf92529f,1,5,48000,220619,-1,454111344,47986,,,2660560
4236,1879129969,440957815,0xdf92529f,1,5,48000,334299,-1,471536208,82978,,,2661152
4237,1879180815,440957815,0xdf92529f,1,5,48000,190417,-1,423057616,45236,,,2661824
4238,1880066801,440957815,0xdf92529f,1,5,48000,51923,-1,312970832,18589,,,2662352
4239,1880106416,440957815,0xdf92529f,1,5,48000,313314,-1,414736448,70120,,,2662832
4240,1880202796,440957815,0xdf92529f,1,5,48000,121127,-1,269826880,18856,,,2663456
4241,1880386284,440957815,0xdf92529f,1,5,48000,386496,-1,558807248,127950,,,2663968
4242,1880900341,440957815,0xdf92529f,1,5,48000,125884,-1,558433984,28441,,,2664688
4243,1880957513,440957815,0xdf92529f,1,5,48000,67386,-1,995184,23042,,,2665168
4244,1881071564,440957815,0xdf92529f,1,5,48000,195422,-1,180113696,48313,,,2665648
4245,1881313988,440957815,0xdf92529f,1,5,48000,409283,-1,530344384,98150,,,2666192
4246,1881605070,440957815,0xdf92529f,1,5,48000,335126,-1,222211664,117598,,,2666960
4247,1881886632,440957815,0xdf92529f,1,5,48000,231997,-1,60795760,50184,,,2667616
4248,1881996074,440957815,0xdf92529f,1,5,48000,185074,-1,21184944,28798,,,2668192
4249,1882180235,440957815,0xdf92529f,1,5,48000,339500,-1,66687984,80506,,,2668752
4250,1882584301,440957815,0xdf92529f,1,5,48000,241330,-1,187983984,49584,,,2669440
4251,1883466131,440957815,0xdf92529f,1,5,48000,99462,-1,230846672,18002,,,2670016
4252,1883747693,440957815,0xdf92529f,1,5,48000,274023,-1,75206288,52270,,,2670496
4253,1884150738,440957815,0xdf92529f,1,5,48000,221690,-1,45519968,48205,,,2671152
4254,1884225457,440957815,0xdf92529f,1,5,48000,230286,-1,139303568,53806,,,2671744
4255,1885552111,440957815,0xdf92529f,1,5,48000,287524,-1,175124656,72120,,,2672320
4256,1886717162,440957815,0xdf92529f,1,5,48000,451917,-1,447500752,123842,,,2672960
4257,1887237606,440957815,0xdf92529f,1,5,48000,169397,-1,422280208,31562,,,2673728
4258,1887696393,440957815,0xdf92529f,1,5,48000,335305,-1,434308096,99723,,,2674272
4259,1888071860,440957815,0xdf92529f,1,5,48000,331794,-1,164308000,84314,,,2674960
4260,1889359210,440957815,0xdf92529f,1,5,48000,237864,-1,256367264,53403,,,2675584
4261,1889475588,440957815,0xdf92529f,1,5,48000,265740,-1,35412000,61546,,,2676176
4262,1889548780,440957815,0xdf92529f,1,5,48000,108337,-1,167631248,23560,,,2676832
4263,1890004679,440957815,0xdf92529f,1,5,48000,98907,-1,547406128,18026,,,2677312
4264,1890132619,440957815,0xdf92529f,1,5,48000,230465,-1,382986352,71645,,,2677792
4265,1891043046,440957815,0xdf92529f,1,5,48000,235955,-1,41763152,45662,,,2678384
4266,1891097767,440957815,0xdf92529f,1,5,48000,302927,-1,22728880,66325,,,2679024
4267,1891172486,440957815,0xdf92529f,1,5,48000,374392,-1,109497280,73883,,,2679696
4268,1891227207,440957815,0xdf92529f,1,5,48000,140104,-1,89352624,29503,,,2680416
4269,1891281928,440957815,0xdf92529f,1,5,48000,181219,-1,67503600,33050,,,2680896
4270,1891322051,440957815,0xdf92529f,1,5,48000,73722,-1,204495040,12916,,,2681440
4271,1891391370,440957815,0xdf92529f,1,5,48000,281073,-1,32059664,62338,,,2681904
4272,1891613676,440957815,0xdf92529f,1,5,48000,151800,-1,313687760,42805,,,2682544
4273,1893341678,440957815,0xdf92529f,1,5,48000,145681,-1,353257888,46333,,,2683088
4274,1893893837,440957815,0xdf92529f,1,5,48000,77879,-1,396732208,19539,,,2683632
4275,1893910420,440957815,0xdf92529f,1,5,48000,437273,-1,556924208,135974,,,2684096
4276,1894232390,440957815,0xdf92529f,1,5,48000,84787,-1,178475904,26157,,,2684832
4277,1894697122,440957815,0xdf92529f,1,5,48000,66000,-1,405426048,11483,,,2685328
4278,1895591735,440957815,0xdf92529f,1,5,48000,273085,-1,478268416,68319,,,2685776
4279,1895818855,440957815,0xdf92529f,1,5,48000,333791,-1,449125696,107624,,,2686432
4280,1896545121,440957815,0xdf92529f,1,5,48000,481485,-1,260241488,122918,,,2687072
4281,1896894466,440957815,0xdf92529f,1,5,48000,197129,-1,319862144,41269,,,2687872
4282,1896969185,440957815,0xdf92529f,1,5,48000,381528,-1,345898784,86265,,,2688448
4283,1897566150,440957815,0xdf92529f,1,5,48000,267936,-1,173085520,59477,,,2689216
4284,1897653792,440957815,0xdf92529f,1,5,48000,103618,-1,218713664,20262,,,2689840
4285,1898935604,440957815,0xdf92529f,1,5,48000,251955,-1,79861552,52447,,,2690320
4286,1899232749,440957815,0xdf92529f,1,5,48000,128682,-1,516451024,37678,,,2690912
4287,1899820976,440957815,0xdf92529f,1,5,48000,387121,-1,536832480,97214,,,2691408
4288,1900393620,440957815,0xdf92529f,1,5,48000,333300,-1,132385296,82131,,,2692112
4289,1900557783,440957815,0xdf92529f,1,5,48000,107376,-1,65866768,21032,,,2692832
4290,1900687223,440957815,0xdf92529f,1,5,48000,265044,-1,142991072,60066,,,2693312
4291,1901195232,440957815,0xdf92529f,1,5,48000,205235,-1,562948704,42662,,,2694000
4292,1901210188,440957815,0xdf92529f,1,5,48000,346574,-1,472855248,82572,,,2694576
4293,1902145168,440957815,0xdf92529f,1,5,48000,311086,-1,398545296,79838,,,2695328
4294,1902229897,440957815,0xdf92529f,1,5,48000,131338,-1,542444928,28972,,,2696032
4295,1902777330,440957815,0xdf92529f,1,5,48000,97187,-1,554699600,18941,,,2696544
4296,1905004312,440957815,0xdf92529f,1,5,48000,138554,-1,557772272,37477,,,2697024
4297,1905094710,440957815,0xdf92529f,1,5,48000,343325,-1,445021520,108880,,,2697520
4298,1905362189,440957815,0xdf92529f,1,5,48000,290765,-1,215538912,68546,,,2698192
4299,1905425742,440957815,0xdf92529f,1,5,48000,165533,-1,558217552,38211,,,2698816
4300,1905895024,440957815,0xdf92529f,1,5,48000,182767,-1,567056416,40527,,,2699344
4301,1905895695,440957815,0xdf92529f,1,5,48000,250269,-1,297402800,54303,,,2699904
4302,1906230957,440957815,0xdf92529f,1,5,48000,123802,-1,46488336,21812,,,2700480
4303,1906285678,440957815,0xdf92529f,1,5,48000,99186,-1,26455920,19943,,,2700992
4304,1906288199,440957815,0xdf92529f,1,5,48000,210763,-1,493885536,40402,,,2701488
4305,1906470860,440957815,0xdf92529f,1,5,48000,188897,-1,198233200,42471,,,2702096
4306,1906635023,440957815,0xdf92529f,1,5,48000,260395,-1,182974720,65984,,,2702656
4307,1907579531,440957815,0xdf92529f,1,5,48000,346776,-1,138305536,90498,,,2703264
4308,1907634252,440957815,0xdf92529f,1,5,48000,191298,-1,113101216,37985,,,2703952
4309,1907688973,440957815,0xdf92529f,1,5,48000,246705,-1,93570592,57603,,,2704496
4310,1907798415,440957815,0xdf92529f,1,5,48000,113344,-1,53141136,21998,,,2705072
4311,1907873134,440957815,0xdf92529f,1,5,48000,316346,-1,148084416,85978,,,2705552
4312,1907907857,440957815,0xdf92529f,1,5,48000,151133,-1,10954736,37280,,,2706224
4313,1907930376,440957815,0xdf92529f,1,5,48000,174986,-1,501161936,36697,,,2706752
4314,1907982576,440957815,0xdf92529f,1,5,48000,362661,-1,101236816,87062,,,2707312
4315,1908922669,440957815,0xdf92529f,1,5,48000,346934,-1,539153632,85859,,,2708032
4316,1910864264,440957815,0xdf92529f,1,5,48000,150267,-1,355831504,47043,,,2708688
4317,1911972935,440957815,0xdf92529f,1,5,48000,175371,-1,329801824,37773,,,2709216
4318,1912273153,440957815,0xdf92529f,1,5,48000,85584,-1,353725648,28955,,,2709760
4319,1912897445,440957815,0xdf92529f,1,5,48000,405718,-1,281869760,85090,,,2710256
4320,1913006887,440957815,0xdf92529f,1,5,48000,199704,-1,264413152,44214,,,2710976
4321,1913081606,440957815,0xdf92529f,1,5,48000,198124,-1,302599824,40826,,,2711536
4322,1913355211,440957815,0xdf92529f,1,5,48000,207773,-1,250504784,41067,,,2712096
4323,1914170279,440957815,0xdf92529f,1,5,48000,129480,-1,212444320,30747,,,2712688
4324,1914422223,440957815,0xdf92529f,1,5,48000,264643,-1,393629888,55811,,,2713168
4325,1914648043,440957815,0xdf92529f,1,5,48000,420805,-1,233093664,117651,,,2713776
4326,1914758506,440957815,0xdf92529f,1,5,48000,343345,-1,288418720,79264,,,2714544
4327,1914918566,440957815,0xdf92529f,1,5,48000,87472,-1,492293152,22381,,,2715200
4328,1914929605,440957815,0xdf92529f,1,5,48000,209077,-1,76703200,46163,,,2715680
4329,1914984326,440957815,0xdf92529f,1,5,48000,189244,-1,59097600,41300,,,2716272
4330,1915223208,440957815,0xdf92529f,1,5,48000,126504,-1,83702928,27130,,,2716880
4331,1915442092,440957815,0xdf92529f,1,5,48000,357848,-1,1677152,87754,,,2717376
4332,1915681995,440957815,0xdf92529f,1,5,48000,79389,-1,187492576,14101,,,2718064
4333,1916790666,440957815,0xdf92529f,1,5,48000,203815,-1,94882576,39534,,,2718528
4334,1917206231,440957815,0xdf92529f,1,5,48000,369680,-1,499698624,83257,,,2719088
4335,1917294766,440957815,0xdf92529f,1,5,48000,439021,-1,426172416,94536,,,2719808
4336,1917671954,440957815,0xdf92529f,1,5,48000,377131,-1,479491536,99971,,,2720560
4337,1918504941,440957815,0xdf92529f,1,5,48000,282728,-1,159071280,70131,,,2721280
4338,1919870598,440957815,0xdf92529f,1,5,48000,182418,-1,462208144,36273,,,2721920
4339,1919965957,440957815,0xdf92529f,1,5,48000,355992,-1,357802176,106197,,,2722496
4340,1920390021,440957815,0xdf92529f,1,5,48000,396391,-1,416746512,90821,,,2723168
4341,1922108580,440957815,0xdf92529f,1,5,48000,232432,-1,264843968,57225,,,2723984
4342,1922642086,440957815,0xdf92529f,1,5,48000,331353,-1,330719488,79753,,,2724560
4343,1922822163,440957815,0xdf92529f,1,5,48000,257166,-1,116618512,66349,,,2725296
4344,1923112372,440957815,0xdf92529f,1,5,48000,102551,-1,552245072,19108,,,2725920
4345,1924444342,440957815,0xdf92529f,1,5,48000,297590,-1,104500432,65936,,,2726400
4346,1924556305,440957815,0xdf92529f,1,5,48000,282911,-1,496468064,65248,,,2727056
4347,1924608505,440957815,0xdf92529f,1,5,48000,233427,-1,44698496,51811,,,2727712
4348,1924692170,440957815,0xdf92529f,1,5,48000,86109,-1,481357984,18247,,,2728304
4349,1925076749,440957815,0xdf92529f,1,5,48000,204623,-1,469064416,50784,,,2728768
4350,1925663789,440957815,0xdf92529f,1,5,48000,174101,-1,567316576,33617,,,2729328
4351,1926532871,440957815,0xdf92529f,1,5,48000,181483,-1,565430384,54088,,,2729872
4352,1928712750,440957815,0xdf92529f,1,5,48000,362073,-1,311375152,89385,,,2730384
4353,1929375179,440957815,0xdf92529f,1,5,48000,34785,-1,248803232,12306,,,2731072
4354,1929665876,440957815,0xdf92529f,1,5,48000,280899,-1,414865472,53313,,,2731536
4355,1929878634,440957815,0xdf92529f,1,5,48000,195858,-1,53947424,48024,,,2732112
4356,1929988076,440957815,0xdf92529f,1,5,48000,289543,-1,11555136,55295,,,2732672
4357,1930004680,440957815,0xdf92529f,1,5,48000,117344,-1,550592096,22931,,,2733328
4358,1931002888,440957815,0xdf92529f,1,5,48000,331492,-1,540494608,78269,,,2733808
4359,1931446092,440957815,0xdf92529f,1,5,48000,256109,-1,60873424,60178,,,2734496
4360,1931555534,440957815,0xdf92529f,1,5,48000,387313,-1,21450912,95592,,,2735120
4361,1931849137,440957815,0xdf92529f,1,5,48000,158697,-1,31379696,32769,,,2735776
4362,1931981098,440957815,0xdf92529f,1,5,48000,331570,-1,498215088,73292,,,2736320
4363,1932962155,440957815,0xdf92529f,1,5,48000,45509,-1,241776,16763,,,2736960
4364,1933252432,440957815,0xdf92529f,1,5,48000,132942,-1,97695632,22747,,,2737424
4365,1935045447,440957815,0xdf92529f,1,5,48000,343014,-1,413837872,74831,,,2737952
4366,1935154889,440957815,0xdf92529f,1,5,48000,89854,-1,405094000,17806,,,2738624
4367,1936276622,440957815,0xdf92529f,1,5,48000,305663,-1,447876368,87255,,,2739104
4368,1936722347,440957815,0xdf92529f,1,5,48000,304259,-1,407505648,74954,,,2739776
4369,1937077607,440957815,0xdf92529f,1,5,48000,167330,-1,299446848,50646,,,2740400
4370,1937297512,440957815,0xdf92529f,1,5,48000,226094,-1,324185504,50525,,,2740944
4371,1937352233,440957815,0xdf92529f,1,5,48000,520400,-1,319327792,87133,,,2741536
4372,1937354754,440957815,0xdf92529f,1,5,48000,98075,-1,546845744,17153,,,2742320
4373,1937426952,440957815,0xdf92529f,1,5,48000,314347,-1,344642288,74414,,,2742784
4374,1937631320,440957815,0xdf92529f,1,5,48000,140297,-1,167991984,30228,,,2743472
4375,1937832518,440957815,0xdf92529f,1,5,48000,125160,-1,551598064,24769,,,2743968
4376,1939035048,440957815,0xdf92529f,1,5,48000,177860,-1,35688304,33281,,,2744464
4377,1939089769,440957815,0xdf92529f,1,5,48000,196824,-1,12843248,49491,,,2745008
4378,1939219209,440957815,0xdf92529f,1,5,48000,200298,-1,81491712,48818,,,2745584
4379,1939404591,440957815,0xdf92529f,1,5,48000,112410,-1,204721040,21023,,,2746144
4380,1939677996,440957815,0xdf92529f,1,5,48000,165550,-1,186800224,38435,,,2746624
4381,1940677225,440957815,0xdf92529f,1,5,48000,364050,-1,135812176,90519,,,2747136
4382,1940841388,440957815,0xdf92529f,1,5,48000,164435,-1,67730064,28048,,,2747840
4383,1940896109,440957815,0xdf92529f,1,5,48000,148354,-1,50416384,26877,,,2748416
4384,1941553422,440957815,0xdf92529f,1,5,48000,153241,-1,157203744,31501,,,2748928
4385,1941950817,440957815,0xdf92529f,1,5,48000,254298,-1,462953712,65259,,,2749456
4386,1942687664,440957815,0xdf92529f,1,5,48000,207048,-1,542218128,47928,,,2750064
4387,1943862348,440957815,0xdf92529f,1,5,48000,281884,-1,352289984,67411,,,2750640
4388,1944427681,440957815,0xdf92529f,1,5,48000,108552,-1,278780912,19128,,,2751296
4389,1946237032,440957815,0xdf92529f,1,5,48000,60568,-1,177748832,21506,,,2751792
4390,1946275680,440957815,0xdf92529f,1,5,48000,172979,-1,19822624,40984,,,2752256
4391,1946583366,440957815,0xdf92529f,1,5,48000,355465,-1,336052560,73781,,,2752800
4392,1947461102,440957815,0xdf92529f,1,5,48000,148989,-1,155307856,34171,,,2753536
4393,1947909358,440957815,0xdf92529f,1,5,48000,224297,-1,483856048,67489,,,2754048
4394,1948385622,440957815,0xdf92529f,1,5,48000,169961,-1,121384944,42302,,,2754640
4395,1948388143,440957815,0xdf92529f,1,5,48000,336388,-1,500359872,77284,,,2755200
4396,1948495064,440957815,0xdf92529f,1,5,48000,375193,-1,80008064,82427,,,2755888
4397,1948737488,440957815,0xdf92529f,1,5,48000,294568,-1,521210480,57948,,,2756640
4398,1948792209,440957815,0xdf92529f,1,5,48000,176722,-1,516676080,51726,,,2757296
4399,1950246683,440957815,0xdf92529f,1,5,48000,133536,-1,143167712,24045,,,2757856
4400,1950655115,440957815,0xdf92529f,1,5,48000,129937,-1,169617344,27079,,,2758352
4401,1950754692,440957815,0xdf92529f,1,5,48000,352186,-1,563150384,85943,,,2758848
4402,1950769648,440957815,0xdf92529f,1,5,48000,372944,-1,473257072,88121,,,2759520
4403,1951052510,440957815,0xdf92529f,1,5,48000,262377,-1,464689328,65133,,,2760256
4404,1952072379,440957815,0xdf92529f,1,5,48000,318789,-1,318382928,72638,,,2760864
4405,1952144773,440957815,0xdf92529f,1,5,48000,222227,-1,172562704,56857,,,2761520
4406,1953565454,440957815,0xdf92529f,1,5,48000,85065,-1,1075424,29496,,,2762128
4407,1953929356,440957815,0xdf92529f,1,5,48000,120950,-1,31914112,25472,,,2762624
4408,1954879990,440957815,0xdf92529f,1,5,48000,315455,-1,391808320,68909,,,2763120
4409,1955105810,440957815,0xdf92529f,1,5,48000,326918,-1,231860032,112325,,,2763744
4410,1955280332,440957815,0xdf92529f,1,5,48000,344885,-1,209578112,78646,,,2764448
4411,1955442093,440957815,0xdf92529f,1,5,48000,136082,-1,58447952,22740,,,2765152
4412,1955551535,440957815,0xdf92529f,1,5,48000,104180,-1,17563584,20195,,,2765680
4413,1955571533,440957815,0xdf92529f,1,5,48000,64819,-1,128593072,8554,,,2766160
4414,1955735696,440957815,0xdf92529f,1,5,48000,424523,-1,63623520,107579,,,2766608
4415,1955790417,440957815,0xdf92529f,1,5,48000,158190,-1,46676496,33050,,,2767376
4416,1955865136,440957815,0xdf92529f,1,5,48000,235070,-1,140120576,51603,,,2767920
4417,1956139762,440957815,0xdf92529f,1,5,48000,196538,-1,187259552,34323,,,2768544
4418,1957138991,440957815,0xdf92529f,1,5,48000,226019,-1,138601776,48489,,,2769120
4419,1957193712,440957815,0xdf92529f,1,5,48000,152335,-1,113353680,29602,,,2769712
4420,1957303154,440957815,0xdf92529f,1,5,48000,153235,-1,71309616,32105,,,2770256
4421,1957432594,440957815,0xdf92529f,1,5,48000,165893,-1,148237664,39379,,,2770768
4422,1957487315,440957815,0xdf92529f,1,5,48000,466774,-1,122335136,103138,,,2771280
4423,1957542036,440957815,0xdf92529f,1,5,48000,390722,-1,101348032,91367,,,2772096
4424,1959726055,440957815,0xdf92529f,1,5,48000,118177,-1,321439344,24377,,,2772848
4425,1960059342,440957815,0xdf92529f,1,5,48000,48970,-1,312649872,13436,,,2773344
4426,1960259561,440957815,0xdf92529f,1,5,48000,304078,-1,381817888,90862,,,2773824
4427,1960847788,440957815,0xdf92529f,1,5,48000,150132,-1,416228800,28232,,,2774512
4428,1961183050,440957815,0xdf92529f,1,5,48000,335961,-1,282121456,81838,,,2775072
4429,1961422953,440957815,0xdf92529f,1,5,48000,75796,-1,340380320,13237,,,2775744
4430,1961480195,440957815,0xdf92529f,1,5,48000,76358,-1,552745648,13500,,,2776224
4431,1961532395,440957815,0xdf92529f,1,5,48000,473222,-1,329935840,100921,,,2776688
4432,1961812936,440957815,0xdf92529f,1,5,48000,232879,-1,181676288,49848,,,2777504
4433,1962737446,440957815,0xdf92529f,1,5,48000,81379,-1,23332368,14884,,,2778096
4434,1962914671,440957815,0xdf92529f,1,5,48000,493457,-1,250584304,111952,,,2778560
4435,1963157095,440957815,0xdf92529f,1,5,48000,113409,-1,549725952,23478,,,2779392
4436,1963270952,440957815,0xdf92529f,1,5,48000,345758,-1,192591712,76707,,,2779872
4437,1963929992,440957815,0xdf92529f,1,5,48000,174881,-1,204593792,34439,,,2780528
4438,1964207503,440957815,0xdf92529f,1,5,48000,403754,-1,233610352,100493,,,2781072
4439,1964502127,440957815,0xdf92529f,1,5,48000,297781,-1,304646880,74925,,,2781792
4440,1964782668,440957815,0xdf92529f,1,5,48000,133348,-1,83768960,28350,,,2782448
4441,1964837389,440957815,0xdf92529f,1,5,48000,68919,-1,64411152,10520,,,2782960
4442,1965132013,440957815,0xdf92529f,1,5,48000,110950,-1,199370496,22019,,,2783408
4443,1966501778,440957815,0xdf92529f,1,5,48000,94786,-1,396832592,23759,,,2783904
4444,1966795588,440957815,0xdf92529f,1,5,48000,295982,-1,428970816,93892,,,2784384
4445,1967294371,440957815,0xdf92529f,1,5,48000,279152,-1,207682144,68587,,,2785008
4446,1968064401,440957815,0xdf92529f,1,5,48000,294739,-1,163362800,54830,,,2785664
4447,1968184800,440957815,0xdf92529f,1,5,48000,299304,-1,261557040,76734,,,2786304
4448,1968773027,440957815,0xdf92529f,1,5,48000,124486,-1,325757104,25855,,,2786960
4449,1969011909,440957815,0xdf92529f,1,5,48000,370274,-1,332440512,86452,,,2787472
4450,1969374316,440957815,0xdf92529f,1,5,48000,223893,-1,441331184,58768,,,2788176
4451,1969525417,440957815,0xdf92529f,1,5,48000,64542,-1,358222192,10761,,,2788768
4452,1969641795,440957815,0xdf92529f,1,5,48000,300689,-1,214361024,109621,,,2789216
4453,1969949481,440957815,0xdf92529f,1,5,48000,362231,-1,417008752,63041,,,2789856
4454,1970271681,440957815,0xdf92529f,1,5,48000,404036,-1,14751760,100228,,,2790512
4455,1970343006,440957815,0xdf92529f,1,5,48000,124700,-1,550171728,26559,,,2791280
4456,1970449927,440957815,0xdf92529f,1,5,48000,363337,-1,317578528,88860,,,2791776
4457,1970566305,440957815,0xdf92529f,1,5,48000,318352,-1,185978848,75888,,,2792496
4458,1970621026,440957815,0xdf92529f,1,5,48000,316967,-1,178832752,74651,,,2793200
4459,1971873389,440957815,0xdf92529f,1,5,48000,274252,-1,425663840,63091,,,2793856
4460,1972326902,440957815,0xdf92529f,1,5,48000,238983,-1,143636464,64211,,,2794448
4461,1972381623,440957815,0xdf92529f,1,5,48000,166529,-1,116699120,34411,,,2795024
4462,1973334219,440957815,0xdf92529f,1,5,48000,37347,-1,352863120,13342,,,2795584
4463,1974115765,440957815,0xdf92529f,1,5,48000,213432,-1,496533344,51201,,,2796048
4464,1974636209,440957815,0xdf92529f,1,5,48000,177110,-1,469354864,46706,,,2796608
4465,1974837838,440957815,0xdf92529f,1,5,48000,99038,-1,542554064,16275,,,2797136
4466,1975385271,440957815,0xdf92529f,1,5,48000,72991,-1,554775456,12590,,,2797616
4467,1977752302,440957815,0xdf92529f,1,5,48000,92677,-1,347507248,15312,,,2798064
4468,1977941961,440957815,0xdf92529f,1,5,48000,139362,-1,553122464,31402,,,2798528
4469,1978278786,440957815,0xdf92529f,1,5,48000,333985,-1,367433664,76344,,,2799040
4470,1978698766,440957815,0xdf92529f,1,5,48000,436242,-1,237986000,84356,,,2799728
4471,1979232272,440957815,0xdf92529f,1,5,48000,107507,-1,306429792,17390,,,2800432
4472,1979328652,440957815,0xdf92529f,1,5,48000,247173,-1,94474080,54725,,,2800944
4473,1979438094,440957815,0xdf92529f,1,5,48000,522251,-1,54136336,101215,,,2801552
4474,1980135763,440957815,0xdf92529f,1,5,48000,90847,-1,186594176,17535,,,2802336
4475,1980562348,440957815,0xdf92529f,1,5,48000,394689,-1,540922304,103326,,,2802816
4476,1981189713,440957815,0xdf92529f,1,5,48000,282387,-1,108715504,75100,,,2803536
4477,1981538037,440957815,0xdf92529f,1,5,48000,183085,-1,98638544,34125,,,2804176
4478,1984881094,440957815,0xdf92529f,1,5,48000,109400,-1,353803936,34526,,,2804736
4479,1984994890,440957815,0xdf92529f,1,5,48000,381814,-1,251692192,96211,,,2805232
4480,1985180072,440957815,0xdf92529f,1,5,48000,232307,-1,330512048,61041,,,2806000
4481,1985836082,440957815,0xdf92529f,1,5,48000,386274,-1,448130208,102805,,,2806576
4482,1986287722,440957815,0xdf92529f,1,5,48000,274239,-1,234274608,55744,,,2807264
4483,1986507627,440957815,0xdf92529f,1,5,48000,95165,-1,273144112,16197,,,2807872
4484,1987041133,440957815,0xdf92529f,1,5,48000,314289,-1,335860848,69943,,,2808352
4485,1987081771,440957815,0xdf92529f,1,5,48000,156873,-1,2873120,34862,,,2809072
4486,1987526507,440957815,0xdf92529f,1,5,48000,85368,-1,492386992,14472,,,2809600
4487,1988485066,440957815,0xdf92529f,1,5,48000,333498,-1,72877328,79973,,,2810080
4488,1988614506,440957815,0xdf92529f,1,5,48000,212595,-1,150244752,48218,,,2810800
4489,1989021093,440957815,0xdf92529f,1,5,48000,227656,-1,524446976,54160,,,2811376
4490,1989349419,440957815,0xdf92529f,1,5,48000,271462,-1,503720128,82562,,,2811952
4491,1990144620,440957815,0xdf92529f,1,5,48000,208710,-1,169447584,53802,,,2812576
4492,1990291406,440957815,0xdf92529f,1,5,48000,290478,-1,110123408,64248,,,2813120
4493,1991112882,440957815,0xdf92529f,1,5,48000,194853,-1,159308256,48301,,,2813776
4494,1991454535,440957815,0xdf92529f,1,5,48000,256022,-1,442572608,84659,,,2814352
4495,1992769028,440957815,0xdf92529f,1,5,48000,320838,-1,324664752,72367,,,2814944
4496,1992954210,440957815,0xdf92529f,1,5,48000,101441,-1,386862992,16996,,,2815616
4497,1993598965,440957815,0xdf92529f,1,5,48000,101034,-1,467400128,21802,,,2816080
4498,1993761321,440957815,0xdf92529f,1,5,48000,144968,-1,410311056,19871,,,2816560
4499,1993816042,440957815,0xdf92529f,1,5,48000,174957,-1,405660528,42702,,,2817072
4500,1994979434,440957815,0xdf92529f,1,5,48000,388621,-1,376706864,116768,,,2817584
4501,1994986370,440957815,0xdf92529f,1,5,48000,275858,-1,239953200,95903,,,2818336
4502,1995609320,440957815,0xdf92529f,1,5,48000,217545,-1,274232224,48041,,,2819008
4503,1996313925,440957815,0xdf92529f,1,5,48000,328992,-1,201376736,75039,,,2819600
4504,1997947603,440957815,0xdf92529f,1,5,48000,275436,-1,500703712,65388,,,2820256
4505,1998271730,440957815,0xdf92529f,1,5,48000,122949,-1,567458752,25546,,,2820880
4506,1998440971,440957815,0xdf92529f,1,5,48000,427049,-1,351771360,89689,,,2821376
4507,1998497482,440957815,0xdf92529f,1,5,48000,209904,-1,158570448,50437,,,2822160
4508,1999329879,440957815,0xdf92529f,1,5,48000,478302,-1,488019280,150202,,,2822736
4509,1999729119,440957815,0xdf92529f,1,5,48000,322818,-1,431403712,104093,,,2823616
4510,2000359005,440957815,0xdf92529f,1,5,48000,418754,-1,368182992,104481,,,2824272
4511,2000611970,440957815,0xdf92529f,1,5,48000,228628,-1,464895744,56348,,,2825056
4512,2004024843,440957815,0xdf92529f,1,5,48000,379982,-1,512675392,138231,,,2825616
4513,2004684711,440957815,0xdf92529f,1,5,48000,92625,-1,481118256,15981,,,2826352
4514,2004849489,440957815,0xdf92529f,1,5,48000,96180,-1,451819536,18916,,,2826832
4515,2005404598,440957815,0xdf92529f,1,5,48000,245103,-1,26590096,61505,,,2827328
4516,2005424596,440957815,0xdf92529f,1,5,48000,282419,-1,140232224,62786,,,2827936
4517,2005570096,440957815,0xdf92529f,1,5,48000,55902,-1,362256,19228,,,2828560
4518,2005589780,440957815,0xdf92529f,1,5,48000,303411,-1,198506128,86997,,,2829040
4519,2007104017,440957815,0xdf92529f,1,5,48000,163348,-1,499297968,27607,,,2829696
4520,2009751238,440957815,0xdf92529f,1,5,48000,178992,-1,218526064,45192,,,2830256
4521,2010407248,440957815,0xdf92529f,1,5,48000,262067,-1,416314064,44803,,,2830768
4522,2010455010,440957815,0xdf92529f,1,5,48000,382143,-1,349941104,76480,,,2831344
4523,2010558349,440957815,0xdf92529f,1,5,48000,126990,-1,257981600,26134,,,2832112
4524,2010674727,440957815,0xdf92529f,1,5,48000,221857,-1,35927824,50345,,,2832640
4525,2010729448,440957815,0xdf92529f,1,5,48000,277849,-1,13724464,61772,,,2833216
4526,2010746052,440957815,0xdf92529f,1,5,48000,79664,-1,551200496,13816,,,2833872
4527,2010982413,440957815,0xdf92529f,1,5,48000,312330,-1,340540448,77898,,,2834336
4528,2011039655,440957815,0xdf92529f,1,5,48000,128974,-1,552787344,26228,,,2835024
4529,2011372396,440957815,0xdf92529f,1,5,48000,204228,-1,181937920,44246,,,2835536
4530,2011557578,440957815,0xdf92529f,1,5,48000,338843,-1,227394864,117079,,,2836144
4531,2011905902,440957815,0xdf92529f,1,5,48000,289085,-1,223631152,90775,,,2836832
4532,2012371625,440957815,0xdf92529f,1,5,48000,384789,-1,111285632,103813,,,2837440
4533,2012645230,440957815,0xdf92529f,1,5,48000,392179,-1,8430976,104968,,,2838144
4534,2012665228,440957815,0xdf92529f,1,5,48000,323339,-1,119284960,88700,,,2838864
4535,2013017094,440957815,0xdf92529f,1,5,48000,331143,-1,519308144,118301,,,2839552
4536,2013235978,440957815,0xdf92529f,1,5,48000,466184,-1,508233152,127308,,,2840208
4537,2013363918,440957815,0xdf92529f,1,5,48000,193092,-1,239427648,57250,,,2841056
4538,2013590569,440957815,0xdf92529f,1,5,48000,307929,-1,401260320,91731,,,2841600
4539,2014048525,440957815,0xdf92529f,1,5,48000,250405,-1,77062944,51514,,,2842256
4540,2015602658,440957815,0xdf92529f,1,5,48000,309187,-1,404171312,54820,,,2842880
4541,2016888554,440957815,0xdf92529f,1,5,48000,470281,-1,437803712,120803,,,2843520
4542,2017689539,440957815,0xdf92529f,1,5,48000,210108,-1,274534096,52475,,,2844336
4543,2017873700,440957815,0xdf92529f,1,5,48000,223967,-1,290161376,40992,,,2844928
4544,2017997225,440957815,0xdf92529f,1,5,48000,227097,-1,434715040,58244,,,2845520
4545,2018844973,440957815,0xdf92529f,1,5,48000,30745,-1,177868592,11208,,,2846112
4546,2019159596,440957815,0xdf92529f,1,5,48000,268061,-1,388906800,58754,,,2846560
4547,2019386437,440957815,0xdf92529f,1,5,48000,161207,-1,303478352,34740,,,2847184
4548,2019612257,440957815,0xdf92529f,1,5,48000,198997,-1,97318064,38129,,,2847728
4549,2019666978,440957815,0xdf92529f,1,5,48000,106418,-1,74266320,18751,,,2848288
4550,2019721699,440957815,0xdf92529f,1,5,48000,201544,-1,56099408,41136,,,2848800
4551,2019776420,440957815,0xdf92529f,1,5,48000,57276,-1,36809568,7845,,,2849408
4552,2019844203,440957815,0xdf92529f,1,5,48000,394565,-1,282518816,102371,,,2849856
4553,2020069043,440957815,0xdf92529f,1,5,48000,112305,-1,155470176,22921,,,2850544
4554,2020084106,440957815,0xdf92529f,1,5,48000,614197,-1,341472880,108084,,,2851024
4555,2021398599,440957815,0xdf92529f,1,5,48000,356450,-1,23911648,88241,,,2851888
4556,2022409327,440957815,0xdf92529f,1,5,48000,231117,-1,474602528,59445,,,2852608
4557,2022680205,440957815,0xdf92529f,1,5,48000,219142,-1,541604352,51035,,,2853200
4558,2024355006,440957815,0xdf92529f,1,5,48000,321636,-1,365811392,109612,,,2853808
4559,2024533252,440957815,0xdf92529f,1,5,48000,233488,-1,455128512,58838,,,2854496
4560,2025288010,440957815,0xdf92529f,1,5,48000,3623574,-1,481715408,1136700,,,2855072
4561,2025573119,440957815,0xdf92529f,1,5,48000,196984,-1,322320400,45071,,,2858544
4562,2026421651,440957815,0xdf92529f,1,5,48000,3543826,-1,555538816,1001821,,,2859104
4563,2026745489,440957815,0xdf92529f,1,5,48000,386955,-1,232811264,69194,,,2863024
4564,2026845953,440957815,0xdf92529f,1,5,48000,232865,-1,263270768,53018,,,2863712
4565,2027430096,440957815,0xdf92529f,1,5,48000,291712,-1,47062112,54069,,,2864304
4566,2029072273,440957815,0xdf92529f,1,5,48000,162339,-1,149000256,34908,,,2864928
4567,2029126994,440957815,0xdf92529f,1,5,48000,163119,-1,123631312,31952,,,2865456
4568,2029181715,440957815,0xdf92529f,1,5,48000,143369,-1,102145792,23519,,,2865984
4569,2029236436,440957815,0xdf92529f,1,5,48000,472604,-1,80919248,104317,,,2866512
4570,2029291157,440957815,0xdf92529f,1,5,48000,133668,-1,61704592,24881,,,2867296
4571,2029478860,440957815,0xdf92529f,1,5,48000,330015,-1,523655344,74530,,,2867824
4572,2030121808,440957815,0xdf92529f,1,5,48000,314133,-1,541394288,76903,,,2868448
4573,2030749173,440957815,0xdf92529f,1,5,48000,136916,-1,108952560,32202,,,2869104
4574,2030988055,440957815,0xdf92529f,1,5,48000,142830,-1,144867312,33684,,,2869600
4575,2031042776,440957815,0xdf92529f,1,5,48000,120075,-1,117665456,17785,,,2870112
4576,2031511020,440957815,0xdf92529f,1,5,48000,496965,-1,476557088,115457,,,2870608
4577,2031781297,440957815,0xdf92529f,1,5,48000,136282,-1,422704496,31285,,,2871424
4578,2032667283,440957815,0xdf92529f,1,5,48000,62464,-1,312749264,23548,,,2871936
4579,2032672009,440957815,0xdf92529f,1,5,48000,96468,-1,242052384,17101,,,2872400
4580,2033557995,440957815,0xdf92529f,1,5,48000,65134,-1,689440,23270,,,2872880
4581,2034440554,440957815,0xdf92529f,1,5,48000,32299,-1,354244336,14241,,,2873360
4582,2034554350,440957815,0xdf92529f,1,5,48000,364332,-1,252075632,80985,,,2873808
4583,2034629069,440957815,0xdf92529f,1,5,48000,376961,-1,292598544,96436,,,2874528
4584,2034725449,440957815,0xdf92529f,1,5,48000,272956,-1,9321408,65257,,,2875248
4585,2034965352,440957815,0xdf92529f,1,5,48000,370468,-1,188350640,85772,,,2875888
4586,2035444137,440957815,0xdf92529f,1,5,48000,393333,-1,239723104,99114,,,2876576
4587,2035663021,440957815,0xdf92529f,1,5,48000,93472,-1,215934896,19206,,,2877280
4588,2035737740,440957815,0xdf92529f,1,5,48000,275600,-1,240935760,93908,,,2877760
4589,2036012366,440957815,0xdf92529f,1,5,48000,390037,-1,280722432,94066,,,2878384
4590,2036067087,440957815,0xdf92529f,1,5,48000,239384,-1,273305072,56708,,,2879136
4591,2036196527,440957815,0xdf92529f,1,5,48000,239258,-1,299772512,43932,,,2879728
4592,2036238186,440957815,0xdf92529f,1,5,48000,212959,-1,39262160,49209,,,2880352
4593,2036367626,440957815,0xdf92529f,1,5,48000,318275,-1,106671120,79277,,,2880912
4594,2036534310,440957815,0xdf92529f,1,5,48000,116276,-1,494840832,23296,,,2881552
4595,2036603114,440957815,0xdf92529f,1,5,48000,103387,-1,553195872,21368,,,2882048
4596,2036606508,440957815,0xdf92529f,1,5,48000,386604,-1,141992560,101786,,,2882528
4597,2036766753,440957815,0xdf92529f,1,5,48000,217979,-1,175973072,55926,,,2883264
4598,2037022592,440957815,0xdf92529f,1,5,48000,154314,-1,245558544,47235,,,2883856
4599,2037404099,440957815,0xdf92529f,1,5,48000,174080,-1,484988192,50763,,,2884352
4600,2037935084,440957815,0xdf92529f,1,5,48000,354957,-1,114471280,81642,,,2884928
4601,2037989805,440957815,0xdf92529f,1,5,48000,110059,-1,96000608,21332,,,2885664
4602,2038044526,440957815,0xdf92529f,1,5,48000,257045,-1,73120256,53784,,,2886160
4603,2038228687,440957815,0xdf92529f,1,5,48000,468588,-1,124765168,106159,,,2886800
4604,2038283408,440957815,0xdf92529f,1,5,48000,178533,-1,103078592,37933,,,2887648
4605,2040522148,440957815,0xdf92529f,1,5,48000,115019,-1,316385488,20573,,,2888192
4606,2040672342,440957815,0xdf92529f,1,5,48000,362611,-1,163680512,70817,,,2888688
4607,2041013995,440957815,0xdf92529f,1,5,48000,376019,-1,442987568,127549,,,2889392
4608,2041069737,440957815,0xdf92529f,1,5,48000,329989,-1,463547328,93366,,,2890080
4609,2042739490,440957815,0xdf92529f,1,5,48000,341049,-1,228987968,106053,,,2890736
4610,2043307719,440957815,0xdf92529f,1,5,48000,70122,-1,265454352,10970,,,2891408
4611,2043656043,440957815,0xdf92529f,1,5,48000,337026,-1,253202752,87463,,,2891856
4612,2043662979,440957815,0xdf92529f,1,5,48000,120523,-1,70117856,24993,,,2892528
4613,2043827142,440957815,0xdf92529f,1,5,48000,234540,-1,10209696,55807,,,2893040
4614,2043922533,440957815,0xdf92529f,1,5,48000,76813,-1,204358432,12784,,,2893632
4615,2044134828,440957815,0xdf92529f,1,5,48000,142631,-1,334087680,23740,,,2894096
4616,2044360648,440957815,0xdf92529f,1,5,48000,455811,-1,190900368,76725,,,2894624
4617,2045285158,440957815,0xdf92529f,1,5,48000,293779,-1,60410832,65486,,,2895376
4618,2045942160,440957815,0xdf92529f,1,5,48000,80963,-1,352999200,30077,,,2895984
4619,2046494319,440957815,0xdf92529f,1,5,48000,65393,-1,396552080,9416,,,2896464
4620,2046832872,440957815,0xdf92529f,1,5,48000,86562,-1,178260496,30309,,,2896912
4621,2048056942,440957815,0xdf92529f,1,5,48000,321743,-1,162421008,66733,,,2897392
4622,2048351007,440957815,0xdf92529f,1,5,48000,75119,-1,362844432,16481,,,2898032
4623,2049514399,440957815,0xdf92529f,1,5,48000,257758,-1,326136928,56210,,,2898496
4624,2049918465,440957815,0xdf92529f,1,5,48000,384785,-1,368371584,95713,,,2899120
4625,2050644354,440957815,0xdf92529f,1,5,48000,212006,-1,176457360,55068,,,2899824
4626,2050787233,440957815,0xdf92529f,1,5,48000,356329,-1,272464976,86902,,,2900352
4627,2053122995,440957815,0xdf92529f,1,5,48000,311256,-1,118431728,74490,,,2901056
4628,2053413204,440957815,0xdf92529f,1,5,48000,160162,-1,552347264,38811,,,2901664
4629,2053529582,440957815,0xdf92529f,1,5,48000,419070,-1,514758448,110546,,,2902176
4630,2054243570,440957815,0xdf92529f,1,5,48000,144540,-1,241365680,31170,,,2902928
4631,2054635732,440957815,0xdf92529f,1,5,48000,177432,-1,154045456,43555,,,2903472
4632,2054745174,440957815,0xdf92529f,1,5,48000,135032,-1,105744272,30631,,,2904016
4633,2055137038,440957815,0xdf92529f,1,5,48000,117643,-1,451158016,39639,,,2904512
4634,2059733741,440957815,0xdf92529f,1,5,48000,382065,-1,240787168,102581,,,2905008
4635,2059769196,440957815,0xdf92529f,1,5,48000,105804,-1,423471328,19911,,,2905696
4636,2060063088,440957815,0xdf92529f,1,5,48000,192938,-1,271443344,37004,,,2906160
4637,2060070024,440957815,0xdf92529f,1,5,48000,276890,-1,96544848,66966,,,2906720
4638,2060117809,440957815,0xdf92529f,1,5,48000,301252,-1,258131008,71320,,,2907344
4639,2060124745,440957815,0xdf92529f,1,5,48000,230508,-1,73650512,55620,,,2907968
4640,2060288908,440957815,0xdf92529f,1,5,48000,334045,-1,13880528,77569,,,2908544
4641,2060541873,440957815,0xdf92529f,1,5,48000,364692,-1,340766192,72922,,,2909200
4642,2060599115,440957815,0xdf92529f,1,5,48000,194436,-1,552826160,40202,,,2909872
4643,2061931085,440957815,0xdf92529f,1,5,48000,349246,-1,111573040,86473,,,2910432
4644,2061985806,440957815,0xdf92529f,1,5,48000,286830,-1,90422704,66016,,,2911088
4645,2062040527,440957815,0xdf92529f,1,5,48000,344352,-1,68241024,82510,,,2911760
4646,2062095248,440957815,0xdf92529f,1,5,48000,362293,-1,51359472,84126,,,2912464
4647,2062149969,440957815,0xdf92529f,1,5,48000,250277,-1,32563056,39152,,,2913200
4648,2062169967,440957815,0xdf92529f,1,5,48000,183301,-1,146254288,34906,,,2913808
4649,2062224688,440957815,0xdf92529f,1,5,48000,358846,-1,119686688,88101,,,2914400
4650,2062576554,440957815,0xdf92529f,1,5,48000,229658,-1,519460704,40882,,,2915040
4651,2063219502,440957815,0xdf92529f,1,5,48000,155857,-1,534113104,35996,,,2915616
4652,2065736262,440957815,0xdf92529f,1,5,48000,223844,-1,253875904,56923,,,2916144
4653,2065914508,440957815,0xdf92529f,1,5,48000,495888,-1,429864672,140560,,,2916752
4654,2066728555,440957815,0xdf92529f,1,5,48000,94036,-1,361933968,20519,,,2917584
4655,2066803274,440957815,0xdf92529f,1,5,48000,314558,-1,394945840,89469,,,2918048
4656,2067303720,440957815,0xdf92529f,1,5,48000,269565,-1,262033232,75277,,,2918736
4657,2067420098,440957815,0xdf92529f,1,5,48000,304484,-1,40072128,66942,,,2919360
4658,2067433160,440957815,0xdf92529f,1,5,48000,347197,-1,290357600,72299,,,2920016
4659,2067519048,440957815,0xdf92529f,1,5,48000,73849,-1,492114288,14463,,,2920736
4660,2067713701,440957815,0xdf92529f,1,5,48000,136830,-1,49219472,29861,,,2921200
4661,2067768422,440957815,0xdf92529f,1,5,48000,390350,-1,30085376,100289,,,2921728
4662,2067953604,440957815,0xdf92529f,1,5,48000,337033,-1,201973264,84466,,,2922496
4663,2068719056,440957815,0xdf92529f,1,5,48000,303296,-1,389194784,60783,,,2923152
4664,2068945897,440957815,0xdf92529f,1,5,48000,277173,-1,303566016,60485,,,2923792
4665,2069226438,440957815,0xdf92529f,1,5,48000,296577,-1,74384784,61569,,,2924416
4666,2069281159,440957815,0xdf92529f,1,5,48000,336077,-1,56264880,79101,,,2925088
4667,2069294221,440957815,0xdf92529f,1,5,48000,164809,-1,294794160,39586,,,2925792
4668,2070969558,440957815,0xdf92529f,1,5,48000,367638,-1,488548352,106099,,,2926336
4669,2070978057,440957815,0xdf92529f,1,5,48000,184087,-1,137208752,37674,,,2927072
4670,2071019720,440957815,0xdf92529f,1,5,48000,94916,-1,396438304,18348,,,2927648
4671,2071032778,440957815,0xdf92529f,1,5,48000,454830,-1,112156224,105424,,,2928144
4672,2071105423,440957815,0xdf92529f,1,5,48000,128339,-1,158731872,26717,,,2928928
4673,2071863278,440957815,0xdf92529f,1,5,48000,297072,-1,398187680,74878,,,2929424
4674,2072251649,440957815,0xdf92529f,1,5,48000,217380,-1,466127056,50862,,,2930032
4675,2072470533,440957815,0xdf92529f,1,5,48000,284609,-1,456403680,71294,,,2930656
4676,2072989956,440957815,0xdf92529f,1,5,48000,380829,-1,404325456,65098,,,2931328
4677,2073271518,440957815,0xdf92529f,1,5,48000,168727,-1,318864352,38561,,,2931952
4678,2073591506,440957815,0xdf92529f,1,5,48000,79139,-1,467138176,11437,,,2932512
4679,2074837955,440957815,0xdf92529f,1,5,48000,394335,-1,255049600,105770,,,2932960
4680,2076350692,440957815,0xdf92529f,1,5,48000,281232,-1,275046096,65295,,,2933680
4681,2076405413,440957815,0xdf92529f,1,5,48000,328326,-1,263413632,81024,,,2934304
4682,2077064275,440957815,0xdf92529f,1,5,48000,191764,-1,141057120,51815,,,2934992
4683,2077292652,440957815,0xdf92529f,1,5,48000,91231,-1,481192080,17786,,,2935536
4684,2080793925,440957815,0xdf92529f,1,5,48000,85279,-1,501595760,13692,,,2936000
4685,2081070480,440957815,0xdf92529f,1,5,48000,206166,-1,476826704,40932,,,2936480
4686,2083281262,440957815,0xdf92529f,1,5,48000,362529,-1,244943952,100615,,,2937056
4687,2084059089,440957815,0xdf92529f,1,5,48000,353249,-1,268714496,91205,,,2937744
4688,2084120746,440957815,0xdf92529f,1,5,48000,250830,-1,69114768,51468,,,2938416
4689,2084230188,440957815,0xdf92529f,1,5,48000,290716,-1,33102544,64977,,,2939040
4690,2084301513,440957815,0xdf92529f,1,5,48000,130621,-1,550466368,29835,,,2939712
4691,2084485674,440957815,0xdf92529f,1,5,48000,158447,-1,554131408,39171,,,2940208
4692,2085562637,440957815,0xdf92529f,1,5,48000,61890,-1,50624,19963,,,2940736
4693,2085688204,440957815,0xdf92529f,1,5,48000,361499,-1,78252720,96411,,,2941216
4694,2085742925,440957815,0xdf92529f,1,5,48000,159342,-1,59857216,27045,,,2941904
4695,2086145970,440957815,0xdf92529f,1,5,48000,273358,-1,28774272,62077,,,2942432
4696,2086165968,440957815,0xdf92529f,1,5,48000,403548,-1,142112832,82628,,,2943072
4697,2086200691,440957815,0xdf92529f,1,5,48000,152744,-1,3487344,36560,,,2943824
4698,2086331152,440957815,0xdf92529f,1,5,48000,420954,-1,200337728,99250,,,2944336
4699,2086963559,440957815,0xdf92529f,1,5,48000,274900,-1,485337856,78384,,,2945136
4700,2087257162,440957815,0xdf92529f,1,5,48000,263232,-1,490800480,70068,,,2945744
4701,2088140013,440957815,0xdf92529f,1,5,48000,341707,-1,525081536,105503,,,2946352
4702,2090376232,440957815,0xdf92529f,1,5,48000,318129,-1,367260608,93089,,,2947024
4703,2090547331,440957815,0xdf92529f,1,5,48000,379424,-1,212370400,73881,,,2947664
4704,2090560393,440957815,0xdf92529f,1,5,48000,240304,-1,382027296,58996,,,2948336
4705,2090779277,440957815,0xdf92529f,1,5,48000,97533,-1,354522704,25484,,,2948912
4706,2090799275,440957815,0xdf92529f,1,5,48000,340851,-1,390266608,88417,,,2949392
4707,2090840934,440957815,0xdf92529f,1,5,48000,339540,-1,215029904,94779,,,2950096
4708,2091148620,440957815,0xdf92529f,1,5,48000,179092,-1,418254880,38376,,,2950752
4709,2091374440,440957815,0xdf92529f,1,5,48000,302327,-1,296050208,62521,,,2951312
4710,2091649066,440957815,0xdf92529f,1,5,48000,384416,-1,318132768,75538,,,2952000
4711,2091949605,440957815,0xdf92529f,1,5,48000,368553,-1,197268208,96561,,,2952704
4712,2092073130,440957815,0xdf92529f,1,5,48000,560663,-1,387472512,132004,,,2953328
4713,2092463113,440957815,0xdf92529f,1,5,48000,312598,-1,211275568,54260,,,2954144
4714,2093681226,440957815,0xdf92529f,1,5,48000,349657,-1,185168176,84558,,,2954768
4715,2094105290,440957815,0xdf92529f,1,5,48000,326783,-1,240271920,94424,,,2955456
4716,2094508335,440957815,0xdf92529f,1,5,48000,513445,-1,236205296,94932,,,2956144
4717,2095083500,440957815,0xdf92529f,1,5,48000,450330,-1,85118112,101462,,,2956912
4718,2095138221,440957815,0xdf92529f,1,5,48000,250709,-1,65931936,51610,,,2957712
4719,2095288146,440957815,0xdf92529f,1,5,48000,121891,-1,541823568,28862,,,2958320
4720,2096891819,440957815,0xdf92529f,1,5,48000,287937,-1,560175360,76818,,,2958800
4721,2097335302,440957815,0xdf92529f,1,5,48000,200049,-1,430935520,46516,,,2959440
4722,2097910467,440957815,0xdf92529f,1,5,48000,156823,-1,362956336,47391,,,2960032
4723,2098430860,440957815,0xdf92529f,1,5,48000,259301,-1,310963584,63825,,,2960528
4724,2098833956,440957815,0xdf92529f,1,5,48000,301668,-1,249313200,78802,,,2961136
4725,2098837514,440957815,0xdf92529f,1,5,48000,100800,-1,177534560,28020,,,2961776
4726,2098848039,440957815,0xdf92529f,1,5,48000,287468,-1,432371280,80054,,,2962336
4727,2099133865,440957815,0xdf92529f,1,5,48000,65838,-1,210947376,22370,,,2963008
4728,2099299679,440957815,0xdf92529f,1,5,48000,294796,-1,184074064,65444,,,2963504
4729,2099477925,440957815,0xdf92529f,1,5,48000,323168,-1,368467344,114693,,,2964144
4730,2099675148,440957815,0xdf92529f,1,5,48000,159180,-1,445384272,31162,,,2964784
4731,2100182530,440957815,0xdf92529f,1,5,48000,216520,-1,291346928,35528,,,2965344
4732,2100346693,440957815,0xdf92529f,1,5,48000,171795,-1,272594304,40614,,,2965936
4733,2101538504,440957815,0xdf92529f,1,5,48000,102899,-1,156948448,20030,,,2966496
4734,2102151470,440957815,0xdf92529f,1,5,48000,307193,-1,489660416,95190,,,2966992
4735,2102737176,440957815,0xdf92529f,1,5,48000,243768,-1,99411568,51763,,,2967696
4736,2103677269,440957815,0xdf92529f,1,5,48000,423617,-1,532147504,102384,,,2968320
4737,2104068273,440957815,0xdf92529f,1,5,48000,373555,-1,497356736,78874,,,2969088
4738,2105279950,440957815,0xdf92529f,1,5,48000,147380,-1,242166240,31070,,,2969776
4739,2106165936,440957815,0xdf92529f,1,5,48000,80204,-1,842224,29181,,,2970288
4740,2106784777,440957815,0xdf92529f,1,5,48000,66826,-1,548334688,10600,,,2970784
4741,2108280910,440957815,0xdf92529f,1,5,48000,451329,-1,4550368,108685,,,2971232
4742,2108814416,440957815,0xdf92529f,1,5,48000,130067,-1,189202896,20898,,,2972064
4743,2109574763,440957815,0xdf92529f,1,5,48000,240662,-1,115249904,50954,,,2972592
4744,2109738926,440957815,0xdf92529f,1,5,48000,412953,-1,55331200,92515,,,2973232
4745,2109848844,440957815,0xdf92529f,1,5,48000,417925,-1,174056320,110207,,,2973984
4746,2109864972,440957815,0xdf92529f,1,5,48000,89399,-1,551499696,16715,,,2974720
4747,2110436595,440957815,0xdf92529f,1,5,48000,124855,-1,186967072,22412,,,2975200
4748,2111435824,440957815,0xdf92529f,1,5,48000,232637,-1,136601616,54939,,,2975712
4749,2112136014,440957815,0xdf92529f,1,5,48000,253164,-1,519693536,73028,,,2976304
4750,2112190735,440957815,0xdf92529f,1,5,48000,224095,-1,515757072,55144,,,2976912
4751,2112252392,440957815,0xdf92529f,1,5,48000,291318,-1,480155680,79080,,,2977488
4752,2113968167,440957815,0xdf92529f,1,5,48000,129248,-1,324837328,26911,,,2978128
4753,2114153349,440957815,0xdf92529f,1,5,48000,277885,-1,388526176,83175,,,2978624
4754,2114684177,440957815,0xdf92529f,1,5,48000,60534,-1,401694000,19721,,,2979264
4755,2114947398,440957815,0xdf92529f,1,5,48000,371396,-1,265956160,96792,,,2979744
4756,2115295722,440957815,0xdf92529f,1,5,48000,190443,-1,253932864,55121,,,2980448
4757,2115719786,440957815,0xdf92529f,1,5,48000,305496,-1,338097424,65311,,,2980992
4758,2116109769,440957815,0xdf92529f,1,5,48000,218842,-1,179395424,48604,,,2981648
4759,2116362734,440957815,0xdf92529f,1,5,48000,405798,-1,395304192,91311,,,2982224
4760,2116992620,440957815,0xdf92529f,1,5,48000,225791,-1,290657056,42446,,,2982992
4761,2117214025,440957815,0xdf92529f,1,5,48000,98623,-1,543903824,17512,,,2983600
4762,2117460864,440957815,0xdf92529f,1,5,48000,341738,-1,517235616,101484,,,2984096
4763,2117513064,440957815,0xdf92529f,1,5,48000,277993,-1,202156240,73002,,,2984832
4764,2117861388,440957815,0xdf92529f,1,5,48000,216635,-1,194339776,50844,,,2985472
4765,2117916109,440957815,0xdf92529f,1,5,48000,194501,-1,189328608,51548,,,2986032
4766,2117971851,440957815,0xdf92529f,1,5,48000,128872,-1,218960240,28073,,,2986592
4767,2119102260,440957815,0xdf92529f,1,5,48000,101063,-1,396638064,19622,,,2987088
4768,2119440813,440957815,0xdf92529f,1,5,48000,99301,-1,178368368,31085,,,2987568
4769,2120664883,440957815,0xdf92529f,1,5,48000,263790,-1,162749552,66166,,,2988064
4770,2121755367,440957815,0xdf92529f,1,5,48000,239783,-1,446776864,71974,,,2988672
4771,2121811109,440957815,0xdf92529f,1,5,48000,295367,-1,466272160,84810,,,2989264
4772,2121975272,440957815,0xdf92529f,1,5,48000,392756,-1,457832896,104652,,,2989904
4773,2122141803,440957815,0xdf92529f,1,5,48000,203782,-1,166942448,46090,,,2990544
4774,2122426912,440957815,0xdf92529f,1,5,48000,148929,-1,272712128,34861,,,2991136
4775,2122778778,440957815,0xdf92529f,1,5,48000,101038,-1,548022256,18958,,,2991696
4776,2122830978,440957815,0xdf92529f,1,5,48000,323782,-1,318986400,74669,,,2992176
4777,2122905697,440957815,0xdf92529f,1,5,48000,115050,-1,343821360,24885,,,2992896
4778,2124998442,440957815,0xdf92529f,1,5,48000,367226,-1,209225904,77715,,,2993392
4779,2125757488,440957815,0xdf92529f,1,5,48000,302596,-1,533574656,76778,,,2994112
4780,2125934701,440957815,0xdf92529f,1,5,48000,34839,-1,352682432,12813,,,2994720
4781,2126081251,440957815,0xdf92529f,1,5,48000,183455,-1,40654896,39716,,,2995184
4782,2126135972,440957815,0xdf92529f,1,5,48000,193878,-1,21794992,41359,,,2995760
4783,2126231052,440957815,0xdf92529f,1,5,48000,102184,-1,402639600,29568,,,2996336
4784,2126623735,440957815,0xdf92529f,1,5,48000,243712,-1,141224032,53181,,,2996864
4785,2127139764,440957815,0xdf92529f,1,5,48000,331286,-1,511370208,78365,,,2997504
4786,2127985753,440957815,0xdf92529f,1,5,48000,123643,-1,554586432,28329,,,2998224
4787,2128191193,440957815,0xdf92529f,1,5,48000,297841,-1,149336880,63755,,,2998736
4788,2128245914,440957815,0xdf92529f,1,5,48000,311188,-1,123935408,69334,,,2999408
4789,2129577460,440957815,0xdf92529f,1,5,48000,342353,-1,427115712,78185,,,3000080
4790,2130629940,440957815,0xdf92529f,1,5,48000,235060,-1,477116352,53360,,,3000784
4791,2131103447,440957815,0xdf92529f,1,5,48000,96503,-1,566943856,18863,,,3001392
4792,2131832207,440957815,0xdf92529f,1,5,48000,356747,-1,294426112,76604,,,3001872
4793,2131932671,440957815,0xdf92529f,1,5,48000,189296,-1,319435456,40054,,,3002560
4794,2131941649,440957815,0xdf92529f,1,5,48000,177102,-1,282407808,39105,,,3003120
4795,2132377137,440957815,0xdf92529f,1,5,48000,121027,-1,423569680,24655,,,3003696
4796,2132407372,440957815,0xdf92529f,1,5,48000,166523,-1,196101184,39858,,,3004160
4797,2132477676,440957815,0xdf92529f,1,5,48000,157026,-1,553955984,35940,,,3004688
4798,2133516043,440957815,0xdf92529f,1,5,48000,360990,-1,136968256,90861,,,3005216
4799,2133625485,440957815,0xdf92529f,1,5,48000,421021,-1,91414896,100862,,,3005920
4800,2133680206,440957815,0xdf92529f,1,5,48000,310418,-1,69245520,76845,,,3006704
4801,2133789648,440957815,0xdf92529f,1,5,48000,153968,-1,33395504,29732,,,3007360
4802,2133806252,440957815,0xdf92529f,1,5,48000,99049,-1,553251280,20595,,,3007904
4803,2133864367,440957815,0xdf92529f,1,5,48000,344458,-1,120561904,87402,,,3008368
4804,2134216233,440957815,0xdf92529f,1,5,48000,445164,-1,519906384,108431,,,3009056
4805,2136248393,440957815,0xdf92529f,1,5,48000,268470,-1,471465120,71049,,,3009840
4806,2137481576,440957815,0xdf92529f,1,5,48000,67908,-1,353588576,24597,,,3010464
4807,2139825229,440957815,0xdf92529f,1,5,48000,138633,-1,328629408,30077,,,3010944
4808,2140119853,440957815,0xdf92529f,1,5,48000,285916,-1,382328160,71459,,,3011472
4809,2140126989,440957815,0xdf92529f,1,5,48000,103141,-1,492193696,18178,,,3012096
4810,2140132915,440957815,0xdf92529f,1,5,48000,255487,-1,443642480,76700,,,3012576
4811,2140174574,440957815,0xdf92529f,1,5,48000,361645,-1,374434528,99207,,,3013184
4812,2140708080,440957815,0xdf92529f,1,5,48000,170248,-1,418462848,34559,,,3013856
4813,2140933900,440957815,0xdf92529f,1,5,48000,244397,-1,296444608,57092,,,3014416
4814,2141030280,440957815,0xdf92529f,1,5,48000,253938,-1,16425456,55229,,,3015024
4815,2141043342,440957815,0xdf92529f,1,5,48000,186517,-1,282917312,31170,,,3015632
4816,2141159720,440957815,0xdf92529f,1,5,48000,317967,-1,82760256,79685,,,3016192
4817,2141214441,440957815,0xdf92529f,1,5,48000,142351,-1,63063888,23124,,,3016848
4818,2141449929,440957815,0xdf92529f,1,5,48000,145720,-1,549168112,30104,,,3017376
4819,2141509065,440957815,0xdf92529f,1,5,48000,358350,-1,197639136,96115,,,3017888
4820,2141591499,440957815,0xdf92529f,1,5,48000,237667,-1,425368768,48410,,,3018576
4821,2141693226,440957815,0xdf92529f,1,5,48000,223944,-1,203551200,53289,,,3019152
4822,2141858410,440957815,0xdf92529f,1,5,48000,108043,-1,229312288,23102,,,3019744
4823,2142097292,440957815,0xdf92529f,1,5,48000,179920,-1,237741616,34563,,,3020240
4824,2142261455,440957815,0xdf92529f,1,5,48000,240822,-1,220377696,50000,,,3020784
4825,2142597738,440957815,0xdf92529f,1,5,48000,373856,-1,24562320,68988,,,3021392
4826,2142911339,440957815,0xdf92529f,1,5,48000,150186,-1,147614032,33293,,,3022080
4827,2142946062,440957815,0xdf92529f,1,5,48000,120863,-1,10527248,25209,,,3022592
4828,2142966060,440957815,0xdf92529f,1,5,48000,341224,-1,121490192,82632,,,3023104
4829,2143130223,440957815,0xdf92529f,1,5,48000,246627,-1,60988544,53454,,,3023872
4830,2143627661,440957815,0xdf92529f,1,5,48000,80835,-1,396514160,21583,,,3024480
4831,2145554145,440957815,0xdf92529f,1,5,48000,329805,-1,366062736,92993,,,3024944
4832,2146199447,440957815,0xdf92529f,1,5,48000,120846,-1,467229088,24660,,,3025584
4833,2146326533,440957815,0xdf92529f,1,5,48000,256076,-1,415674704,55494,,,3026064
4834,2146477634,440957815,0xdf92529f,1,5,48000,315654,-1,256238720,72838,,,3026656
4835,2147251043,440957815,0xdf92529f,1,5,48000,161836,-1,382841056,42585,,,3027312
4836,2147469927,440957815,0xdf92529f,1,5,48000,516231,-1,363398928,130281,,,3027888
4837,2147990371,440957815,0xdf92529f,1,5,48000,411203,-1,275301728,99023,,,3028752
4838,2148216191,440957815,0xdf92529f,1,5,48000,425937,-1,22578336,101764,,,3029472
4839,2148523877,440957815,0xdf92529f,1,5,48000,137846,-1,336699264,27020,,,3030240
4840,2148635840,440957815,0xdf92529f,1,5,48000,110742,-1,549667728,20276,,,3030752
4841,2149741990,440957815,0xdf92529f,1,5,48000,319489,-1,291417680,69706,,,3031248
4842,2149796711,440957815,0xdf92529f,1,5,48000,334346,-1,287261840,67016,,,3031936
4843,2150077252,440957815,0xdf92529f,1,5,48000,297677,-1,38217456,60038,,,3032624
4844,2150707434,440957815,0xdf92529f,1,5,48000,143970,-1,567824848,27673,,,3033296
4845,2150785585,440957815,0xdf92529f,1,5,48000,180428,-1,568563008,59066,,,3033824
4846,2150872212,440957815,0xdf92529f,1,5,48000,143677,-1,567211712,29827,,,3034384
4847,2151097964,440957815,0xdf92529f,1,5,48000,165805,-1,158296080,38287,,,3034880
4848,2152187194,440957815,0xdf92529f,1,5,48000,328710,-1,145654624,80315,,,3035424
4849,2152274333,440957815,0xdf92529f,1,5,48000,344115,-1,427525616,79223,,,3036096
4850,2152710159,440957815,0xdf92529f,1,5,48000,356488,-1,478112192,82247,,,3036832
4851,2153009483,440957815,0xdf92529f,1,5,48000,275107,-1,310498128,65287,,,3037520
4852,2153401866,440957815,0xdf92529f,1,5,48000,80612,-1,501666768,14921,,,3038160
4853,2154012890,440957815,0xdf92529f,1,5,48000,87803,-1,319847120,14983,,,3038608
4854,2155298786,440957815,0xdf92529f,1,5,48000,95486,-1,406688416,18959,,,3039072
4855,2156458094,440957815,0xdf92529f,1,5,48000,373996,-1,190434752,96741,,,3039552
4856,2157046321,440957815,0xdf92529f,1,5,48000,282782,-1,235375616,60896,,,3040256
4857,2157840370,440957815,0xdf92529f,1,5,48000,436996,-1,4957424,115974,,,3040880
4858,2158095856,440957815,0xdf92529f,1,5,48000,144775,-1,553599104,34097,,,3041664
4859,2158150577,440957815,0xdf92529f,1,5,48000,70614,-1,552000704,10920,,,3042176
4860,2158170578,440957815,0xdf92529f,1,5,48000,41738,-1,151984,13995,,,3042624
4861,2159298386,440957815,0xdf92529f,1,5,48000,225603,-1,55535440,44726,,,3043088
4862,2159482547,440957815,0xdf92529f,1,5,48000,132391,-1,103773488,28555,,,3043680
4863,2159646710,440957815,0xdf92529f,1,5,48000,353024,-1,43866256,77166,,,3044192
4864,2162213134,440957815,0xdf92529f,1,5,48000,182636,-1,444847344,40458,,,3044912
4865,2162254793,440957815,0xdf92529f,1,5,48000,428159,-1,376359440,110012,,,3045488
4866,2162364235,440957815,0xdf92529f,1,5,48000,428499,-1,359610448,149633,,,3046112
4867,2163363464,440957815,0xdf92529f,1,5,48000,336903,-1,342909696,64907,,,3046880
4868,2163582348,440957815,0xdf92529f,1,5,48000,340857,-1,320918608,78107,,,3047552
4869,2164677957,440957815,0xdf92529f,1,5,48000,336999,-1,24942752,83504,,,3048256
4870,2164704081,440957815,0xdf92529f,1,5,48000,492023,-1,414389936,101617,,,3048944
4871,2165669229,440957815,0xdf92529f,1,5,48000,246659,-1,179526256,55408,,,3049728
4872,2166041093,440957815,0xdf92529f,1,5,48000,393300,-1,538945536,92062,,,3050320
4873,2166668458,440957815,0xdf92529f,1,5,48000,166113,-1,108439104,35344,,,3051024
4874,2166723179,440957815,0xdf92529f,1,5,48000,150750,-1,86932560,32306,,,3051584
4875,2166777900,440957815,0xdf92529f,1,5,48000,183513,-1,66245296,38592,,,3052112
4876,2166780421,440957815,0xdf92529f,1,5,48000,307125,-1,496662960,55361,,,3052688
4877,2167197549,440957815,0xdf92529f,1,5,48000,101123,-1,553686096,21909,,,3053328
4878,2167475569,440957815,0xdf92529f,1,5,48000,170519,-1,189420720,34229,,,3053824
4879,2168159081,440957815,0xdf92529f,1,5,48000,281884,-1,351473712,67189,,,3054352
4880,2168290637,440957815,0xdf92529f,1,5,48000,174145,-1,97520160,34028,,,3054976
4881,2169269605,440957815,0xdf92529f,1,5,48000,383194,-1,439076592,109367,,,3055504
4882,2170713538,440957815,0xdf92529f,1,5,48000,271347,-1,326724224,58695,,,3056256
4883,2170768259,440957815,0xdf92529f,1,5,48000,171170,-1,321792896,39991,,,3056880
4884,2171445455,440957815,0xdf92529f,1,5,48000,70436,-1,177661632,23581,,,3057440
4885,2171540647,440957815,0xdf92529f,1,5,48000,239698,-1,393577776,52070,,,3057920
4886,2171701263,440957815,0xdf92529f,1,5,48000,314617,-1,169064224,76677,,,3058528
4887,2171741806,440957815,0xdf92529f,1,5,48000,69846,-1,211080624,22166,,,3059216
4888,2171760552,440957815,0xdf92529f,1,5,48000,375237,-1,407125056,88144,,,3059728
4889,2172465157,440957815,0xdf92529f,1,5,48000,236807,-1,343936528,46402,,,3060432
4890,2172669525,440957815,0xdf92529f,1,5,48000,130487,-1,155173616,31119,,,3061008
4891,2173279204,440957815,0xdf92529f,1,5,48000,387653,-1,238499104,87126,,,3061520
4892,2173608551,440957815,0xdf92529f,1,5,48000,240377,-1,266866368,40866,,,3062240
4893,2173683270,440957815,0xdf92529f,1,5,48000,466200,-1,302868816,104390,,,3062832
4894,2174018532,440957815,0xdf92529f,1,5,48000,145478,-1,54337824,26685,,,3063648
4895,2174073253,440957815,0xdf92529f,1,5,48000,527483,-1,34740752,117887,,,3064192
4896,2174146445,440957815,0xdf92529f,1,5,48000,134117,-1,157075808,32886,,,3065104
4897,2174380939,440957815,0xdf92529f,1,5,48000,230824,-1,339185888,47012,,,3065600
4898,2175316948,440957815,0xdf92529f,1,5,48000,310020,-1,533865152,77122,,,3066192
4899,2176110997,440957815,0xdf92529f,1,5,48000,411184,-1,494262240,86262,,,3066832
4900,2176706160,440957815,0xdf92529f,1,5,48000,314887,-1,470048240,88906,,,3067584
4901,2179577065,440957815,0xdf92529f,1,5,48000,262083,-1,208596096,57099,,,3068208
4902,2179815231,440957815,0xdf92529f,1,5,48000,363846,-1,327014928,78185,,,3068816
4903,2182037136,440957815,0xdf92529f,1,5,48000,74063,-1,554047536,13422,,,3069520
4904,2182664501,440957815,0xdf92529f,1,5,48000,100608,-1,225276224,20609,,,3069984
4905,2183130224,440957815,0xdf92529f,1,5,48000,335343,-1,111860032,89241,,,3070464
4906,2183239666,440957815,0xdf92529f,1,5,48000,246367,-1,69437408,58492,,,3071152
4907,2183294387,440957815,0xdf92529f,1,5,48000,260777,-1,52169552,54511,,,3071760
4908,2183369106,440957815,0xdf92529f,1,5,48000,128098,-1,146608960,29790,,,3072400
4909,2183403829,440957815,0xdf92529f,1,5,48000,171818,-1,9825520,35816,,,3072912
4910,2183423827,440957815,0xdf92529f,1,5,48000,320163,-1,120788768,75252,,,3073456
4911,2183478548,440957815,0xdf92529f,1,5,48000,125817,-1,100325872,27167,,,3074112
4912,2183533269,440957815,0xdf92529f,1,5,48000,268666,-1,79441104,66756,,,3074624
4913,2183755695,440957815,0xdf92529f,1,5,48000,264530,-1,507477360,59828,,,3075264
4914,2183882614,440957815,0xdf92529f,1,5,48000,485088,-1,194899088,100427,,,3075920
4915,2184057702,440957815,0xdf92529f,1,5,48000,219811,-1,556617472,50283,,,3076688
4916,2184418641,440957815,0xdf92529f,1,5,48000,359221,-1,535609184,95443,,,3077280
4917,2184808624,440957815,0xdf92529f,1,5,48000,324579,-1,486979728,97525,,,3077968
4918,2185272491,440957815,0xdf92529f,1,5,48000,105865,-1,241868816,20458,,,3078608
4919,2185807853,440957815,0xdf92529f,1,5,48000,189846,-1,471702112,48812,,,3079104
4920,2186935401,440957815,0xdf92529f,1,5,48000,344663,-1,254816192,90588,,,3079648
4921,2187292118,440957815,0xdf92529f,1,5,48000,174216,-1,401857072,42621,,,3080320
4922,2188741741,440957815,0xdf92529f,1,5,48000,349032,-1,277813856,78178,,,3080896
4923,2188796462,440957815,0xdf92529f,1,5,48000,413418,-1,268073696,109653,,,3081648
4924,2188967561,440957815,0xdf92529f,1,5,48000,409686,-1,31284784,94865,,,3082400
4925,2189022282,440957815,0xdf92529f,1,5,48000,266243,-1,6696384,69470,,,3083152
4926,2189918195,440957815,0xdf92529f,1,5,48000,207041,-1,390895120,48372,,,3083792
4927,2190144015,440957815,0xdf92529f,1,5,48000,218236,-1,230864720,55252,,,3084400
4928,2190309199,440957815,0xdf92529f,1,5,48000,483756,-1,280046496,106880,,,3084976
4929,2190425577,440957815,0xdf92529f,1,5,48000,145954,-1,75258592,30588,,,3085792
4930,2190493360,440957815,0xdf92529f,1,5,48000,230655,-1,296815120,63911,,,3086352
4931,2190555017,440957815,0xdf92529f,1,5,48000,288124,-1,152577024,74743,,,3086928
4932,2190602802,440957815,0xdf92529f,1,5,48000,266508,-1,282948528,44199,,,3087616
4933,2190609738,440957815,0xdf92529f,1,5,48000,246493,-1,127773680,55879,,,3088272
4934,2190719180,440957815,0xdf92529f,1,5,48000,289215,-1,82979456,72433,,,3088912
4935,2190828622,440957815,0xdf92529f,1,5,48000,171731,-1,45596432,37149,,,3089584
4936,2190903341,440957815,0xdf92529f,1,5,48000,365414,-1,139357408,90661,,,3090144
4937,2191289930,440957815,0xdf92529f,1,5,48000,412969,-1,505308976,132347,,,3090880
4938,2191591104,440957815,0xdf92529f,1,5,48000,408110,-1,206796944,101226,,,3091632
4939,2191656752,440957815,0xdf92529f,1,5,48000,258251,-1,237879216,67663,,,3092368
4940,2192104932,440957815,0xdf92529f,1,5,48000,45562,-1,209790544,16274,,,3092960
4941,2192231917,440957815,0xdf92529f,1,5,48000,339888,-1,112705600,81974,,,3093424
4942,2192341359,440957815,0xdf92529f,1,5,48000,386922,-1,70544800,104963,,,3094128
4943,2192401283,440957815,0xdf92529f,1,5,48000,70699,-1,248605664,21815,,,3094832
4944,2192525520,440957815,0xdf92529f,1,5,48000,300424,-1,121706816,71097,,,3095328
4945,2194726663,440957815,0xdf92529f,1,5,48000,285265,-1,247331712,77946,,,3095984
4946,2194749744,440957815,0xdf92529f,1,5,48000,158085,-1,167236448,37053,,,3096624
4947,2195366570,440957815,0xdf92529f,1,5,48000,301828,-1,460060576,75721,,,3097136
4948,2195688770,440957815,0xdf92529f,1,5,48000,380968,-1,267212560,80059,,,3097792
4949,2195756553,440957815,0xdf92529f,1,5,48000,150342,-1,406417120,26397,,,3098496
4950,2196170122,440957815,0xdf92529f,1,5,48000,278521,-1,424854144,53334,,,3099024
4951,2196224797,440957815,0xdf92529f,1,5,48000,112222,-1,550767600,23063,,,3099632
4952,2196331718,440957815,0xdf92529f,1,5,48000,364727,-1,322844832,85060,,,3100112
4953,2196461158,440957815,0xdf92529f,1,5,48000,270746,-1,339818592,63185,,,3100816
4954,2196682563,440957815,0xdf92529f,1,5,48000,71061,-1,547443072,10734,,,3101440
4955,2196810503,440957815,0xdf92529f,1,5,48000,548979,-1,383130336,150358,,,3101904
4956,2197213548,440957815,0xdf92529f,1,5,48000,260208,-1,378733184,65573,,,3102768
4957,2197494089,440957815,0xdf92529f,1,5,48000,364544,-1,213108112,81816,,,3103376
4958,2197679271,440957815,0xdf92529f,1,5,48000,166501,-1,302176816,28021,,,3104080
4959,2197705352,440957815,0xdf92529f,1,5,48000,32598,-1,1419104,13319,,,3104608
4960,2197720930,440957815,0xdf92529f,1,5,48000,69860,-1,41853280,11440,,,3105072
4961,2197733992,440957815,0xdf92529f,1,5,48000,389390,-1,290943056,90220,,,3105520
4962,2197952876,440957815,0xdf92529f,1,5,48000,178700,-1,249872736,45947,,,3106240
4963,2197959812,440957815,0xdf92529f,1,5,48000,191967,-1,67625824,40815,,,3106800
4964,2198014533,440957815,0xdf92529f,1,5,48000,322125,-1,50230144,74449,,,3107392
4965,2198195300,440957815,0xdf92529f,1,5,48000,87449,-1,549688048,15838,,,3108096
4966,2198542642,440957815,0xdf92529f,1,5,48000,63548,-1,352759392,23128,,,3108560
4967,2198547368,440957815,0xdf92529f,1,5,48000,115142,-1,307254336,23233,,,3109056
4968,2199433354,440957815,0xdf92529f,1,5,48000,110842,-1,178025664,32630,,,3109536
4969,2199581991,440957815,0xdf92529f,1,5,48000,331115,-1,58752048,75076,,,3110080
4970,2199691433,440957815,0xdf92529f,1,5,48000,171798,-1,17714448,38315,,,3110752
4971,2200170218,440957815,0xdf92529f,1,5,48000,331362,-1,198764320,81779,,,3111280
4972,2200657424,440957815,0xdf92529f,1,5,48000,201825,-1,161829008,45626,,,3111920
4973,2206498860,440957815,0xdf92529f,1,5,48000,161652,-1,537072736,32635,,,3112496
4974,2206605781,440957815,0xdf92529f,1,5,48000,298458,-1,235634032,91782,,,3113040
4975,2207126225,440957815,0xdf92529f,1,5,48000,189538,-1,107849744,37561,,,3113696
4976,2207180946,440957815,0xdf92529f,1,5,48000,390948,-1,84830224,81043,,,3114304
4977,2207235667,440957815,0xdf92529f,1,5,48000,111857,-1,65887840,24046,,,3115024
4978,2207365107,440957815,0xdf92529f,1,5,48000,174704,-1,143127760,39910,,,3115488
4979,2207399830,440957815,0xdf92529f,1,5,48000,257925,-1,5225600,59071,,,3116032
4980,2207737520,440957815,0xdf92529f,1,5,48000,122062,-1,450876112,27263,,,3116656
4981,2207933336,440957815,0xdf92529f,1,5,48000,328195,-1,189223840,86941,,,3117152
4982,2208987286,440957815,0xdf92529f,1,5,48000,127714,-1,126000192,27420,,,3117792
4983,2209042007,440957815,0xdf92529f,1,5,48000,199686,-1,103917312,46962,,,3118304
4984,2209553210,440957815,0xdf92529f,1,5,48000,315802,-1,439589872,85473,,,3118880
4985,2211998414,440957815,0xdf92529f,1,5,48000,161145,-1,391672848,28686,,,3119584
4986,2212347759,440957815,0xdf92529f,1,5,48000,78964,-1,419487120,13214,,,3120112
4987,2212369678,440957815,0xdf92529f,1,5,48000,122917,-1,423300368,23296,,,3120560
4988,2213196529,440957815,0xdf92529f,1,5,48000,351049,-1,314215152,71509,,,3121056
4989,2213498089,440957815,0xdf92529f,1,5,48000,155656,-1,229953824,29798,,,3121728
4990,2213675314,440957815,0xdf92529f,1,5,48000,275169,-1,379862288,72606,,,3122256
4991,2214237417,440957815,0xdf92529f,1,5,48000,234326,-1,25059248,58654,,,3122896
4992,2214421578,440957815,0xdf92529f,1,5,48000,224228,-1,71260928,48643,,,3123488
4993,2214476299,440957815,0xdf92529f,1,5,48000,173890,-1,53233856,38786,,,3124048
4994,2214602345,440957815,0xdf92529f,1,5,48000,77959,-1,550550912,13652,,,3124592
4995,2214880365,440957815,0xdf92529f,1,5,48000,316482,-1,185461152,63626,,,3125056
4996,2216282639,440957815,0xdf92529f,1,5,48000,367312,-1,87222640,78561,,,3125680
4997,2216337360,440957815,0xdf92529f,1,5,48000,295288,-1,66413056,68111,,,3126416
4998,2218829065,440957815,0xdf92529f,1,5,48000,492844,-1,439446192,143647,,,3127040
4999,2220033095,440957815,0xdf92529f,1,5,48000,169065,-1,250545888,38377,,,3127872
5000,2220113573,440957815,0xdf92529f,1,5,48000,89808,-1,211192256,34057,,,3128416
5001,2220848163,440957815,0xdf92529f,1,5,48000,223412,-1,212506624,54386,,,3128912
5002,2221325927,440957815,0xdf92529f,1,5,48000,321899,-1,233319744,97906,,,3129520
5003,2221449452,440957815,0xdf92529f,1,5,48000,559701,-1,421309328,106537,,,3130160
5004,2221716931,440957815,0xdf92529f,1,5,48000,235494,-1,38841600,55789,,,3130992
5005,2221771652,440957815,0xdf92529f,1,5,48000,202148,-1,18481632,49468,,,3131600
5006,2221955813,440957815,0xdf92529f,1,5,48000,254690,-1,64294704,50632,,,3132176
5007,2222119976,440957815,0xdf92529f,1,5,48000,472468,-1,1975472,115216,,,3132832
5008,2222250437,440957815,0xdf92529f,1,5,48000,144443,-1,199271056,28668,,,3133664
5009,2222414600,440957815,0xdf92529f,1,5,48000,140463,-1,183223968,21585,,,3134192
5010,2222737704,440957815,0xdf92529f,1,5,48000,276915,-1,350912288,67089,,,3134736
5011,2223393526,440957815,0xdf92529f,1,5,48000,90699,-1,568797360,21048,,,3135376
5012,2223468550,440957815,0xdf92529f,1,5,48000,400756,-1,95068576,94466,,,3135856
5013,2223632713,440957815,0xdf92529f,1,5,48000,458843,-1,34997264,97860,,,3136640
5014,2223705905,440957815,0xdf92529f,1,5,48000,140703,-1,158460976,28517,,,3137392
5015,2223884115,440957815,0xdf92529f,1,5,48000,350677,-1,499938896,84584,,,3137904
5016,2224111498,440957815,0xdf92529f,1,5,48000,254757,-1,202474080,61914,,,3138560
5017,2225182825,440957815,0xdf92529f,1,5,48000,318326,-1,161386400,69616,,,3139184
5018,2225644555,440957815,0xdf92529f,1,5,48000,140117,-1,436316928,37888,,,3139840
5019,2226191988,440957815,0xdf92529f,1,5,48000,94749,-1,466990976,18581,,,3140352
5020,2227503529,440957815,0xdf92529f,1,5,48000,133949,-1,306623776,35548,,,3140816
5021,2227568351,440957815,0xdf92529f,1,5,48000,353058,-1,317417008,79259,,,3141296
5022,2227992415,440957815,0xdf92529f,1,5,48000,256830,-1,385939424,50600,,,3142032
5023,2228211299,440957815,0xdf92529f,1,5,48000,328775,-1,364077696,89512,,,3142624
5024,2228854247,440957815,0xdf92529f,1,5,48000,261535,-1,405290144,59415,,,3143248
5025,2229319970,440957815,0xdf92529f,1,5,48000,200182,-1,330799280,43697,,,3143840
5026,2230647525,440957815,0xdf92529f,1,5,48000,325391,-1,273831968,72319,,,3144416
5027,2230748994,440957815,0xdf92529f,1,5,48000,86564,-1,402109088,26624,,,3145088
5028,2231012784,440957815,0xdf92529f,1,5,48000,388932,-1,151777888,94448,,,3145600
5029,2231067505,440957815,0xdf92529f,1,5,48000,209090,-1,126697072,52243,,,3146368
5030,2233394407,440957815,0xdf92529f,1,5,48000,69257,-1,501462512,10235,,,3146928
5031,2234062719,440957815,0xdf92529f,1,5,48000,308568,-1,454365248,73567,,,3147376
5032,2234074481,440957815,0xdf92529f,1,5,48000,331031,-1,484583888,81022,,,3147984
5033,2234368084,440957815,0xdf92529f,1,5,48000,235643,-1,487548752,55225,,,3148656
5034,2235367313,440957815,0xdf92529f,1,5,48000,365707,-1,471949488,100246,,,3149264
5035,2235650175,440957815,0xdf92529f,1,5,48000,237870,-1,464144448,59883,,,3149936
5036,2236682564,440957815,0xdf92529f,1,5,48000,84554,-1,550615072,15951,,,3150528
5037,2237887302,440957815,0xdf92529f,1,5,48000,303267,-1,400131088,88408,,,3151008
5038,2238178697,440957815,0xdf92529f,1,5,48000,358584,-1,40406016,79529,,,3151664
5039,2238233418,440957815,0xdf92529f,1,5,48000,237373,-1,21612384,60511,,,3152400
5040,2238355922,440957815,0xdf92529f,1,5,48000,485113,-1,268499088,126216,,,3152992
5041,2239930316,440957815,0xdf92529f,1,5,48000,90730,-1,97794864,13772,,,3153856
5042,2240039758,440957815,0xdf92529f,1,5,48000,359354,-1,57712096,86693,,,3154336
5043,2240114477,440957815,0xdf92529f,1,5,48000,349074,-1,152996064,95375,,,3155120
5044,2240169198,440957815,0xdf92529f,1,5,48000,193034,-1,127996960,43428,,,3155840
5045,2240187472,440957815,0xdf92529f,1,5,48000,119174,-1,210118784,41027,,,3156416
5046,2240388082,440957815,0xdf92529f,1,5,48000,493099,-1,45744624,118024,,,3156960
5047,2240442803,440957815,0xdf92529f,1,5,48000,139640,-1,25982480,29424,,,3157776
5048,2240627985,440957815,0xdf92529f,1,5,48000,255923,-1,197961456,69520,,,3158304
5049,2241736656,440957815,0xdf92529f,1,5,48000,255276,-1,137959360,62062,,,3158928
5050,2242030259,440957815,0xdf92529f,1,5,48000,233273,-1,147829056,57931,,,3159568
5051,2242954506,440957815,0xdf92529f,1,5,48000,270743,-1,447997920,76727,,,3160176
5052,2243693834,440957815,0xdf92529f,1,5,48000,213595,-1,409125120,36220,,,3160784
5053,2244159557,440957815,0xdf92529f,1,5,48000,305152,-1,335799424,61384,,,3161408
5054,2244309204,440957815,0xdf92529f,1,5,48000,122040,-1,169248992,26785,,,3162112
5055,2245316013,440957815,0xdf92529f,1,5,48000,383549,-1,406563472,77389,,,3162608
5056,2245541833,440957815,0xdf92529f,1,5,48000,113384,-1,270470928,17636,,,3163328
5057,2245596554,440957815,0xdf92529f,1,5,48000,294839,-1,256753072,57029,,,3163840
5058,2246130060,440957815,0xdf92529f,1,5,48000,190766,-1,329099360,28604,,,3164496
5059,2246410601,440957815,0xdf92529f,1,5,48000,415757,-1,180933376,98044,,,3165024
5060,2247409830,440957815,0xdf92529f,1,5,48000,364523,-1,109859392,95449,,,3165760
5061,2247464551,440957815,0xdf92529f,1,5,48000,196473,-1,89537568,41224,,,3166464
5062,2247573993,440957815,0xdf92529f,1,5,48000,161726,-1,50696768,38555,,,3167056
5063,2248035301,440957815,0xdf92529f,1,5,48000,219122,-1,505961360,69976,,,3167584
5064,2248117666,440957815,0xdf92529f,1,5,48000,381758,-1,176029040,96203,,,3168176
5065,2249305286,440957815,0xdf92529f,1,5,48000,228011,-1,246700896,49671,,,3168880
5066,2250879745,440957815,0xdf92529f,1,5,48000,310591,-1,410175296,72266,,,3169488
5067,2251437996,440957815,0xdf92529f,1,5,48000,39247,-1,177359472,15410,,,3170176
5068,2251858976,440957815,0xdf92529f,1,5,48000,70370,-1,369166944,11588,,,3170640
5069,2252576363,440957815,0xdf92529f,1,5,48000,225120,-1,396172016,75082,,,3171088
5070,2252795527,440957815,0xdf92529f,1,5,48000,185541,-1,409188592,33725,,,3171696
5071,2253480134,440957815,0xdf92529f,1,5,48000,275161,-1,315756160,58745,,,3172224
5072,2254138986,440957815,0xdf92529f,1,5,48000,133666,-1,156677600,28889,,,3172832
5073,2255235620,440957815,0xdf92529f,1,5,48000,37094,-1,314112496,13561,,,3173360
5074,2255470093,440957815,0xdf92529f,1,5,48000,267548,-1,516786800,64290,,,3173808
5075,2256058320,440957815,0xdf92529f,1,5,48000,360757,-1,537405696,90541,,,3174432
5076,2256984364,440957815,0xdf92529f,1,5,48000,108177,-1,354329504,39364,,,3175120
5077,2257880432,440957815,0xdf92529f,1,5,48000,78593,-1,241976864,14986,,,3175632
5078,2260733286,440957815,0xdf92529f,1,5,48000,108530,-1,549646144,21538,,,3176112
5079,2261783694,440957815,0xdf92529f,1,5,48000,313520,-1,232008400,72613,,,3176608
5080,2261995267,440957815,0xdf92529f,1,5,48000,147679,-1,176512464,36557,,,3177264
5081,2262133039,440957815,0xdf92529f,1,5,48000,97138,-1,297762560,18788,,,3177776
5082,2262413580,440957815,0xdf92529f,1,5,48000,69918,-1,63731136,9327,,,3178256
5083,2262523022,440957815,0xdf92529f,1,5,48000,186179,-1,26545664,44386,,,3178704
5084,2263829937,440957815,0xdf92529f,1,5,48000,129032,-1,306395920,33833,,,3179264
5085,2263926317,440957815,0xdf92529f,1,5,48000,282182,-1,93875872,63895,,,3179824
5086,2264110478,440957815,0xdf92529f,1,5,48000,190062,-1,148277088,50826,,,3180464
5087,2264165199,440957815,0xdf92529f,1,5,48000,344457,-1,122661632,83456,,,3181024
5088,2264329362,440957815,0xdf92529f,1,5,48000,180905,-1,61294624,31564,,,3181696
5089,2264330383,440957815,0xdf92529f,1,5,48000,197621,-1,193190896,50501,,,3182240
5090,2264712873,440957815,0xdf92529f,1,5,48000,94412,-1,209940768,24690,,,3182784
5091,2264717599,440957815,0xdf92529f,1,5,48000,89370,-1,170021744,11905,,,3183312
5092,2265009224,440957815,0xdf92529f,1,5,48000,88177,-1,248718304,26545,,,3183776
5093,2265605738,440957815,0xdf92529f,1,5,48000,275346,-1,495348256,48573,,,3184304
5094,2266026260,440957815,0xdf92529f,1,5,48000,203242,-1,144282880,44863,,,3184928
5095,2266080981,440957815,0xdf92529f,1,5,48000,83508,-1,117121680,13807,,,3185520
5096,2267284659,440957815,0xdf92529f,1,5,48000,42735,-1,401501056,15950,,,3185984
5097,2269133768,440957815,0xdf92529f,1,5,48000,122067,-1,213839328,25701,,,3186448
5098,2269780258,440957815,0xdf92529f,1,5,48000,76937,-1,550427568,12855,,,3186944
5099,2269948836,440957815,0xdf92529f,1,5,48000,345758,-1,192668464,75303,,,3187408
5100,2270407623,440957815,0xdf92529f,1,5,48000,319137,-1,212631936,68293,,,3188064
5101,2270659567,440957815,0xdf92529f,1,5,48000,322572,-1,394152496,81676,,,3188752
5102,2270885387,440957815,0xdf92529f,1,5,48000,497539,-1,233956272,91533,,,3189360
5103,2271105292,440957815,0xdf92529f,1,5,48000,376596,-1,272945008,98681,,,3190112
5104,2271166949,440957815,0xdf92529f,1,5,48000,231004,-1,77011312,51598,,,3190816
5105,2271234732,440957815,0xdf92529f,1,5,48000,250520,-1,298809760,45980,,,3191408
5106,2271276391,440957815,0xdf92529f,1,5,48000,126705,-1,38992384,24162,,,3192032
5107,2271569994,440957815,0xdf92529f,1,5,48000,112278,-1,47554160,23463,,,3192560
5108,2271624715,440957815,0xdf92529f,1,5,48000,299451,-1,27751312,76179,,,3193072
5109,2271679436,440957815,0xdf92529f,1,5,48000,334799,-1,2457424,71962,,,3193696
5110,2271809897,440957815,0xdf92529f,1,5,48000,212983,-1,199410464,47338,,,3194352
5111,2271974060,440957815,0xdf92529f,1,5,48000,357020,-1,183423824,83891,,,3194928
5112,2272041295,440957815,0xdf92529f,1,5,48000,27228,-1,178210224,10747,,,3195632
5113,2272507566,440957815,0xdf92529f,1,5,48000,254930,-1,226876192,52098,,,3196096
5114,2273028010,440957815,0xdf92529f,1,5,48000,365219,-1,95319424,92631,,,3196688
5115,2273265365,440957815,0xdf92529f,1,5,48000,334998,-1,162116688,73190,,,3197392
5116,2274742285,440957815,0xdf92529f,1,5,48000,197775,-1,166325584,45135,,,3198032
5117,2275038636,440957815,0xdf92529f,1,5,48000,170342,-1,204188096,43049,,,3198608
5118,2275115649,440957815,0xdf92529f,1,5,48000,185272,-1,434658640,56361,,,3199152
5119,2275625445,440957815,0xdf92529f,1,5,48000,70900,-1,526643328,13806,,,3199712
5120,2276107942,440957815,0xdf92529f,1,5,48000,326278,-1,462374240,88961,,,3200160
5121,2276778466,440957815,0xdf92529f,1,5,48000,366472,-1,259120480,99205,,,3200832
5122,2277202530,440957815,0xdf92529f,1,5,48000,241419,-1,341343744,48946,,,3201552
5123,2277900279,440957815,0xdf92529f,1,5,48000,162990,-1,451510704,34900,,,3202176
5124,2278694248,440957815,0xdf92529f,1,5,48000,239339,-1,252605136,65321,,,3202704
5125,2278821290,440957815,0xdf92529f,1,5,48000,112070,-1,568325488,26075,,,3203296
5126,2278831534,440957815,0xdf92529f,1,5,48000,67417,-1,402396304,22856,,,3203760
5127,2279566954,440957815,0xdf92529f,1,5,48000,280176,-1,173690288,73325,,,3204240
5128,2280345461,440957815,0xdf92529f,1,5,48000,106878,-1,451038016,31895,,,3204864
5129,2283622179,440957815,0xdf92529f,1,5,48000,413661,-1,454639056,105610,,,3205360
5130,2284145972,440957815,0xdf92529f,1,5,48000,342561,-1,399305536,106456,,,3206064
5131,2284956670,440957815,0xdf92529f,1,5,48000,337773,-1,367510048,87588,,,3206736
5132,2284977619,440957815,0xdf92529f,1,5,48000,89549,-1,423405920,15753,,,3207408
5133,2285209635,440957815,0xdf92529f,1,5,48000,123012,-1,464371568,24631,,,3207888
5134,2287812876,440957815,0xdf92529f,1,5,48000,309090,-1,134783184,76003,,,3208400
5135,2287867597,440957815,0xdf92529f,1,5,48000,226191,-1,108898480,54035,,,3209072
5136,2287977039,440957815,0xdf92529f,1,5,48000,150479,-1,67026080,32179,,,3209664
5137,2288031760,440957815,0xdf92529f,1,5,48000,325517,-1,49705344,72445,,,3210208
5138,2288086481,440957815,0xdf92529f,1,5,48000,327909,-1,31611376,62278,,,3210880
5139,2289489776,440957815,0xdf92529f,1,5,48000,116236,-1,97808672,17990,,,3211568
5140,2289492297,440957815,0xdf92529f,1,5,48000,116826,-1,497690288,25153,,,3212064
5141,2289728658,440957815,0xdf92529f,1,5,48000,350807,-1,128155792,79219,,,3212560
5142,2289838100,440957815,0xdf92529f,1,5,48000,192049,-1,83118048,35112,,,3213280
5143,2292513966,440957815,0xdf92529f,1,5,48000,171572,-1,448295936,29803,,,3213856
5144,2292727471,440957815,0xdf92529f,1,5,48000,73100,-1,492045440,13614,,,3214384
5145,2293185511,440957815,0xdf92529f,1,5,48000,84770,-1,273210432,16799,,,3214848
5146,2293424393,440957815,0xdf92529f,1,5,48000,361679,-1,283326240,81538,,,3215328
5147,2293664296,440957815,0xdf92529f,1,5,48000,191700,-1,345207792,38762,,,3216032
5148,2293937901,440957815,0xdf92529f,1,5,48000,170509,-1,315151632,41993,,,3216592
5149,2294416686,440957815,0xdf92529f,1,5,48000,117257,-1,381034080,28658,,,3217120
5150,2294807690,440957815,0xdf92529f,1,5,48000,392197,-1,267402256,92431,,,3217616
5151,2295101293,440957815,0xdf92529f,1,5,48000,394391,-1,270593200,88215,,,3218336
5152,2295162950,440957815,0xdf92529f,1,5,48000,244202,-1,73028288,41754,,,3219008
5153,2295340175,440957815,0xdf92529f,1,5,48000,257641,-1,282060256,61159,,,3219632
5154,2295401832,440957815,0xdf92529f,1,5,48000,263808,-1,103018384,60173,,,3220272
5155,2295456553,440957815,0xdf92529f,1,5,48000,331690,-1,81617264,82342,,,3220928
5156,2295634799,440957815,0xdf92529f,1,5,48000,151175,-1,335081008,37061,,,3221600
5157,2295970061,440957815,0xdf92529f,1,5,48000,218986,-1,181185312,49073,,,3222128
5158,2296027303,440957815,0xdf92529f,1,5,48000,273354,-1,503920000,102174,,,3222752
5159,2296894571,440957815,0xdf92529f,1,5,48000,236861,-1,23129328,55536,,,3223392
5160,2296914569,440957815,0xdf92529f,1,5,48000,152671,-1,136264352,36457,,,3224032
5161,2296969290,440957815,0xdf92529f,1,5,48000,338612,-1,110332000,86574,,,3224560
5162,2297078732,440957815,0xdf92529f,1,5,48000,224767,-1,67880976,46353,,,3225232
5163,2297375877,440957815,0xdf92529f,1,5,48000,87018,-1,513424368,15242,,,3225840
5164,2297790766,440957815,0xdf92529f,1,5,48000,241218,-1,161719984,48516,,,3226320
5165,2298775630,440957815,0xdf92529f,1,5,48000,348017,-1,154454272,83647,,,3226944
5166,2298799929,440957815,0xdf92529f,1,5,48000,86650,-1,467076304,15060,,,3227648
5167,2300111470,440957815,0xdf92529f,1,5,48000,94662,-1,306792416,17417,,,3228128
5168,2300774467,440957815,0xdf92529f,1,5,48000,396999,-1,253110240,92471,,,3228592
5169,2301253252,440957815,0xdf92529f,1,5,48000,317309,-1,334008896,78745,,,3229312
5170,2301615659,440957815,0xdf92529f,1,5,48000,310207,-1,449904960,88818,,,3230016
5171,2301712039,440957815,0xdf92529f,1,5,48000,158185,-1,370810320,34532,,,3230672
5172,2301883138,440957815,0xdf92529f,1,5,48000,388587,-1,216338656,100827,,,3231200
5173,2302341925,440957815,0xdf92529f,1,5,48000,105992,-1,260687168,25517,,,3231904
5174,2302416644,440957815,0xdf92529f,1,5,48000,209510,-1,300679424,41660,,,3232400
5175,2302458303,440957815,0xdf92529f,1,5,48000,320681,-1,39870272,61166,,,3232960
5176,2302513024,440957815,0xdf92529f,1,5,48000,246422,-1,20180592,47672,,,3233632
5177,2302991809,440957815,0xdf92529f,1,5,48000,134922,-1,201499712,23076,,,3234256
5178,2303046530,440957815,0xdf92529f,1,5,48000,294305,-1,192059568,72080,,,3234784
5179,2303356935,440957815,0xdf92529f,1,5,48000,32085,-1,402239456,11177,,,3235424
5180,2303698446,440957815,0xdf92529f,1,5,48000,141999,-1,158040608,32143,,,3235888
5181,2303984102,440957815,0xdf92529f,1,5,48000,145937,-1,303372672,34128,,,3236416
5182,2305175366,440957815,0xdf92529f,1,5,48000,252488,-1,160492128,63025,,,3236944
5183,2305617780,440957815,0xdf92529f,1,5,48000,321786,-1,537763664,75771,,,3237568
5184,2306002348,440957815,0xdf92529f,1,5,48000,79446,-1,501546640,14865,,,3238240
5185,2306992036,440957815,0xdf92529f,1,5,48000,439967,-1,563390160,106804,,,3238720
5186,2307006992,440957815,0xdf92529f,1,5,48000,235089,-1,473785856,63187,,,3239472
5187,2308309723,440957815,0xdf92529f,1,5,48000,469662,-1,318583664,105049,,,3240064
5188,2310221421,440957815,0xdf92529f,1,5,48000,151653,-1,7576144,32349,,,3240848
5189,2310713554,440957815,0xdf92529f,1,5,48000,305536,-1,312105568,80374,,,3241392
5190,2311343154,440957815,0xdf92529f,1,5,48000,318648,-1,232257120,67636,,,3242048
5191,2311808877,440957815,0xdf92529f,1,5,48000,417728,-1,128954400,116615,,,3242704
5192,2312082482,440957815,0xdf92529f,1,5,48000,225286,-1,26753712,45472,,,3243472
5193,2312267664,440957815,0xdf92529f,1,5,48000,106222,-1,198593168,16818,,,3244080
5194,2312795413,440957815,0xdf92529f,1,5,48000,37725,-1,210289312,13977,,,3244560
5195,2312900071,440957815,0xdf92529f,1,5,48000,160725,-1,484664944,39412,,,3245008
5196,2313376335,440957815,0xdf92529f,1,5,48000,356251,-1,138693104,83919,,,3245536
5197,2313485777,440957815,0xdf92529f,1,5,48000,63760,-1,94127728,7566,,,3246240
5198,2313540498,440957815,0xdf92529f,1,5,48000,243673,-1,71550160,52907,,,3246688
5199,2313595219,440957815,0xdf92529f,1,5,48000,400332,-1,53584080,97124,,,3247312
5200,2313724659,440957815,0xdf92529f,1,5,48000,263162,-1,123009472,56386,,,3248080
5201,2313779380,440957815,0xdf92529f,1,5,48000,201316,-1,101725840,42196,,,3248704
5202,2313781901,440957815,0xdf92529f,1,5,48000,170645,-1,499325616,31544,,,3249280
5203,2314076525,440957815,0xdf92529f,1,5,48000,172074,-1,522295424,30225,,,3249840
5204,2314719473,440957815,0xdf92529f,1,5,48000,319125,-1,539976064,84201,,,3250352
5205,2318009642,440957815,0xdf92529f,1,5,48000,324926,-1,385116976,109103,,,3251024
5206,2318467408,440957815,0xdf92529f,1,5,48000,175396,-1,373224112,56039,,,3251648
5207,2318583786,440957815,0xdf92529f,1,5,48000,325990,-1,223745184,92917,,,3252176
5208,2318762032,440957815,0xdf92529f,1,5,48000,295962,-1,413581520,65608,,,3252880
5209,2319152015,440957815,0xdf92529f,1,5,48000,331683,-1,250823456,93677,,,3253520
5210,2319323114,440957815,0xdf92529f,1,5,48000,458380,-1,8558656,102076,,,3254176
5211,2319563017,440957815,0xdf92529f,1,5,48000,183882,-1,188260848,41261,,,3254976
5212,2319617738,440957815,0xdf92529f,1,5,48000,290661,-1,185008544,65647,,,3255536
5213,2319913862,440957815,0xdf92529f,1,5,48000,189060,-1,508492416,49482,,,3256160
5214,2319967083,440957815,0xdf92529f,1,5,48000,409431,-1,212802368,75564,,,3256720
5215,2320041802,440957815,0xdf92529f,1,5,48000,118109,-1,239484944,23142,,,3257408
5216,2320794192,440957815,0xdf92529f,1,5,48000,347880,-1,299035344,79530,,,3257888
5217,2320890572,440957815,0xdf92529f,1,5,48000,343446,-1,18650704,88181,,,3258592
5218,2320910570,440957815,0xdf92529f,1,5,48000,263627,-1,130252896,56088,,,3259312
5219,2320965291,440957815,0xdf92529f,1,5,48000,132889,-1,106174048,27254,,,3259952
5220,2321184175,440957815,0xdf92529f,1,5,48000,576806,-1,27936688,123292,,,3260496
5221,2321369357,440957815,0xdf92529f,1,5,48000,251424,-1,199782512,66190,,,3261392
5222,2321426599,440957815,0xdf92529f,1,5,48000,228426,-1,511045360,72740,,,3262000
5223,2321717681,440957815,0xdf92529f,1,5,48000,427620,-1,193745280,110793,,,3262560
5224,2322727593,440957815,0xdf92529f,1,5,48000,374508,-1,310152240,82570,,,3263328
5225,2322771631,440957815,0xdf92529f,1,5,48000,379736,-1,149681024,93611,,,3264000
5226,2322826352,440957815,0xdf92529f,1,5,48000,154317,-1,124125728,32286,,,3264704
5227,2323032932,440957815,0xdf92529f,1,5,48000,278175,-1,429651904,87793,,,3265248
5228,2323566438,440957815,0xdf92529f,1,5,48000,345739,-1,438070432,96881,,,3265872
5229,2324380485,440957815,0xdf92529f,1,5,48000,358276,-1,412409696,71851,,,3266528
5230,2325119813,440957815,0xdf92529f,1,5,48000,418373,-1,316197504,96022,,,3267264
5231,2325611660,440957815,0xdf92529f,1,5,48000,233955,-1,441870144,47228,,,3268032
5232,2325837480,440957815,0xdf92529f,1,5,48000,154416,-1,389085648,42801,,,3268608
5233,2326173763,440957815,0xdf92529f,1,5,48000,269881,-1,285091312,75173,,,3269120
5234,2326186825,440957815,0xdf92529f,1,5,48000,153439,-1,417185408,36459,,,3269728
5235,2326412645,440957815,0xdf92529f,1,5,48000,332848,-1,294706000,67497,,,3270224
5236,2326687271,440957815,0xdf92529f,1,5,48000,206641,-1,317795808,37637,,,3270896
5237,2326746927,440957815,0xdf92529f,1,5,48000,125073,-1,156829376,30961,,,3271488
5238,2326987810,440957815,0xdf92529f,1,5,48000,328708,-1,196461456,71090,,,3271984
5239,2327337155,440957815,0xdf92529f,1,5,48000,90379,-1,228450432,16406,,,3272672
5240,2329882823,440957815,0xdf92529f,1,5,48000,162849,-1,60081232,30828,,,3273152
5241,2331211136,440957815,0xdf92529f,1,5,48000,354000,-1,455253104,98161,,,3273680
5242,2332893951,440957815,0xdf92529f,1,5,48000,177754,-1,370947664,51228,,,3274352
5243,2334145577,440957815,0xdf92529f,1,5,48000,274178,-1,173220784,69828,,,3274896
5244,2335914320,440957815,0xdf92529f,1,5,48000,157880,-1,81023600,36698,,,3275520
5245,2336204529,440957815,0xdf92529f,1,5,48000,92000,-1,548863920,15160,,,3276032
5246,2336373107,440957815,0xdf92529f,1,5,48000,303615,-1,186636032,69467,,,3276528
5247,2336961334,440957815,0xdf92529f,1,5,48000,306136,-1,222534176,98473,,,3277200
5248,2337245417,440957815,0xdf92529f,1,5,48000,221247,-1,495915808,32790,,,3277856
5249,2337536499,440957815,0xdf92529f,1,5,48000,119791,-1,67081296,23421,,,3278448
5250,2337872973,440957815,0xdf92529f,1,5,48000,94472,-1,241716832,16108,,,3278960
5251,2339051757,440957815,0xdf92529f,1,5,48000,496345,-1,497936992,100029,,,3279440
5252,2339892600,440957815,0xdf92529f,1,5,48000,93035,-1,401612752,29180,,,3280224
5253,2341822982,440957815,0xdf92529f,1,5,48000,109707,-1,548178192,20759,,,3280720
5254,2342073426,440957815,0xdf92529f,1,5,48000,306079,-1,448466000,66286,,,3281232
5255,2342744971,440957815,0xdf92529f,1,5,48000,383652,-1,273474592,89616,,,3281920
5256,2342970791,440957815,0xdf92529f,1,5,48000,166807,-1,19164176,30551,,,3282656
5257,2343390440,440957815,0xdf92529f,1,5,48000,100195,-1,549353600,19706,,,3283232
5258,2343629322,440957815,0xdf92529f,1,5,48000,119237,-1,551728336,25477,,,3283728
5259,2343852621,440957815,0xdf92529f,1,5,48000,241620,-1,189153936,48924,,,3284224
5260,2344612968,440957815,0xdf92529f,1,5,48000,192182,-1,114576144,46628,,,3284816
5261,2344667689,440957815,0xdf92529f,1,5,48000,90671,-1,96058096,18488,,,3285344
5262,2344705414,440957815,0xdf92529f,1,5,48000,16612,-1,209656800,7451,,,3285824
5263,2344722410,440957815,0xdf92529f,1,5,48000,283464,-1,73174080,53505,,,3286256
5264,2344906571,440957815,0xdf92529f,1,5,48000,260884,-1,124871360,65565,,,3286944
5265,2345001765,440957815,0xdf92529f,1,5,48000,25252,-1,248377168,9990,,,3287520
5266,2345016013,440957815,0xdf92529f,1,5,48000,346489,-1,81784368,93210,,,3287968
5267,2345070734,440957815,0xdf92529f,1,5,48000,301733,-1,62135056,74015,,,3288672
5268,2345258437,440957815,0xdf92529f,1,5,48000,371453,-1,524877504,119940,,,3289296
5269,2346474029,440957815,0xdf92529f,1,5,48000,205262,-1,136378752,51120,,,3289984
5270,2346528750,440957815,0xdf92529f,1,5,48000,258770,-1,110796928,65946,,,3290560
5271,2346767632,440957815,0xdf92529f,1,5,48000,124254,-1,145878272,28573,,,3291168
5272,2347350226,440957815,0xdf92529f,1,5,48000,220995,-1,166680064,47519,,,3291664
5273,2347449803,440957815,0xdf92529f,1,5,48000,234617,-1,562117040,48290,,,3292240
5274,2347897701,440957815,0xdf92529f,1,5,48000,364736,-1,354386944,102657,,,3292832
5275,2348233386,440957815,0xdf92529f,1,5,48000,72762,-1,526736688,11293,,,3293520
5276,2348767490,440957815,0xdf92529f,1,5,48000,204211,-1,318041104,38110,,,3293984
5277,2349191554,440957815,0xdf92529f,1,5,48000,351923,-1,387265408,104985,,,3294560
5278,2349295175,440957815,0xdf92529f,1,5,48000,318713,-1,208233984,72554,,,3295248
5279,2349410438,440957815,0xdf92529f,1,5,48000,243218,-1,364612720,65533,,,3295920
5280,2350169764,440957815,0xdf92529f,1,5,48000,402062,-1,284774832,96390,,,3296528
5281,2350279206,440957815,0xdf92529f,1,5,48000,279231,-1,269181520,63282,,,3297232
5282,2350463367,440957815,0xdf92529f,1,5,48000,133520,-1,289048304,27533,,,3297824
5283,2350508220,440957815,0xdf92529f,1,5,48000,125913,-1,451705920,29244,,,3298336
5284,2350812712,440957815,0xdf92529f,1,5,48000,283902,-1,334111456,50944,,,3298848
5285,2351147850,440957815,0xdf92529f,1,5,48000,89311,-1,307101088,15807,,,3299520
5286,2351439475,440957815,0xdf92529f,1,5,48000,74699,-1,402532464,23930,,,3299984
5287,2351976104,440957815,0xdf92529f,1,5,48000,232323,-1,300867184,49605,,,3300496
5288,2352325449,440957815,0xdf92529f,1,5,48000,391292,-1,346556528,89813,,,3301056
5289,2352496548,440957815,0xdf92529f,1,5,48000,224020,-1,202956496,56563,,,3301808
5290,2353824103,440957815,0xdf92529f,1,5,48000,182264,-1,74039968,41707,,,3302384
5291,2353874193,440957815,0xdf92529f,1,5,48000,438501,-1,426343056,90119,,,3302928
5292,2354006737,440957815,0xdf92529f,1,5,48000,273749,-1,170431536,68603,,,3303664
5293,2354734826,440957815,0xdf92529f,1,5,48000,276232,-1,165274752,62838,,,3304240
5294,2355966463,440957815,0xdf92529f,1,5,48000,77330,-1,432357872,13371,,,3304832
5295,2356551496,440957815,0xdf92529f,1,5,48000,105098,-1,563497008,19407,,,3305296
5296,2356566452,440957815,0xdf92529f,1,5,48000,323114,-1,473936672,82279,,,3305776
5297,2358276642,440957815,0xdf92529f,1,5,48000,97823,-1,314055824,28016,,,3306432
5298,2359087296,440957815,0xdf92529f,1,5,48000,281403,-1,266446528,59444,,,3306976
5299,2360611532,440957815,0xdf92529f,1,5,48000,384222,-1,530870176,95241,,,3307632
5300,2360795693,440957815,0xdf92529f,1,5,48000,345318,-1,531975264,92308,,,3308320
5301,2361186697,440957815,0xdf92529f,1,5,48000,274807,-1,497241072,58601,,,3308992
5302,2361313616,440957815,0xdf92529f,1,5,48000,149085,-1,154089056,37388,,,3309648
5303,2361368337,440957815,0xdf92529f,1,5,48000,346402,-1,129245424,69844,,,3310160
5304,2361423058,440957815,0xdf92529f,1,5,48000,141811,-1,105774944,26677,,,3310816
5305,2361587221,440957815,0xdf92529f,1,5,48000,198922,-1,46822912,30989,,,3311360
5306,2362935795,440957815,0xdf92529f,1,5,48000,302947,-1,138777056,78273,,,3311968
5307,2363284119,440957815,0xdf92529f,1,5,48000,206544,-1,123195648,47194,,,3312608
5308,2363341361,440957815,0xdf92529f,1,5,48000,517224,-1,499405776,72088,,,3313200
5309,2364970160,440957815,0xdf92529f,1,5,48000,82312,-1,423150560,13657,,,3313984
5310,2365308713,440957815,0xdf92529f,1,5,48000,23578,-1,210689552,8764,,,3314448
5311,2365668145,440957815,0xdf92529f,1,5,48000,334606,-1,475864528,92720,,,3314896
5312,2366740972,440957815,0xdf92529f,1,5,48000,141616,-1,271554832,25437,,,3315568
5313,2366795693,440957815,0xdf92529f,1,5,48000,148856,-1,258287520,32926,,,3316096
5314,2366870412,440957815,0xdf92529f,1,5,48000,210298,-1,293914752,49883,,,3316624
5315,2367038117,440957815,0xdf92529f,1,5,48000,87899,-1,550066736,15465,,,3317184
5316,2367219757,440957815,0xdf92529f,1,5,48000,364447,-1,340912176,85354,,,3317648
5317,2367794922,440957815,0xdf92529f,1,5,48000,425988,-1,227765568,134279,,,3318336
5318,2368143246,440957815,0xdf92529f,1,5,48000,87347,-1,224006976,20439,,,3319104
5319,2368479529,440957815,0xdf92529f,1,5,48000,266516,-1,42416752,55574,,,3319584
5320,2368492591,440957815,0xdf92529f,1,5,48000,189176,-1,291222064,41045,,,3320224
5321,2368608969,440957815,0xdf92529f,1,5,48000,388357,-1,111681088,91848,,,3320800
5322,2368663690,440957815,0xdf92529f,1,5,48000,270181,-1,90581136,68732,,,3321600
5323,2368718411,440957815,0xdf92529f,1,5,48000,251694,-1,68567280,53651,,,3322240
5324,2368902572,440957815,0xdf92529f,1,5,48000,364995,-1,119827616,84246,,,3322864
5325,2369177198,440957815,0xdf92529f,1,5,48000,257517,-1,185074224,52120,,,3323632
5326,2369254438,440957815,0xdf92529f,1,5,48000,261800,-1,519576352,88353,,,3324208
5327,2369897386,440957815,0xdf92529f,1,5,48000,344797,-1,534149136,80893,,,3324816
5328,2370285869,440957815,0xdf92529f,1,5,48000,330774,-1,77458704,79012,,,3325472
5329,2370340590,440957815,0xdf92529f,1,5,48000,294924,-1,59510752,75642,,,3326160
5330,2370470030,440957815,0xdf92529f,1,5,48000,224835,-1,130574016,55124,,,3326800
5331,2370524751,440957815,0xdf92529f,1,5,48000,382244,-1,106262032,98941,,,3327408
5332,2370579472,440957815,0xdf92529f,1,5,48000,375458,-1,83936640,97593,,,3328128
5333,2370691435,440957815,0xdf92529f,1,5,48000,365916,-1,494624944,82637,,,3328848
5334,2370763633,440957815,0xdf92529f,1,5,48000,331481,-1,141614560,75180,,,3329568
5335,2373981604,440957815,0xdf92529f,1,5,48000,207440,-1,262162544,43224,,,3330256
5336,2374220486,440957815,0xdf92529f,1,5,48000,95973,-1,276997040,20046,,,3330816
5337,2374234569,440957815,0xdf92529f,1,5,48000,279326,-1,434918736,89092,,,3331296
5338,2374460389,440957815,0xdf92529f,1,5,48000,283722,-1,336338928,61120,,,3331920
5339,2374569831,440957815,0xdf92529f,1,5,48000,286159,-1,325782992,62466,,,3332576
5340,2374744365,440957815,0xdf92529f,1,5,48000,285131,-1,526892032,79118,,,3333232
5341,2374973897,440957815,0xdf92529f,1,5,48000,275128,-1,366779264,75252,,,3333888
5342,2374978939,440957815,0xdf92529f,1,5,48000,135224,-1,560756672,29702,,,3334496
5343,2375378668,440957815,0xdf92529f,1,5,48000,21288,-1,211125856,8420,,,3334992
5344,2375396940,440957815,0xdf92529f,1,5,48000,476565,-1,389270128,113148,,,3335440
5345,2375746285,440957815,0xdf92529f,1,5,48000,349376,-1,417418800,78149,,,3336272
5346,2375799855,440957815,0xdf92529f,1,5,48000,2481907,-1,436566944,858653,,,3336960
5347,2375915857,440957815,0xdf92529f,1,5,48000,103638,-1,567685280,20850,,,3339616
5348,2375959043,440957815,0xdf92529f,1,5,48000,544466,-1,56471600,122532,,,3340096
5349,2375972105,440957815,0xdf92529f,1,5,48000,304489,-1,294857088,72680,,,3340992
5350,2375994008,440957815,0xdf92529f,1,5,48000,137380,-1,568383936,36464,,,3341600
5351,2376136268,440957815,0xdf92529f,1,5,48000,311843,-1,276380640,66501,,,3342112
5352,2376306387,440957815,0xdf92529f,1,5,48000,23182,-1,158228752,9935,,,3342736
5353,2376601991,440957815,0xdf92529f,1,5,48000,314246,-1,191707920,60864,,,3343184
5354,2376896615,440957815,0xdf92529f,1,5,48000,203563,-1,228686192,46654,,,3343808
5355,2377655941,440957815,0xdf92529f,1,5,48000,350024,-1,137321296,88812,,,3344352
5356,2377783307,440957815,0xdf92529f,1,5,48000,257084,-1,160837712,45327,,,3345040
5357,2378169449,440957815,0xdf92529f,1,5,48000,261836,-1,192821488,57073,,,3345664
5358,2378245037,440957815,0xdf92529f,1,5,48000,139668,-1,436125488,40709,,,3346272
5359,2379093696,440957815,0xdf92529f,1,5,48000,320135,-1,457657200,83208,,,3346768
5360,2379148417,440957815,0xdf92529f,1,5,48000,314225,-1,456498144,77952,,,3347440
5361,2379683144,440957815,0xdf92529f,1,5,48000,259399,-1,559833056,76358,,,3348080
5362,2380441775,440957815,0xdf92529f,1,5,48000,334423,-1,352437552,68770,,,3348688
5363,2381515839,440957815,0xdf92529f,1,5,48000,387635,-1,255336848,101565,,,3349424
5364,2382508132,440957815,0xdf92529f,1,5,48000,457826,-1,362281376,139110,,,3350144
5365,2383083297,440957815,0xdf92529f,1,5,48000,262748,-1,263565104,52255,,,3350928
5366,2384255667,440957815,0xdf92529f,1,5,48000,271699,-1,193499776,65292,,,3351552
5367,2385309617,440957815,0xdf92529f,1,5,48000,434548,-1,149195232,101070,,,3352192
5368,2385528501,440957815,0xdf92529f,1,5,48000,228470,-1,61764288,46225,,,3352992
5369,2385916738,440957815,0xdf92529f,1,5,48000,145746,-1,170130080,25881,,,3353616
5370,2385994889,440957815,0xdf92529f,1,5,48000,72602,-1,501351488,10128,,,3354128
5371,2386931796,440957815,0xdf92529f,1,5,48000,183496,-1,135123712,37508,,,3354592
5372,2387280120,440957815,0xdf92529f,1,5,48000,82609,-1,117918560,14947,,,3355152
5373,2388316593,440957815,0xdf92529f,1,5,48000,500238,-1,491371504,135282,,,3355632
5374,2390791694,440957815,0xdf92529f,1,5,48000,211002,-1,252398560,64699,,,3356400
5375,2391975084,440957815,0xdf92529f,1,5,48000,235443,-1,241076512,80125,,,3356960
5376,2392084526,440957815,0xdf92529f,1,5,48000,93534,-1,234816480,22887,,,3357536
5377,2392420809,440957815,0xdf92529f,1,5,48000,312858,-1,59913712,66908,,,3358016
5378,2392455814,440957815,0xdf92529f,1,5,48000,339150,-1,350551408,71567,,,3358688
5379,2392475530,440957815,0xdf92529f,1,5,48000,225741,-1,39407088,53387,,,3359392
5380,2392543313,440957815,0xdf92529f,1,5,48000,428466,-1,284140128,89601,,,3359968
5381,2392714412,440957815,0xdf92529f,1,5,48000,196988,-1,65283904,44315,,,3360736
5382,2392823854,440957815,0xdf92529f,1,5,48000,237900,-1,28836384,61535,,,3361280
5383,2393641443,440957815,0xdf92529f,1,5,48000,467749,-1,485558864,133700,,,3361904
5384,2393935046,440957815,0xdf92529f,1,5,48000,248384,-1,491048160,70761,,,3362704
5385,2394466031,440957815,0xdf92529f,1,5,48000,184032,-1,125219488,38096,,,3363328
5386,2394520752,440957815,0xdf92529f,1,5,48000,172728,-1,103303568,41449,,,3363872
5387,2394817897,440957815,0xdf92529f,1,5,48000,267478,-1,525187072,77439,,,3364416
5388,2397009263,440957815,0xdf92529f,1,5,48000,385341,-1,562268272,93230,,,3365072
5389,2397054116,440957815,0xdf92529f,1,5,48000,287706,-1,367353744,79888,,,3365840
5390,2397347719,440957815,0xdf92529f,1,5,48000,324066,-1,369901168,71867,,,3366480
5391,2397457161,440957815,0xdf92529f,1,5,48000,253754,-1,354665904,51267,,,3367168
5392,2397826504,440957815,0xdf92529f,1,5,48000,133151,-1,418380624,24179,,,3367792
5393,2399264522,440957815,0xdf92529f,1,5,48000,70555,-1,408591840,11518,,,3368320
5394,2399817199,440957815,0xdf92529f,1,5,48000,318354,-1,545449568,87316,,,3368768
5395,2400372172,440957815,0xdf92529f,1,5,48000,408310,-1,334318976,79867,,,3369392
5396,2400597992,440957815,0xdf92529f,1,5,48000,533872,-1,191556784,102708,,,3370096
5397,2401186219,440957815,0xdf92529f,1,5,48000,318557,-1,236439232,95968,,,3370848
5398,2401577223,440957815,0xdf92529f,1,5,48000,223010,-1,39979792,49037,,,3371520
5399,2401761384,440957815,0xdf92529f,1,5,48000,222236,-1,85441680,41430,,,3372096
5400,2402056008,440957815,0xdf92529f,1,5,48000,339586,-1,203013104,89217,,,3372688
5401,2403328842,440957815,0xdf92529f,1,5,48000,182776,-1,97159008,39068,,,3373376
5402,2403873798,440957815,0xdf92529f,1,5,48000,198038,-1,207786832,46142,,,3373920
5403,2404013186,440957815,0xdf92529f,1,5,48000,218777,-1,430982080,64995,,,3374496
5404,2404294286,440957815,0xdf92529f,1,5,48000,130069,-1,168514016,29837,,,3375104
5405,2406062831,440957815,0xdf92529f,1,5,48000,50108,-1,247938144,20209,,,3375600
5406,2406353032,440957815,0xdf92529f,1,5,48000,445376,-1,445501392,128369,,,3376064
5407,2406408774,440957815,0xdf92529f,1,5,48000,325586,-1,465354864,75693,,,3376864
5408,2406739468,440957815,0xdf92529f,1,5,48000,136982,-1,156342224,33351,,,3377504
5409,2407037639,440957815,0xdf92529f,1,5,48000,321436,-1,411841760,62353,,,3378032
5410,2409286216,440957815,0xdf92529f,1,5,48000,166303,-1,556775360,39999,,,3378672
5411,2409415060,440957815,0xdf92529f,1,5,48000,375423,-1,99624432,90343,,,3379216
5412,2409712205,440957815,0xdf92529f,1,5,48000,217764,-1,518214608,48201,,,3379936
5413,2410225713,440957815,0xdf92529f,1,5,48000,291295,-1,529202016,70326,,,3380528
5414,2410462074,440957815,0xdf92529f,1,5,48000,185847,-1,232536208,39250,,,3381152
5415,2410480914,440957815,0xdf92529f,1,5,48000,72585,-1,241806544,11967,,,3381696
5416,2410746157,440957815,0xdf92529f,1,5,48000,213955,-1,497510480,41362,,,3382160
5417,2411091960,440957815,0xdf92529f,1,5,48000,141230,-1,64084512,29801,,,3382736
5418,2416362089,440957815,0xdf92529f,1,5,48000,255869,-1,73741504,61502,,,3383280
5419,2416416810,440957815,0xdf92529f,1,5,48000,246764,-1,55471488,63917,,,3383920
5420,2416526252,440957815,0xdf92529f,1,5,48000,296724,-1,14133616,59102,,,3384544
5421,2416542856,440957815,0xdf92529f,1,5,48000,200746,-1,551516448,43262,,,3385248
5422,2416710413,440957815,0xdf92529f,1,5,48000,73699,-1,62418160,11128,,,3385776
5423,2416765134,440957815,0xdf92529f,1,5,48000,141608,-1,43808384,28188,,,3386224
5424,2416779217,440957815,0xdf92529f,1,5,48000,150413,-1,341078176,32079,,,3386784
5425,2417313355,440957815,0xdf92529f,1,5,48000,25129,-1,209721152,10345,,,3387312
5426,2417318081,440957815,0xdf92529f,1,5,48000,128849,-1,169844624,30495,,,3387776
5427,2417354382,440957815,0xdf92529f,1,5,48000,196603,-1,228017344,36789,,,3388272
5428,2417609706,440957815,0xdf92529f,1,5,48000,63849,-1,248510048,24602,,,3388816
5429,2417702706,440957815,0xdf92529f,1,5,48000,207431,-1,224083104,43083,,,3389296
5430,2418168429,440957815,0xdf92529f,1,5,48000,99116,-1,111840816,19179,,,3389920
5431,2418332592,440957815,0xdf92529f,1,5,48000,241779,-1,51711440,56169,,,3390400
5432,2418462032,440957815,0xdf92529f,1,5,48000,377922,-1,120113344,100037,,,3391024
5433,2418519274,440957815,0xdf92529f,1,5,48000,157650,-1,498525216,27792,,,3391712
5434,2418868619,440957815,0xdf92529f,1,5,48000,390503,-1,516050096,115612,,,3392272
5435,2419023396,440957815,0xdf92529f,1,5,48000,262539,-1,246341104,76223,,,3393056
5436,2419032782,440957815,0xdf92529f,1,5,48000,155994,-1,508932304,39606,,,3393648
5437,2419885141,440957815,0xdf92529f,1,5,48000,19369,-1,401364256,7544,,,3394208
5438,2420029490,440957815,0xdf92529f,1,5,48000,228637,-1,130708080,46288,,,3394656
5439,2420323093,440957815,0xdf92529f,1,5,48000,107862,-1,141742160,21761,,,3395280
5440,2421822505,440957815,0xdf92529f,1,5,48000,590301,-1,414186304,113670,,,3395760
5441,2423040618,440957815,0xdf92529f,1,5,48000,375972,-1,395533856,127586,,,3396560
5442,2423541064,440957815,0xdf92529f,1,5,48000,359145,-1,262351328,79079,,,3397280
5443,2423755791,440957815,0xdf92529f,1,5,48000,88748,-1,307193184,16387,,,3397968
5444,2423779946,440957815,0xdf92529f,1,5,48000,92148,-1,277128944,14499,,,3398432
5445,2423794029,440957815,0xdf92529f,1,5,48000,120172,-1,435023952,20694,,,3398896
5446,2423891909,440957815,0xdf92529f,1,5,48000,385794,-1,544063760,119844,,,3399392
5447,2423909386,440957815,0xdf92529f,1,5,48000,83281,-1,304138752,12634,,,3400144
5448,2424005766,440957815,0xdf92529f,1,5,48000,267312,-1,30406880,65834,,,3400608
5449,2424300390,440957815,0xdf92529f,1,5,48000,204608,-1,187847040,46463,,,3401264
5450,2424368173,440957815,0xdf92529f,1,5,48000,284959,-1,333095264,68769,,,3401872
5451,2424641777,440957815,0xdf92529f,1,5,48000,26400,-1,177916848,11036,,,3402512
5452,2424956400,440957815,0xdf92529f,1,5,48000,374849,-1,389717056,130768,,,3402976
5453,2425182220,440957815,0xdf92529f,1,5,48000,110638,-1,230140128,21688,,,3403664
5454,2425518503,440957815,0xdf92529f,1,5,48000,276169,-1,56729584,64902,,,3404160
5455,2425586286,440957815,0xdf92529f,1,5,48000,224970,-1,289799056,52371,,,3404816
5456,2425647943,440957815,0xdf92529f,1,5,48000,218705,-1,127054432,55807,,,3405392
5457,2425921548,440957815,0xdf92529f,1,5,48000,126969,-1,25335936,24945,,,3405984
5458,2425922569,440957815,0xdf92529f,1,5,48000,245851,-1,186085712,60253,,,3406496
5459,2426106730,440957815,0xdf92529f,1,5,48000,297415,-1,196844400,74009,,,3407104
5460,2427342767,440957815,0xdf92529f,1,5,48000,360382,-1,165640688,82470,,,3407744
5461,2428225927,440957815,0xdf92529f,1,5,48000,75582,-1,526477504,15475,,,3408464
5462,2428653156,440957815,0xdf92529f,1,5,48000,379341,-1,458134976,104473,,,3408928
5463,2428707877,440957815,0xdf92529f,1,5,48000,385939,-1,456907392,108984,,,3409584
5464,2429227300,440957815,0xdf92529f,1,5,48000,526862,-1,404755280,100255,,,3410304
5465,2429508862,440957815,0xdf92529f,1,5,48000,73500,-1,319144224,13155,,,3411008
5466,2430924198,440957815,0xdf92529f,1,5,48000,171577,-1,415148320,34703,,,3411456
5467,2431140391,440957815,0xdf92529f,1,5,48000,99975,-1,306868368,17015,,,3412000
5468,2431263002,440957815,0xdf92529f,1,5,48000,105344,-1,550666064,21042,,,3412480
5469,2431421772,440957815,0xdf92529f,1,5,48000,128396,-1,568033552,32695,,,3412960
5470,2431891054,440957815,0xdf92529f,1,5,48000,129195,-1,566697408,28694,,,3413456
5471,2432642757,440957815,0xdf92529f,1,5,48000,174876,-1,263748800,28766,,,3413952
5472,2432759135,440957815,0xdf92529f,1,5,48000,439638,-1,40863936,103885,,,3414496
5473,2432813856,440957815,0xdf92529f,1,5,48000,393455,-1,22041792,92273,,,3415280
5474,2432908936,440957815,0xdf92529f,1,5,48000,29006,-1,402704976,9842,,,3416000
5475,2432945943,440957815,0xdf92529f,1,5,48000,118889,-1,450746576,30422,,,3416448
5476,2434869077,440957815,0xdf92529f,1,5,48000,137698,-1,149498016,28966,,,3416944
5477,2434923798,440957815,0xdf92529f,1,5,48000,223937,-1,124057376,50582,,,3417472
5478,2435132919,440957815,0xdf92529f,1,5,48000,315562,-1,423594368,67131,,,3418080
5479,2437578101,440957815,0xdf92529f,1,5,48000,97293,-1,423224336,16430,,,3418688
5480,2437916654,440957815,0xdf92529f,1,5,48000,74748,-1,210779200,22679,,,3419168
5481,2438610555,440957815,0xdf92529f,1,5,48000,378143,-1,319475552,80219,,,3419664
5482,2439782925,440957815,0xdf92529f,1,5,48000,336198,-1,225165200,110985,,,3420416
5483,2440484136,440957815,0xdf92529f,1,5,48000,196845,-1,553271920,50689,,,3421040
5484,2440522253,440957815,0xdf92529f,1,5,48000,415925,-1,9608448,85062,,,3421632
5485,2440648299,440957815,0xdf92529f,1,5,48000,126926,-1,547817408,23238,,,3422400
5486,2442048237,440957815,0xdf92529f,1,5,48000,77086,-1,555143168,13852,,,3422912
5487,2442089711,440957815,0xdf92529f,1,5,48000,335809,-1,19434848,82752,,,3423376
5488,2442273872,440957815,0xdf92529f,1,5,48000,116505,-1,65453920,20276,,,3424048
5489,2442298718,440957815,0xdf92529f,1,5,48000,122793,-1,466632912,24664,,,3424544
5490,2443731888,440957815,0xdf92529f,1,5,48000,294621,-1,114830928,67021,,,3425040
5491,2443786609,440957815,0xdf92529f,1,5,48000,320525,-1,96210336,73961,,,3425728
5492,2444025491,440957815,0xdf92529f,1,5,48000,152098,-1,125400512,24643,,,3426400
5493,2444377357,440957815,0xdf92529f,1,5,48000,399888,-1,525460400,118225,,,3426912
5494,2444415268,440957815,0xdf92529f,1,5,48000,124837,-1,347710096,25877,,,3427664
5495,2445590978,440957815,0xdf92529f,1,5,48000,214492,-1,175664000,51746,,,3428144
5496,2446852458,440957815,0xdf92529f,1,5,48000,260955,-1,374638816,84915,,,3428704
5497,2447034437,440957815,0xdf92529f,1,5,48000,177619,-1,350063232,42417,,,3429328
5498,2447036619,440957815,0xdf92529f,1,5,48000,249018,-1,390824432,70646,,,3429856
5499,2447385964,440957815,0xdf92529f,1,5,48000,397962,-1,418624832,77870,,,3430432
5500,2447427623,440957815,0xdf92529f,1,5,48000,334507,-1,279869920,90951,,,3431104
5501,2447961129,440957815,0xdf92529f,1,5,48000,69576,-1,342611824,10869,,,3431776
5502,2448125292,440957815,0xdf92529f,1,5,48000,172729,-1,324737152,38197,,,3432224
5503,2448310474,440957815,0xdf92529f,1,5,48000,339664,-1,387874544,109407,,,3432768
5504,2448939339,440957815,0xdf92529f,1,5,48000,341821,-1,220471696,80979,,,3433440
5505,2449350341,440957815,0xdf92529f,1,5,48000,161023,-1,112671280,34284,,,3434144
5506,2449405062,440957815,0xdf92529f,1,5,48000,146434,-1,92783408,24375,,,3434672
5507,2449459783,440957815,0xdf92529f,1,5,48000,328857,-1,70408240,78067,,,3435200
5508,2449582287,440957815,0xdf92529f,1,5,48000,131161,-1,289482160,19515,,,3435904
5509,2450043595,440957815,0xdf92529f,1,5,48000,144133,-1,548582736,29738,,,3436432
5510,2450115793,440957815,0xdf92529f,1,5,48000,196298,-1,346869936,40658,,,3436960
5511,2450745679,440957815,0xdf92529f,1,5,48000,295925,-1,236749184,67557,,,3437536
5512,2450852978,440957815,0xdf92529f,1,5,48000,109588,-1,436236880,25347,,,3438192
5513,2451211402,440957815,0xdf92529f,1,5,48000,219398,-1,133223616,47644,,,3438688
5514,2451430286,440957815,0xdf92529f,1,5,48000,249335,-1,49019104,68090,,,3439312
5515,2451617989,440957815,0xdf92529f,1,5,48000,204427,-1,517041904,60177,,,3439904
5516,2454331972,440957815,0xdf92529f,1,5,48000,392259,-1,378624480,108662,,,3440464
5517,2454722976,440957815,0xdf92529f,1,5,48000,229250,-1,264062320,48525,,,3441200
5518,2455311203,440957815,0xdf92529f,1,5,48000,135324,-1,326476224,27544,,,3441808
5519,2455912492,440957815,0xdf92529f,1,5,48000,305883,-1,445974256,94932,,,3442320
5520,2455957417,440957815,0xdf92529f,1,5,48000,36020,-1,401987312,12367,,,3442944
5521,2456298928,440957815,0xdf92529f,1,5,48000,164118,-1,157734752,39000,,,3443408
5522,2456487657,440957815,0xdf92529f,1,5,48000,413715,-1,420008144,63751,,,3443936
5523,2456755136,440957815,0xdf92529f,1,5,48000,266757,-1,38384384,60396,,,3444640
5524,2457062822,440957815,0xdf92529f,1,5,48000,341352,-1,343661968,78424,,,3445248
5525,2457775848,440957815,0xdf92529f,1,5,48000,233829,-1,159950112,50623,,,3445968
5526,2458524679,440957815,0xdf92529f,1,5,48000,146205,-1,170249840,27353,,,3446528
5527,2458602830,440957815,0xdf92529f,1,5,48000,66382,-1,501419472,10297,,,3447024
5528,2458865078,440957815,0xdf92529f,1,5,48000,238546,-1,145816496,61740,,,3447472
5529,2459914613,440957815,0xdf92529f,1,5,48000,310238,-1,532685856,81005,,,3448080
5530,2461023284,440957815,0xdf92529f,1,5,48000,246306,-1,526187056,70704,,,3448704
5531,2462184035,440957815,0xdf92529f,1,5,48000,258376,-1,398968976,73570,,,3449312
5532,2462551835,440957815,0xdf92529f,1,5,48000,125444,-1,323304432,26200,,,3449968
5533,2463544128,440957815,0xdf92529f,1,5,48000,367102,-1,408202256,78188,,,3450448
5534,2464773740,440957815,0xdf92529f,1,5,48000,98669,-1,553647344,20180,,,3451120
5535,2465812107,440957815,0xdf92529f,1,5,48000,395496,-1,115398960,92288,,,3451600
5536,2465921549,440957815,0xdf92529f,1,5,48000,122566,-1,73921120,22665,,,3452368
5537,2466030991,440957815,0xdf92529f,1,5,48000,196212,-1,36342704,45263,,,3452864
5538,2466085712,440957815,0xdf92529f,1,5,48000,403790,-1,14256656,100956,,,3453440
5539,2466215152,440957815,0xdf92529f,1,5,48000,305113,-1,82174864,65984,,,3454144
5540,2466324594,440957815,0xdf92529f,1,5,48000,293314,-1,44097552,63267,,,3454784
5541,2466728660,440957815,0xdf92529f,1,5,48000,278404,-1,182165136,63896,,,3455456
5542,2467782610,440957815,0xdf92529f,1,5,48000,385253,-1,90900064,88469,,,3456096
5543,2467837331,440957815,0xdf92529f,1,5,48000,250203,-1,68904896,53171,,,3456816
5544,2468021492,440957815,0xdf92529f,1,5,48000,100636,-1,120263056,17859,,,3457472
5545,2468076213,440957815,0xdf92529f,1,5,48000,159906,-1,100136160,28448,,,3457968
5546,2469183275,440957815,0xdf92529f,1,5,48000,184756,-1,558037968,47502,,,3458496
5547,2470848459,440957815,0xdf92529f,1,5,48000,313530,-1,374049088,92302,,,3459024
5548,2471533066,440957815,0xdf92529f,1,5,48000,246407,-1,254190576,46685,,,3459712
5549,2471957130,440957815,0xdf92529f,1,5,48000,351697,-1,338395296,69846,,,3460352
5550,2471998789,440957815,0xdf92529f,1,5,48000,199709,-1,185418096,43022,,,3461120
5551,2472233062,440957815,0xdf92529f,1,5,48000,45854,-1,672960,16444,,,3461696
5552,2472292392,440957815,0xdf92529f,1,5,48000,190143,-1,186429184,41381,,,3462160
5553,2472709520,440957815,0xdf92529f,1,5,48000,184132,-1,377730032,38644,,,3462720
5554,2473100524,440957815,0xdf92529f,1,5,48000,196612,-1,262578992,41380,,,3463248
5555,2473175243,440957815,0xdf92529f,1,5,48000,261424,-1,301882448,68061,,,3463792
5556,2473339406,440957815,0xdf92529f,1,5,48000,418985,-1,277350352,99275,,,3464384
5557,2473346180,440957815,0xdf92529f,1,5,48000,178390,-1,176549056,45969,,,3465184
5558,2473451369,440957815,0xdf92529f,1,5,48000,483336,-1,544674352,112984,,,3465728
5559,2473452390,440957815,0xdf92529f,1,5,48000,132191,-1,547173632,28172,,,3466544
5560,2473455784,440957815,0xdf92529f,1,5,48000,123477,-1,66391632,21383,,,3467024
5561,2473510505,440957815,0xdf92529f,1,5,48000,146306,-1,49307696,30755,,,3467536
5562,2473565226,440957815,0xdf92529f,1,5,48000,318251,-1,30571088,73038,,,3468080
5563,2474208174,440957815,0xdf92529f,1,5,48000,318758,-1,186359872,69275,,,3468752
5564,2474968521,440957815,0xdf92529f,1,5,48000,191330,-1,97618144,37151,,,3469424
5565,2475077963,440957815,0xdf92529f,1,5,48000,163582,-1,56988560,29240,,,3470000
5566,2475187405,440957815,0xdf92529f,1,5,48000,482385,-1,15839392,81340,,,3470560
5567,2475207403,440957815,0xdf92529f,1,5,48000,342740,-1,127261040,76128,,,3471312
5568,2476902227,440957815,0xdf92529f,1,5,48000,178357,-1,168692592,36294,,,3472016
5569,2477784786,440957815,0xdf92529f,1,5,48000,168839,-1,395999632,55258,,,3472544
5570,2478267337,440957815,0xdf92529f,1,5,48000,255661,-1,457139296,70202,,,3473088
5571,2478567876,440957815,0xdf92529f,1,5,48000,223706,-1,421168736,47660,,,3473680
5572,2478670772,440957815,0xdf92529f,1,5,48000,24670,-1,248043552,9420,,,3474256
5573,2478732039,440957815,0xdf92529f,1,5,48000,149148,-1,409052592,25469,,,3474704
5574,2479307204,440957815,0xdf92529f,1,5,48000,120422,-1,325179216,25082,,,3475216
5575,2479347409,440957815,0xdf92529f,1,5,48000,150885,-1,156532784,38352,,,3475728
5576,2479416646,440957815,0xdf92529f,1,5,48000,158264,-1,314905488,35206,,,3476256
5577,2480286435,440957815,0xdf92529f,1,5,48000,298722,-1,266907280,67215,,,3476800
5578,2480361154,440957815,0xdf92529f,1,5,48000,218581,-1,303028768,35448,,,3477456
5579,2480805858,440957815,0xdf92529f,1,5,48000,170394,-1,11974400,36718,,,3478064
5580,2481743430,440957815,0xdf92529f,1,5,48000,204441,-1,216857328,37844,,,3478624
5581,2481994832,440957815,0xdf92529f,1,5,48000,180344,-1,534073312,39756,,,3479248
5582,2482373316,440957815,0xdf92529f,1,5,48000,256895,-1,22233664,57262,,,3479776
5583,2482788881,440957815,0xdf92529f,1,5,48000,201504,-1,494495200,32477,,,3480416
5584,2483377108,440957815,0xdf92529f,1,5,48000,370398,-1,511749680,113739,,,3480976
5585,2484835124,440957815,0xdf92529f,1,5,48000,256342,-1,524256416,58123,,,3481696
5586,2485679068,440957815,0xdf92529f,1,5,48000,205370,-1,403593616,52303,,,3482304
5587,2486867284,440957815,0xdf92529f,1,5,48000,163907,-1,477405504,38797,,,3482864
5588,2488476138,440957815,0xdf92529f,1,5,48000,97856,-1,552983344,19478,,,3483424
5589,2488751617,440957815,0xdf92529f,1,5,48000,237654,-1,311808304,67243,,,3483904
5590,2489808108,440957815,0xdf92529f,1,5,48000,149987,-1,112126336,29842,,,3484496
5591,2489862829,440957815,0xdf92529f,1,5,48000,236657,-1,91773664,52734,,,3485024
5592,2489926022,440957815,0xdf92529f,1,5,48000,113058,-1,169948240,17215,,,3485584
5593,2489972271,440957815,0xdf92529f,1,5,48000,445008,-1,52224096,106118,,,3486048
5594,2490026992,440957815,0xdf92529f,1,5,48000,324209,-1,33425280,66334,,,3486816
5595,2490615219,440957815,0xdf92529f,1,5,48000,115938,-1,189935680,22000,,,3487488
5596,2491096525,440957815,0xdf92529f,1,5,48000,239701,-1,535871264,54299,,,3487984
5597,2491192905,440957815,0xdf92529f,1,5,48000,269656,-1,484434512,70218,,,3488576
5598,2491203446,440957815,0xdf92529f,1,5,48000,186300,-1,235108000,52611,,,3489184
5599,2491669169,440957815,0xdf92529f,1,5,48000,274498,-1,131284304,65062,,,3489744
5600,2491723890,440957815,0xdf92529f,1,5,48000,359590,-1,107237184,92034,,,3490416
5601,2491849648,440957815,0xdf92529f,1,5,48000,286485,-1,174903072,66175,,,3491056
5602,2491962772,440957815,0xdf92529f,1,5,48000,203374,-1,142535840,54679,,,3491712
5603,2492017493,440957815,0xdf92529f,1,5,48000,148467,-1,115852608,35224,,,3492256
5604,2492493082,440957815,0xdf92529f,1,5,48000,71369,-1,401418928,21784,,,3492784
5605,2495139084,440957815,0xdf92529f,1,5,48000,402258,-1,413241520,97511,,,3493264
5606,2496596079,440957815,0xdf92529f,1,5,48000,192400,-1,390943536,44632,,,3493968
5607,2496599621,440957815,0xdf92529f,1,5,48000,177407,-1,559396192,44974,,,3494576
5608,2496637738,440957815,0xdf92529f,1,5,48000,250745,-1,215211520,67432,,,3495104
5609,2496821899,440957815,0xdf92529f,1,5,48000,294812,-1,230920016,87959,,,3495728
5610,2496945424,440957815,0xdf92529f,1,5,48000,410620,-1,418881664,84865,,,3496336
5611,2497041804,440957815,0xdf92529f,1,5,48000,105489,-1,272147888,15570,,,3497040
5612,2497054866,440957815,0xdf92529f,1,5,48000,504854,-1,411577968,105932,,,3497536
5613,2497158182,440957815,0xdf92529f,1,5,48000,412885,-1,57586800,100740,,,3498352
5614,2497171244,440957815,0xdf92529f,1,5,48000,316709,-1,296985632,79883,,,3499136
5615,2497212903,440957815,0xdf92529f,1,5,48000,265976,-1,37588368,62437,,,3499792
5616,2497335407,440957815,0xdf92529f,1,5,48000,185518,-1,276822752,42550,,,3500400
5617,2497506506,440957815,0xdf92529f,1,5,48000,116398,-1,45722912,21672,,,3500960
5618,2497602247,440957815,0xdf92529f,1,5,48000,128938,-1,248137616,34376,,,3501488
5619,2498498799,440957815,0xdf92529f,1,5,48000,340391,-1,220928640,71053,,,3502032
5620,2498855080,440957815,0xdf92529f,1,5,48000,310559,-1,137841776,69455,,,3502704
5621,2498964522,440957815,0xdf92529f,1,5,48000,317745,-1,92895824,75437,,,3503376
5622,2499019243,440957815,0xdf92529f,1,5,48000,147426,-1,70736800,30839,,,3504032
5623,2499183406,440957815,0xdf92529f,1,5,48000,256347,-1,10634016,55798,,,3504544
5624,2500770862,440957815,0xdf92529f,1,5,48000,329444,-1,133335056,70215,,,3505200
5625,2500833868,440957815,0xdf92529f,1,5,48000,87868,-1,526571232,17167,,,3505952
5626,2503488387,440957815,0xdf92529f,1,5,48000,451573,-1,383280736,113600,,,3506432
5627,2503748332,440957815,0xdf92529f,1,5,48000,79642,-1,306947232,11984,,,3507168
5628,2503863687,440957815,0xdf92529f,1,5,48000,268445,-1,172901056,71275,,,3507632
5629,2503891432,440957815,0xdf92529f,1,5,48000,518084,-1,378886256,131021,,,3508272
5630,2504029713,440957815,0xdf92529f,1,5,48000,157227,-1,568189712,36597,,,3509072
5631,2504171973,440957815,0xdf92529f,1,5,48000,426399,-1,213328496,114681,,,3509600
5632,2504411876,440957815,0xdf92529f,1,5,48000,203415,-1,291096448,45547,,,3510320
5633,2504630760,440957815,0xdf92529f,1,5,48000,301209,-1,249918720,88316,,,3510896
5634,2506034055,440957815,0xdf92529f,1,5,48000,370971,-1,287783440,77039,,,3511536
5635,2506205154,440957815,0xdf92529f,1,5,48000,148188,-1,76300992,32562,,,3512272
5636,2506272937,440957815,0xdf92529f,1,5,48000,132456,-1,298124400,35163,,,3512800
5637,2506369317,440957815,0xdf92529f,1,5,48000,88450,-1,17784112,15346,,,3513328
5638,2507335308,440957815,0xdf92529f,1,5,48000,265821,-1,164545824,61847,,,3513808
5639,2507948274,440957815,0xdf92529f,1,5,48000,331958,-1,489872320,94997,,,3514432
5640,2508442705,440957815,0xdf92529f,1,5,48000,378618,-1,398320048,79910,,,3515088
5641,2508831125,440957815,0xdf92529f,1,5,48000,323626,-1,518790608,112346,,,3515776
5642,2508885846,440957815,0xdf92529f,1,5,48000,355527,-1,514996720,100697,,,3516480
5643,2508947503,440957815,0xdf92529f,1,5,48000,305290,-1,478587040,79945,,,3517216
5644,2510783740,440957815,0xdf92529f,1,5,48000,261711,-1,377573248,74617,,,3517904
5645,2510877124,440957815,0xdf92529f,1,5,48000,63298,-1,313797504,25094,,,3518512
5646,2512111295,440957815,0xdf92529f,1,5,48000,313706,-1,323330672,78027,,,3518992
5647,2513283665,440957815,0xdf92529f,1,5,48000,456575,-1,235987792,104023,,,3519664
5648,2513858830,440957815,0xdf92529f,1,5,48000,312408,-1,84973856,79692,,,3520384
5649,2513968272,440957815,0xdf92529f,1,5,48000,106282,-1,48896400,20140,,,3521056
5650,2514504299,440957815,0xdf92529f,1,5,48000,425335,-1,513559488,126409,,,3521536
5651,2514656178,440957815,0xdf92529f,1,5,48000,219236,-1,555351408,50458,,,3522352
5652,2515719891,440957815,0xdf92529f,1,5,48000,326400,-1,104027248,70718,,,3522928
5653,2515829333,440957815,0xdf92529f,1,5,48000,132441,-1,62473136,29007,,,3523600
5654,2517023209,440957815,0xdf92529f,1,5,48000,68724,-1,347810016,9144,,,3524096
5655,2517159409,440957815,0xdf92529f,1,5,48000,229340,-1,483218560,59890,,,3524560
5656,2517526231,440957815,0xdf92529f,1,5,48000,108027,-1,146483952,24240,,,3525152
5657,2517638194,440957815,0xdf92529f,1,5,48000,193565,-1,498571024,36488,,,3525648
5658,2517909195,440957815,0xdf92529f,1,5,48000,90571,-1,210362080,28768,,,3526224
5659,2518450478,440957815,0xdf92529f,1,5,48000,160700,-1,445361184,23047,,,3526752
5660,2519135085,440957815,0xdf92529f,1,5,48000,295409,-1,411683936,61078,,,3527296
5661,2520353198,440957815,0xdf92529f,1,5,48000,408938,-1,380057552,136499,,,3527936
5662,2520407919,440957815,0xdf92529f,1,5,48000,367341,-1,374141424,82093,,,3528720
5663,2520915301,440957815,0xdf92529f,1,5,48000,333007,-1,25217952,82246,,,3529472
5664,2521092526,440957815,0xdf92529f,1,5,48000,255323,-1,254351920,53058,,,3530160
5665,2521516590,440957815,0xdf92529f,1,5,48000,272048,-1,338603904,66696,,,3530784
5666,2522148997,440957815,0xdf92529f,1,5,48000,283328,-1,529514112,67909,,,3531424
5667,2522272522,440957815,0xdf92529f,1,5,48000,288428,-1,559321664,74495,,,3532064
5668,2522851081,440957815,0xdf92529f,1,5,48000,72222,-1,134010640,11494,,,3532656
5669,2523124686,440957815,0xdf92529f,1,5,48000,304466,-1,30815200,56411,,,3533120
5670,2523199405,440957815,0xdf92529f,1,5,48000,448497,-1,116994272,100672,,,3533792
5671,2523254126,440957815,0xdf92529f,1,5,48000,149588,-1,98348256,25890,,,3534608
5672,2523592303,440957815,0xdf92529f,1,5,48000,289237,-1,425969808,65010,,,3535136
5673,2523658192,440957815,0xdf92529f,1,5,48000,387153,-1,194522496,99356,,,3535744
5674,2524267760,440957815,0xdf92529f,1,5,48000,111946,-1,557858976,26761,,,3536464
5675,2524582702,440957815,0xdf92529f,1,5,48000,262185,-1,74986384,50499,,,3536960
5676,2524712142,440957815,0xdf92529f,1,5,48000,290718,-1,152338320,69305,,,3537600
5677,2524766863,440957815,0xdf92529f,1,5,48000,200671,-1,127421024,44425,,,3538256
5678,2527552171,440957815,0xdf92529f,1,5,48000,153256,-1,447085680,30103,,,3538816
5679,2527777991,440957815,0xdf92529f,1,5,48000,441724,-1,393917568,110406,,,3539376
5680,2528072615,440957815,0xdf92529f,1,5,48000,123683,-1,422239552,26511,,,3540080
5681,2528223716,440957815,0xdf92529f,1,5,48000,148811,-1,272842064,24174,,,3540576
5682,2528531402,440957815,0xdf92529f,1,5,48000,329014,-1,433543696,101617,,,3541104
5683,2528811943,440957815,0xdf92529f,1,5,48000,287856,-1,330376864,61601,,,3541808
5684,2528906869,440957815,0xdf92529f,1,5,48000,174006,-1,157912992,33505,,,3542448
5685,2529092484,440957815,0xdf92529f,1,5,48000,380141,-1,183286384,71329,,,3543008
5686,2529216009,440957815,0xdf92529f,1,5,48000,328850,-1,371962000,73800,,,3543712
5687,2529865893,440957815,0xdf92529f,1,5,48000,145318,-1,306132784,32088,,,3544384
5688,2529920614,440957815,0xdf92529f,1,5,48000,340758,-1,303171728,79678,,,3544896
5689,2530383789,440957815,0xdf92529f,1,5,48000,315771,-1,160240240,67637,,,3545584
5690,2530618283,440957815,0xdf92529f,1,5,48000,212295,-1,339488144,37088,,,3546224
5691,2530789382,440957815,0xdf92529f,1,5,48000,423818,-1,202536032,83873,,,3546816
5692,2530845519,440957815,0xdf92529f,1,5,48000,86937,-1,435972736,14483,,,3547504
5693,2531008266,440957815,0xdf92529f,1,5,48000,287768,-1,180195712,69510,,,3547984
5694,2531878055,440957815,0xdf92529f,1,5,48000,357916,-1,41207488,83465,,,3548624
5695,2535010287,440957815,0xdf92529f,1,5,48000,344908,-1,311098928,82853,,,3549360
5696,2537215967,440957815,0xdf92529f,1,5,48000,192003,-1,288807536,46788,,,3550048
5697,2538219759,440957815,0xdf92529f,1,5,48000,164758,-1,554493136,40338,,,3550592
5698,2539606450,440957815,0xdf92529f,1,5,48000,304215,-1,146754080,84326,,,3551104
5699,2539770613,440957815,0xdf92529f,1,5,48000,302399,-1,79613856,77429,,,3551792
5700,2539888639,440957815,0xdf92529f,1,5,48000,324515,-1,565725552,102687,,,3552416
5701,2540013037,440957815,0xdf92529f,1,5,48000,389433,-1,520554880,128179,,,3553056
5702,2540119958,440957815,0xdf92529f,1,5,48000,348994,-1,195543648,88387,,,3553776
5703,2540655985,440957815,0xdf92529f,1,5,48000,395062,-1,536206208,103067,,,3554464
5704,2541045968,440957815,0xdf92529f,1,5,48000,272387,-1,487604016,74078,,,3555152
5705,2541228629,440957815,0xdf92529f,1,5,48000,95008,-1,131911664,18161,,,3555760
5706,2541522232,440957815,0xdf92529f,1,5,48000,285692,-1,142639488,71070,,,3556240
5707,2541576953,440957815,0xdf92529f,1,5,48000,245781,-1,115917328,56086,,,3556880
5708,2541791216,440957815,0xdf92529f,1,5,48000,104871,-1,558167840,22902,,,3557520
5709,2542045197,440957815,0xdf92529f,1,5,48000,390068,-1,472247600,105652,,,3557984
5710,2544120396,440957815,0xdf92529f,1,5,48000,90600,-1,452139056,15352,,,3558720
5711,2544814922,440957815,0xdf92529f,1,5,48000,145384,-1,301950544,32764,,,3559184
5712,2546155539,440957815,0xdf92529f,1,5,48000,427541,-1,391116848,113063,,,3559680
5713,2546381359,440957815,0xdf92529f,1,5,48000,313917,-1,231122208,98469,,,3560448
5714,2546717642,440957815,0xdf92529f,1,5,48000,343201,-1,57830976,79458,,,3561152
5715,2546847082,440957815,0xdf92529f,1,5,48000,214382,-1,128040432,54409,,,3561872
5716,2546901803,440957815,0xdf92529f,1,5,48000,314782,-1,105267104,69077,,,3562480
5717,2547065966,440957815,0xdf92529f,1,5,48000,131562,-1,45968384,28859,,,3563152
5718,2547123208,440957815,0xdf92529f,1,5,48000,89540,-1,493782048,14943,,,3563632
5719,2547140685,440957815,0xdf92529f,1,5,48000,165309,-1,139659056,34164,,,3564096
5720,2547305869,440957815,0xdf92529f,1,5,48000,316229,-1,198080256,87864,,,3564656
5721,2547430894,440957815,0xdf92529f,1,5,48000,109844,-1,553437360,23479,,,3565312
5722,2547527274,440957815,0xdf92529f,1,5,48000,400525,-1,505441360,119323,,,3565808
5723,2548176285,440957815,0xdf92529f,1,5,48000,225206,-1,566112080,51333,,,3566544
5724,2548414540,440957815,0xdf92529f,1,5,48000,77714,-1,138090080,11765,,,3567136
5725,2548762864,440957815,0xdf92529f,1,5,48000,385670,-1,121925008,96327,,,3567600
5726,2548817585,440957815,0xdf92529f,1,5,48000,228263,-1,101035200,59698,,,3568320
5727,2550159885,440957815,0xdf92529f,1,5,48000,268545,-1,352106976,65007,,,3568896
5728,2551603914,440957815,0xdf92529f,1,5,48000,378479,-1,460578432,103822,,,3569552
5729,2552219717,440957815,0xdf92529f,1,5,48000,154547,-1,270528576,22565,,,3570288
5730,2552274438,440957815,0xdf92529f,1,5,48000,516202,-1,256934144,116130,,,3570816
5731,2552753223,440957815,0xdf92529f,1,5,48000,295524,-1,335008720,72248,,,3571648
5732,2552807944,440957815,0xdf92529f,1,5,48000,304211,-1,329169520,69463,,,3572288
5733,2553731433,440957815,0xdf92529f,1,5,48000,404636,-1,213580592,72548,,,3572928
5734,2553841896,440957815,0xdf92529f,1,5,48000,191526,-1,264201424,42593,,,3573616
5735,2553958274,440957815,0xdf92529f,1,5,48000,352479,-1,41900864,74199,,,3574208
5736,2554190220,440957815,0xdf92529f,1,5,48000,226914,-1,250172496,50488,,,3574944
5737,2554713185,440957815,0xdf92529f,1,5,48000,305021,-1,506096176,70769,,,3575552
5738,2555298891,440957815,0xdf92529f,1,5,48000,117768,-1,215645152,18027,,,3576176
5739,2555764614,440957815,0xdf92529f,1,5,48000,254887,-1,76479456,64768,,,3576672
5740,2555928777,440957815,0xdf92529f,1,5,48000,289501,-1,17914768,70498,,,3577296
5741,2556407562,440957815,0xdf92529f,1,5,48000,165418,-1,198938512,42601,,,3577936
5742,2556894768,440957815,0xdf92529f,1,5,48000,101116,-1,168092304,13442,,,3578480
5743,2557480976,440957815,0xdf92529f,1,5,48000,101752,-1,346980528,21803,,,3578944
5744,2557570954,440957815,0xdf92529f,1,5,48000,165854,-1,113699456,38582,,,3579424
5745,2558041240,440957815,0xdf92529f,1,5,48000,126475,-1,499477904,25859,,,3579952
5746,2558071137,440957815,0xdf92529f,1,5,48000,250067,-1,428149424,74615,,,3580448
5747,2558442310,440957815,0xdf92529f,1,5,48000,294593,-1,172366176,74215,,,3581024
5748,2558506963,440957815,0xdf92529f,1,5,48000,300515,-1,478932352,82202,,,3581648
5749,2558663313,440957815,0xdf92529f,1,5,48000,104205,-1,247704768,37665,,,3582304
5750,2558885184,440957815,0xdf92529f,1,5,48000,357632,-1,361073872,92566,,,3582800
5751,2559339950,440957815,0xdf92529f,1,5,48000,135047,-1,156026080,31552,,,3583520
5752,2560103297,440957815,0xdf92529f,1,5,48000,196766,-1,321463760,43658,,,3584016
5753,2560800966,440957815,0xdf92529f,1,5,48000,195270,-1,357175744,39599,,,3584608
5754,2560816870,440957815,0xdf92529f,1,5,48000,83846,-1,157285632,16456,,,3585184
5755,2561376131,440957815,0xdf92529f,1,5,48000,317568,-1,258562336,78596,,,3585664
5756,2561577869,440957815,0xdf92529f,1,5,48000,270086,-1,209366416,65716,,,3586336
5757,2561670755,440957815,0xdf92529f,1,5,48000,219990,-1,323408736,48435,,,3586976
5758,2563657172,440957815,0xdf92529f,1,5,48000,366748,-1,116252960,89439,,,3587584
5759,2564063759,440957815,0xdf92529f,1,5,48000,183434,-1,513824384,42276,,,3588320
5760,2565169909,440957815,0xdf92529f,1,5,48000,204485,-1,151370128,41213,,,3588896
5761,2565790554,440957815,0xdf92529f,1,5,48000,399191,-1,440056976,115856,,,3589520
5762,2566261103,440957815,0xdf92529f,1,5,48000,151389,-1,491645424,37617,,,3590240
5763,2569495530,440957815,0xdf92529f,1,5,48000,231489,-1,187313456,61244,,,3590784
5764,2569918563,440957815,0xdf92529f,1,5,48000,91177,-1,169681760,17123,,,3591344
5765,2570210188,440957815,0xdf92529f,1,5,48000,75938,-1,248313040,23022,,,3591824
5766,2570604201,440957815,0xdf92529f,1,5,48000,256311,-1,94011376,54470,,,3592320
5767,2570658922,440957815,0xdf92529f,1,5,48000,343172,-1,71462144,87977,,,3592944
5768,2570768364,440957815,0xdf92529f,1,5,48000,206194,-1,34187232,39590,,,3593616
5769,2570897804,440957815,0xdf92529f,1,5,48000,152507,-1,101632032,28902,,,3594176
5770,2570952525,440957815,0xdf92529f,1,5,48000,229577,-1,80641920,57281,,,3594688
5771,2571008267,440957815,0xdf92529f,1,5,48000,235817,-1,193316784,46507,,,3595280
5772,2571023850,440957815,0xdf92529f,1,5,48000,96226,-1,554272544,20108,,,3595840
5773,2571062988,440957815,0xdf92529f,1,5,48000,261002,-1,188813280,55631,,,3596304
5774,2571359112,440957815,0xdf92529f,1,5,48000,402354,-1,509698064,116219,,,3596944
5775,2571466033,440957815,0xdf92529f,1,5,48000,182916,-1,179947856,39074,,,3597744
5776,2571708457,440957815,0xdf92529f,1,5,48000,409636,-1,529943536,101716,,,3598336
5777,2571938190,440957815,0xdf92529f,1,5,48000,126114,-1,313155152,39851,,,3599088
5778,2572227880,440957815,0xdf92529f,1,5,48000,281541,-1,488911648,75434,,,3599600
5779,2572335822,440957815,0xdf92529f,1,5,48000,370546,-1,40182224,87795,,,3600272
5780,2572519983,440957815,0xdf92529f,1,5,48000,276467,-1,87741984,62506,,,3600976
5781,2572574704,440957815,0xdf92529f,1,5,48000,214000,-1,66615456,45697,,,3601616
5782,2572758865,440957815,0xdf92529f,1,5,48000,370075,-1,117228352,80633,,,3602192
5783,2573591908,440957815,0xdf92529f,1,5,48000,292329,-1,207486272,66428,,,3602928
5784,2574271602,440957815,0xdf92529f,1,5,48000,113682,-1,152497184,23173,,,3603536
5785,2576284522,440957815,0xdf92529f,1,5,48000,274208,-1,432647216,72917,,,3604000
5786,2576803945,440957815,0xdf92529f,1,5,48000,106796,-1,328790832,21661,,,3604608
5787,2576914408,440957815,0xdf92529f,1,5,48000,537847,-1,368760096,130339,,,3605104
5788,2577085507,440957815,0xdf92529f,1,5,48000,334618,-1,212700272,69344,,,3605888
5789,2577337451,440957815,0xdf92529f,1,5,48000,356806,-1,394309184,120061,,,3606528
5790,2577865242,440957815,0xdf92529f,1,5,48000,212734,-1,559696048,58472,,,3607184
5791,2577912616,440957815,0xdf92529f,1,5,48000,402421,-1,298907296,88734,,,3607728
5792,2578170926,440957815,0xdf92529f,1,5,48000,328762,-1,425493024,67283,,,3608416
5793,2578247878,440957815,0xdf92529f,1,5,48000,132976,-1,47577664,25196,,,3609040
5794,2578651944,440957815,0xdf92529f,1,5,48000,167661,-1,183612944,38593,,,3609568
5795,2578836105,440957815,0xdf92529f,1,5,48000,134656,-1,193720064,25184,,,3610144
5796,2579185450,440957815,0xdf92529f,1,5,48000,249335,-1,227014032,71552,,,3610656
5797,2579705894,440957815,0xdf92529f,1,5,48000,313745,-1,95641680,69044,,,3611264
5798,2579870057,440957815,0xdf92529f,1,5,48000,318985,-1,35280880,74931,,,3611920
5799,2579924778,440957815,0xdf92529f,1,5,48000,171167,-1,12278784,43266,,,3612624
5800,2579943249,440957815,0xdf92529f,1,5,48000,393795,-1,165001376,88744,,,3613136
5801,2580219402,440957815,0xdf92529f,1,5,48000,164095,-1,185713648,39102,,,3613888
5802,2580348842,440957815,0xdf92529f,1,5,48000,269384,-1,202797088,68910,,,3614416
5803,2581566955,440957815,0xdf92529f,1,5,48000,201246,-1,109395632,47285,,,3615056
5804,2582502964,440957815,0xdf92529f,1,5,48000,393091,-1,470745520,108463,,,3615584
5805,2582785826,440957815,0xdf92529f,1,5,48000,451229,-1,462581856,129645,,,3616256
5806,2582844805,440957815,0xdf92529f,1,5,48000,66896,-1,402782224,20072,,,3617024
5807,2583485065,440957815,0xdf92529f,1,5,48000,69523,-1,313945936,24077,,,3617520
5808,2584229759,440957815,0xdf92529f,1,5,48000,295176,-1,386194352,97212,,,3618000
5809,2584491536,440957815,0xdf92529f,1,5,48000,165367,-1,566363296,36521,,,3618624
5810,2585023808,440957815,0xdf92529f,1,5,48000,299932,-1,265169040,80427,,,3619184
5811,2585036870,440957815,0xdf92529f,1,5,48000,275466,-1,409520768,64159,,,3619840
5812,2585317411,440957815,0xdf92529f,1,5,48000,253445,-1,268951216,57355,,,3620464
5813,2586016101,440957815,0xdf92529f,1,5,48000,188121,-1,369006496,35125,,,3621136
5814,2586775427,440957815,0xdf92529f,1,5,48000,339706,-1,288854368,82988,,,3621680
5815,2589220631,440957815,0xdf92529f,1,5,48000,334975,-1,121007728,81658,,,3622400
5816,2589275352,440957815,0xdf92529f,1,5,48000,178285,-1,100523520,36638,,,3623072
5817,2590215445,440957815,0xdf92529f,1,5,48000,369000,-1,536578032,93371,,,3623600
5818,2590517136,440957815,0xdf92529f,1,5,48000,108414,-1,210527920,44652,,,3624272
5819,2591589701,440957815,0xdf92529f,1,5,48000,283566,-1,562696000,57736,,,3624800
5820,2591604657,440957815,0xdf92529f,1,5,48000,105227,-1,472663264,22105,,,3625488
5821,2594101286,440957815,0xdf92529f,1,5,48000,126276,-1,542610832,26467,,,3625984
5822,2594648719,440957815,0xdf92529f,1,5,48000,158030,-1,554860288,34749,,,3626464
5823,2594890411,440957815,0xdf92529f,1,5,48000,113476,-1,549607904,22728,,,3626976
5824,2596170181,440957815,0xdf92529f,1,5,48000,460853,-1,497795152,83535,,,3627472
5825,2596173734,440957815,0xdf92529f,1,5,48000,46683,-1,178626512,20090,,,3628240
5826,2596222381,440957815,0xdf92529f,1,5,48000,412563,-1,75584704,98880,,,3628688
5827,2596277102,440957815,0xdf92529f,1,5,48000,283742,-1,58106688,61709,,,3629456
5828,2596331823,440957815,0xdf92529f,1,5,48000,343092,-1,37762960,75863,,,3630096
5829,2596406542,440957815,0xdf92529f,1,5,48000,204468,-1,128303232,48991,,,3630800
5830,2596515984,440957815,0xdf92529f,1,5,48000,254055,-1,83202144,60670,,,3631360
5831,2596625426,440957815,0xdf92529f,1,5,48000,139780,-1,46400896,24660,,,3631968
5832,2596680147,440957815,0xdf92529f,1,5,48000,246944,-1,26175600,61882,,,3632512
5833,2597015750,440957815,0xdf92529f,1,5,48000,67303,-1,347551264,9485,,,3633152
5834,2597974000,440957815,0xdf92529f,1,5,48000,376561,-1,138138240,96906,,,3633600
5835,2599191850,440957815,0xdf92529f,1,5,48000,217725,-1,448359920,34355,,,3634304
5836,2601094570,440957815,0xdf92529f,1,5,48000,288673,-1,381130896,88639,,,3634848
5837,2601258733,440957815,0xdf92529f,1,5,48000,152914,-1,355619488,34889,,,3635504
5838,2601833898,440957815,0xdf92529f,1,5,48000,520911,-1,257442224,120154,,,3636048
5839,2601908617,440957815,0xdf92529f,1,5,48000,260787,-1,292960112,67628,,,3636896
5840,2602021601,440957815,0xdf92529f,1,5,48000,108480,-1,550990400,22898,,,3637472
5841,2602312683,440957815,0xdf92529f,1,5,48000,338419,-1,335209648,65259,,,3637952
5842,2602367404,440957815,0xdf92529f,1,5,48000,254686,-1,329747888,53900,,,3638672
5843,2603010352,440957815,0xdf92529f,1,5,48000,287923,-1,379671408,74547,,,3639296
5844,2603453460,440957815,0xdf92529f,1,5,48000,84680,-1,436055312,24542,,,3639936
5845,2603572455,440957815,0xdf92529f,1,5,48000,291950,-1,23184896,67025,,,3640400
5846,2603647174,440957815,0xdf92529f,1,5,48000,314804,-1,110671408,70067,,,3641008
5847,2603701895,440957815,0xdf92529f,1,5,48000,246839,-1,89834272,64143,,,3641664
5848,2604215403,440957815,0xdf92529f,1,5,48000,416479,-1,184763040,106197,,,3642272
5849,2604738508,440957815,0xdf92529f,1,5,48000,287917,-1,351609472,76477,,,3643008
5850,2605508235,440957815,0xdf92529f,1,5,48000,282858,-1,129597824,61124,,,3643648
5851,2608293543,440957815,0xdf92529f,1,5,48000,311241,-1,450257840,86859,,,3644304
5852,2608899410,440957815,0xdf92529f,1,5,48000,62193,-1,157558960,10433,,,3644976
5853,2609717478,440957815,0xdf92529f,1,5,48000,179848,-1,315897584,40859,,,3645424
5854,2610360426,440957815,0xdf92529f,1,5,48000,210598,-1,357556944,53346,,,3645968
5855,2610376330,440957815,0xdf92529f,1,5,48000,228923,-1,159446352,47408,,,3646560
5856,2612295664,440957815,0xdf92529f,1,5,48000,416956,-1,538033056,93554,,,3647168
5857,2613216632,440957815,0xdf92529f,1,5,48000,272763,-1,116495104,71332,,,3647936
5858,2613821425,440957815,0xdf92529f,1,5,48000,109206,-1,204029120,24840,,,3648576
5859,2615471218,440957815,0xdf92529f,1,5,48000,349846,-1,468767280,104285,,,3649040
5860,2616563559,440957815,0xdf92529f,1,5,48000,179318,-1,481507392,40034,,,3649744
5861,2616728337,440957815,0xdf92529f,1,5,48000,145684,-1,452229776,32518,,,3650336
5862,2618370383,440957815,0xdf92529f,1,5,48000,367292,-1,297967344,94716,,,3650864
5863,2618705645,440957815,0xdf92529f,1,5,48000,144312,-1,46772384,23422,,,3651584
5864,2619888106,440957815,0xdf92529f,1,5,48000,307396,-1,400961680,78041,,,3652128
5865,2620163661,440957815,0xdf92529f,1,5,48000,129036,-1,94135328,22499,,,3652800
5866,2620273103,440957815,0xdf92529f,1,5,48000,252440,-1,53800896,44368,,,3653312
5867,2620340213,440957815,0xdf92529f,1,5,48000,228524,-1,558935232,58911,,,3653968
5868,2620402543,440957815,0xdf92529f,1,5,48000,262421,-1,123126848,68763,,,3654576
5869,2620459785,440957815,0xdf92529f,1,5,48000,241961,-1,499357200,48529,,,3655216
5870,2620511985,440957815,0xdf92529f,1,5,48000,344166,-1,80743552,86416,,,3655792
5871,2621843082,440957815,0xdf92529f,1,5,48000,420157,-1,495655360,78750,,,3656464
5872,2622024722,440957815,0xdf92529f,1,5,48000,129572,-1,108559184,26773,,,3657216
5873,2624112937,440957815,0xdf92529f,1,5,48000,74044,-1,451865584,12097,,,3657728
5874,2624687526,440957815,0xdf92529f,1,5,48000,130780,-1,385394320,18149,,,3658176
5875,2624833544,440957815,0xdf92529f,1,5,48000,112601,-1,420608,37290,,,3658672
5876,2625611015,440957815,0xdf92529f,1,5,48000,200311,-1,291170352,51668,,,3659216
5877,2625829899,440957815,0xdf92529f,1,5,48000,155547,-1,251082624,37053,,,3659776
5878,2626015081,440957815,0xdf92529f,1,5,48000,240638,-1,330462784,49231,,,3660288
5879,2626896911,440957815,0xdf92529f,1,5,48000,317672,-1,394778448,89112,,,3660880
5880,2627191535,440957815,0xdf92529f,1,5,48000,565419,-1,422311808,123558,,,3661520
5881,2627459014,440957815,0xdf92529f,1,5,48000,192794,-1,59363104,48109,,,3662400
5882,2627807338,440957815,0xdf92529f,1,5,48000,377141,-1,47772624,97805,,,3662976
5883,2627821421,440957815,0xdf92529f,1,5,48000,150997,-1,344576000,35360,,,3663712
5884,2627862059,440957815,0xdf92529f,1,5,48000,263100,-1,28158976,65511,,,3664224
5885,2627916780,440957815,0xdf92529f,1,5,48000,131571,-1,2654224,29093,,,3664848
5886,2628170531,440957815,0xdf92529f,1,5,48000,275714,-1,206931456,68921,,,3665376
5887,2628211404,440957815,0xdf92529f,1,5,48000,129300,-1,183740240,20416,,,3665968
5888,2629429517,440957815,0xdf92529f,1,5,48000,250416,-1,35541120,48989,,,3666480
5889,2629449515,440957815,0xdf92529f,1,5,48000,106327,-1,149867440,21782,,,3667104
5890,2629502709,440957815,0xdf92529f,1,5,48000,154216,-1,168368416,35437,,,3667584
5891,2629504236,440957815,0xdf92529f,1,5,48000,410173,-1,124286384,90612,,,3668096
5892,2631271254,440957815,0xdf92529f,1,5,48000,70792,-1,247816560,22062,,,3668880
5893,2631947891,440957815,0xdf92529f,1,5,48000,140460,-1,156213696,35393,,,3669392
5894,2633365155,440957815,0xdf92529f,1,5,48000,214662,-1,317858144,40481,,,3669904
5895,2633424811,440957815,0xdf92529f,1,5,48000,110983,-1,157387296,24800,,,3670480
5896,2633439874,440957815,0xdf92529f,1,5,48000,93757,-1,341748256,17702,,,3670960
5897,2633789219,440957815,0xdf92529f,1,5,48000,92182,-1,386492192,22579,,,3671440
5898,2633953382,440957815,0xdf92529f,1,5,48000,197593,-1,371273472,54897,,,3671920
5899,2635064574,440957815,0xdf92529f,1,5,48000,77075,-1,553423328,13995,,,3672528
5900,2635410377,440957815,0xdf92529f,1,5,48000,482003,-1,333481984,103248,,,3672976
5901,2636560707,440957815,0xdf92529f,1,5,48000,392221,-1,60164480,98681,,,3673872
5902,2636670149,440957815,0xdf92529f,1,5,48000,110784,-1,19733200,21977,,,3674608
5903,2636745428,440957815,0xdf92529f,1,5,48000,5827005,-1,348093264,1664999,,,3675088
5904,2638780091,440957815,0xdf92529f,1,5,48000,314729,-1,121203712,73044,,,3681136
5905,2639131957,440957815,0xdf92529f,1,5,48000,130145,-1,521089456,24350,,,3681824
5906,2639332491,440957815,0xdf92529f,1,5,48000,189594,-1,155565664,44271,,,3682368
5907,2641139293,440957815,0xdf92529f,1,5,48000,345452,-1,372449648,107393,,,3682912
5908,2641164117,440957815,0xdf92529f,1,5,48000,226566,-1,473028496,53097,,,3683648
5909,2641836962,440957815,0xdf92529f,1,5,48000,361026,-1,406820496,74567,,,3684224
5910,2642183826,440957815,0xdf92529f,1,5,48000,116685,-1,542878560,24664,,,3684896
5911,2642526504,440957815,0xdf92529f,1,5,48000,79438,-1,169760656,13681,,,3685376
5912,2642882413,440957815,0xdf92529f,1,5,48000,231862,-1,548900976,30316,,,3685840
5913,2643320129,440957815,0xdf92529f,1,5,48000,129747,-1,245429184,27740,,,3686400
5914,2644050220,440957815,0xdf92529f,1,5,48000,89467,-1,135107120,16556,,,3686928
5915,2644159662,440957815,0xdf92529f,1,5,48000,219978,-1,88865648,51516,,,3687408
5916,2644378546,440957815,0xdf92529f,1,5,48000,434636,-1,7093424,108229,,,3688000
5917,2644398544,440957815,0xdf92529f,1,5,48000,97114,-1,117901072,17447,,,3688816
5918,2644453265,440957815,0xdf92529f,1,5,48000,417151,-1,98755072,102959,,,3689296
5919,2644546131,440957815,0xdf92529f,1,5,48000,59376,-1,313280720,21221,,,3690048
5920,2645436843,440957815,0xdf92529f,1,5,48000,72189,-1,1288176,25202,,,3690512
5921,2645500279,440957815,0xdf92529f,1,5,48000,342889,-1,231588864,104365,,,3690992
5922,2645727120,440957815,0xdf92529f,1,5,48000,111433,-1,98102432,21558,,,3691696
5923,2646075444,440957815,0xdf92529f,1,5,48000,314815,-1,83351488,76410,,,3692176
5924,2646259605,440957815,0xdf92529f,1,5,48000,302755,-1,140022752,72608,,,3692784
5925,2647405520,440957815,0xdf92529f,1,5,48000,224375,-1,484308976,63288,,,3693472
5926,2648902411,440957815,0xdf92529f,1,5,48000,316623,-1,360477776,101237,,,3694048
5927,2648964815,440957815,0xdf92529f,1,5,48000,2450183,-1,492739184,843690,,,3694720
5928,2649368134,440957815,0xdf92529f,1,5,48000,407007,-1,280816544,81993,,,3697360
5929,2649422855,440957815,0xdf92529f,1,5,48000,327971,-1,273746176,85755,,,3698096
5930,2650291623,440957815,0xdf92529f,1,5,48000,362005,-1,183833792,72535,,,3698800
5931,2650307206,440957815,0xdf92529f,1,5,48000,131830,-1,551775504,29359,,,3699536
5932,2650654030,440957815,0xdf92529f,1,5,48000,438403,-1,381627328,121803,,,3700032
5933,2651044745,440957815,0xdf92529f,1,5,48000,196762,-1,422811920,30350,,,3700800
5934,2651338637,440957815,0xdf92529f,1,5,48000,342578,-1,271111840,95843,,,3701344
5935,2651455015,440957815,0xdf92529f,1,5,48000,243452,-1,55123920,55155,,,3702000
5936,2651468077,440957815,0xdf92529f,1,5,48000,432384,-1,293230048,96938,,,3702608
5937,2651633261,440957815,0xdf92529f,1,5,48000,280099,-1,327942816,60856,,,3703344
5938,2651635782,440957815,0xdf92529f,1,5,48000,144571,-1,549975280,31024,,,3703968
5939,2651803339,440957815,0xdf92529f,1,5,48000,236096,-1,42987728,53264,,,3704512
5940,2651804360,440957815,0xdf92529f,1,5,48000,209265,-1,188937840,46818,,,3705088
5941,2651874664,440957815,0xdf92529f,1,5,48000,87134,-1,552705152,16195,,,3705664
5942,2651913802,440957815,0xdf92529f,1,5,48000,167186,-1,178701280,39067,,,3706128
5943,2651926864,440957815,0xdf92529f,1,5,48000,318632,-1,329839632,59668,,,3706656
5944,2651930731,440957815,0xdf92529f,1,5,48000,69070,-1,312851840,13429,,,3707296
5945,2653035535,440957815,0xdf92529f,1,5,48000,295479,-1,302640688,63606,,,3707792
5946,2653077194,440957815,0xdf92529f,1,5,48000,74573,-1,42139696,11874,,,3708480
5947,2653131915,440957815,0xdf92529f,1,5,48000,61966,-1,23323536,8796,,,3708928
5948,2653151913,440957815,0xdf92529f,1,5,48000,259791,-1,136429904,62511,,,3709376
5949,2653206634,440957815,0xdf92529f,1,5,48000,239430,-1,110914800,63068,,,3710000
5950,2653261355,440957815,0xdf92529f,1,5,48000,119347,-1,90061104,24129,,,3710592
5951,2653434350,440957815,0xdf92529f,1,5,48000,83842,-1,526421088,13693,,,3711056
5952,2653480239,440957815,0xdf92529f,1,5,48000,186718,-1,8362768,42269,,,3711504
5953,2653500237,440957815,0xdf92529f,1,5,48000,200583,-1,118654192,46194,,,3712064
5954,2655012974,440957815,0xdf92529f,1,5,48000,173616,-1,154594320,42467,,,3712608
5955,2656437667,440957815,0xdf92529f,1,5,48000,598254,-1,403766592,120932,,,3713168
5956,2656731270,440957815,0xdf92529f,1,5,48000,290697,-1,405703264,60458,,,3714000
5957,2656941891,440957815,0xdf92529f,1,5,48000,262509,-1,175715792,59957,,,3714608
5958,2657011811,440957815,0xdf92529f,1,5,48000,136835,-1,253468096,33138,,,3715216
5959,2657099477,440957815,0xdf92529f,1,5,48000,143753,-1,566539712,36460,,,3715728
5960,2657190057,440957815,0xdf92529f,1,5,48000,135875,-1,428760656,26020,,,3716208
5961,2657388501,440957815,0xdf92529f,1,5,48000,112971,-1,559968752,22011,,,3716768
5962,2657668842,440957815,0xdf92529f,1,5,48000,388303,-1,440620576,114897,,,3717248
5963,2657853003,440957815,0xdf92529f,1,5,48000,153792,-1,450642560,43632,,,3717968
5964,2658373447,440957815,0xdf92529f,1,5,48000,478686,-1,422572048,106171,,,3718480
5965,2658469827,440957815,0xdf92529f,1,5,48000,343863,-1,280993280,77287,,,3719232
5966,2658579269,440957815,0xdf92529f,1,5,48000,288053,-1,261180736,79478,,,3719904
5967,2658653988,440957815,0xdf92529f,1,5,48000,318781,-1,300992736,77325,,,3720560
5968,2658750368,440957815,0xdf92529f,1,5,48000,223086,-1,20472544,49297,,,3721216
5969,2659167496,440957815,0xdf92529f,1,5,48000,379771,-1,325648336,87190,,,3721840
5970,2659229153,440957815,0xdf92529f,1,5,48000,349664,-1,201618704,67231,,,3722608
5971,2659283874,440957815,0xdf92529f,1,5,48000,211996,-1,192220832,53828,,,3723312
5972,2659406378,440957815,0xdf92529f,1,5,48000,318421,-1,332223728,77637,,,3723888
5973,2659935790,440957815,0xdf92529f,1,5,48000,287746,-1,163880416,76398,,,3724576
5974,2660447266,440957815,0xdf92529f,1,5,48000,116068,-1,97009024,18964,,,3725200
5975,2660556708,440957815,0xdf92529f,1,5,48000,198920,-1,55755808,44346,,,3725696
5976,2660666150,440957815,0xdf92529f,1,5,48000,207979,-1,14691120,38606,,,3726272
5977,2661412710,440957815,0xdf92529f,1,5,48000,143203,-1,167435424,35685,,,3726864
5978,2661855124,440957815,0xdf92529f,1,5,48000,525939,-1,538460880,135590,,,3727360
5979,2663244336,440957815,0xdf92529f,1,5,48000,397773,-1,474036048,107743,,,3728208
5980,2663477606,440957815,0xdf92529f,1,5,48000,236754,-1,313545824,45927,,,3728912
5981,2663527198,440957815,0xdf92529f,1,5,48000,138536,-1,465323856,30971,,,3729600
5982,2665205608,440957815,0xdf92529f,1,5,48000,46110,-1,353095968,15495,,,3730112
5983,2665765180,440957815,0xdf92529f,1,5,48000,121210,-1,266506016,24282,,,3730576
5984,2666353407,440957815,0xdf92529f,1,5,48000,374824,-1,327286048,80469,,,3731104
5985,2666709227,440957815,0xdf92529f,1,5,48000,135211,-1,542715504,26633,,,3731840
5986,2667256660,440957815,0xdf92529f,1,5,48000,105050,-1,555043920,22455,,,3732352
5987,2667344137,440957815,0xdf92529f,1,5,48000,328773,-1,529011184,84848,,,3732832
5988,2668155663,440957815,0xdf92529f,1,5,48000,404549,-1,83575728,99051,,,3733504
5989,2668210384,440957815,0xdf92529f,1,5,48000,299210,-1,64017008,67470,,,3734240
5990,2669623691,440957815,0xdf92529f,1,5,48000,120312,-1,347616160,19322,,,3734896
5991,2669723121,440957815,0xdf92529f,1,5,48000,104423,-1,94198272,19250,,,3735376
5992,2669777842,440957815,0xdf92529f,1,5,48000,274816,-1,71949584,64320,,,3735872
5993,2669832563,440957815,0xdf92529f,1,5,48000,367067,-1,53995488,84518,,,3736528
5994,2669887711,440957815,0xdf92529f,1,5,48000,336780,-1,174559648,86025,,,3737264
5995,2670016724,440957815,0xdf92529f,1,5,48000,73675,-1,101994624,9272,,,3737936
5996,2670313869,440957815,0xdf92529f,1,5,48000,342705,-1,522696704,83854,,,3738384
5997,2670819492,440957815,0xdf92529f,1,5,48000,250443,-1,176125280,65923,,,3739088
5998,2671935027,440957815,0xdf92529f,1,5,48000,139462,-1,498288416,30561,,,3739744
5999,2672346029,440957815,0xdf92529f,1,5,48000,107013,-1,476075584,19912,,,3740272
6000,2673322476,440957815,0xdf92529f,1,5,48000,217150,-1,416549296,41536,,,3740752
6001,2673507018,440957815,0xdf92529f,1,5,48000,141672,-1,241460480,37350,,,3741296
6002,2673825443,440957815,0xdf92529f,1,5,48000,95011,-1,546755792,17837,,,3741792
6003,2674466729,440957815,0xdf92529f,1,5,48000,245558,-1,400294784,65316,,,3742272
6004,2674821130,440957815,0xdf92529f,1,5,48000,201470,-1,224027456,55615,,,3742864
6005,2675212134,440957815,0xdf92529f,1,5,48000,250396,-1,23493568,62177,,,3743456
6006,2675389359,440957815,0xdf92529f,1,5,48000,374336,-1,251397616,84748,,,3744080
6007,2675465099,440957815,0xdf92529f,1,5,48000,297208,-1,346801504,68385,,,3744848
6008,2676682191,440957815,0xdf92529f,1,5,48000,195906,-1,234203392,41103,,,3745536
6009,2676752483,440957815,0xdf92529f,1,5,48000,80278,-1,354092656,24079,,,3746064
6010,2676868242,440957815,0xdf92529f,1,5,48000,134913,-1,557567360,29383,,,3746592
6011,2676963753,440957815,0xdf92529f,1,5,48000,288085,-1,77636080,73386,,,3747104
6012,2677018474,440957815,0xdf92529f,1,5,48000,302031,-1,59630400,72047,,,3747744
6013,2677202635,440957815,0xdf92529f,1,5,48000,246006,-1,106361008,58839,,,3748400
6014,2677366798,440957815,0xdf92529f,1,5,48000,258446,-1,48096544,63706,,,3749008
6015,2677421519,440957815,0xdf92529f,1,5,48000,117456,-1,28283984,26899,,,3749616
6016,2677606701,440957815,0xdf92529f,1,5,48000,207028,-1,199978976,50004,,,3750096
6017,2679008975,440957815,0xdf92529f,1,5,48000,244317,-1,150148496,52191,,,3750672
6018,2679118417,440957815,0xdf92529f,1,5,48000,182527,-1,102778992,42260,,,3751264
6019,2679270276,440957815,0xdf92529f,1,5,48000,401125,-1,430508288,133695,,,3751808
6020,2680617829,440957815,0xdf92529f,1,5,48000,209422,-1,412583920,41759,,,3752544
6021,2681507351,440957815,0xdf92529f,1,5,48000,92297,-1,157652208,18830,,,3753120
6022,2681849004,440957815,0xdf92529f,1,5,48000,418806,-1,442302528,89341,,,3753600
6023,2681904746,440957815,0xdf92529f,1,5,48000,186579,-1,463107232,52068,,,3754288
6024,2682424169,440957815,0xdf92529f,1,5,48000,214218,-1,417715056,38039,,,3754816
6025,2682520549,440957815,0xdf92529f,1,5,48000,285536,-1,271703568,68239,,,3755360
6026,2682984271,440957815,0xdf92529f,1,5,48000,257171,-1,159632128,60470,,,3756016
6027,2683977544,440957815,0xdf92529f,1,5,48000,163918,-1,220179280,44568,,,3756640
6028,2684436331,440957815,0xdf92529f,1,5,48000,108169,-1,269164992,16491,,,3757200
6029,2684497988,440957815,0xdf92529f,1,5,48000,250262,-1,69806800,59203,,,3757712
6030,2684697093,440957815,0xdf92529f,1,5,48000,282481,-1,176595072,71298,,,3758352
6031,2687448480,440957815,0xdf92529f,1,5,48000,275790,-1,456034432,76484,,,3759008
6032,2687523199,440957815,0xdf92529f,1,5,48000,159759,-1,458854496,38654,,,3759584
6033,2688892413,440957815,0xdf92529f,1,5,48000,285420,-1,355275856,62047,,,3760112
6034,2689535361,440957815,0xdf92529f,1,5,48000,128695,-1,403114752,28039,,,3760752
6035,2689578799,440957815,0xdf92529f,1,5,48000,279942,-1,244691920,85740,,,3761232
6036,2690123588,440957815,0xdf92529f,1,5,48000,158353,-1,431226096,35099,,,3761856
6037,2691665135,440957815,0xdf92529f,1,5,48000,270636,-1,242226528,79842,,,3762384
6038,2692222989,440957815,0xdf92529f,1,5,48000,118451,-1,554318656,27032,,,3762992
6039,2693427019,440957815,0xdf92529f,1,5,48000,178101,-1,489085280,29844,,,3763472
6040,2693719122,440957815,0xdf92529f,1,5,48000,269524,-1,89123456,70147,,,3764032
6041,2693883285,440957815,0xdf92529f,1,5,48000,244137,-1,31939616,53341,,,3764656
6042,2693938006,440957815,0xdf92529f,1,5,48000,137506,-1,7337664,25854,,,3765280
6043,2693958004,440957815,0xdf92529f,1,5,48000,396754,-1,117956464,101206,,,3765824
6044,2694391698,440957815,0xdf92529f,1,5,48000,136910,-1,557916208,26148,,,3766592
6045,2695470741,440957815,0xdf92529f,1,5,48000,297814,-1,153757376,80708,,,3767120
6046,2695525462,440957815,0xdf92529f,1,5,48000,376880,-1,128601664,92018,,,3767792
6047,2696720878,440957815,0xdf92529f,1,5,48000,117173,-1,451938944,30757,,,3768512
6048,2697441485,440957815,0xdf92529f,1,5,48000,83280,-1,607424,25322,,,3769024
6049,2698003084,440957815,0xdf92529f,1,5,48000,202251,-1,328930144,46240,,,3769520
6050,2698579852,440957815,0xdf92529f,1,5,48000,201855,-1,347278464,51352,,,3770128
6051,2699221197,440957815,0xdf92529f,1,5,48000,371660,-1,284407760,86223,,,3770704
6052,2699501738,440957815,0xdf92529f,1,5,48000,340443,-1,28940592,91178,,,3771408
6053,2700494031,440957815,0xdf92529f,1,5,48000,334849,-1,213929680,86078,,,3772112
6054,2700850312,440957815,0xdf92529f,1,5,48000,437821,-1,114722512,108380,,,3772800
6055,2700959754,440957815,0xdf92529f,1,5,48000,180774,-1,73375376,41433,,,3773568
6056,2701143915,440957815,0xdf92529f,1,5,48000,313996,-1,125328576,71896,,,3774112
6057,2701198636,440957815,0xdf92529f,1,5,48000,172701,-1,103417680,42926,,,3774768
6058,2701308078,440957815,0xdf92529f,1,5,48000,95616,-1,62303264,14684,,,3775296
6059,2701712144,440957815,0xdf92529f,1,5,48000,351357,-1,186872528,70843,,,3775760
6060,2701766865,440957815,0xdf92529f,1,5,48000,326224,-1,181726176,80822,,,3776400
6061,2702766094,440957815,0xdf92529f,1,5,48000,220723,-1,111082992,51023,,,3777040
6062,2703004976,440957815,0xdf92529f,1,5,48000,364055,-1,145962272,87718,,,3777616
6063,2705004834,440957815,0xdf92529f,1,5,48000,294350,-1,318208352,62732,,,3778336
6064,2705647782,440957815,0xdf92529f,1,5,48000,209041,-1,365267040,52378,,,3779008
6065,2706700711,440957815,0xdf92529f,1,5,48000,321969,-1,289330256,61958,,,3779600
6066,2708255107,440957815,0xdf92529f,1,5,48000,116779,-1,40028864,23983,,,3780272
6067,2708439268,440957815,0xdf92529f,1,5,48000,317244,-1,85627184,71532,,,3780752
6068,2708843334,440957815,0xdf92529f,1,5,48000,447258,-1,192274704,115277,,,3781440
6069,2709247400,440957815,0xdf92529f,1,5,48000,136300,-1,218911072,24345,,,3782240
6070,2709495250,440957815,0xdf92529f,1,5,48000,149850,-1,167808336,33712,,,3782752
6071,2710006726,440957815,0xdf92529f,1,5,48000,159643,-1,97230976,33520,,,3783280
6072,2710061447,440957815,0xdf92529f,1,5,48000,117665,-1,74172368,26031,,,3783792
6073,2710422291,440957815,0xdf92529f,1,5,48000,327640,-1,500883216,67873,,,3784288
6074,2710704395,440957815,0xdf92529f,1,5,48000,242265,-1,196141088,58334,,,3784992
6075,2711263795,440957815,0xdf92529f,1,5,48000,59932,-1,247547888,20369,,,3785616
6076,2711268521,440957815,0xdf92529f,1,5,48000,66610,-1,204628272,9377,,,3786096
6077,2711804567,440957815,0xdf92529f,1,5,48000,253164,-1,488482224,66087,,,3786544
6078,2711940432,440957815,0xdf92529f,1,5,48000,147565,-1,155753248,34128,,,3787152
6079,2713030916,440957815,0xdf92529f,1,5,48000,339998,-1,445814080,109781,,,3787680
6080,2713086658,440957815,0xdf92529f,1,5,48000,202877,-1,465499424,49181,,,3788368
6081,2713606081,440957815,0xdf92529f,1,5,48000,202701,-1,419854928,34514,,,3788960
6082,2714454851,440957815,0xdf92529f,1,5,48000,156817,-1,314497440,30564,,,3789520
6083,2714749475,440957815,0xdf92529f,1,5,48000,112230,-1,365483120,25596,,,3790064
6084,2716146381,440957815,0xdf92529f,1,5,48000,234620,-1,173865200,56078,,,3790544
6085,2716903597,440957815,0xdf92529f,1,5,48000,286430,-1,529419744,69383,,,3791152
6086,2717139958,440957815,0xdf92529f,1,5,48000,333392,-1,232753264,57956,,,3791824
6087,2717550960,440957815,0xdf92529f,1,5,48000,273520,-1,154383424,70802,,,3792464
6088,2717605681,440957815,0xdf92529f,1,5,48000,253429,-1,129477280,60357,,,3793072
6089,2717824565,440957815,0xdf92529f,1,5,48000,311965,-1,47000288,61792,,,3793696
6090,2718530818,440957815,0xdf92529f,1,5,48000,264590,-1,565852576,73653,,,3794384
6091,2719521463,440957815,0xdf92529f,1,5,48000,348806,-1,123453424,82310,,,3794976
6092,2719873329,440957815,0xdf92529f,1,5,48000,384973,-1,523340304,93839,,,3795728
6093,2721905489,440957815,0xdf92529f,1,5,48000,389000,-1,476310560,98943,,,3796448
6094,2723220740,440957815,0xdf92529f,1,5,48000,116155,-1,551559744,21129,,,3797152
6095,2723652686,440957815,0xdf92529f,1,5,48000,272092,-1,422999552,58030,,,3797632
6096,2723847084,440957815,0xdf92529f,1,5,48000,106448,-1,182106480,19966,,,3798224
6097,2724032266,440957815,0xdf92529f,1,5,48000,92986,-1,228108160,15968,,,3798704
6098,2724538672,440957815,0xdf92529f,1,5,48000,17908,-1,312963536,7259,,,3799168
6099,2724716873,440957815,0xdf92529f,1,5,48000,59455,-1,42595776,9162,,,3799600
6100,2724771594,440957815,0xdf92529f,1,5,48000,96286,-1,23602592,18453,,,3800048
6101,2724901034,440957815,0xdf92529f,1,5,48000,207814,-1,90835376,47927,,,3800544
6102,2724955755,440957815,0xdf92529f,1,5,48000,361604,-1,68817648,87215,,,3801136
6103,2725023538,440957815,0xdf92529f,1,5,48000,353527,-1,292377552,77776,,,3801856
6104,2725139916,440957815,0xdf92529f,1,5,48000,198467,-1,120213424,49595,,,3802512
6105,2725372212,440957815,0xdf92529f,1,5,48000,123180,-1,558407776,26171,,,3803056
6106,2725546503,440957815,0xdf92529f,1,5,48000,370078,-1,516187168,114499,,,3803552
6107,2726523213,440957815,0xdf92529f,1,5,48000,146554,-1,77981008,34760,,,3804224
6108,2726871537,440957815,0xdf92529f,1,5,48000,366364,-1,64908368,82460,,,3804768
6109,2727000977,440957815,0xdf92529f,1,5,48000,300062,-1,141809568,54297,,,3805504
6110,2727798568,440957815,0xdf92529f,1,5,48000,124414,-1,484934848,30052,,,3806144
6111,2730471913,440957815,0xdf92529f,1,5,48000,219534,-1,435118320,55260,,,3806640
6112,2730697733,440957815,0xdf92529f,1,5,48000,146922,-1,336548480,33646,,,3807232
6113,2731295979,440957815,0xdf92529f,1,5,48000,341831,-1,208952272,85567,,,3807792
6114,2731408464,440957815,0xdf92529f,1,5,48000,295774,-1,442726672,99675,,,3808432
6115,2731634284,440957815,0xdf92529f,1,5,48000,147405,-1,389932480,44097,,,3809040
6116,2731860104,440957815,0xdf92529f,1,5,48000,415074,-1,230227616,69550,,,3809568
6117,2732209449,440957815,0xdf92529f,1,5,48000,248325,-1,295542240,61038,,,3810304
6118,2732305829,440957815,0xdf92529f,1,5,48000,332739,-1,15607952,76290,,,3810896
6119,2732543731,440957815,0xdf92529f,1,5,48000,353092,-1,164230384,77570,,,3811536
6120,2732558794,440957815,0xdf92529f,1,5,48000,344201,-1,342008384,69651,,,3812240
6121,2732908139,440957815,0xdf92529f,1,5,48000,237045,-1,386880032,54255,,,3812960
6122,2733893285,440957815,0xdf92529f,1,5,48000,213948,-1,137538448,53297,,,3813568
6123,2734020651,440957815,0xdf92529f,1,5,48000,164362,-1,167591776,39430,,,3814160
6124,2734057448,440957815,0xdf92529f,1,5,48000,507053,-1,69945664,101978,,,3814688
6125,2734112169,440957815,0xdf92529f,1,5,48000,200194,-1,52432224,43881,,,3815584
6126,2734166890,440957815,0xdf92529f,1,5,48000,313609,-1,33591840,67153,,,3816144
6127,2734406793,440957815,0xdf92529f,1,5,48000,224405,-1,193018368,59515,,,3816768
6128,2734700396,440957815,0xdf92529f,1,5,48000,209227,-1,195787504,49754,,,3817328
6129,2734755117,440957815,0xdf92529f,1,5,48000,342021,-1,190531536,89980,,,3817888
6130,2735331040,440957815,0xdf92529f,1,5,48000,362454,-1,458342960,95977,,,3818576
6131,2735793922,440957815,0xdf92529f,1,5,48000,118347,-1,204473040,21965,,,3819264
6132,2735874997,440957815,0xdf92529f,1,5,48000,290182,-1,426961392,64679,,,3819760
6133,2736085547,440957815,0xdf92529f,1,5,48000,58749,-1,313665888,21830,,,3820352
6134,2737246822,440957815,0xdf92529f,1,5,48000,164327,-1,457256848,34003,,,3820848
6135,2737813549,440957815,0xdf92529f,1,5,48000,91635,-1,353229392,28459,,,3821408
6136,2737993086,440957815,0xdf92529f,1,5,48000,204006,-1,327546496,45801,,,3821904
6137,2740018310,440957815,0xdf92529f,1,5,48000,129541,-1,316780448,26019,,,3822464
6138,2741126981,440957815,0xdf92529f,1,5,48000,181931,-1,280422176,41212,,,3822976
6139,2741181702,440957815,0xdf92529f,1,5,48000,207510,-1,272341312,42294,,,3823552
6140,2741546961,440957815,0xdf92529f,1,5,48000,283485,-1,149606208,74778,,,3824160
6141,2743517464,440957815,0xdf92529f,1,5,48000,462488,-1,118272224,107814,,,3824784
6142,2743978772,440957815,0xdf92529f,1,5,48000,426630,-1,512813664,135467,,,3825568
6143,2743985708,440957815,0xdf92529f,1,5,48000,209391,-1,477264912,49544,,,3826320
6144,2746114959,440957815,0xdf92529f,1,5,48000,175310,-1,241647344,47569,,,3826912
6145,2746701768,440957815,0xdf92529f,1,5,48000,120850,-1,542419968,24913,,,3827472
6146,2747249201,440957815,0xdf92529f,1,5,48000,132302,-1,554668592,30961,,,3827984
6147,2747326183,440957815,0xdf92529f,1,5,48000,178326,-1,547840688,43570,,,3828496
6148,2747619786,440957815,0xdf92529f,1,5,48000,97620,-1,548252944,17379,,,3828992
6149,2747889036,440957815,0xdf92529f,1,5,48000,377190,-1,425187888,78953,,,3829472
6150,2748321870,440957815,0xdf92529f,1,5,48000,375441,-1,234958368,98625,,,3830112
6151,2748603432,440957815,0xdf92529f,1,5,48000,192890,-1,78660544,39681,,,3830800
6152,2748712874,440957815,0xdf92529f,1,5,48000,396640,-1,39576896,86831,,,3831392
6153,2748767595,440957815,0xdf92529f,1,5,48000,343527,-1,19569584,82027,,,3832112
6154,2749006477,440957815,0xdf92529f,1,5,48000,197099,-1,48571616,44967,,,3832832
6155,2749061198,440957815,0xdf92529f,1,5,48000,131429,-1,29115808,29417,,,3833392
6156,2749115919,440957815,0xdf92529f,1,5,48000,225516,-1,3854224,57849,,,3833920
6157,2749371405,440957815,0xdf92529f,1,5,48000,125236,-1,553557504,28326,,,3834480
6158,2749426126,440957815,0xdf92529f,1,5,48000,102179,-1,551883328,21163,,,3834960
6159,2749476183,440957815,0xdf92529f,1,5,48000,114633,-1,557746336,25900,,,3835440
6160,2750366895,440957815,0xdf92529f,1,5,48000,97520,-1,567038496,17873,,,3835936
6161,2750683377,440957815,0xdf92529f,1,5,48000,129740,-1,13824912,31002,,,3836416
6162,2750812817,440957815,0xdf92529f,1,5,48000,370035,-1,81993104,85702,,,3836912
6163,2750922259,440957815,0xdf92529f,1,5,48000,221354,-1,43365408,50398,,,3837632
6164,2753639784,440957815,0xdf92529f,1,5,48000,291423,-1,358462432,65644,,,3838240
6165,2754063848,440957815,0xdf92529f,1,5,48000,284764,-1,418744848,61519,,,3838864
6166,2754173290,440957815,0xdf92529f,1,5,48000,377938,-1,411419472,72116,,,3839488
6167,2755617223,440957815,0xdf92529f,1,5,48000,307263,-1,220716256,87894,,,3840192
6168,2755802405,440957815,0xdf92529f,1,5,48000,390876,-1,305515296,93088,,,3840848
6169,2755953506,440957815,0xdf92529f,1,5,48000,137620,-1,24705792,26149,,,3841552
6170,2756130731,440957815,0xdf92529f,1,5,48000,256202,-1,253813056,62811,,,3842064
6171,2756260171,440957815,0xdf92529f,1,5,48000,165741,-1,289557824,27933,,,3842704
6172,2756554795,440957815,0xdf92529f,1,5,48000,294425,-1,337897232,67390,,,3843232
6173,2757998728,440957815,0xdf92529f,1,5,48000,363197,-1,85951776,93212,,,3843856
6174,2758053449,440957815,0xdf92529f,1,5,48000,327419,-1,66047184,55559,,,3844560
6175,2758348073,440957815,0xdf92529f,1,5,48000,185881,-1,201854544,40701,,,3845264
6176,2758751118,440957815,0xdf92529f,1,5,48000,94375,-1,189310816,17753,,,3845824
6177,2759307020,440957815,0xdf92529f,1,5,48000,365580,-1,310301744,89041,,,3846304
6178,2759620907,440957815,0xdf92529f,1,5,48000,130953,-1,74285104,24856,,,3846992
6179,2761175040,440957815,0xdf92529f,1,5,48000,202622,-1,403258384,40391,,,3847520
6180,2762098529,440957815,0xdf92529f,1,5,48000,265054,-1,317063472,53514,,,3848096
6181,2762363256,440957815,0xdf92529f,1,5,48000,226975,-1,474662016,56740,,,3848736
6182,2762590376,440957815,0xdf92529f,1,5,48000,147432,-1,446189344,34023,,,3849328
6183,2762646118,440957815,0xdf92529f,1,5,48000,207158,-1,465873984,48392,,,3849872
6184,2762976812,440957815,0xdf92529f,1,5,48000,186085,-1,159031392,39855,,,3850448
6185,2763152479,440957815,0xdf92529f,1,5,48000,376285,-1,287633776,87494,,,3851008
6186,2763165541,440957815,0xdf92529f,1,5,48000,370968,-1,420253440,76413,,,3851744
6187,2763665987,440957815,0xdf92529f,1,5,48000,304066,-1,318794544,69774,,,3852448
6188,2764014311,440957815,0xdf92529f,1,5,48000,416532,-1,314635840,107789,,,3853104
6189,2764308935,440957815,0xdf92529f,1,5,48000,256263,-1,365921040,85198,,,3853888
6190,2765177703,440957815,0xdf92529f,1,5,48000,269791,-1,270089232,61023,,,3854512
6191,2765949549,440957815,0xdf92529f,1,5,48000,397477,-1,518622448,136641,,,3855168
6192,2766592497,440957815,0xdf92529f,1,5,48000,257013,-1,532939552,59408,,,3855856
6193,2767386546,440957815,0xdf92529f,1,5,48000,83260,-1,494096016,14228,,,3856480
6194,2767458744,440957815,0xdf92529f,1,5,48000,83663,-1,140983456,14618,,,3856944
6195,2769164041,440957815,0xdf92529f,1,5,48000,106690,-1,481335408,22530,,,3857408
6196,2769793223,440957815,0xdf92529f,1,5,48000,165687,-1,172440432,41219,,,3857904
6197,2772763596,440957815,0xdf92529f,1,5,48000,399853,-1,14416576,88465,,,3858400
6198,2772947757,440957815,0xdf92529f,1,5,48000,193843,-1,62429328,43765,,,3859136
6199,2773002478,440957815,0xdf92529f,1,5,48000,253311,-1,44228160,55046,,,3859728
6200,2773406544,440957815,0xdf92529f,1,5,48000,156535,-1,182229072,29255,,,3860368
6201,2773463786,440957815,0xdf92529f,1,5,48000,448900,-1,504967280,132685,,,3860896
6202,2773847050,440957815,0xdf92529f,1,5,48000,40211,-1,248788832,14358,,,3861664
6203,2774277833,440957815,0xdf92529f,1,5,48000,265304,-1,483138096,80423,,,3862128
6204,2774456618,440957815,0xdf92529f,1,5,48000,333681,-1,351260896,68985,,,3862752
6205,2774644655,440957815,0xdf92529f,1,5,48000,178443,-1,146439728,44191,,,3863440
6206,2776560437,440957815,0xdf92529f,1,5,48000,104898,-1,142094384,18402,,,3863984
6207,2776615158,440957815,0xdf92529f,1,5,48000,107496,-1,115619488,20874,,,3864480
6208,2777434026,440957815,0xdf92529f,1,5,48000,34710,-1,227632,14102,,,3864960
6209,2777930409,440957815,0xdf92529f,1,5,48000,516154,-1,405973856,100381,,,3865408
6210,2779387404,440957815,0xdf92529f,1,5,48000,287174,-1,378017936,94906,,,3866192
6211,2779390946,440957815,0xdf92529f,1,5,48000,233446,-1,559263200,58426,,,3866800
6212,2779778408,440957815,0xdf92529f,1,5,48000,278676,-1,262693488,55757,,,3867376
6213,2780017290,440957815,0xdf92529f,1,5,48000,286705,-1,277545056,65084,,,3868064
6214,2780031373,440957815,0xdf92529f,1,5,48000,261253,-1,435531744,85144,,,3868672
6215,2780129253,440957815,0xdf92529f,1,5,48000,321413,-1,544893584,97794,,,3869264
6216,2780130274,440957815,0xdf92529f,1,5,48000,209324,-1,547230368,54375,,,3869920
6217,2780146730,440957815,0xdf92529f,1,5,48000,326637,-1,304389136,81981,,,3870480
6218,2780369156,440957815,0xdf92529f,1,5,48000,70890,-1,549528416,10309,,,3871136
6219,2780476077,440957815,0xdf92529f,1,5,48000,123340,-1,316406096,25265,,,3871600
6220,2780776616,440957815,0xdf92529f,1,5,48000,267375,-1,194446944,75505,,,3872096
6221,2780954862,440957815,0xdf92529f,1,5,48000,64548,-1,381908784,10633,,,3872720
6222,2781193744,440957815,0xdf92529f,1,5,48000,379156,-1,390009872,93965,,,3873168
6223,2781235403,440957815,0xdf92529f,1,5,48000,229049,-1,214736512,73911,,,3873904
6224,2781530027,440957815,0xdf92529f,1,5,48000,349149,-1,285869648,75257,,,3874496
6225,2781865289,440957815,0xdf92529f,1,5,48000,190541,-1,16058272,31827,,,3875200
6226,2781933072,440957815,0xdf92529f,1,5,48000,313358,-1,276447184,82712,,,3875792
6227,2782103191,440957815,0xdf92529f,1,5,48000,151490,-1,167954928,37024,,,3876448
6228,2782528235,440957815,0xdf92529f,1,5,48000,145656,-1,203199744,35729,,,3876944
6229,2782692398,440957815,0xdf92529f,1,5,48000,334549,-1,193422304,77437,,,3877440
6230,2783041743,440957815,0xdf92529f,1,5,48000,445497,-1,226132784,131700,,,3878160
6231,2783616908,440957815,0xdf92529f,1,5,48000,303723,-1,70167088,70911,,,3878976
6232,2783671629,440957815,0xdf92529f,1,5,48000,166798,-1,52551584,26551,,,3879648
6233,2783876462,440957815,0xdf92529f,1,5,48000,90714,-1,204704704,16301,,,3880192
6234,2784890500,440957815,0xdf92529f,1,5,48000,429299,-1,458714624,106884,,,3880688
6235,2785649826,440957815,0xdf92529f,1,5,48000,143957,-1,433499632,44026,,,3881424
6236,2785874602,440957815,0xdf92529f,1,5,48000,256966,-1,208379488,68980,,,3881952
6237,2786025293,440957815,0xdf92529f,1,5,48000,79987,-1,157188096,15601,,,3882544
6238,2786806282,440957815,0xdf92529f,1,5,48000,378555,-1,457438192,103613,,,3882992
6239,2787159535,440957815,0xdf92529f,1,5,48000,211158,-1,542167120,50975,,,3883696
6240,2787203201,440957815,0xdf92529f,1,5,48000,344643,-1,279081904,79568,,,3884256
6241,2787312643,440957815,0xdf92529f,1,5,48000,258685,-1,255917440,60630,,,3884928
6242,2787555067,440957815,0xdf92529f,1,5,48000,99522,-1,549876640,19157,,,3885552
6243,2788880101,440957815,0xdf92529f,1,5,48000,129984,-1,263777600,22868,,,3886032
6244,2788996479,440957815,0xdf92529f,1,5,48000,102438,-1,41137760,18541,,,3886544
6245,2789051200,440957815,0xdf92529f,1,5,48000,121643,-1,22313328,24794,,,3887024
6246,2789228425,440957815,0xdf92529f,1,5,48000,335350,-1,249128720,82229,,,3887536
6247,2789468328,440957815,0xdf92529f,1,5,48000,340676,-1,326299840,84308,,,3888272
6248,2790708903,440957815,0xdf92529f,1,5,48000,103839,-1,177720000,28793,,,3888976
6249,2791932973,440957815,0xdf92529f,1,5,48000,180418,-1,155267344,40474,,,3889504
6250,2795126986,440957815,0xdf92529f,1,5,48000,100229,-1,169597200,20100,,,3890064
6251,2795743812,440957815,0xdf92529f,1,5,48000,206593,-1,461268880,51179,,,3890544
6252,2797881330,440957815,0xdf92529f,1,5,48000,189383,-1,235184192,39822,,,3891104
6253,2797980153,440957815,0xdf92529f,1,5,48000,117697,-1,558573520,28254,,,3891664
6254,2798037325,440957815,0xdf92529f,1,5,48000,43992,-1,1060832,14549,,,3892128
6255,2798175954,440957815,0xdf92529f,1,5,48000,218480,-1,305047488,48305,,,3892608
6256,2798347053,440957815,0xdf92529f,1,5,48000,445505,-1,131655008,111989,,,3893184
6257,2798401774,440957815,0xdf92529f,1,5,48000,343724,-1,107365792,82884,,,3893936
6258,2798511216,440957815,0xdf92529f,1,5,48000,180258,-1,65624992,41265,,,3894592
6259,2798620658,440957815,0xdf92529f,1,5,48000,161094,-1,29347536,36969,,,3895152
6260,2798675379,440957815,0xdf92529f,1,5,48000,359619,-1,4168640,81281,,,3895680
6261,2798695377,440957815,0xdf92529f,1,5,48000,99856,-1,115887872,20722,,,3896400
6262,2800023953,440957815,0xdf92529f,1,5,48000,218906,-1,96611856,54999,,,3896880
6263,2800614701,440957815,0xdf92529f,1,5,48000,144214,-1,526110672,28656,,,3897408
6264,2801024200,440957815,0xdf92529f,1,5,48000,327657,-1,247095872,84703,,,3897904
6265,2801244587,440957815,0xdf92529f,1,5,48000,237548,-1,491871984,60623,,,3898560
6266,2802556296,440957815,0xdf92529f,1,5,48000,133724,-1,316718640,27433,,,3899168
6267,2802646861,440957815,0xdf92529f,1,5,48000,428973,-1,479791264,91699,,,3899664
6268,2803048143,440957815,0xdf92529f,1,5,48000,338506,-1,444354896,95549,,,3900416
6269,2803089802,440957815,0xdf92529f,1,5,48000,339421,-1,375522640,96735,,,3901072
6270,2803144523,440957815,0xdf92529f,1,5,48000,86806,-1,370219808,16811,,,3901712
6271,2803199244,440957815,0xdf92529f,1,5,48000,290843,-1,358842192,61536,,,3902176
6272,2803273963,440957815,0xdf92529f,1,5,48000,419433,-1,390988208,128606,,,3902832
6273,2803719688,440957815,0xdf92529f,1,5,48000,321955,-1,272163504,79565,,,3903632
6274,2804531213,440957815,0xdf92529f,1,5,48000,34159,-1,312636656,13174,,,3904304
6275,2804588456,440957815,0xdf92529f,1,5,48000,170583,-1,182838080,34561,,,3904784
6276,2805005584,440957815,0xdf92529f,1,5,48000,251207,-1,374002448,46598,,,3905328
6277,2805176683,440957815,0xdf92529f,1,5,48000,411050,-1,221074912,120258,,,3905952
6278,2805287146,440957815,0xdf92529f,1,5,48000,139182,-1,276356080,24524,,,3906640
6279,2805512966,440957815,0xdf92529f,1,5,48000,347079,-1,24731984,82518,,,3907168
6280,2805635470,440957815,0xdf92529f,1,5,48000,415109,-1,269431136,77208,,,3907872
6281,2805642406,440957815,0xdf92529f,1,5,48000,400214,-1,93158224,97792,,,3908576
6282,2805936009,440957815,0xdf92529f,1,5,48000,172351,-1,100927664,40197,,,3909264
6283,2806114255,440957815,0xdf92529f,1,5,48000,290075,-1,337964656,52722,,,3909824
6284,2806798862,440957815,0xdf92529f,1,5,48000,258063,-1,216580624,58490,,,3910480
6285,2807503467,440957815,0xdf92529f,1,5,48000,105538,-1,108139360,20375,,,3911104
6286,2807558188,440957815,0xdf92529f,1,5,48000,303274,-1,86266704,77186,,,3911584
6287,2807612909,440957815,0xdf92529f,1,5,48000,164497,-1,66118176,35723,,,3912240
6288,2808401863,440957815,0xdf92529f,1,5,48000,108124,-1,204574032,19723,,,3912784
6289,2809309807,440957815,0xdf92529f,1,5,48000,423985,-1,151872368,97899,,,3913264
6290,2810973649,440957815,0xdf92529f,1,5,48000,139667,-1,396801952,30598,,,3914064
6291,2811308644,440957815,0xdf92529f,1,5,48000,326452,-1,250083120,89342,,,3914576
6292,2811439105,440957815,0xdf92529f,1,5,48000,281825,-1,337100192,58278,,,3915216
6293,2811897892,440957815,0xdf92529f,1,5,48000,388774,-1,372608496,112353,,,3915824
6294,2812149836,440957815,0xdf92529f,1,5,48000,314243,-1,446382816,97295,,,3916544
6295,2812362594,440957815,0xdf92529f,1,5,48000,407314,-1,221730416,112617,,,3917216
6296,2812375656,440957815,0xdf92529f,1,5,48000,341299,-1,392878560,86357,,,3917968
6297,2812536272,440957815,0xdf92529f,1,5,48000,322371,-1,163290032,72729,,,3918576
6298,2812595561,440957815,0xdf92529f,1,5,48000,147930,-1,406975040,32280,,,3919264
6299,2812657218,440957815,0xdf92529f,1,5,48000,215453,-1,291850640,45160,,,3919776
6300,2812711939,440957815,0xdf92529f,1,5,48000,340862,-1,287977088,76736,,,3920368
6301,2814013192,440957815,0xdf92529f,1,5,48000,120487,-1,167342368,27379,,,3921072
6302,2815257607,440957815,0xdf92529f,1,5,48000,308258,-1,185609648,78366,,,3921552
6303,2815727893,440957815,0xdf92529f,1,5,48000,198190,-1,507599424,56548,,,3922208
6304,2816151957,440957815,0xdf92529f,1,5,48000,331707,-1,533374688,82790,,,3922768
6305,2817018204,440957815,0xdf92529f,1,5,48000,207934,-1,141108976,51978,,,3923408
6306,2817806090,440957815,0xdf92529f,1,5,48000,94623,-1,352835744,27337,,,3923968
6307,2817824031,440957815,0xdf92529f,1,5,48000,210998,-1,461700192,43679,,,3924512
6308,2818110441,440957815,0xdf92529f,1,5,48000,91422,-1,556667792,17678,,,3925104
6309,2819038950,440957815,0xdf92529f,1,5,48000,489309,-1,564442608,105378,,,3925568
6310,2819267964,440957815,0xdf92529f,1,5,48000,107000,-1,385472320,19415,,,3926368
6311,2819309709,440957815,0xdf92529f,1,5,48000,110970,-1,542531152,22877,,,3926832
6312,2819857142,440957815,0xdf92529f,1,5,48000,82916,-1,554759296,16121,,,3927328
6313,2820755598,440957815,0xdf92529f,1,5,48000,481354,-1,5520288,118350,,,3927792
6314,2822224173,440957815,0xdf92529f,1,5,48000,94618,-1,347492400,14813,,,3928640
6315,2822226676,440957815,0xdf92529f,1,5,48000,144874,-1,294259360,25263,,,3929104
6316,2822343054,440957815,0xdf92529f,1,5,48000,248070,-1,126222928,49700,,,3929632
6317,2823023246,440957815,0xdf92529f,1,5,48000,383187,-1,505128128,94037,,,3930208
6318,2823324806,440957815,0xdf92529f,1,5,48000,156444,-1,491932640,32658,,,3930944
6319,2823499510,440957815,0xdf92529f,1,5,48000,397511,-1,224828528,141052,,,3931472
6320,2824316078,440957815,0xdf92529f,1,5,48000,145921,-1,498761760,32022,,,3932192
6321,2825643633,440957815,0xdf92529f,1,5,48000,304546,-1,486527536,79155,,,3932704
6322,2826642862,440957815,0xdf92529f,1,5,48000,304860,-1,471303984,73607,,,3933344
6323,2829035241,440957815,0xdf92529f,1,5,48000,351061,-1,350704352,79323,,,3933952
6324,2829352965,440957815,0xdf92529f,1,5,48000,90865,-1,353782624,21274,,,3934704
6325,2829399525,440957815,0xdf92529f,1,5,48000,201525,-1,60711152,32205,,,3935216
6326,2829764453,440957815,0xdf92529f,1,5,48000,104428,-1,553815568,21587,,,3935792
6327,2829802570,440957815,0xdf92529f,1,5,48000,258094,-1,30917968,55775,,,3936272
6328,2829928616,440957815,0xdf92529f,1,5,48000,162467,-1,549570192,37669,,,3936928
6329,2830219698,440957815,0xdf92529f,1,5,48000,251706,-1,328573280,56092,,,3937456
6330,2830336076,440957815,0xdf92529f,1,5,48000,314597,-1,194621888,76300,,,3938080
6331,2831260586,440957815,0xdf92529f,1,5,48000,271774,-1,75100400,52390,,,3938720
6332,2831315307,440957815,0xdf92529f,1,5,48000,231555,-1,57152896,47503,,,3939392
6333,2831328369,440957815,0xdf92529f,1,5,48000,198861,-1,296197360,42865,,,3940000
6334,2831370028,440957815,0xdf92529f,1,5,48000,231022,-1,37197504,39388,,,3940576
6335,2831390026,440957815,0xdf92529f,1,5,48000,371933,-1,152407664,89481,,,3941200
6336,2831424749,440957815,0xdf92529f,1,5,48000,236518,-1,16257520,54900,,,3941952
6337,2831608910,440957815,0xdf92529f,1,5,48000,82871,-1,62929728,11409,,,3942560
6338,2831663631,440957815,0xdf92529f,1,5,48000,221458,-1,45376656,44752,,,3943008
6339,2831903534,440957815,0xdf92529f,1,5,48000,212964,-1,197364816,51585,,,3943600
6340,2831919117,440957815,0xdf92529f,1,5,48000,105102,-1,554565104,21284,,,3944176
6341,2831988042,440957815,0xdf92529f,1,5,48000,235434,-1,556815392,47551,,,3944640
6342,2831998378,440957815,0xdf92529f,1,5,48000,90442,-1,492368432,18524,,,3945216
6343,2833012205,440957815,0xdf92529f,1,5,48000,240547,-1,137630320,57954,,,3945696
6344,2833305808,440957815,0xdf92529f,1,5,48000,290658,-1,147351680,69299,,,3946320
6345,2834616491,440957815,0xdf92529f,1,5,48000,162067,-1,169408928,38611,,,3946992
6346,2835584753,440957815,0xdf92529f,1,5,48000,142095,-1,159276880,31333,,,3947488
6347,2836201579,440957815,0xdf92529f,1,5,48000,236315,-1,459598800,58169,,,3948016
6348,2836762661,440957815,0xdf92529f,1,5,48000,481715,-1,279189648,104366,,,3948576
6349,2837112006,440957815,0xdf92529f,1,5,48000,124112,-1,327700768,26255,,,3949344
6350,2837686150,440957815,0xdf92529f,1,5,48000,462367,-1,180316768,81611,,,3949856
6351,2837980774,440957815,0xdf92529f,1,5,48000,371657,-1,216942224,117649,,,3950608
6352,2838070836,440957815,0xdf92529f,1,5,48000,113523,-1,467378224,21863,,,3951328
6353,2838555939,440957815,0xdf92529f,1,5,48000,475208,-1,41318640,105695,,,3951808
6354,2838610660,440957815,0xdf92529f,1,5,48000,312654,-1,22412176,80659,,,3952608
6355,2840417000,440957815,0xdf92529f,1,5,48000,246684,-1,58470736,58159,,,3953296
6356,2841771982,440957815,0xdf92529f,1,5,48000,107791,-1,481419600,22369,,,3953920
6357,2842093637,440957815,0xdf92529f,1,5,48000,142604,-1,454901520,31701,,,3954400
6358,2842105399,440957815,0xdf92529f,1,5,48000,377088,-1,489755648,116627,,,3954912
6359,2842743601,440957815,0xdf92529f,1,5,48000,102313,-1,567436800,21919,,,3955600
6360,2843104628,440957815,0xdf92529f,1,5,48000,305203,-1,477894112,85376,,,3956080
6361,2844058014,440957815,0xdf92529f,1,5,48000,115209,-1,260144624,24411,,,3956720
6362,2844184839,440957815,0xdf92529f,1,5,48000,376183,-1,399824464,107887,,,3957216
6363,2844407359,440957815,0xdf92529f,1,5,48000,256294,-1,319771712,45468,,,3957968
6364,2846393776,440957815,0xdf92529f,1,5,48000,82318,-1,100448928,12088,,,3958592
6365,2846519822,440957815,0xdf92529f,1,5,48000,112046,-1,554250704,21805,,,3959056
6366,2846738706,440957815,0xdf92529f,1,5,48000,177498,-1,548345328,41738,,,3959536
6367,2846852563,440957815,0xdf92529f,1,5,48000,130351,-1,190199824,24155,,,3960080
6368,2847961234,440957815,0xdf92529f,1,5,48000,246689,-1,107623328,53374,,,3960592
6369,2848125397,440957815,0xdf92529f,1,5,48000,203794,-1,48708016,50860,,,3961232
6370,2848997707,440957815,0xdf92529f,1,5,48000,272654,-1,486054480,77434,,,3961808
6371,2849156582,440957815,0xdf92529f,1,5,48000,99564,-1,481099584,18629,,,3962416
6372,2849291310,440957815,0xdf92529f,1,5,48000,280097,-1,491184208,81548,,,3962896
6373,2849321360,440957815,0xdf92529f,1,5,48000,78977,-1,451806736,12768,,,3963488
6374,2850041967,440957815,0xdf92529f,1,5,48000,88169,-1,332768,29447,,,3963952
6375,2851766411,440957815,0xdf92529f,1,5,48000,265661,-1,248834832,60702,,,3964448
6376,2852607603,440957815,0xdf92529f,1,5,48000,155830,-1,444652608,32069,,,3965104
6377,2852758704,440957815,0xdf92529f,1,5,48000,236226,-1,359252560,72004,,,3965648
6378,2853182768,440957815,0xdf92529f,1,5,48000,300696,-1,419141296,56864,,,3966240
6379,2853408588,440957815,0xdf92529f,1,5,48000,185841,-1,297173376,46572,,,3966896
6380,2853518030,440957815,0xdf92529f,1,5,48000,203700,-1,282992768,44543,,,3967408
6381,2853743850,440957815,0xdf92529f,1,5,48000,572724,-1,46252352,118736,,,3967968
6382,2853757933,440957815,0xdf92529f,1,5,48000,465461,-1,342668400,93825,,,3968848
6383,2853798571,440957815,0xdf92529f,1,5,48000,206133,-1,26054912,49627,,,3969616
6384,2853922096,440957815,0xdf92529f,1,5,48000,264486,-1,324864272,61636,,,3970224
6385,2853924617,440957815,0xdf92529f,1,5,48000,75674,-1,549198256,11862,,,3970848
6386,2854108778,440957815,0xdf92529f,1,5,48000,91598,-1,553482400,17646,,,3971312
6387,2854333098,440957815,0xdf92529f,1,5,48000,421009,-1,229596240,126141,,,3971776
6388,2855147145,440957815,0xdf92529f,1,5,48000,381390,-1,112956112,93183,,,3972512
6389,2855201866,440957815,0xdf92529f,1,5,48000,247329,-1,93443552,55176,,,3973296
6390,2855495469,440957815,0xdf92529f,1,5,48000,322473,-1,101094944,76446,,,3973936
6391,2855602823,440957815,0xdf92529f,1,5,48000,257058,-1,246497408,86459,,,3974608
6392,2855604911,440957815,0xdf92529f,1,5,48000,182207,-1,61261072,33506,,,3975200
6393,2855715374,440957815,0xdf92529f,1,5,48000,110926,-1,185396640,21413,,,3975792
6394,2855792614,440957815,0xdf92529f,1,5,48000,88630,-1,521561504,19142,,,3976288
6395,2857117648,440957815,0xdf92529f,1,5,48000,349660,-1,86557584,90901,,,3976752
6396,2857174890,440957815,0xdf92529f,1,5,48000,131189,-1,496584592,27703,,,3977440
6397,2857983980,440957815,0xdf92529f,1,5,48000,378235,-1,561453392,99351,,,3977952
6398,2858281798,440957815,0xdf92529f,1,5,48000,298112,-1,460837664,77154,,,3978624
6399,2859725731,440957815,0xdf92529f,1,5,48000,401463,-1,383702848,94247,,,3979264
6400,2859944615,440957815,0xdf92529f,1,5,48000,285738,-1,363778768,71496,,,3979920
6401,2860128776,440957815,0xdf92529f,1,5,48000,376826,-1,379589376,81997,,,3980544
6402,2860868104,440957815,0xdf92529f,1,5,48000,192161,-1,250261936,46061,,,3981216
6403,2861217449,440957815,0xdf92529f,1,5,48000,329897,-1,317201536,70380,,,3981792
6404,2861333827,440957815,0xdf92529f,1,5,48000,320490,-1,184626624,75206,,,3982480
6405,2861935116,440957815,0xdf92529f,1,5,48000,540617,-1,393369968,140832,,,3983120
6406,2862271399,440957815,0xdf92529f,1,5,48000,342319,-1,288152544,78457,,,3983936
6407,2862284461,440957815,0xdf92529f,1,5,48000,442118,-1,420956080,101247,,,3984576
6408,2862497219,440957815,0xdf92529f,1,5,48000,220478,-1,58975200,55860,,,3985360
6409,2862510281,440957815,0xdf92529f,1,5,48000,280190,-1,298462656,62565,,,3985968
6410,2862606661,440957815,0xdf92529f,1,5,48000,134800,-1,18230336,26746,,,3986592
6411,2863085446,440957815,0xdf92529f,1,5,48000,388258,-1,198981152,72569,,,3987136
6412,2863316844,440957815,0xdf92529f,1,5,48000,16520,-1,177861136,7414,,,3987840
6413,2864185618,440957815,0xdf92529f,1,5,48000,344031,-1,490295952,95667,,,3988288
6414,2864248838,440957815,0xdf92529f,1,5,48000,261268,-1,113805872,59537,,,3989008
6415,2864303559,440957815,0xdf92529f,1,5,48000,203919,-1,94721504,41775,,,3989632
6416,2864540914,440957815,0xdf92529f,1,5,48000,158419,-1,155435120,35017,,,3990208
6417,2864719124,440957815,0xdf92529f,1,5,48000,283927,-1,499545920,45498,,,3990736
6418,2867100629,440957815,0xdf92529f,1,5,48000,469739,-1,469765312,124303,,,3991376
6419,2867383491,440957815,0xdf92529f,1,5,48000,295437,-1,461787600,77937,,,3992176
6420,2867478850,440957815,0xdf92529f,1,5,48000,217379,-1,357370880,35102,,,3992816
6421,2868403360,440957815,0xdf92529f,1,5,48000,108582,-1,317271952,24231,,,3993408
6422,2870645266,440957815,0xdf92529f,1,5,48000,52373,-1,1179456,18650,,,3993888
6423,2870752421,440957815,0xdf92529f,1,5,48000,307150,-1,312564592,72017,,,3994352
6424,2871957235,440957815,0xdf92529f,1,5,48000,343812,-1,104391040,73954,,,3994976
6425,2872121398,440957815,0xdf92529f,1,5,48000,236602,-1,44532256,60284,,,3995664
6426,2872431605,440957815,0xdf92529f,1,5,48000,177728,-1,553991968,42443,,,3996208
6427,2873469972,440957815,0xdf92529f,1,5,48000,315217,-1,137059152,69951,,,3996736
6428,2873654133,440957815,0xdf92529f,1,5,48000,156009,-1,154725200,35838,,,3997376
6429,2876590542,440957815,0xdf92529f,1,5,48000,181100,-1,380754304,52146,,,3997888
6430,2876645263,440957815,0xdf92529f,1,5,48000,100147,-1,374245248,22088,,,3998432
6431,2877139154,440957815,0xdf92529f,1,5,48000,122585,-1,312712624,36606,,,3998928
6432,2877143880,440957815,0xdf92529f,1,5,48000,76460,-1,242038528,13815,,,3999472
6433,2877329870,440957815,0xdf92529f,1,5,48000,364444,-1,254546976,90768,,,3999936
6434,2877500969,440957815,0xdf92529f,1,5,48000,221075,-1,11470768,47805,,,4000704
6435,2877572294,440957815,0xdf92529f,1,5,48000,142108,-1,549809312,29320,,,4001296
6436,2877681736,440957815,0xdf92529f,1,5,48000,137783,-1,546618416,31505,,,4001808
6437,2877920618,440957815,0xdf92529f,1,5,48000,384619,-1,548747680,77933,,,4002336
6438,2878386341,440957815,0xdf92529f,1,5,48000,425982,-1,530241792,102557,,,4003056
6439,2878912425,440957815,0xdf92529f,1,5,48000,25354,-1,354231648,12645,,,4003824
6440,2878958985,440957815,0xdf92529f,1,5,48000,100979,-1,60774368,21348,,,4004272
6441,2878961506,440957815,0xdf92529f,1,5,48000,320889,-1,495583840,71482,,,4004768
6442,2879013706,440957815,0xdf92529f,1,5,48000,147408,-1,40380016,25966,,,4005408
6443,2879088425,440957815,0xdf92529f,1,5,48000,377359,-1,134219088,89139,,,4005952
6444,2879197867,440957815,0xdf92529f,1,5,48000,185778,-1,87834880,41335,,,4006656
6445,2879323913,440957815,0xdf92529f,1,5,48000,82134,-1,553893792,15435,,,4007216
6446,2879362030,440957815,0xdf92529f,1,5,48000,184772,-1,31112144,43040,,,4007680
6447,2880874767,440957815,0xdf92529f,1,5,48000,342534,-1,57246016,64364,,,4008224
6448,2881058928,440957815,0xdf92529f,1,5,48000,232044,-1,105039120,51268,,,4008912
6449,2881647155,440957815,0xdf92529f,1,5,48000,261424,-1,203604528,68639,,,4009472
6450,2882667782,440957815,0xdf92529f,1,5,48000,350296,-1,405014848,79119,,,4010064
6451,2882962406,440957815,0xdf92529f,1,5,48000,400738,-1,433146832,105076,,,4010704
6452,2883581590,440957815,0xdf92529f,1,5,48000,139749,-1,396939392,46364,,,4011472
6453,2883940616,440957815,0xdf92529f,1,5,48000,227935,-1,360009136,46697,,,4012000
6454,2884309959,440957815,0xdf92529f,1,5,48000,83010,-1,422266096,14076,,,4012544
6455,2884515781,440957815,0xdf92529f,1,5,48000,203883,-1,259334544,44153,,,4012992
6456,2884809384,440957815,0xdf92529f,1,5,48000,140675,-1,267808672,33836,,,4013584
6457,2885144213,440957815,0xdf92529f,1,5,48000,268042,-1,163628416,52057,,,4014112
6458,2886280462,440957815,0xdf92529f,1,5,48000,352646,-1,415730240,75368,,,4014736
6459,2886322121,440957815,0xdf92529f,1,5,48000,321502,-1,279359104,68384,,,4015408
6460,2886438499,440957815,0xdf92529f,1,5,48000,63758,-1,72621648,8397,,,4016112
6461,2886493220,440957815,0xdf92529f,1,5,48000,321830,-1,54679104,70399,,,4016560
6462,2886602662,440957815,0xdf92529f,1,5,48000,482561,-1,12482832,109692,,,4017248
6463,2886615724,440957815,0xdf92529f,1,5,48000,230132,-1,281967552,47984,,,4018000
6464,2886897286,440957815,0xdf92529f,1,5,48000,122048,-1,185752784,27845,,,4018592
6465,2886912869,440957815,0xdf92529f,1,5,48000,93474,-1,552557472,19273,,,4019072
6466,2887245610,440957815,0xdf92529f,1,5,48000,128537,-1,180613136,26941,,,4019552
6467,2888409002,440957815,0xdf92529f,1,5,48000,178788,-1,50027360,37885,,,4020048
6468,2888686029,440957815,0xdf92529f,1,5,48000,130549,-1,313414096,39991,,,4020608
6469,2890414031,440957815,0xdf92529f,1,5,48000,79570,-1,352970208,28956,,,4021168
6470,2890966190,440957815,0xdf92529f,1,5,48000,89370,-1,396535776,16272,,,4021664
6471,2891304743,440957815,0xdf92529f,1,5,48000,53373,-1,178243600,16858,,,4022144
6472,2891714754,440957815,0xdf92529f,1,5,48000,541035,-1,409770480,90834,,,4022624
6473,2891769475,440957815,0xdf92529f,1,5,48000,433122,-1,405349600,76411,,,4023344
6474,2892050016,440957815,0xdf92529f,1,5,48000,309148,-1,252670496,77868,,,4024048
6475,2892228262,440957815,0xdf92529f,1,5,48000,133248,-1,427604880,34060,,,4024704
6476,2892693985,440957815,0xdf92529f,1,5,48000,277278,-1,369041664,73643,,,4025248
6477,2892891208,440957815,0xdf92529f,1,5,48000,223875,-1,449070208,55441,,,4025888
6478,2893042309,440957815,0xdf92529f,1,5,48000,446122,-1,360863136,110581,,,4026496
6479,2893277644,440957815,0xdf92529f,1,5,48000,6445170,-1,170500176,1865956,,,4027264
6480,2893562753,440957815,0xdf92529f,1,5,48000,161198,-1,274201728,30458,,,4033840
6481,2894041538,440957815,0xdf92529f,1,5,48000,323153,-1,345824416,74335,,,4034400
6482,2894096259,440957815,0xdf92529f,1,5,48000,134805,-1,335989856,26954,,,4035072
6483,2894315143,440957815,0xdf92529f,1,5,48000,301203,-1,315587472,71112,,,4035600
6484,2895898515,440957815,0xdf92529f,1,5,48000,240945,-1,121143904,59765,,,4036240
6485,2895953236,440957815,0xdf92529f,1,5,48000,81480,-1,100592896,13279,,,4036832
6486,2896048006,440957815,0xdf92529f,1,5,48000,262391,-1,176666416,68289,,,4037280
6487,2896250381,440957815,0xdf92529f,1,5,48000,231348,-1,521028400,61016,,,4037904
6488,2897465973,440957815,0xdf92529f,1,5,48000,300055,-1,132315392,69870,,,4038512
6489,2897520694,440957815,0xdf92529f,1,5,48000,165779,-1,107783456,36121,,,4039152
6490,2897575415,440957815,0xdf92529f,1,5,48000,226418,-1,84694592,47253,,,4039696
6491,2898267585,440957815,0xdf92529f,1,5,48000,427898,-1,562837552,111109,,,4040304
6492,2898715441,440957815,0xdf92529f,1,5,48000,157376,-1,241323200,42435,,,4041072
6493,2898763462,440957815,0xdf92529f,1,5,48000,378719,-1,399116240,85645,,,4041616
6494,2899608909,440957815,0xdf92529f,1,5,48000,131030,-1,451124240,33734,,,4042352
6495,2901736873,440957815,0xdf92529f,1,5,48000,311829,-1,188121088,72323,,,4042864
6496,2901749935,440957815,0xdf92529f,1,5,48000,104914,-1,337648256,22563,,,4043552
6497,2901791594,440957815,0xdf92529f,1,5,48000,83897,-1,184059792,14238,,,4044048
6498,2901960906,440957815,0xdf92529f,1,5,48000,94417,-1,353933264,31532,,,4044512
6499,2902392883,440957815,0xdf92529f,1,5,48000,308763,-1,391442304,78186,,,4045008
6500,2902900265,440957815,0xdf92529f,1,5,48000,143978,-1,75711280,27569,,,4045664
6501,2902954986,440957815,0xdf92529f,1,5,48000,286036,-1,58274000,63232,,,4046192
6502,2903009707,440957815,0xdf92529f,1,5,48000,359640,-1,37903536,80290,,,4046848
6503,2903064428,440957815,0xdf92529f,1,5,48000,150050,-1,17370816,35023,,,4047520
6504,2903139147,440957815,0xdf92529f,1,5,48000,127006,-1,105466912,28641,,,4048064
6505,2903248589,440957815,0xdf92529f,1,5,48000,394102,-1,63478416,89928,,,4048560
6506,2903303310,440957815,0xdf92529f,1,5,48000,227380,-1,46437360,50932,,,4049296
6507,2903317393,440957815,0xdf92529f,1,5,48000,82257,-1,342974640,14160,,,4049872
6508,2903358031,440957815,0xdf92529f,1,5,48000,314384,-1,26378640,77248,,,4050336
6509,2903707376,440957815,0xdf92529f,1,5,48000,426425,-1,182872688,101991,,,4051008
6510,2904241067,440957815,0xdf92529f,1,5,48000,112053,-1,423450528,20766,,,4051792
6511,2904523944,440957815,0xdf92529f,1,5,48000,265545,-1,484235072,73870,,,4052288
6512,2904606319,440957815,0xdf92529f,1,5,48000,99335,-1,492462320,25831,,,4052896
6513,2904631886,440957815,0xdf92529f,1,5,48000,158429,-1,25026288,32916,,,4053376
6514,2904651884,440957815,0xdf92529f,1,5,48000,316455,-1,138235184,70308,,,4053936
6515,2904816047,440957815,0xdf92529f,1,5,48000,342329,-1,71139536,91565,,,4054640
6516,2904925489,440957815,0xdf92529f,1,5,48000,156093,-1,34034928,36652,,,4055312
6517,2904945487,440957815,0xdf92529f,1,5,48000,307322,-1,148010512,73860,,,4055840
6518,2905352074,440957815,0xdf92529f,1,5,48000,305333,-1,521867504,78826,,,4056496
6519,2908511782,440957815,0xdf92529f,1,5,48000,278828,-1,257638928,67247,,,4057152
6520,2908935846,440957815,0xdf92529f,1,5,48000,241242,-1,340289040,42546,,,4057808
6521,2908990567,440957815,0xdf92529f,1,5,48000,456109,-1,335411712,86708,,,4058384
6522,2909285191,440957815,0xdf92529f,1,5,48000,84364,-1,384038592,21751,,,4059184
6523,2910543942,440957815,0xdf92529f,1,5,48000,102865,-1,32330848,18200,,,4059648
6524,2910598663,440957815,0xdf92529f,1,5,48000,393590,-1,8198544,95878,,,4060128
6525,2910893287,440957815,0xdf92529f,1,5,48000,117385,-1,184919168,19331,,,4060896
6526,2911720396,440957815,0xdf92529f,1,5,48000,229446,-1,233035552,58078,,,4061408
6527,2911990919,440957815,0xdf92529f,1,5,48000,95935,-1,492098352,15900,,,4062000
6528,2912069741,440957815,0xdf92529f,1,5,48000,65234,-1,298650896,10108,,,4062480
6529,2912111400,440957815,0xdf92529f,1,5,48000,121858,-1,38775024,25784,,,4062944
6530,2912240840,440957815,0xdf92529f,1,5,48000,364720,-1,105999280,82903,,,4063456
6531,2912405003,440957815,0xdf92529f,1,5,48000,102686,-1,47196720,19617,,,4064160
6532,2912514445,440957815,0xdf92529f,1,5,48000,312344,-1,1604560,72557,,,4064656
6533,2913233133,440957815,0xdf92529f,1,5,48000,367830,-1,238586272,71712,,,4065328
6534,2914744307,440957815,0xdf92529f,1,5,48000,399172,-1,479377392,114098,,,4066016
6535,2914787266,440957815,0xdf92529f,1,5,48000,392470,-1,440450688,107394,,,4066768
6536,2915491591,440957815,0xdf92529f,1,5,48000,86958,-1,396419312,18955,,,4067472
6537,2915577294,440957815,0xdf92529f,1,5,48000,131295,-1,158705888,25944,,,4067952
6538,2916047038,440957815,0xdf92529f,1,5,48000,378254,-1,320271472,85948,,,4068448
6539,2917504033,440957815,0xdf92529f,1,5,48000,431006,-1,279578512,100586,,,4069200
6540,2917613475,440957815,0xdf92529f,1,5,48000,218084,-1,258868752,45400,,,4069968
6541,2918428629,440957815,0xdf92529f,1,5,48000,282523,-1,543118416,68988,,,4070560
6542,2919352032,440957815,0xdf92529f,1,5,48000,248897,-1,23776720,59501,,,4071136
6543,2920301103,440957815,0xdf92529f,1,5,48000,338817,-1,514057504,116163,,,4071744
6544,2921407253,440957815,0xdf92529f,1,5,48000,319975,-1,151632080,80548,,,4072400
6545,2921461974,440957815,0xdf92529f,1,5,48000,175552,-1,126524960,32786,,,4073072
6546,2921764523,440957815,0xdf92529f,1,5,48000,81222,-1,481177312,14733,,,4073648
6547,2922149102,440957815,0xdf92529f,1,5,48000,377097,-1,468959120,105250,,,4074112
6548,2922498447,440957815,0xdf92529f,1,5,48000,165464,-1,491701040,30775,,,4074800
6549,2925157709,440957815,0xdf92529f,1,5,48000,143026,-1,283146816,24022,,,4075344
6550,2925265796,440957815,0xdf92529f,1,5,48000,73496,-1,501583920,11807,,,4075872
6551,2927313394,440957815,0xdf92529f,1,5,48000,395715,-1,338877808,92611,,,4076336
6552,2927648656,440957815,0xdf92529f,1,5,48000,234023,-1,186534688,59441,,,4077120
6553,2928075241,440957815,0xdf92529f,1,5,48000,335048,-1,540406720,87855,,,4077696
6554,2928757327,440957815,0xdf92529f,1,5,48000,110247,-1,87985712,15761,,,4078384
6555,2928812048,440957815,0xdf92529f,1,5,48000,141918,-1,66821088,23758,,,4078896
6556,2928814569,440957815,0xdf92529f,1,5,48000,414541,-1,496834592,81048,,,4079408
6557,2928996209,440957815,0xdf92529f,1,5,48000,264383,-1,117381328,68257,,,4080160
6558,2929025130,440957815,0xdf92529f,1,5,48000,314623,-1,309924048,81338,,,4080752
6559,2929050930,440957815,0xdf92529f,1,5,48000,189748,-1,98488336,39547,,,4081376
6560,2930034508,440957815,0xdf92529f,1,5,48000,45476,-1,33616,16961,,,4081952
6561,2930508946,440957815,0xdf92529f,1,5,48000,282600,-1,152651808,74640,,,4082416
6562,2932058861,440957815,0xdf92529f,1,5,48000,66367,-1,210334864,27182,,,4083072
6563,2932117800,440957815,0xdf92529f,1,5,48000,563041,-1,413736976,100852,,,4083552
6564,2932507783,440957815,0xdf92529f,1,5,48000,314622,-1,251197456,84596,,,4084336
6565,2933322851,440957815,0xdf92529f,1,5,48000,140807,-1,212961616,29650,,,4084960
6566,2934246340,440957815,0xdf92529f,1,5,48000,130043,-1,18799040,26641,,,4085488
6567,2934424586,440957815,0xdf92529f,1,5,48000,107033,-1,319306976,20770,,,4086000
6568,2934772910,440957815,0xdf92529f,1,5,48000,364649,-1,314968432,82319,,,4086496
6569,2934902350,440957815,0xdf92529f,1,5,48000,239063,-1,331254768,52580,,,4087232
6570,2935128170,440957815,0xdf92529f,1,5,48000,233047,-1,189096368,57534,,,4087872
6571,2936127399,440957815,0xdf92529f,1,5,48000,398903,-1,149966480,88044,,,4088464
6572,2936178726,440957815,0xdf92529f,1,5,48000,92646,-1,550790704,16739,,,4089136
6573,2936233447,440957815,0xdf92529f,1,5,48000,117529,-1,549911984,25015,,,4089600
6574,2936236841,440957815,0xdf92529f,1,5,48000,85088,-1,102763136,15824,,,4090080
6575,2936291562,440957815,0xdf92529f,1,5,48000,165104,-1,81454592,37085,,,4090544
6576,2936805070,440957815,0xdf92529f,1,5,48000,417892,-1,180674656,101302,,,4091088
6577,2937859020,440957815,0xdf92529f,1,5,48000,140203,-1,89507376,30160,,,4091872
6578,2938740308,440957815,0xdf92529f,1,5,48000,338502,-1,471141184,96359,,,4092368
6579,2939760017,440957815,0xdf92529f,1,5,48000,186840,-1,541784400,39131,,,4093040
6580,2940043039,440957815,0xdf92529f,1,5,48000,261013,-1,317908944,57703,,,4093600
6581,2940443114,440957815,0xdf92529f,1,5,48000,261069,-1,173024160,61316,,,4094208
6582,2940924869,440957815,0xdf92529f,1,5,48000,181116,-1,373608384,57169,,,4094816
6583,2941328935,440957815,0xdf92529f,1,5,48000,381619,-1,405565440,76275,,,4095392
6584,2941609476,440957815,0xdf92529f,1,5,48000,319345,-1,252748400,85228,,,4096080
6585,2942088261,440957815,0xdf92529f,1,5,48000,206581,-1,333585264,47179,,,4096720
6586,2942450668,440957815,0xdf92529f,1,5,48000,164950,-1,449370736,42458,,,4097280
6587,2943067492,440957815,0xdf92529f,1,5,48000,113172,-1,280920176,20639,,,4097824
6588,2943238591,440957815,0xdf92529f,1,5,48000,173802,-1,60263200,39040,,,4098320
6589,2943293312,440957815,0xdf92529f,1,5,48000,75607,-1,39731088,12474,,,4098864
6590,2943309385,440957815,0xdf92529f,1,5,48000,54195,-1,177514416,20110,,,4099328
6591,2943600998,440957815,0xdf92529f,1,5,48000,402165,-1,346138672,96802,,,4099792
6592,2943605736,440957815,0xdf92529f,1,5,48000,76816,-1,210921856,25478,,,4100560
6593,2945403254,440957815,0xdf92529f,1,5,48000,297503,-1,147109040,70866,,,4101056
6594,2945460496,440957815,0xdf92529f,1,5,48000,189564,-1,500313472,46368,,,4101696
6595,2945512696,440957815,0xdf92529f,1,5,48000,258742,-1,100713504,60276,,,4102208
6596,2946010375,440957815,0xdf92529f,1,5,48000,130413,-1,156919008,29402,,,4102832
6597,2946452789,440957815,0xdf92529f,1,5,48000,284543,-1,537184624,70263,,,4103328
6598,2947827045,440957815,0xdf92529f,1,5,48000,428053,-1,563054640,95705,,,4103984
6599,2947842001,440957815,0xdf92529f,1,5,48000,253364,-1,473199024,58005,,,4104736
6600,2948124863,440957815,0xdf92529f,1,5,48000,370097,-1,464607232,82060,,,4105328
6601,2949507139,440957815,0xdf92529f,1,5,48000,390478,-1,439675392,111282,,,4106064
6602,2949751821,440957815,0xdf92529f,1,5,48000,128221,-1,242141392,24814,,,4106816
6603,2950317102,440957815,0xdf92529f,1,5,48000,93220,-1,222762592,18248,,,4107344
6604,2950371823,440957815,0xdf92529f,1,5,48000,183276,-1,219756864,40942,,,4107840
6605,2950637807,440957815,0xdf92529f,1,5,48000,96338,-1,810496,31685,,,4108384
6606,2951001709,440957815,0xdf92529f,1,5,48000,204730,-1,31870496,43575,,,4108880
6607,2951056430,440957815,0xdf92529f,1,5,48000,395636,-1,7243840,93787,,,4109488
6608,2951520366,440957815,0xdf92529f,1,5,48000,24144,-1,354294512,9544,,,4110208
6609,2951952343,440957815,0xdf92529f,1,5,48000,356319,-1,391701568,106714,,,4110656
6610,2952071242,440957815,0xdf92529f,1,5,48000,376167,-1,531183776,89680,,,4111360
6611,2952514446,440957815,0xdf92529f,1,5,48000,166464,-1,58414784,33121,,,4112048
6612,2952527508,440957815,0xdf92529f,1,5,48000,274556,-1,297635440,70988,,,4112608
6613,2952589165,440957815,0xdf92529f,1,5,48000,337671,-1,153670464,86868,,,4113248
6614,2952623888,440957815,0xdf92529f,1,5,48000,309617,-1,17485760,77779,,,4113904
6615,2953102673,440957815,0xdf92529f,1,5,48000,288862,-1,198342464,69328,,,4114560
6616,2953324078,440957815,0xdf92529f,1,5,48000,198802,-1,505612032,65543,,,4115216
6617,2954266065,440957815,0xdf92529f,1,5,48000,332021,-1,113281328,72318,,,4115760
6618,2954320786,440957815,0xdf92529f,1,5,48000,159533,-1,93692880,28825,,,4116416
6619,2954562189,440957815,0xdf92529f,1,5,48000,295403,-1,501198672,42735,,,4116928
6620,2954911534,440957815,0xdf92529f,1,5,48000,188610,-1,522045936,53376,,,4117536
6621,2955592712,440957815,0xdf92529f,1,5,48000,276933,-1,208044720,63013,,,4118112
6622,2958071242,440957815,0xdf92529f,1,5,48000,364897,-1,257706208,96016,,,4118720
6623,2958258945,440957815,0xdf92529f,1,5,48000,102313,-1,551067360,20152,,,4119408
6624,2958365866,440957815,0xdf92529f,1,5,48000,485125,-1,323146128,114232,,,4119888
6625,2958495306,440957815,0xdf92529f,1,5,48000,163820,-1,340355392,24881,,,4120768
6626,2958844651,440957815,0xdf92529f,1,5,48000,325620,-1,384356576,78173,,,4121312
6627,2959070471,440957815,0xdf92529f,1,5,48000,264399,-1,227148928,59956,,,4121936
6628,2959528237,440957815,0xdf92529f,1,5,48000,174094,-1,213729184,41734,,,4122528
6629,2959755078,440957815,0xdf92529f,1,5,48000,189359,-1,42151616,44317,,,4123072
6630,2959781202,440957815,0xdf92529f,1,5,48000,303736,-1,422001696,82500,,,4123648
6631,2959884518,440957815,0xdf92529f,1,5,48000,284454,-1,111012560,70387,,,4124304
6632,2960171730,440957815,0xdf92529f,1,5,48000,307095,-1,426106928,65445,,,4124880
6633,2960509989,440957815,0xdf92529f,1,5,48000,356967,-1,506856368,133171,,,4125520
6634,2961002345,440957815,0xdf92529f,1,5,48000,100273,-1,204417408,16934,,,4126240
6635,2961279856,440957815,0xdf92529f,1,5,48000,329850,-1,233531568,78744,,,4126736
6636,2961561418,440957815,0xdf92529f,1,5,48000,371342,-1,76761248,88123,,,4127392
6637,2961616139,440957815,0xdf92529f,1,5,48000,115455,-1,59167664,14846,,,4128096
6638,2961670860,440957815,0xdf92529f,1,5,48000,454742,-1,38897424,94925,,,4128592
6639,2961745579,440957815,0xdf92529f,1,5,48000,412165,-1,129783696,95682,,,4129408
6640,2961800300,440957815,0xdf92529f,1,5,48000,192508,-1,106082224,37592,,,4130160
6641,2961964463,440957815,0xdf92529f,1,5,48000,219394,-1,47451552,52447,,,4130720
6642,2962261608,440957815,0xdf92529f,1,5,48000,274786,-1,510282240,93273,,,4131312
6643,2963574131,440957815,0xdf92529f,1,5,48000,106868,-1,396616880,21144,,,4131968
6644,2963912684,440957815,0xdf92529f,1,5,48000,64236,-1,178346880,21445,,,4132464
6645,2964346726,440957815,0xdf92529f,1,5,48000,332618,-1,440844960,105436,,,4132944
6646,2964401447,440957815,0xdf92529f,1,5,48000,148339,-1,437425632,45468,,,4133600
6647,2964627267,440957815,0xdf92529f,1,5,48000,330035,-1,370844896,86777,,,4134128
6648,2964681988,440957815,0xdf92529f,1,5,48000,380722,-1,361717696,102506,,,4134784
6649,2965136754,440957815,0xdf92529f,1,5,48000,291802,-1,162693248,56267,,,4135472
6650,2965202432,440957815,0xdf92529f,1,5,48000,337825,-1,274353600,81009,,,4136112
6651,2965257153,440957815,0xdf92529f,1,5,48000,268488,-1,261488112,68884,,,4136768
6652,2965606498,440957815,0xdf92529f,1,5,48000,209925,-1,320394784,51001,,,4137408
6653,2965954822,440957815,0xdf92529f,1,5,48000,279600,-1,316020816,64627,,,4137968
6654,2966249446,440957815,0xdf92529f,1,5,48000,380189,-1,366623664,107233,,,4138624
6655,2966613674,440957815,0xdf92529f,1,5,48000,280935,-1,166877088,65313,,,4139376
6656,2966714148,440957815,0xdf92529f,1,5,48000,115125,-1,214326064,34923,,,4139984
6657,2967289313,440957815,0xdf92529f,1,5,48000,365140,-1,36653952,73035,,,4140464
6658,2969860563,440957815,0xdf92529f,1,5,48000,209626,-1,514466064,61172,,,4141168
6659,2970406572,440957815,0xdf92529f,1,5,48000,18359,-1,352674640,7745,,,4141776
6660,2970702923,440957815,0xdf92529f,1,5,48000,89803,-1,402614096,25458,,,4142224
6661,2972216850,440957815,0xdf92529f,1,5,48000,155229,-1,451284352,40818,,,4142752
6662,2974403826,440957815,0xdf92529f,1,5,48000,304425,-1,423661536,65160,,,4143296
6663,2974997710,440957815,0xdf92529f,1,5,48000,271295,-1,27298240,69812,,,4143920
6664,2975575318,440957815,0xdf92529f,1,5,48000,146101,-1,566912288,31531,,,4144560
6665,2976346284,440957815,0xdf92529f,1,5,48000,92951,-1,113682112,17307,,,4145088
6666,2976401005,440957815,0xdf92529f,1,5,48000,343848,-1,94385056,88985,,,4145552
6667,2976619889,440957815,0xdf92529f,1,5,48000,378190,-1,11632672,78077,,,4146176
6668,2976639887,440957815,0xdf92529f,1,5,48000,260719,-1,123389056,64328,,,4146896
6669,2976749329,440957815,0xdf92529f,1,5,48000,141952,-1,80889536,29671,,,4147552
6670,2976849008,440957815,0xdf92529f,1,5,48000,182992,-1,423536048,33589,,,4148064
6671,2976991753,440957815,0xdf92529f,1,5,48000,437646,-1,523100976,125892,,,4148624
6672,2977634701,440957815,0xdf92529f,1,5,48000,357804,-1,540824752,97508,,,4149344
6673,2978262066,440957815,0xdf92529f,1,5,48000,211382,-1,108669200,46270,,,4150032
6674,2978316787,440957815,0xdf92529f,1,5,48000,146426,-1,88181376,27735,,,4150608
6675,2978612911,440957815,0xdf92529f,1,5,48000,273823,-1,498345248,56113,,,4151152
6676,2981382636,440957815,0xdf92529f,1,5,48000,217422,-1,373312080,48504,,,4151744
6677,2981953447,440957815,0xdf92529f,1,5,48000,149978,-1,353526224,62318,,,4152320
6678,2982307146,440957815,0xdf92529f,1,5,48000,200484,-1,326935696,34980,,,4152832
6679,2983360075,440957815,0xdf92529f,1,5,48000,180802,-1,234244528,30036,,,4153392
6680,2983634701,440957815,0xdf92529f,1,5,48000,187407,-1,259489872,43474,,,4153920
6681,2983641637,440957815,0xdf92529f,1,5,48000,282481,-1,77795296,62524,,,4154496
6682,2983696358,440957815,0xdf92529f,1,5,48000,123929,-1,59702480,21398,,,4155152
6683,2983805800,440957815,0xdf92529f,1,5,48000,358914,-1,18908912,93160,,,4155664
6684,2983818862,440957815,0xdf92529f,1,5,48000,87239,-1,283264272,16085,,,4156336
6685,2983989961,440957815,0xdf92529f,1,5,48000,333730,-1,64839184,69148,,,4156800
6686,2984044682,440957815,0xdf92529f,1,5,48000,191049,-1,48175712,45040,,,4157504
6687,2984099403,440957815,0xdf92529f,1,5,48000,368808,-1,28310928,86401,,,4158048
6688,2984154124,440957815,0xdf92529f,1,5,48000,125754,-1,2851552,21534,,,4158752
6689,2984461810,440957815,0xdf92529f,1,5,48000,385133,-1,331510080,92032,,,4159264
6690,2984464331,440957815,0xdf92529f,1,5,48000,189174,-1,551622880,42612,,,4159984
6691,2984598860,440957815,0xdf92529f,1,5,48000,78793,-1,492177056,16605,,,4160560
6692,2985666861,440957815,0xdf92529f,1,5,48000,140954,-1,35744928,31053,,,4161024
6693,2985721582,440957815,0xdf92529f,1,5,48000,129648,-1,12938432,35817,,,4161536
6694,2985796301,440957815,0xdf92529f,1,5,48000,259301,-1,102906192,54093,,,4162096
6695,2985905743,440957815,0xdf92529f,1,5,48000,325543,-1,61982688,81740,,,4162736
6696,2985960464,440957815,0xdf92529f,1,5,48000,153319,-1,42677872,32600,,,4163424
6697,2986739312,440957815,0xdf92529f,1,5,48000,317578,-1,352221456,68488,,,4163968
6698,2987309038,440957815,0xdf92529f,1,5,48000,309740,-1,136083232,86365,,,4164640
6699,2988099532,440957815,0xdf92529f,1,5,48000,68740,-1,396503024,11098,,,4165296
6700,2988185235,440957815,0xdf92529f,1,5,48000,149079,-1,158840464,32840,,,4165744
6701,2988582630,440957815,0xdf92529f,1,5,48000,288286,-1,463205152,81922,,,4166256
6702,2989102053,440957815,0xdf92529f,1,5,48000,227152,-1,417916576,42946,,,4166880
6703,2989493057,440957815,0xdf92529f,1,5,48000,74286,-1,328038560,13275,,,4167440
6704,2989602499,440957815,0xdf92529f,1,5,48000,96532,-1,317966688,19496,,,4167888
6705,2989731939,440957815,0xdf92529f,1,5,48000,381923,-1,335578496,89413,,,4168368
6706,2990245447,440957815,0xdf92529f,1,5,48000,133256,-1,364246896,34763,,,4169072
6707,2990671318,440957815,0xdf92529f,1,5,48000,119336,-1,467209840,19207,,,4169584
6708,2990888395,440957815,0xdf92529f,1,5,48000,95310,-1,405641760,18735,,,4170064
6709,2991168936,440957815,0xdf92529f,1,5,48000,273059,-1,252984784,62598,,,4170544
6710,2991647721,440957815,0xdf92529f,1,5,48000,273160,-1,333836864,66276,,,4171184
6711,2991702442,440957815,0xdf92529f,1,5,48000,342777,-1,328976416,68184,,,4171792
6712,2992907493,440957815,0xdf92529f,1,5,48000,278009,-1,20093872,65711,,,4172448
6713,2994642116,440957815,0xdf92529f,1,5,48000,32855,-1,211160752,11525,,,4173088
6714,2995019956,440957815,0xdf92529f,1,5,48000,353964,-1,500641872,61800,,,4173552
6715,2995257456,440957815,0xdf92529f,1,5,48000,140812,-1,568515648,47321,,,4174240
6716,2995344083,440957815,0xdf92529f,1,5,48000,95864,-1,567194512,17166,,,4174752
6717,2995569835,440957815,0xdf92529f,1,5,48000,123150,-1,158268416,27632,,,4175216
6718,2996801472,440957815,0xdf92529f,1,5,48000,336754,-1,431299040,104629,,,4175728
6719,2997401461,440957815,0xdf92529f,1,5,48000,456530,-1,473500176,101379,,,4176416
6720,2997873737,440957815,0xdf92529f,1,5,48000,88298,-1,501650624,16097,,,4177232
6721,2998753351,440957815,0xdf92529f,1,5,48000,229770,-1,350372544,51611,,,4177728
6722,3000451727,440957815,0xdf92529f,1,5,48000,224025,-1,67352848,43515,,,4178336
6723,3000506448,440957815,0xdf92529f,1,5,48000,186043,-1,49927536,37009,,,4178944
6724,3000615890,440957815,0xdf92529f,1,5,48000,385383,-1,7419632,101688,,,4179536
6725,3000635888,440957815,0xdf92529f,1,5,48000,357767,-1,118165792,84143,,,4180224
6726,3000690609,440957815,0xdf92529f,1,5,48000,125502,-1,98937872,23494,,,4180928
6727,3000926097,440957815,0xdf92529f,1,5,48000,132771,-1,552282320,30149,,,4181408
6728,3000987754,440957815,0xdf92529f,1,5,48000,306284,-1,517590496,82992,,,4181920
6729,3001097196,440957815,0xdf92529f,1,5,48000,371930,-1,512532720,142626,,,4182560
6730,3001149396,440957815,0xdf92529f,1,5,48000,200447,-1,189803840,41665,,,4183248
6731,3001630702,440957815,0xdf92529f,1,5,48000,250331,-1,531534304,53806,,,4183840
6732,3001737623,440957815,0xdf92529f,1,5,48000,202788,-1,232081056,49645,,,4184496
6733,3002422230,440957815,0xdf92529f,1,5,48000,99219,-1,46734064,15653,,,4185056
6734,3002479472,440957815,0xdf92529f,1,5,48000,96623,-1,493975168,16749,,,4185552
6735,3002642449,440957815,0xdf92529f,1,5,48000,73518,-1,127504,24438,,,4186032
6736,3007055537,440957815,0xdf92529f,1,5,48000,398617,-1,356364512,106854,,,4186512
6737,3007692359,440957815,0xdf92529f,1,5,48000,74150,-1,55255168,11488,,,4187216
6738,3007705421,440957815,0xdf92529f,1,5,48000,284948,-1,293704384,69057,,,4187680
6739,3007818405,440957815,0xdf92529f,1,5,48000,198582,-1,551149968,50493,,,4188304
6740,3007985962,440957815,0xdf92529f,1,5,48000,96579,-1,62317984,18190,,,4188864
6741,3008040683,440957815,0xdf92529f,1,5,48000,352091,-1,43290624,74750,,,4189360
6742,3008390028,440957815,0xdf92529f,1,5,48000,112983,-1,186943408,23617,,,4190112
6743,3008404111,440957815,0xdf92529f,1,5,48000,405876,-1,384746928,100324,,,4190608
6744,3008501991,440957815,0xdf92529f,1,5,48000,347115,-1,504342400,127831,,,4191328
6745,3008629931,440957815,0xdf92529f,1,5,48000,237314,-1,227324048,70784,,,4192016
6746,3009443978,440957815,0xdf92529f,1,5,48000,311108,-1,111206720,78869,,,4192592
6747,3009737581,440957815,0xdf92529f,1,5,48000,337614,-1,119196720,88193,,,4193216
6748,3009847023,440957815,0xdf92529f,1,5,48000,124813,-1,78877920,24424,,,4193936
6749,3010089447,440957815,0xdf92529f,1,5,48000,331513,-1,519221792,86320,,,4194448
6750,3010144168,440957815,0xdf92529f,1,5,48000,293670,-1,515421136,70968,,,4195120
6751,3010171335,440957815,0xdf92529f,1,5,48000,285979,-1,207609504,72598,,,4195776
6752,3012367958,440957815,0xdf92529f,1,5,48000,190155,-1,542019536,40247,,,4196400
6753,3012620290,440957815,0xdf92529f,1,5,48000,401814,-1,408633872,80770,,,4196960
6754,3013427401,440957815,0xdf92529f,1,5,48000,420276,-1,429416160,130889,,,4197648
6755,3013960907,440957815,0xdf92529f,1,5,48000,406406,-1,437691312,112353,,,4198416
6756,3014241448,440957815,0xdf92529f,1,5,48000,292615,-1,361820240,80439,,,4199168
6757,3014761892,440957815,0xdf92529f,1,5,48000,372785,-1,274434656,99397,,,4199808
6758,3014774954,440957815,0xdf92529f,1,5,48000,411049,-1,412171696,73366,,,4200544
6759,3014816613,440957815,0xdf92529f,1,5,48000,195103,-1,261874800,45534,,,4201216
6760,3015165958,440957815,0xdf92529f,1,5,48000,94407,-1,320445824,13413,,,4201792
6761,3015643722,440957815,0xdf92529f,1,5,48000,445594,-1,332576608,92615,,,4202272
6762,3015917326,440957815,0xdf92529f,1,5,48000,66686,-1,177641440,20152,,,4203040
6763,3016173134,440957815,0xdf92529f,1,5,48000,204255,-1,169018320,45863,,,4203520
6764,3016213677,440957815,0xdf92529f,1,5,48000,81735,-1,211052096,28487,,,4204080
6765,3016231949,440957815,0xdf92529f,1,5,48000,263790,-1,388838352,68408,,,4204592
6766,3016568232,440957815,0xdf92529f,1,5,48000,71222,-1,285039104,10388,,,4205216
6767,3016622953,440957815,0xdf92529f,1,5,48000,231009,-1,279679136,39862,,,4205680
6768,3016807114,440957815,0xdf92529f,1,5,48000,240146,-1,294602128,53183,,,4206256
6769,3017156459,440957815,0xdf92529f,1,5,48000,268850,-1,341420320,52526,,,4206864
6770,3017382279,440957815,0xdf92529f,1,5,48000,251216,-1,196274016,58523,,,4207472
6771,3018618316,440957815,0xdf92529f,1,5,48000,132551,-1,157044368,31406,,,4208048
6772,3019466724,440957815,0xdf92529f,1,5,48000,312223,-1,564166384,76703,,,4208544
6773,3019481680,440957815,0xdf92529f,1,5,48000,215507,-1,474544192,58295,,,4209216
6774,3019764542,440957815,0xdf92529f,1,5,48000,310698,-1,465793936,80008,,,4209792
6775,3021427359,440957815,0xdf92529f,1,5,48000,185268,-1,365753856,57504,,,4210432
6776,3022002524,440957815,0xdf92529f,1,5,48000,234721,-1,266652784,51241,,,4210960
6777,3023288420,440957815,0xdf92529f,1,5,48000,85582,-1,370931712,15917,,,4211584
6778,3024557170,440957815,0xdf92529f,1,5,48000,216551,-1,27504592,56451,,,4212048
6779,3025320933,440957815,0xdf92529f,1,5,48000,300598,-1,246093216,75847,,,4212656
6780,3026363510,440957815,0xdf92529f,1,5,48000,110453,-1,61683696,20860,,,4213312
6781,3027194161,440957815,0xdf92529f,1,5,48000,277870,-1,541323664,70587,,,4213808
6782,3027696173,440957815,0xdf92529f,1,5,48000,174643,-1,424761360,35115,,,4214448
6783,3027766805,440957815,0xdf92529f,1,5,48000,148504,-1,134896224,32081,,,4214992
6784,3028060408,440957815,0xdf92529f,1,5,48000,304792,-1,144788384,78888,,,4215536
6785,3029744362,440957815,0xdf92529f,1,5,48000,114898,-1,241847088,21684,,,4216224
6786,3031763989,440957815,0xdf92529f,1,5,48000,144891,-1,401812864,44164,,,4216720
6787,3032919535,440957815,0xdf92529f,1,5,48000,289978,-1,234634112,56565,,,4217248
6788,3033084719,440957815,0xdf92529f,1,5,48000,295393,-1,280652368,70024,,,4217888
6789,3033365260,440957815,0xdf92529f,1,5,48000,249965,-1,19108640,55504,,,4218560
6790,3033378322,440957815,0xdf92529f,1,5,48000,294818,-1,283494096,63056,,,4219168
6791,3033439979,440957815,0xdf92529f,1,5,48000,177527,-1,106633536,37552,,,4219824
6792,3033549421,440957815,0xdf92529f,1,5,48000,85913,-1,65042368,15465,,,4220384
6793,3033604142,440957815,0xdf92529f,1,5,48000,226350,-1,48303280,57854,,,4220848
6794,3033658863,440957815,0xdf92529f,1,5,48000,216687,-1,28538384,56224,,,4221408
6795,3033678861,440957815,0xdf92529f,1,5,48000,227522,-1,141936400,56115,,,4221984
6796,3033713584,440957815,0xdf92529f,1,5,48000,207337,-1,3312992,49851,,,4222544
6797,3033844045,440957815,0xdf92529f,1,5,48000,272950,-1,200187568,66947,,,4223120
6798,3035410482,440957815,0xdf92529f,1,5,48000,193884,-1,81742416,41915,,,4223744
6799,3035652906,440957815,0xdf92529f,1,5,48000,392642,-1,524672400,121489,,,4224288
6800,3037149797,440957815,0xdf92529f,1,5,48000,272205,-1,435393920,64950,,,4224992
6801,3037744695,440957815,0xdf92529f,1,5,48000,384345,-1,163007856,86590,,,4225600
6802,3038142090,440957815,0xdf92529f,1,5,48000,341159,-1,463458960,88329,,,4226352
6803,3038648451,440957815,0xdf92529f,1,5,48000,250844,-1,285744736,55709,,,4227056
6804,3039065579,440957815,0xdf92529f,1,5,48000,139813,-1,433397120,35527,,,4227696
6805,3039221615,440957815,0xdf92529f,1,5,48000,139860,-1,167204848,31556,,,4228208
6806,3039236678,440957815,0xdf92529f,1,5,48000,77015,-1,342078080,11988,,,4228736
6807,3039586023,440957815,0xdf92529f,1,5,48000,246675,-1,387088784,47404,,,4229200
6808,3039804907,440957815,0xdf92529f,1,5,48000,199932,-1,364554256,58422,,,4229808
6809,3040160167,440957815,0xdf92529f,1,5,48000,308067,-1,225963376,95323,,,4230384
6810,3040680611,440957815,0xdf92529f,1,5,48000,114077,-1,92386832,17053,,,4231024
6811,3040735332,440957815,0xdf92529f,1,5,48000,217503,-1,70057936,59884,,,4231536
6812,3041378280,440957815,0xdf92529f,1,5,48000,222749,-1,195862960,50426,,,4232112
6813,3041433001,440957815,0xdf92529f,1,5,48000,525831,-1,190787168,113168,,,4232672
6814,3041618183,440957815,0xdf92529f,1,5,48000,169752,-1,240163024,62049,,,4233456
6815,3042177223,440957815,0xdf92529f,1,5,48000,40625,-1,1402576,16483,,,4233984
6816,3042466953,440957815,0xdf92529f,1,5,48000,291762,-1,20228304,69511,,,4234448
6817,3042945738,440957815,0xdf92529f,1,5,48000,268076,-1,201522832,62141,,,4235120
6818,3043014513,440957815,0xdf92529f,1,5,48000,48648,-1,352738128,21224,,,4235744
6819,3043019239,440957815,0xdf92529f,1,5,48000,74638,-1,307241760,12544,,,4236224
6820,3043338955,440957815,0xdf92529f,1,5,48000,239731,-1,556862976,61199,,,4236704
6821,3043905225,440957815,0xdf92529f,1,5,48000,120750,-1,177992960,32660,,,4237264
6822,3044848195,440957815,0xdf92529f,1,5,48000,85117,-1,430642016,20510,,,4237808
6823,3045129295,440957815,0xdf92529f,1,5,48000,332370,-1,161768544,60427,,,4238288
6824,3046360932,440957815,0xdf92529f,1,5,48000,470882,-1,432038304,152940,,,4238992
6825,3047750144,440957815,0xdf92529f,1,5,48000,352839,-1,287031728,82844,,,4239776
6826,3048263652,440957815,0xdf92529f,1,5,48000,148580,-1,318688752,31938,,,4240464
6827,3050140627,440957815,0xdf92529f,1,5,48000,110601,-1,145474992,21748,,,4240992
6828,3050547214,440957815,0xdf92529f,1,5,48000,162925,-1,517821104,25009,,,4241488
6829,3050656656,440957815,0xdf92529f,1,5,48000,282338,-1,513253360,79358,,,4242016
6830,3051762806,440957815,0xdf92529f,1,5,48000,179742,-1,129071056,34736,,,4242672
6831,3051888515,440957815,0xdf92529f,1,5,48000,325199,-1,175329856,87250,,,4243264
6832,3052209391,440957815,0xdf92529f,1,5,48000,121853,-1,450850512,25554,,,4243920
6833,3052862236,440957815,0xdf92529f,1,5,48000,319553,-1,461188672,80176,,,4244416
6834,3053331974,440957815,0xdf92529f,1,5,48000,211642,-1,349894464,46598,,,4245120
6835,3055349099,440957815,0xdf92529f,1,5,48000,422285,-1,300092704,97610,,,4245712
6836,3056467533,440957815,0xdf92529f,1,5,48000,501435,-1,401144912,115367,,,4246480
6837,3056617518,440957815,0xdf92529f,1,5,48000,164836,-1,559178784,36323,,,4247264
6838,3056841549,440957815,0xdf92529f,1,5,48000,129802,-1,423274304,26021,,,4247776
6839,3057142377,440957815,0xdf92529f,1,5,48000,259187,-1,96487456,57360,,,4248272
6840,3057361261,440957815,0xdf92529f,1,5,48000,122015,-1,13855952,24541,,,4248848
6841,3057377865,440957815,0xdf92529f,1,5,48000,227416,-1,551383568,55983,,,4249344
6842,3057490701,440957815,0xdf92529f,1,5,48000,266027,-1,82078848,60440,,,4249904
6843,3057600143,440957815,0xdf92529f,1,5,48000,448535,-1,43491120,93338,,,4250512
6844,3057614226,440957815,0xdf92529f,1,5,48000,352301,-1,340704784,61368,,,4251344
6845,3057733125,440957815,0xdf92529f,1,5,48000,285823,-1,525910128,97363,,,4251984
6846,3058948717,440957815,0xdf92529f,1,5,48000,111650,-1,136576768,24804,,,4252624
6847,3059003438,440957815,0xdf92529f,1,5,48000,187518,-1,111534640,38364,,,4253088
6848,3059112880,440957815,0xdf92529f,1,5,48000,436652,-1,68152224,88765,,,4253664
6849,3059167601,440957815,0xdf92529f,1,5,48000,250474,-1,51298160,61276,,,4254400
6850,3059297041,440957815,0xdf92529f,1,5,48000,234496,-1,119627680,58965,,,4255008
6851,3059406483,440957815,0xdf92529f,1,5,48000,245167,-1,78940992,54352,,,4255600
6852,3059824914,440957815,0xdf92529f,1,5,48000,104557,-1,169305952,21567,,,4256192
6853,3062657514,440957815,0xdf92529f,1,5,48000,113495,-1,413939856,23538,,,4256688
6854,3063103239,440957815,0xdf92529f,1,5,48000,341011,-1,322181632,61874,,,4257168
6855,3063160481,440957815,0xdf92529f,1,5,48000,83742,-1,546484176,14383,,,4257840
6856,3063279259,440957815,0xdf92529f,1,5,48000,101997,-1,467304448,17933,,,4258304
6857,3063287400,440957815,0xdf92529f,1,5,48000,217428,-1,334759408,48593,,,4258768
6858,3063399363,440957815,0xdf92529f,1,5,48000,87421,-1,548612512,14842,,,4259392
6859,3063622662,440957815,0xdf92529f,1,5,48000,197221,-1,179323728,37112,,,4259872
6860,3064505513,440957815,0xdf92529f,1,5,48000,175924,-1,290324208,33345,,,4260448
6861,3064585444,440957815,0xdf92529f,1,5,48000,56456,-1,211172320,19901,,,4261008
6862,3064727939,440957815,0xdf92529f,1,5,48000,154024,-1,547094496,36779,,,4261504
6863,3064749958,440957815,0xdf92529f,1,5,48000,261669,-1,207086256,67197,,,4262016
6864,3064840775,440957815,0xdf92529f,1,5,48000,281436,-1,30010464,74869,,,4262624
6865,3064966821,440957815,0xdf92529f,1,5,48000,117529,-1,549475568,25025,,,4263264
6866,3065025957,440957815,0xdf92529f,1,5,48000,313630,-1,201895280,77951,,,4263744
6867,3065203182,440957815,0xdf92529f,1,5,48000,169333,-1,332769104,38339,,,4264400
6868,3065257903,440957815,0xdf92529f,1,5,48000,290934,-1,328384528,63807,,,4264944
6869,3065484744,440957815,0xdf92529f,1,5,48000,148582,-1,218935456,24747,,,4265584
6870,3066353512,440957815,0xdf92529f,1,5,48000,202962,-1,56214368,50475,,,4266112
6871,3066408233,440957815,0xdf92529f,1,5,48000,92644,-1,36817456,17412,,,4266704
6872,3067787246,440957815,0xdf92529f,1,5,48000,131020,-1,567965872,29455,,,4267184
6873,3067865397,440957815,0xdf92529f,1,5,48000,139389,-1,568745792,51525,,,4267680
6874,3068177776,440957815,0xdf92529f,1,5,48000,140223,-1,158430224,30706,,,4268176
6875,3069041140,440957815,0xdf92529f,1,5,48000,280747,-1,474891248,80886,,,4268720
6876,3069654696,440957815,0xdf92529f,1,5,48000,322977,-1,161316000,70364,,,4269328
6877,3070116426,440957815,0xdf92529f,1,5,48000,107215,-1,436295552,21337,,,4270032
6878,3070986819,440957815,0xdf92529f,1,5,48000,209266,-1,366006272,56419,,,4270528
6879,3071561984,440957815,0xdf92529f,1,5,48000,248139,-1,266731120,63736,,,4271104
6880,3071800866,440957815,0xdf92529f,1,5,48000,267204,-1,279022016,59841,,,4271680
6881,3071855587,440957815,0xdf92529f,1,5,48000,280872,-1,270277328,82179,,,4272304
6882,3071910308,440957815,0xdf92529f,1,5,48000,414874,-1,254961776,87786,,,4272912
6883,3071975400,440957815,0xdf92529f,1,5,48000,163972,-1,306594448,29284,,,4273680
6884,3074359054,440957815,0xdf92529f,1,5,48000,104886,-1,510041488,22164,,,4274224
6885,3075220865,440957815,0xdf92529f,1,5,48000,177954,-1,402064960,44094,,,4274736
6886,3076110673,440957815,0xdf92529f,1,5,48000,380857,-1,523947344,98346,,,4275296
6887,3077866278,440957815,0xdf92529f,1,5,48000,71942,-1,501450976,11499,,,4275920
6888,3079643717,440957815,0xdf92529f,1,5,48000,241045,-1,175775792,53840,,,4276384
6889,3079899556,440957815,0xdf92529f,1,5,48000,173339,-1,245515392,43119,,,4276976
6890,3080617934,440957815,0xdf92529f,1,5,48000,299292,-1,224649520,90088,,,4277552
6891,3081138378,440957815,0xdf92529f,1,5,48000,232258,-1,91133808,59272,,,4278176
6892,3081247820,440957815,0xdf92529f,1,5,48000,221153,-1,52088064,42888,,,4278752
6893,3081260882,440957815,0xdf92529f,1,5,48000,134774,-1,292803344,30970,,,4279296
6894,3081431981,440957815,0xdf92529f,1,5,48000,253951,-1,100207728,43251,,,4279792
6895,3082369553,440957815,0xdf92529f,1,5,48000,189767,-1,241029712,46767,,,4280416
6896,3082760557,440957815,0xdf92529f,1,5,48000,399812,-1,78157792,94884,,,4280976
6897,3082762057,440957815,0xdf92529f,1,5,48000,104675,-1,486343968,24914,,,4281696
6898,3082924720,440957815,0xdf92529f,1,5,48000,165726,-1,19194768,36356,,,4282176
6899,3083163602,440957815,0xdf92529f,1,5,48000,174326,-1,48445856,40708,,,4282704
6900,3083218323,440957815,0xdf92529f,1,5,48000,383384,-1,28676912,97328,,,4283232
6901,3084659343,440957815,0xdf92529f,1,5,48000,47438,-1,210099872,18875,,,4283952
6902,3084805779,440957815,0xdf92529f,1,5,48000,267325,-1,150421792,58839,,,4284416
6903,3085547628,440957815,0xdf92529f,1,5,48000,348905,-1,468414336,98388,,,4285040
6904,3086414633,440957815,0xdf92529f,1,5,48000,449168,-1,412811168,87489,,,4285728
6905,3086456292,440957815,0xdf92529f,1,5,48000,227737,-1,262822528,57595,,,4286416
6906,3087632746,440957815,0xdf92529f,1,5,48000,160124,-1,381996320,30936,,,4286992
6907,3087645808,440957815,0xdf92529f,1,5,48000,384744,-1,443305376,86933,,,4287520
6908,3087851630,440957815,0xdf92529f,1,5,48000,132608,-1,354489648,33015,,,4288256
6909,3087871628,440957815,0xdf92529f,1,5,48000,271969,-1,390180160,86401,,,4288800
6910,3088317353,440957815,0xdf92529f,1,5,48000,251266,-1,272042944,68934,,,4289376
6911,3088543173,440957815,0xdf92529f,1,5,48000,390510,-1,16115296,86665,,,4289968
6912,3088721419,440957815,0xdf92529f,1,5,48000,284989,-1,318079248,53479,,,4290736
6913,3088781075,440957815,0xdf92529f,1,5,48000,89062,-1,169231296,17664,,,4291392
6914,3088782055,440957815,0xdf92529f,1,5,48000,195778,-1,45318608,43258,,,4291856
6915,3088796138,440957815,0xdf92529f,1,5,48000,378891,-1,342236080,70067,,,4292416
6916,3089021958,440957815,0xdf92529f,1,5,48000,156448,-1,197240576,27595,,,4293152
6917,3089371303,440957815,0xdf92529f,1,5,48000,65364,-1,229205120,9314,,,4293664
6918,3089610185,440957815,0xdf92529f,1,5,48000,198470,-1,237594128,42689,,,4294112
6919,3089719627,440957815,0xdf92529f,1,5,48000,169147,-1,226510352,35550,,,4294672
6920,3090123693,440957815,0xdf92529f,1,5,48000,159068,-1,284955840,29594,,,4295200
6921,3090240071,440957815,0xdf92529f,1,5,48000,202215,-1,92558272,36442,,,4295744
6922,3090294792,440957815,0xdf92529f,1,5,48000,276292,-1,70276832,43349,,,4296336
6923,3090349513,440957815,0xdf92529f,1,5,48000,106902,-1,52578176,16462,,,4296992
6924,3090417296,440957815,0xdf92529f,1,5,48000,348148,-1,289149728,83663,,,4297504
6925,3090992461,440957815,0xdf92529f,1,5,48000,296606,-1,191208688,65884,,,4298176
6926,3092046411,440957815,0xdf92529f,1,5,48000,449979,-1,132871408,91239,,,4298816
6927,3092101132,440957815,0xdf92529f,1,5,48000,159033,-1,107887344,38839,,,4299552
6928,3092155853,440957815,0xdf92529f,1,5,48000,284644,-1,85053584,64490,,,4300064
6929,3093320003,440957815,0xdf92529f,1,5,48000,301093,-1,459521488,77275,,,4300672
6930,3095221702,440957815,0xdf92529f,1,5,48000,340661,-1,372720896,84926,,,4301296
6931,3095557985,440957815,0xdf92529f,1,5,48000,261743,-1,263833440,65927,,,4301984
6932,3095906309,440957815,0xdf92529f,1,5,48000,367049,-1,249210992,102165,,,4302624
6933,3095909867,440957815,0xdf92529f,1,5,48000,46228,-1,177342144,17283,,,4303344
6934,3097048234,440957815,0xdf92529f,1,5,48000,145352,-1,396146336,25640,,,4303792
6935,3098610857,440957815,0xdf92529f,1,5,48000,190388,-1,156634080,43488,,,4304320
6936,3099700087,440957815,0xdf92529f,1,5,48000,128085,-1,145573824,21962,,,4304864
6937,3100106674,440957815,0xdf92529f,1,5,48000,213033,-1,518007664,52499,,,4305392
6938,3101456235,440957815,0xdf92529f,1,5,48000,64136,-1,354304096,25366,,,4305984
6939,3102352303,440957815,0xdf92529f,1,5,48000,90433,-1,241961792,15031,,,4306480
6940,3104371930,440957815,0xdf92529f,1,5,48000,46789,-1,401954784,15335,,,4306944
6941,3105189100,440957815,0xdf92529f,1,5,48000,242908,-1,65666304,56476,,,4307408
6942,3105353263,440957815,0xdf92529f,1,5,48000,339455,-1,4465344,84991,,,4308016
6943,3105387344,440957815,0x38d0437d,1,5,48000,120283,-1,346910640,24609,,,4308704
6944,3105831175,440957815,0xdf92529f,1,5,48000,123651,-1,560460096,34766,,,4309088
6945,3106467138,440957815,0xdf92529f,1,5,48000,343288,-1,174734384,90662,,,4309584
6946,3106885998,440957815,0xdf92529f,1,5,48000,181985,-1,150920048,36513,,,4310288
6947,3107159603,440957815,0xdf92529f,1,5,48000,192210,-1,43653136,41086,,,4310800
6948,3107398919,440957815,0xdf92529f,1,5,48000,194179,-1,176734752,43905,,,4311376
6949,3107620911,440957815,0xdf92529f,1,5,48000,284331,-1,504621424,85051,,,4311968
6950,3108856501,440957815,0xdf92529f,1,5,48000,198237,-1,119911904,50728,,,4312560
6951,3108859022,440957815,0xdf92529f,1,5,48000,450249,-1,500245424,68010,,,4313120
6952,3108913743,440957815,0xdf92529f,1,5,48000,201898,-1,498483568,41608,,,4313840
6953,3109184744,440957815,0xdf92529f,1,5,48000,126961,-1,209895856,44871,,,4314432
6954,3109324745,440957815,0xdf92529f,1,5,48000,372595,-1,480072096,83550,,,4314992
6955,3109481095,440957815,0xdf92529f,1,5,48000,85523,-1,248691568,26689,,,4315696
6956,3109877128,440957815,0xdf92529f,1,5,48000,323885,-1,359013856,99610,,,4316208
6957,3111046156,440957815,0xdf92529f,1,5,48000,221536,-1,400482064,64523,,,4316896
6958,3111756530,440957815,0xdf92529f,1,5,48000,42125,-1,401486832,14190,,,4317472
6959,3112216974,440957815,0xdf92529f,1,5,48000,212622,-1,414102048,43342,,,4317936
6960,3112313354,440957815,0xdf92529f,1,5,48000,191139,-1,269629536,42482,,,4318496
6961,3112719941,440957815,0xdf92529f,1,5,48000,84467,-1,546534032,14078,,,4319072
6962,3112792139,440957815,0xdf92529f,1,5,48000,372018,-1,338017424,79963,,,4319552
6963,3112958823,440957815,0xdf92529f,1,5,48000,89448,-1,548627392,15054,,,4320272
6964,3113997190,440957815,0xdf92529f,1,5,48000,400046,-1,60618192,92921,,,4320736
6965,3114010252,440957815,0xdf92529f,1,5,48000,204418,-1,301582528,53359,,,4321488
6966,3114174415,440957815,0xdf92529f,1,5,48000,200035,-1,277017120,47296,,,4322064
6967,3114236072,440957815,0xdf92529f,1,5,48000,266484,-1,86457456,55798,,,4322640
6968,3114290793,440957815,0xdf92529f,1,5,48000,271790,-1,66153936,59143,,,4323312
6969,3114303855,440957815,0xdf92529f,1,5,48000,297326,-1,304071264,67452,,,4323920
6970,3114400235,440957815,0xdf92529f,1,5,48000,156988,-1,30229728,33836,,,4324560
6971,3114454956,440957815,0xdf92529f,1,5,48000,191793,-1,6034272,43060,,,4325088
6972,3114785164,440957815,0xdf92529f,1,5,48000,34289,-1,1473696,12524,,,4325664
6973,3115576689,440957815,0xdf92529f,1,5,48000,316427,-1,229983664,62638,,,4326128
6974,3115912972,440957815,0xdf92529f,1,5,48000,82334,-1,56685248,12443,,,4326768
6975,3116042412,440957815,0xdf92529f,1,5,48000,252557,-1,126977632,49209,,,4327232
6976,3116151854,440957815,0xdf92529f,1,5,48000,225669,-1,82661392,52696,,,4327872
6977,3116513166,440957815,0xdf92529f,1,5,48000,115559,-1,178174976,35214,,,4328464
6978,3117737236,440957815,0xdf92529f,1,5,48000,269553,-1,162061040,55606,,,4328992
6979,3119214156,440957815,0xdf92529f,1,5,48000,365107,-1,166244800,80738,,,4329584
6980,3119510507,440957815,0xdf92529f,1,5,48000,148368,-1,204152752,35297,,,4330288
6981,3120087492,440957815,0xdf92529f,1,5,48000,416275,-1,330272784,104045,,,4330784
6982,3120196934,440957815,0xdf92529f,1,5,48000,182363,-1,321269648,35782,,,4331536
6983,3121318667,440957815,0xdf92529f,1,5,48000,324720,-1,415008528,72364,,,4332096
6984,3121469768,440957815,0xdf92529f,1,5,48000,408539,-1,255438448,102804,,,4332752
6985,3121709671,440957815,0xdf92529f,1,5,48000,285512,-1,327431904,61068,,,4333504
6986,3122241614,440957815,0xdf92529f,1,5,48000,440266,-1,515172576,103627,,,4334176
6987,3122372150,440957815,0xdf92529f,1,5,48000,118290,-1,451476192,34471,,,4334944
6988,3122405777,440957815,0xdf92529f,1,5,48000,358186,-1,507735520,103560,,,4335440
6989,3122829841,440957815,0xdf92529f,1,5,48000,236466,-1,533513248,61364,,,4336144
6990,3123153604,440957815,0xdf92529f,1,5,48000,68083,-1,40644704,10159,,,4336736
6991,3123293161,440957815,0xdf92529f,1,5,48000,116231,-1,568291824,33630,,,4337184
6992,3123303405,440957815,0xdf92529f,1,5,48000,66657,-1,402374944,21327,,,4337664
6993,3124817332,440957815,0xdf92529f,1,5,48000,113842,-1,451008480,29501,,,4338144
6994,3126514077,440957815,0xdf92529f,1,5,48000,187423,-1,403534976,38785,,,4338640
6995,3128904560,440957815,0xdf92529f,1,5,48000,303280,-1,294360576,65503,,,4339216
6996,3129005024,440957815,0xdf92529f,1,5,48000,123722,-1,319414960,20453,,,4339856
6997,3129449490,440957815,0xdf92529f,1,5,48000,149377,-1,423378672,27203,,,4340384
6998,3130011337,440957815,0xdf92529f,1,5,48000,217276,-1,561306432,81786,,,4340912
6999,3130515177,440957815,0xdf92529f,1,5,48000,200561,-1,483618000,61003,,,4341456
7000,3130588396,440957815,0xdf92529f,1,5,48000,175368,-1,136925088,43122,,,4342000
7001,3130697838,440957815,0xdf92529f,1,5,48000,364485,-1,91325104,89745,,,4342560
7002,3130862001,440957815,0xdf92529f,1,5,48000,220472,-1,33342832,52637,,,4343264
7003,3130916722,440957815,0xdf92529f,1,5,48000,371441,-1,9426672,80895,,,4343840
7004,3130993962,440957815,0xdf92529f,1,5,48000,385403,-1,498944944,75243,,,4344592
7005,3131117487,440957815,0xdf92529f,1,5,48000,153080,-1,554193056,35155,,,4345296
7006,3131931534,440957815,0xdf92529f,1,5,48000,268355,-1,535236960,72698,,,4345808
7007,3132797781,440957815,0xdf92529f,1,5,48000,269614,-1,142293936,56606,,,4346400
7008,3133320746,440957815,0xdf92529f,1,5,48000,214634,-1,471422176,42911,,,4347008
7009,3135974093,440957815,0xdf92529f,1,5,48000,229292,-1,412898704,41879,,,4347616
7010,3136713421,440957815,0xdf92529f,1,5,48000,172942,-1,316580528,28824,,,4348192
7011,3137192206,440957815,0xdf92529f,1,5,48000,210170,-1,382278720,49393,,,4348720
7012,3137199342,440957815,0xdf92529f,1,5,48000,88590,-1,492030816,14587,,,4349280
7013,3137246927,440957815,0xdf92529f,1,5,48000,284739,-1,374365120,69363,,,4349760
7014,3137301648,440957815,0xdf92529f,1,5,48000,341382,-1,369973072,80620,,,4350432
7015,3137656908,440957815,0xdf92529f,1,5,48000,457140,-1,230696544,74644,,,4351120
7016,3137767371,440957815,0xdf92529f,1,5,48000,197414,-1,286378112,38438,,,4351808
7017,3137938470,440957815,0xdf92529f,1,5,48000,272463,-1,75152832,53422,,,4352352
7018,3138006253,440957815,0xdf92529f,1,5,48000,468241,-1,296338560,106015,,,4353008
7019,3138102633,440957815,0xdf92529f,1,5,48000,304755,-1,16348400,77018,,,4353776
7020,3138286794,440957815,0xdf92529f,1,5,48000,110959,-1,63042816,21034,,,4354432
7021,3138341515,440957815,0xdf92529f,1,5,48000,89021,-1,45468080,15790,,,4354912
7022,3138581418,440957815,0xdf92529f,1,5,48000,345701,-1,197548032,91070,,,4355392
7023,3139169645,440957815,0xdf92529f,1,5,48000,272590,-1,237663712,77861,,,4356080
7024,3139333808,440957815,0xdf92529f,1,5,48000,126461,-1,220349264,28393,,,4356688
7025,3139670091,440957815,0xdf92529f,1,5,48000,76448,-1,24549376,12912,,,4357216
7026,3139744810,440957815,0xdf92529f,1,5,48000,197845,-1,112585600,50776,,,4357680
7027,3139799531,440957815,0xdf92529f,1,5,48000,114826,-1,92714416,17785,,,4358240
7028,3140093134,440957815,0xdf92529f,1,5,48000,166652,-1,100773824,34073,,,4358720
7029,3140147855,440957815,0xdf92529f,1,5,48000,174228,-1,80229040,43103,,,4359264
7030,3140202576,440957815,0xdf92529f,1,5,48000,109932,-1,60966336,22162,,,4359808
7031,3141307824,440957815,0xdf92529f,1,5,48000,367570,-1,310874240,89303,,,4360288
7032,3142262637,440957815,0xdf92529f,1,5,48000,211321,-1,161673792,46148,,,4360944
7033,3142879463,440957815,0xdf92529f,1,5,48000,336906,-1,459756640,91566,,,4361536
7034,3143269446,440957815,0xdf92529f,1,5,48000,194189,-1,406216048,44701,,,4362224
7035,3143271800,440957815,0xdf92529f,1,5,48000,98138,-1,467060128,16136,,,4362800
7036,3143549987,440957815,0xdf92529f,1,5,48000,368236,-1,256160032,78652,,,4363296
7037,3143974051,440957815,0xdf92529f,1,5,48000,235237,-1,339651408,42571,,,4363984
7038,3144583341,440957815,0xdf92529f,1,5,48000,199917,-1,306748688,43683,,,4364592
7039,3145117445,440957815,0xdf92529f,1,5,48000,191710,-1,263908384,43969,,,4365136
7040,3145192164,440957815,0xdf92529f,1,5,48000,145541,-1,302150080,26703,,,4365680
7041,3145931492,440957815,0xdf92529f,1,5,48000,245600,-1,184198912,47838,,,4366224
7042,3146814343,440957815,0xdf92529f,1,5,48000,174177,-1,291382496,35145,,,4366800
7043,3147204326,440957815,0xdf92529f,1,5,48000,144849,-1,17673872,29498,,,4367344
7044,3147828806,440957815,0xdf92529f,1,5,48000,48327,-1,402223728,15681,,,4367872
7045,3148170317,440957815,0xdf92529f,1,5,48000,148568,-1,158004336,36240,,,4368352
7046,3149666134,440957815,0xdf92529f,1,5,48000,595735,-1,518262848,160618,,,4368896
7047,3150474219,440957815,0xdf92529f,1,5,48000,93335,-1,501530672,15926,,,4369808
7048,3151683338,440957815,0xdf92529f,1,5,48000,293462,-1,561936544,66135,,,4370272
7049,3151981156,440957815,0xdf92529f,1,5,48000,346778,-1,461485904,79577,,,4370928
7050,3152946304,440957815,0xdf92529f,1,5,48000,198232,-1,323260400,43990,,,4371616
7051,3153416590,440957815,0xdf92529f,1,5,48000,86496,-1,548451184,15594,,,4372144
7052,3153530447,440957815,0xdf92529f,1,5,48000,234104,-1,190384928,49791,,,4372624
7053,3154584397,440957815,0xdf92529f,1,5,48000,339440,-1,132151072,81882,,,4373184
7054,3154639118,440957815,0xdf92529f,1,5,48000,440990,-1,107676736,106679,,,4373872
7055,3154693839,440957815,0xdf92529f,1,5,48000,124725,-1,84670880,23673,,,4374672
7056,3154748560,440957815,0xdf92529f,1,5,48000,247469,-1,65812640,54096,,,4375184
7057,3154878000,440957815,0xdf92529f,1,5,48000,187316,-1,142953072,37964,,,4375776
7058,3156445458,440957815,0xdf92529f,1,5,48000,314475,-1,150956608,77342,,,4376352
7059,3156666863,440957815,0xdf92529f,1,5,48000,268030,-1,496358288,63076,,,4377024
7060,3157267284,440957815,0xdf92529f,1,5,48000,112800,-1,210251808,37460,,,4377664
7061,3158884205,440957815,0xdf92529f,1,5,48000,386601,-1,480585680,102089,,,4378208
7062,3159327146,440957815,0xdf92529f,1,5,48000,180785,-1,376307920,51485,,,4378896
7063,3159436588,440957815,0xdf92529f,1,5,48000,191339,-1,359556112,54291,,,4379456
7064,3159860652,440957815,0xdf92529f,1,5,48000,328928,-1,419264384,57343,,,4380016
7065,3160435817,440957815,0xdf92529f,1,5,48000,372523,-1,342828960,80690,,,4380656
7066,3161010982,440957815,0xdf92529f,1,5,48000,309027,-1,229754192,71586,,,4381344
7067,3161188207,440957815,0xdf92529f,1,5,48000,151912,-1,379829952,32304,,,4382016
7068,3161989192,440957815,0xdf92529f,1,5,48000,209194,-1,53097120,43975,,,4382560
7069,3162279401,440957815,0xdf92529f,1,5,48000,113536,-1,546548144,24310,,,4383152
7070,3162351599,440957815,0xdf92529f,1,5,48000,280113,-1,338328096,67167,,,4383648
7071,3163220367,440957815,0xdf92529f,1,5,48000,219317,-1,237151840,53809,,,4384288
7072,3163559171,440957815,0xdf92529f,1,5,48000,386836,-1,495045504,81986,,,4384864
7073,3163666092,440957815,0xdf92529f,1,5,48000,208740,-1,20834800,49782,,,4385536
7074,3163686090,440957815,0xdf92529f,1,5,48000,248316,-1,133719888,63468,,,4386128
7075,3163795532,440957815,0xdf92529f,1,5,48000,323224,-1,86854192,78324,,,4386736
7076,3163959695,440957815,0xdf92529f,1,5,48000,189048,-1,30472752,45782,,,4387408
7077,3164144877,440957815,0xdf92529f,1,5,48000,69990,-1,202268128,10415,,,4387952
7078,3165547151,440957815,0xdf92529f,1,5,48000,305651,-1,152186144,80240,,,4388416
7079,3165601872,440957815,0xdf92529f,1,5,48000,380670,-1,127110272,89239,,,4389120
7080,3167545988,440957815,0xdf92529f,1,5,48000,346722,-1,250354752,87520,,,4389872
7081,3167875406,440957815,0xdf92529f,1,5,48000,397020,-1,209130912,94948,,,4390560
7082,3168387180,440957815,0xdf92529f,1,5,48000,329075,-1,446935456,93721,,,4391280
7083,3168517808,440957815,0xdf92529f,1,5,48000,50515,-1,177427568,19756,,,4391968
7084,3168832905,440957815,0xdf92529f,1,5,48000,133315,-1,407094848,30164,,,4392432
7085,3168949283,440957815,0xdf92529f,1,5,48000,342505,-1,288284864,78688,,,4392928
7086,3169633890,440957815,0xdf92529f,1,5,48000,247411,-1,179048480,48986,,,4393584
7087,3169656175,440957815,0xdf92529f,1,5,48000,195568,-1,396368432,50846,,,4394208
7088,3170351557,440957815,0xdf92529f,1,5,48000,349232,-1,238397136,101933,,,4394800
7089,3170926722,440957815,0xdf92529f,1,5,48000,198000,-1,113865456,47952,,,4395488
7090,3170981443,440957815,0xdf92529f,1,5,48000,196837,-1,94804864,49799,,,4396080
7091,3171218798,440957815,0xdf92529f,1,5,48000,133025,-1,156796208,33134,,,4396624
7092,3172389301,440957815,0xdf92529f,1,5,48000,334837,-1,533781648,83461,,,4397120
7093,3173183350,440957815,0xdf92529f,1,5,48000,434461,-1,494170224,91971,,,4397808
7094,3173778513,440957815,0xdf92529f,1,5,48000,303594,-1,469967648,80554,,,4398560
7095,3174061375,440957815,0xdf92529f,1,5,48000,273925,-1,462079328,67266,,,4399232
7096,3176367140,440957815,0xdf92529f,1,5,48000,139993,-1,405209440,35453,,,4399872
7097,3177303149,440957815,0xdf92529f,1,5,48000,79742,-1,552230560,14475,,,4400384
7098,3178799282,440957815,0xdf92529f,1,5,48000,156965,-1,44625808,34017,,,4400848
7099,3178870607,440957815,0xdf92529f,1,5,48000,92533,-1,552926752,17720,,,4401376
7100,3179889445,440957815,0xdf92529f,1,5,48000,321314,-1,207310816,70800,,,4401856
7101,3180257298,440957815,0xdf92529f,1,5,48000,305200,-1,91699104,74517,,,4402528
7102,3180312019,440957815,0xdf92529f,1,5,48000,235517,-1,69379072,58302,,,4403184
7103,3180496180,440957815,0xdf92529f,1,5,48000,164989,-1,120759792,28937,,,4403760
7104,3181490994,440957815,0xdf92529f,1,5,48000,341159,-1,535516096,93046,,,4404288
7105,3181575612,440957815,0xdf92529f,1,5,48000,237844,-1,454194784,59837,,,4404960
7106,3181792685,440957815,0xdf92529f,1,5,48000,67302,-1,210053600,25791,,,4405552
7107,3181797411,440957815,0xdf92529f,1,5,48000,132570,-1,170100144,29904,,,4406016
7108,3182344844,440957815,0xdf92529f,1,5,48000,68550,-1,241706784,10007,,,4406528
7109,3183953033,440957815,0xdf92529f,1,5,48000,368886,-1,269985280,103914,,,4406976
7110,3184007754,440957815,0xdf92529f,1,5,48000,361312,-1,254716032,100121,,,4407632
7111,3184364471,440957815,0xdf92529f,1,5,48000,152723,-1,401570832,41883,,,4408384
7112,3184468463,440957815,0xdf92529f,1,5,48000,303817,-1,425312640,56088,,,4408944
7113,3185746311,440957815,0xdf92529f,1,5,48000,353106,-1,21274640,87336,,,4409552
7114,3185927078,440957815,0xdf92529f,1,5,48000,85020,-1,547303248,14080,,,4410240
7115,3186039914,440957815,0xdf92529f,1,5,48000,307734,-1,31211360,73387,,,4410704
7116,3187217389,440957815,0xdf92529f,1,5,48000,403326,-1,303836224,102371,,,4411376
7117,3187326831,440957815,0xdf92529f,1,5,48000,231841,-1,286518832,37225,,,4412096
7118,3187552651,440957815,0xdf92529f,1,5,48000,238719,-1,57389712,50208,,,4412672
7119,3187565713,440957815,0xdf92529f,1,5,48000,319227,-1,296735232,79843,,,4413280
7120,3187662093,440957815,0xdf92529f,1,5,48000,340545,-1,16640160,81551,,,4413952
7121,3187682091,440957815,0xdf92529f,1,5,48000,200048,-1,127728560,45077,,,4414672
7122,3187791533,440957815,0xdf92529f,1,5,48000,314517,-1,82905888,73533,,,4415248
7123,3187955696,440957815,0xdf92529f,1,5,48000,257279,-1,25829616,58551,,,4415920
7124,3189249549,440957815,0xdf92529f,1,5,48000,187422,-1,137800560,41169,,,4416512
7125,3189473636,440957815,0xdf92529f,1,5,48000,24000,-1,248366496,10631,,,4417088
7126,3191822097,440957815,0xdf92529f,1,5,48000,370575,-1,166594128,85894,,,4417536
7127,3192438923,440957815,0xdf92529f,1,5,48000,178757,-1,460016032,44510,,,4418272
7128,3192705257,440957815,0xdf92529f,1,5,48000,80563,-1,526723584,13071,,,4418816
7129,3193109447,440957815,0xdf92529f,1,5,48000,368265,-1,256420704,93501,,,4419280
7130,3193404071,440957815,0xdf92529f,1,5,48000,334540,-1,322763344,81444,,,4420000
7131,3193590753,440957815,0xdf92529f,1,5,48000,122763,-1,552576784,27372,,,4420656
7132,3193882856,440957815,0xdf92529f,1,5,48000,239437,-1,383058032,72258,,,4421152
7133,3194218118,440957815,0xdf92529f,1,5,48000,69228,-1,217166704,10008,,,4421728
7134,3194676905,440957815,0xdf92529f,1,5,48000,284292,-1,264110880,71553,,,4422176
7135,3194793283,440957815,0xdf92529f,1,5,48000,101653,-1,41836192,17043,,,4422864
7136,3194977444,440957815,0xdf92529f,1,5,48000,134382,-1,89382160,24616,,,4423360
7137,3194980091,440957815,0xdf92529f,1,5,48000,92132,-1,451684224,21664,,,4423856
7138,3195086886,440957815,0xdf92529f,1,5,48000,426278,-1,50139024,91086,,,4424336
7139,3195155690,440957815,0xdf92529f,1,5,48000,231187,-1,336788992,47927,,,4425024
7140,3195619721,440957815,0xdf92529f,1,5,48000,113466,-1,307076368,24680,,,4425648
7141,3195911346,440957815,0xdf92529f,1,5,48000,82527,-1,402507120,25297,,,4426128
7142,3196654344,440957815,0xdf92529f,1,5,48000,348488,-1,58674720,77285,,,4426640
7143,3196709065,440957815,0xdf92529f,1,5,48000,290430,-1,38444816,57956,,,4427344
7144,3197124630,440957815,0xdf92529f,1,5,48000,488248,-1,496149168,101110,,,4428032
7145,3198906146,440957815,0xdf92529f,1,5,48000,359012,-1,427721664,104837,,,4428864
7146,3199341972,440957815,0xdf92529f,1,5,48000,313661,-1,478384512,84454,,,4429616
7147,3199426590,440957815,0xdf92529f,1,5,48000,181804,-1,355164496,37167,,,4430304
7148,3199569092,440957815,0xdf92529f,1,5,48000,221239,-1,449310624,60073,,,4430864
7149,3199720193,440957815,0xdf92529f,1,5,48000,182884,-1,360973760,37875,,,4431456
7150,3200295358,440957815,0xdf92529f,1,5,48000,243832,-1,260401584,54847,,,4432016
7151,3200719422,440957815,0xdf92529f,1,5,48000,295110,-1,346058176,45864,,,4432608
7152,3200774143,440957815,0xdf92529f,1,5,48000,171344,-1,336016848,35672,,,4433264
7153,3202748513,440957815,0xdf92529f,1,5,48000,103346,-1,314022256,33534,,,4433808
7154,3203571213,440957815,0xdf92529f,1,5,48000,331703,-1,536990096,82607,,,4434336
7155,3204143857,440957815,0xdf92529f,1,5,48000,275172,-1,132586816,57709,,,4434992
7156,3204253299,440957815,0xdf92529f,1,5,48000,372549,-1,84741888,88295,,,4435632
7157,3204362741,440957815,0xdf92529f,1,5,48000,245378,-1,48758912,56133,,,4436368
7158,3204417462,440957815,0xdf92529f,1,5,48000,322349,-1,29473808,80674,,,4436976
7159,3208443665,440957815,0xdf92529f,1,5,48000,260412,-1,480998656,64684,,,4437616
7160,3208844947,440957815,0xdf92529f,1,5,48000,269803,-1,445222368,85686,,,4438256
7161,3209442031,440957815,0xdf92529f,1,5,48000,99630,-1,423132032,18496,,,4438864
7162,3209645932,440957815,0xdf92529f,1,5,48000,312970,-1,297457136,62290,,,4439360
7163,3209780584,440957815,0xdf92529f,1,5,48000,112321,-1,210646032,43486,,,4440016
7164,3209813637,440957815,0xdf92529f,1,5,48000,159749,-1,550275024,38305,,,4440528
7165,3209995277,440957815,0xdf92529f,1,5,48000,341397,-1,343022384,68895,,,4441056
7166,3210035915,440957815,0xdf92529f,1,5,48000,192839,-1,26475904,47668,,,4441744
7167,3210159440,440957815,0xdf92529f,1,5,48000,168288,-1,325016272,35692,,,4442320
7168,3210570442,440957815,0xdf92529f,1,5,48000,72524,-1,229942224,11560,,,4442848
7169,3211036045,440957815,0xdf92529f,1,5,48000,390148,-1,351386080,87596,,,4443296
7170,3211329768,440957815,0xdf92529f,1,5,48000,123393,-1,138486272,24638,,,4444032
7171,3211384489,440957815,0xdf92529f,1,5,48000,435686,-1,113154448,95853,,,4444528
7172,3211439210,440957815,0xdf92529f,1,5,48000,307838,-1,93628240,64605,,,4445328
7173,3211678092,440957815,0xdf92529f,1,5,48000,489247,-1,122236352,98744,,,4446032
7174,3211732813,440957815,0xdf92529f,1,5,48000,118540,-1,101323920,24074,,,4446816
7175,3211897997,440957815,0xdf92529f,1,5,48000,289506,-1,188715648,68622,,,4447296
7176,3212194121,440957815,0xdf92529f,1,5,48000,225467,-1,509072224,49241,,,4447952
7177,3212672906,440957815,0xdf92529f,1,5,48000,230558,-1,539458000,56598,,,4448592
7178,3213245550,440957815,0xdf92529f,1,5,48000,174855,-1,133857488,44519,,,4449184
7179,3213354992,440957815,0xdf92529f,1,5,48000,309582,-1,87146480,76128,,,4449728
7180,3213539153,440957815,0xdf92529f,1,5,48000,250760,-1,144040992,55535,,,4450368
7181,3213648595,440957815,0xdf92529f,1,5,48000,187454,-1,98298448,41505,,,4450992
7182,3216996006,440957815,0xdf92529f,1,5,48000,289444,-1,278086672,54589,,,4451552
7183,3218398280,440957815,0xdf92529f,1,5,48000,145065,-1,233284544,35159,,,4452224
7184,3218747625,440957815,0xdf92529f,1,5,48000,84758,-1,298661040,13970,,,4452768
7185,3218966509,440957815,0xdf92529f,1,5,48000,285193,-1,267737120,71510,,,4453232
7186,3218973445,440957815,0xdf92529f,1,5,48000,174189,-1,83730096,38827,,,4453888
7187,3219082887,440957815,0xdf92529f,1,5,48000,184614,-1,47319744,45592,,,4454448
7188,3219192329,440957815,0xdf92529f,1,5,48000,318975,-1,1898544,76883,,,4455008
7189,3219850539,440957815,0xdf92529f,1,5,48000,28872,-1,211114192,11629,,,4455632
7190,3220020459,440957815,0xdf92529f,1,5,48000,117592,-1,226653504,29210,,,4456096
7191,3220315083,440957815,0xdf92529f,1,5,48000,203241,-1,303064256,44859,,,4456608
7192,3220387728,440957815,0xdf92529f,1,5,48000,288999,-1,567605136,80104,,,4457184
7193,3220486182,440957815,0xdf92529f,1,5,48000,218278,-1,113927552,47978,,,4457856
7194,3220540903,440957815,0xdf92529f,1,5,48000,294621,-1,95002528,66010,,,4458448
7195,3220705066,440957815,0xdf92529f,1,5,48000,130551,-1,34971328,25904,,,4459120
7196,3220759787,440957815,0xdf92529f,1,5,48000,243937,-1,12040576,49516,,,4459600
7197,3220778258,440957815,0xdf92529f,1,5,48000,44506,-1,158213440,15276,,,4460224
7198,3222255178,440957815,0xdf92529f,1,5,48000,242558,-1,160782592,55087,,,4460688
7199,3222716908,440957815,0xdf92529f,1,5,48000,66627,-1,436113936,11516,,,4461280
7200,3223337973,440957815,0xdf92529f,1,5,48000,405970,-1,470312672,112741,,,4461728
7201,3223716194,440957815,0xdf92529f,1,5,48000,626726,-1,357986560,149628,,,4462512
7202,3224140258,440957815,0xdf92529f,1,5,48000,418404,-1,416837376,62799,,,4463424
7203,3224291359,440957815,0xdf92529f,1,5,48000,116661,-1,258946112,19807,,,4464128
7204,3225064768,440957815,0xdf92529f,1,5,48000,288073,-1,385896816,42565,,,4464608
7205,3225871879,440957815,0xdf92529f,1,5,48000,119272,-1,409409920,23050,,,4465216
7206,3226029916,440957815,0xdf92529f,1,5,48000,73375,-1,23836256,11407,,,4465728
7207,3226185643,440957815,0xdf92529f,1,5,48000,359050,-1,400715648,91650,,,4466192
7208,3226501765,440957815,0xdf92529f,1,5,48000,358475,-1,321924960,92247,,,4466944
7209,3228358742,440957815,0xdf92529f,1,5,48000,403231,-1,44803360,96259,,,4467680
7210,3228826986,440957815,0xdf92529f,1,5,48000,359512,-1,469175776,100818,,,4468384
7211,3229176331,440957815,0xdf92529f,1,5,48000,178873,-1,491731856,51919,,,4469088
7212,3230000919,440957815,0xdf92529f,1,5,48000,173961,-1,146638784,37890,,,4469632
7213,3230110361,440957815,0xdf92529f,1,5,48000,172092,-1,100353072,38615,,,4470160
7214,3230407506,440957815,0xdf92529f,1,5,48000,93131,-1,520350640,15703,,,4470720
7215,3231196729,440957815,0xdf92529f,1,5,48000,328593,-1,407931392,80229,,,4471184
7216,3233809638,440957815,0xdf92529f,1,5,48000,79793,-1,549838672,12640,,,4471808
7217,3234157962,440957815,0xdf92529f,1,5,48000,94506,-1,548846608,17274,,,4472272
7218,3234969488,440957815,0xdf92529f,1,5,48000,192918,-1,219544336,46697,,,4472736
7219,3235196329,440957815,0xdf92529f,1,5,48000,171440,-1,60933648,32647,,,4473296
7220,3235349399,440957815,0xdf92529f,1,5,48000,245857,-1,307398336,58887,,,4473872
7221,3235428275,440957815,0xdf92529f,1,5,48000,442330,-1,268387072,111970,,,4474464
7222,3235435211,440957815,0xdf92529f,1,5,48000,299773,-1,88070592,69599,,,4475216
7223,3235674093,440957815,0xdf92529f,1,5,48000,113817,-1,117449632,23694,,,4475888
7224,3235948719,440957815,0xdf92529f,1,5,48000,107031,-1,184039216,20531,,,4476384
7225,3237002669,440957815,0xdf92529f,1,5,48000,141554,-1,97768880,25945,,,4476880
7226,3237186830,440957815,0xdf92529f,1,5,48000,459267,-1,152885536,110482,,,4477392
7227,3237241551,440957815,0xdf92529f,1,5,48000,206922,-1,127949104,47823,,,4478224
7228,3237350993,440957815,0xdf92529f,1,5,48000,268168,-1,83051936,66067,,,4478816
7229,3237517677,440957815,0xdf92529f,1,5,48000,330058,-1,493582912,64824,,,4479440
7230,3237535154,440957815,0xdf92529f,1,5,48000,189326,-1,139448112,40444,,,4480112
7231,3237603627,440957815,0xdf92529f,1,5,48000,268546,-1,247266736,64934,,,4480672
7232,3239047086,440957815,0xdf92529f,1,5,48000,310383,-1,424796512,57587,,,4481264
7233,3240812267,440957815,0xdf92529f,1,5,48000,122105,-1,556685504,25553,,,4481920
7234,3241177189,440957815,0xdf92529f,1,5,48000,351208,-1,344892752,98275,,,4482416
7235,3241450794,440957815,0xdf92529f,1,5,48000,201041,-1,315091472,36671,,,4483152
7236,3242320583,440957815,0xdf92529f,1,5,48000,321955,-1,267292656,79338,,,4483744
7237,3242559465,440957815,0xdf92529f,1,5,48000,257512,-1,279427520,51775,,,4484400
7238,3242614186,440957815,0xdf92529f,1,5,48000,198566,-1,270426272,44610,,,4485024
7239,3242668907,440957815,0xdf92529f,1,5,48000,325054,-1,256688320,64717,,,4485600
7240,3242785285,440957815,0xdf92529f,1,5,48000,114308,-1,35721632,23263,,,4486272
7241,3242856610,440957815,0xdf92529f,1,5,48000,70461,-1,550853072,10976,,,4486752
7242,3242908810,440957815,0xdf92529f,1,5,48000,286931,-1,327727056,62166,,,4487216
7243,3243078888,440957815,0xdf92529f,1,5,48000,148629,-1,42649104,28722,,,4487904
7244,3244311084,440957815,0xdf92529f,1,5,48000,195740,-1,302281584,37806,,,4488432
7245,3244407464,440957815,0xdf92529f,1,5,48000,146453,-1,23013552,32658,,,4489008
7246,3244427462,440957815,0xdf92529f,1,5,48000,194877,-1,135958512,48452,,,4489504
7247,3244482183,440957815,0xdf92529f,1,5,48000,469216,-1,109758992,100362,,,4490064
7248,3244646346,440957815,0xdf92529f,1,5,48000,534281,-1,50582528,114198,,,4490832
7249,3248901432,440957815,0xdf92529f,1,5,48000,294316,-1,478667024,70247,,,4491696
7250,3249128552,440957815,0xdf92529f,1,5,48000,466966,-1,449496768,112513,,,4492400
7251,3250204163,440957815,0xdf92529f,1,5,48000,330469,-1,319989904,65405,,,4493136
7252,3250278882,440957815,0xdf92529f,1,5,48000,398655,-1,346302880,86622,,,4493808
7253,3250534702,440957815,0xdf92529f,1,5,48000,120616,-1,247901520,36580,,,4494576
7254,3251211339,440957815,0xdf92529f,1,5,48000,147116,-1,156308432,33757,,,4495104
7255,3251715879,440957815,0xdf92529f,1,5,48000,349412,-1,271629040,74488,,,4495632
7256,3252081138,440957815,0xdf92529f,1,5,48000,268588,-1,147279360,60046,,,4496304
7257,3252291044,440957815,0xdf92529f,1,5,48000,174390,-1,178797136,35577,,,4496944
7258,3252487725,440957815,0xdf92529f,1,5,48000,305589,-1,521311840,91789,,,4497504
7259,3254051641,440957815,0xdf92529f,1,5,48000,65698,-1,116219936,9716,,,4498176
7260,3254458228,440957815,0xdf92529f,1,5,48000,349255,-1,513685936,108435,,,4498624
7261,3254504929,440957815,0xdf92529f,1,5,48000,429355,-1,563286352,103774,,,4499280
7262,3254802747,440957815,0xdf92529f,1,5,48000,185828,-1,464847520,48188,,,4499936
7263,3254952785,440957815,0xdf92529f,1,5,48000,70171,-1,241792144,14360,,,4500480
7264,3256185023,440957815,0xdf92529f,1,5,48000,255102,-1,439891344,69348,,,4500928
7265,3259301772,440957815,0xdf92529f,1,5,48000,222696,-1,17583824,52343,,,4501504
7266,3259431212,440957815,0xdf92529f,1,5,48000,95110,-1,83441888,17406,,,4502128
7267,3261053391,440957815,0xdf92529f,1,5,48000,339777,-1,71341760,81984,,,4502624
7268,3261108112,440957815,0xdf92529f,1,5,48000,382231,-1,53291376,88363,,,4503344
7269,3261217554,440957815,0xdf92529f,1,5,48000,299485,-1,11040064,69535,,,4504080
7270,3261237552,440957815,0xdf92529f,1,5,48000,361970,-1,122578576,83012,,,4504752
7271,3261292273,440957815,0xdf92529f,1,5,48000,187609,-1,101521616,43811,,,4505424
7272,3261294794,440957815,0xdf92529f,1,5,48000,221849,-1,499254608,43317,,,4505952
7273,3261346994,440957815,0xdf92529f,1,5,48000,105084,-1,80597040,17428,,,4506512
7274,3261589418,440957815,0xdf92529f,1,5,48000,162578,-1,522114704,26579,,,4506992
7275,3261753581,440957815,0xdf92529f,1,5,48000,367146,-1,509389408,98834,,,4507520
7276,3261785226,440957815,0xdf92529f,1,5,48000,45244,-1,209704672,16434,,,4508256
7277,3261789952,440957815,0xdf92529f,1,5,48000,112792,-1,169822272,22320,,,4508736
7278,3262081577,440957815,0xdf92529f,1,5,48000,118014,-1,248473776,36227,,,4509232
7279,3262805010,440957815,0xdf92529f,1,5,48000,370182,-1,134022176,73441,,,4509760
7280,3264173961,440957815,0xdf92529f,1,5,48000,325686,-1,356166768,100428,,,4510512
7281,3264357012,440957815,0xdf92529f,1,5,48000,36169,-1,401352096,12126,,,4511168
7282,3265313198,440957815,0xdf92529f,1,5,48000,104189,-1,526809504,18751,,,4511632
7283,3265522535,440957815,0xdf92529f,1,5,48000,394187,-1,384539408,111029,,,4512112
7284,3265614668,440957815,0xdf92529f,1,5,48000,286686,-1,350840608,71638,,,4512848
7285,3265741419,440957815,0xdf92529f,1,5,48000,256035,-1,363914304,67591,,,4513520
7286,3266316584,440957815,0xdf92529f,1,5,48000,146146,-1,264571152,28846,,,4514176
7287,3267075910,440957815,0xdf92529f,1,5,48000,94534,-1,188242288,18522,,,4514688
7288,3267773579,440957815,0xdf92529f,1,5,48000,272953,-1,215737968,71953,,,4515168
7289,3267957740,440957815,0xdf92529f,1,5,48000,427236,-1,233900880,55359,,,4515808
7290,3268068203,440957815,0xdf92529f,1,5,48000,275703,-1,288612576,60306,,,4516496
7291,3268227662,440957815,0xdf92529f,1,5,48000,84769,-1,307180496,12647,,,4517088
7292,3268239302,440957815,0xdf92529f,1,5,48000,356723,-1,76923392,87882,,,4517552
7293,3268423463,440957815,0xdf92529f,1,5,48000,375676,-1,129953520,87997,,,4518272
7294,3268697068,440957815,0xdf92529f,1,5,48000,470921,-1,27656064,95216,,,4519008
7295,3268939492,440957815,0xdf92529f,1,5,48000,407074,-1,510594672,123139,,,4519792
7296,3268991692,440957815,0xdf92529f,1,5,48000,380675,-1,187506720,79584,,,4520496
7297,3269046413,440957815,0xdf92529f,1,5,48000,290594,-1,183357760,66022,,,4521248
7298,3270045642,440957815,0xdf92529f,1,5,48000,304271,-1,113975568,78002,,,4521920
7299,3270100363,440957815,0xdf92529f,1,5,48000,105049,-1,95299344,20045,,,4522576
7300,3270545825,440957815,0xdf92529f,1,5,48000,376535,-1,429166864,122806,,,4523056
7301,3271079331,440957815,0xdf92529f,1,5,48000,320491,-1,437493104,92175,,,4523760
7302,3271814638,440957815,0xdf92529f,1,5,48000,271215,-1,165587280,53373,,,4524400
7303,3272697798,440957815,0xdf92529f,1,5,48000,72689,-1,526463024,14438,,,4525056
7304,3272897433,440957815,0xdf92529f,1,5,48000,346209,-1,470516848,93727,,,4525504
7305,3273124553,440957815,0xdf92529f,1,5,48000,290551,-1,441533408,83869,,,4526160
7306,3274093243,440957815,0xdf92529f,1,5,48000,90938,-1,550198320,16237,,,4526784
7307,3274624228,440957815,0xdf92529f,1,5,48000,164722,-1,386030576,44775,,,4527264
7308,3275418277,440957815,0xdf92529f,1,5,48000,332828,-1,265038704,59500,,,4527824
7309,3275589376,440957815,0xdf92529f,1,5,48000,134678,-1,23847696,27559,,,4528560
7310,3275766601,440957815,0xdf92529f,1,5,48000,288545,-1,252527984,77114,,,4529104
7311,3275893643,440957815,0xdf92529f,1,5,48000,142329,-1,567995360,38152,,,4529760
7312,3277380807,440957815,0xdf92529f,1,5,48000,33433,-1,402693536,11397,,,4530272
7313,3278724029,440957815,0xdf92529f,1,5,48000,215879,-1,455032048,44236,,,4530736
7314,3278735791,440957815,0xdf92529f,1,5,48000,128615,-1,491783808,30533,,,4531344
7315,3280764266,440957815,0xdf92529f,1,5,48000,374370,-1,400025728,105324,,,4531856
7316,3282049972,440957815,0xdf92529f,1,5,48000,82350,-1,423211104,13198,,,4532560
7317,3282388525,440957815,0xdf92529f,1,5,48000,94109,-1,210734720,44445,,,4533024
7318,3284312585,440957815,0xdf92529f,1,5,48000,391825,-1,541123120,101595,,,4533504
7319,3284474227,440957815,0xdf92529f,1,5,48000,153177,-1,222423488,45170,,,4534224
7320,3284939950,440957815,0xdf92529f,1,5,48000,286571,-1,108820224,78213,,,4534768
7321,3285158834,440957815,0xdf92529f,1,5,48000,301488,-1,31537504,73826,,,4535392
7322,3285178832,440957815,0xdf92529f,1,5,48000,315675,-1,144704480,83865,,,4536048
7323,3285213555,440957815,0xdf92529f,1,5,48000,467706,-1,6918480,102451,,,4536672
7324,3285233553,440957815,0xdf92529f,1,5,48000,132775,-1,117598128,25283,,,4537408
7325,3285747061,440957815,0xdf92529f,1,5,48000,232393,-1,189682640,48137,,,4537920
7326,3286746290,440957815,0xdf92529f,1,5,48000,131962,-1,153227040,28232,,,4538544
7327,3287094614,440957815,0xdf92529f,1,5,48000,177167,-1,139693264,39864,,,4539072
7328,3289682699,440957815,0xdf92529f,1,5,48000,111200,-1,370721168,21868,,,4539600
7329,3290791370,440957815,0xdf92529f,1,5,48000,250589,-1,335930832,58986,,,4540096
7330,3290832008,440957815,0xdf92529f,1,5,48000,385497,-1,3059376,96211,,,4540704
7331,3291010254,440957815,0xdf92529f,1,5,48000,112099,-1,315128176,23420,,,4541424
7332,3291139694,440957815,0xdf92529f,1,5,48000,335570,-1,331602144,63458,,,4541904
7333,3291142215,440957815,0xdf92529f,1,5,48000,96977,-1,551709776,18522,,,4542576
7334,3292182250,440957815,0xdf92529f,1,5,48000,249962,-1,246634112,66752,,,4543056
7335,3292399466,440957815,0xdf92529f,1,5,48000,296164,-1,12974288,75986,,,4543664
7336,3292419464,440957815,0xdf92529f,1,5,48000,292610,-1,124699376,65759,,,4544288
7337,3292638348,440957815,0xdf92529f,1,5,48000,186879,-1,42710512,38920,,,4544912
7338,3292652431,440957815,0xdf92529f,1,5,48000,426350,-1,340003104,94741,,,4545488
7339,3292771330,440957815,0xdf92529f,1,5,48000,392207,-1,524577936,94428,,,4546288
7340,3294041643,440957815,0xdf92529f,1,5,48000,190617,-1,110286032,45933,,,4547040
7341,3294863119,440957815,0xdf92529f,1,5,48000,256742,-1,161058896,54343,,,4547632
7342,3295324849,440957815,0xdf92529f,1,5,48000,84279,-1,436222736,14112,,,4548240
7343,3296923331,440957815,0xdf92529f,1,5,48000,234135,-1,364500528,53693,,,4548704
7344,3297162213,440957815,0xdf92529f,1,5,48000,372470,-1,373753088,131106,,,4549296
7345,3298784392,440957815,0xdf92529f,1,5,48000,203004,-1,370743072,67207,,,4550032
7346,3298839113,440957815,0xdf92529f,1,5,48000,320538,-1,361237424,120266,,,4550592
7347,3299414278,440957815,0xdf92529f,1,5,48000,378312,-1,260594064,93060,,,4551280
7348,3299475935,440957815,0xdf92529f,1,5,48000,350751,-1,60327600,83195,,,4552000
7349,3299838342,440957815,0xdf92529f,1,5,48000,94892,-1,346416224,17288,,,4552672
7350,3299893063,440957815,0xdf92529f,1,5,48000,315079,-1,336204352,79929,,,4553152
7351,3300118883,440957815,0xdf92529f,1,5,48000,270959,-1,191987568,71955,,,4553872
7352,3300770799,440957815,0xdf92529f,1,5,48000,70530,-1,157722640,12069,,,4554528
7353,3302247719,440957815,0xdf92529f,1,5,48000,368171,-1,159870832,79246,,,4554976
7354,3302996550,440957815,0xdf92529f,1,5,48000,95040,-1,170231568,18232,,,4555696
7355,3303074701,440957815,0xdf92529f,1,5,48000,86515,-1,501404768,14664,,,4556176
7356,3303080116,440957815,0xdf92529f,1,5,48000,350812,-1,488312960,95481,,,4556656
7357,3303556380,440957815,0xdf92529f,1,5,48000,98681,-1,143288752,19356,,,4557328
7358,3304196289,440957815,0xdf92529f,1,5,48000,365572,-1,244515952,90973,,,4557792
7359,3304872231,440957815,0xdf92529f,1,5,48000,246241,-1,176191248,61304,,,4558496
7360,3305744483,440957815,0xdf92529f,1,5,48000,386660,-1,440252576,115770,,,4559088
7361,3306025024,440957815,0xdf92529f,1,5,48000,350838,-1,365371280,111794,,,4559808
7362,3307603981,440957815,0xdf92529f,1,5,48000,92439,-1,552328128,19095,,,4560544
7363,3308189687,440957815,0xdf92529f,1,5,48000,332235,-1,392156512,97863,,,4561008
7364,3308415507,440957815,0xdf92529f,1,5,48000,384351,-1,232163376,93707,,,4561648
7365,3308699590,440957815,0xdf92529f,1,5,48000,314207,-1,497130688,54176,,,4562384
7366,3308826509,440957815,0xdf92529f,1,5,48000,375725,-1,153915904,85944,,,4562992
7367,3308881230,440957815,0xdf92529f,1,5,48000,383518,-1,128864144,90224,,,4563744
7368,3309045393,440957815,0xdf92529f,1,5,48000,550221,-1,63740496,90746,,,4564480
7369,3309174833,440957815,0xdf92529f,1,5,48000,326551,-1,140358448,84202,,,4565264
7370,3310503409,440957815,0xdf92529f,1,5,48000,177057,-1,113446048,41967,,,4565936
7371,3310851733,440957815,0xdf92529f,1,5,48000,279994,-1,101660976,64832,,,4566464
7372,3310906454,440957815,0xdf92529f,1,5,48000,197711,-1,80699248,44269,,,4567120
7373,3313655146,440957815,0xdf92529f,1,5,48000,97038,-1,558018736,19193,,,4567696
7374,3313733421,440957815,0xdf92529f,1,5,48000,422350,-1,356626144,118082,,,4568160
7375,3313735942,440957815,0xdf92529f,1,5,48000,187447,-1,559136800,41952,,,4568928
7376,3314157485,440957815,0xdf92529f,1,5,48000,175299,-1,416358912,33289,,,4569504
7377,3314308586,440957815,0xdf92529f,1,5,48000,274212,-1,258007776,71868,,,4570048
7378,3314496289,440957815,0xdf92529f,1,5,48000,186924,-1,551352192,31329,,,4570672
7379,3314551010,440957815,0xdf92529f,1,5,48000,108943,-1,550043760,22935,,,4571200
7380,3315081995,440957815,0xdf92529f,1,5,48000,358561,-1,385015968,100975,,,4571680
7381,3315300879,440957815,0xdf92529f,1,5,48000,264563,-1,364006896,70757,,,4572368
7382,3315992422,440957815,0xdf92529f,1,5,48000,337243,-1,42304592,72710,,,4572976
7383,3316047143,440957815,0xdf92529f,1,5,48000,203359,-1,23368400,47143,,,4573648
7384,3316176583,440957815,0xdf92529f,1,5,48000,357867,-1,90297280,82724,,,4574208
7385,3316224368,440957815,0xdf92529f,1,5,48000,340366,-1,250747552,75867,,,4574928
7386,3316286025,440957815,0xdf92529f,1,5,48000,249582,-1,51222160,55948,,,4575632
7387,3316395467,440957815,0xdf92529f,1,5,48000,107479,-1,8535984,22636,,,4576272
7388,3316475581,440957815,0xdf92529f,1,5,48000,278673,-1,467554368,68270,,,4576752
7389,3316524907,440957815,0xdf92529f,1,5,48000,178619,-1,78902384,38564,,,4577360
7390,3317039436,440957815,0xdf92529f,1,5,48000,192111,-1,212769648,32680,,,4577904
7391,3317798762,440957815,0xdf92529f,1,5,48000,226297,-1,77180624,54909,,,4578448
7392,3317811824,440957815,0xdf92529f,1,5,48000,315055,-1,304814640,65541,,,4579024
7393,3317908204,440957815,0xdf92529f,1,5,48000,317820,-1,39078720,79029,,,4579680
7394,3317982923,440957815,0xdf92529f,1,5,48000,334120,-1,130175936,76913,,,4580352
7395,3318147086,440957815,0xdf92529f,1,5,48000,83132,-1,64609472,14802,,,4581008
7396,3318441710,440957815,0xdf92529f,1,5,48000,259440,-1,199719216,63260,,,4581472
7397,3318749832,440957815,0xdf92529f,1,5,48000,229087,-1,176778704,57273,,,4582080
7398,3321374098,440957815,0xdf92529f,1,5,48000,165847,-1,168649920,42634,,,4582688
7399,3322256657,440957815,0xdf92529f,1,5,48000,162703,-1,395962560,37035,,,4583232
7400,3322684013,440957815,0xdf92529f,1,5,48000,330485,-1,441774112,95996,,,4583824
7401,3322909833,440957815,0xdf92529f,1,5,48000,70815,-1,389070720,14890,,,4584496
7402,3322951492,440957815,0xdf92529f,1,5,48000,237340,-1,214527200,44846,,,4584960
7403,3323142643,440957815,0xdf92529f,1,5,48000,22357,-1,248034080,9439,,,4585552
7404,3323819280,440957815,0xdf92529f,1,5,48000,228166,-1,156478576,54162,,,4586000
7405,3324183688,440957815,0xdf92529f,1,5,48000,255761,-1,386291600,42308,,,4586576
7406,3325161898,440957815,0xdf92529f,1,5,48000,183475,-1,284636304,35329,,,4587200
7407,3325459043,440957815,0xdf92529f,1,5,48000,164917,-1,553362352,40041,,,4587744
7408,3328283489,440957815,0xdf92529f,1,5,48000,281904,-1,455187392,65671,,,4588240
7409,3330596190,440957815,0xdf92529f,1,5,48000,170086,-1,263376480,37117,,,4588880
7410,3331533762,440957815,0xdf92529f,1,5,48000,327379,-1,372363760,85841,,,4589440
7411,3332877231,440957815,0xdf92529f,1,5,48000,149969,-1,123710256,37240,,,4590112
7412,3333281297,440957815,0xdf92529f,1,5,48000,253454,-1,202414048,59988,,,4590640
7413,3334397893,440957815,0xdf92529f,1,5,48000,110627,-1,169931168,17030,,,4591232
7414,3334444689,440957815,0xdf92529f,1,5,48000,357370,-1,134960512,83516,,,4591696
7415,3334554131,440957815,0xdf92529f,1,5,48000,251671,-1,88731808,58166,,,4592416
7416,3334738292,440957815,0xdf92529f,1,5,48000,340683,-1,144956160,81515,,,4593008
7417,3334793013,440957815,0xdf92529f,1,5,48000,223412,-1,117745440,57196,,,4593712
7418,3335261257,440957815,0xdf92529f,1,5,48000,234193,-1,476689936,52428,,,4594304
7419,3336124110,440957815,0xdf92529f,1,5,48000,277360,-1,497878720,58236,,,4594928
7420,3336964953,440957815,0xdf92529f,1,5,48000,34369,-1,401407296,11585,,,4595536
7421,3338838093,440957815,0xdf92529f,1,5,48000,268283,-1,328867616,62494,,,4596000
7422,3339145779,440957815,0xdf92529f,1,5,48000,285860,-1,448394320,71638,,,4596608
7423,3339817324,440957815,0xdf92529f,1,5,48000,148428,-1,273438656,35896,,,4597248
7424,3339946764,440957815,0xdf92529f,1,5,48000,372424,-1,299943744,77803,,,4597760
7425,3340056206,440957815,0xdf92529f,1,5,48000,332239,-1,283713488,71300,,,4598512
7426,3340227305,440957815,0xdf92529f,1,5,48000,144665,-1,65057872,27471,,,4599184
7427,3340336747,440957815,0xdf92529f,1,5,48000,186242,-1,28631664,45204,,,4599728
7428,3340391468,440957815,0xdf92529f,1,5,48000,228556,-1,3419456,59109,,,4600272
7429,3340460272,440957815,0xdf92529f,1,5,48000,453405,-1,325417920,98498,,,4600848
7430,3340699154,440957815,0xdf92529f,1,5,48000,328577,-1,332015312,58704,,,4601664
7431,3341862546,440957815,0xdf92529f,1,5,48000,181404,-1,293129360,43397,,,4602320
7432,3341958926,440957815,0xdf92529f,1,5,48000,364948,-1,13250672,95047,,,4602848
7433,3342074118,440957815,0xdf92529f,1,5,48000,118315,-1,248107680,29902,,,4603520
7434,3342197808,440957815,0xdf92529f,1,5,48000,354345,-1,42819280,86548,,,4604080
7435,3343601103,440957815,0xdf92529f,1,5,48000,240894,-1,110741520,55361,,,4604784
7436,3344422579,440957815,0xdf92529f,1,5,48000,400072,-1,165958672,84156,,,4605408
7437,3344764232,440957815,0xdf92529f,1,5,48000,100334,-1,443115152,21149,,,4606144
7438,3344819974,440957815,0xdf92529f,1,5,48000,455185,-1,463724720,113387,,,4606608
7439,3344970054,440957815,0xdf92529f,1,5,48000,83379,-1,354368912,17995,,,4607376
7440,3345305739,440957815,0xdf92529f,1,5,48000,92530,-1,526555168,16024,,,4607840
7441,3346777415,440957815,0xdf92529f,1,5,48000,358829,-1,408512704,79103,,,4608304
7442,3347242117,440957815,0xdf92529f,1,5,48000,303220,-1,284729312,45488,,,4609008
7443,3347580573,440957815,0xdf92529f,1,5,48000,149463,-1,451325216,38574,,,4609632
7444,3347817282,440957815,0xdf92529f,1,5,48000,87851,-1,188700064,15552,,,4610160
7445,3348110885,440957815,0xdf92529f,1,5,48000,212318,-1,191171632,37019,,,4610624
7446,3348220203,440957815,0xdf92529f,1,5,48000,87063,-1,306928752,18437,,,4611184
7447,3348501584,440957815,0xdf92529f,1,5,48000,178808,-1,568146896,42776,,,4611664
7448,3349035395,440957815,0xdf92529f,1,5,48000,211146,-1,60539984,48696,,,4612208
7449,3349144837,440957815,0xdf92529f,1,5,48000,75475,-1,20361408,11653,,,4612800
7450,3350492487,440957815,0xdf92529f,1,5,48000,279517,-1,426877824,62194,,,4613264
7451,3350951177,440957815,0xdf92529f,1,5,48000,225082,-1,55708128,47644,,,4613872
7452,3351807179,440957815,0xdf92529f,1,5,48000,359775,-1,164471104,74676,,,4614464
7453,3353638805,440957815,0xdf92529f,1,5,48000,289733,-1,473858800,77826,,,4615184
7454,3353921667,440957815,0xdf92529f,1,5,48000,303512,-1,465227424,73189,,,4615824
7455,3355348995,440957815,0xdf92529f,1,5,48000,88875,-1,313766656,30807,,,4616512
7456,3355529763,440957815,0xdf92529f,1,5,48000,448953,-1,371739488,113497,,,4616992
7457,3356159649,440957815,0xdf92529f,1,5,48000,326284,-1,266362256,84230,,,4617776
7458,3356927953,440957815,0xdf92529f,1,5,48000,465548,-1,99284848,97453,,,4618448
7459,3357683885,440957815,0xdf92529f,1,5,48000,132186,-1,530842160,27982,,,4619184
7460,3357738606,440957815,0xdf92529f,1,5,48000,162888,-1,528804240,35314,,,4619680
7461,3357868046,440957815,0xdf92529f,1,5,48000,510188,-1,531844768,130457,,,4620208
7462,3357974967,440957815,0xdf92529f,1,5,48000,379903,-1,232415184,77825,,,4621008
7463,3358604853,440957815,0xdf92529f,1,5,48000,141481,-1,63918144,32634,,,4621680
7464,3358734293,440957815,0xdf92529f,1,5,48000,363126,-1,140525536,64729,,,4622208
7465,3359128049,440957815,0xdf92529f,1,5,48000,278414,-1,555281792,69570,,,4622912
7466,3359531884,440957815,0xdf92529f,1,5,48000,269656,-1,484704400,70206,,,4623504
7467,3361495080,440957815,0xdf92529f,1,5,48000,86780,-1,347793216,16764,,,4624112
7468,3362597733,440957815,0xdf92529f,1,5,48000,144213,-1,547665824,29696,,,4624592
7469,3363292881,440957815,0xdf92529f,1,5,48000,331923,-1,356884720,90347,,,4625072
7470,3363942765,440957815,0xdf92529f,1,5,48000,364217,-1,293836608,78099,,,4625760
7471,3364055749,440957815,0xdf92529f,1,5,48000,120451,-1,551439584,26430,,,4626432
7472,3364066866,440957815,0xdf92529f,1,5,48000,197710,-1,452262336,42626,,,4626928
7473,3364513515,440957815,0xdf92529f,1,5,48000,86423,-1,547474688,14450,,,4627536
7474,3364682093,440957815,0xdf92529f,1,5,48000,87964,-1,182092064,14372,,,4628016
7475,3364867275,440957815,0xdf92529f,1,5,48000,98004,-1,227746864,18657,,,4628496
7476,3365604557,440957815,0xdf92529f,1,5,48000,302386,-1,310076832,75368,,,4628976
7477,3365790764,440957815,0xdf92529f,1,5,48000,355720,-1,68487808,79430,,,4629632
7478,3365858547,440957815,0xdf92529f,1,5,48000,241638,-1,292010064,54705,,,4630336
7479,3365900206,440957815,0xdf92529f,1,5,48000,407549,-1,32602240,89772,,,4630944
7480,3365920204,440957815,0xdf92529f,1,5,48000,207371,-1,146289232,50293,,,4631648
7481,3365954927,440957815,0xdf92529f,1,5,48000,424295,-1,8886480,106908,,,4632192
7482,3366545675,440957815,0xdf92529f,1,5,48000,178730,-1,508728112,46381,,,4633008
7483,3367358222,440957815,0xdf92529f,1,5,48000,323100,-1,77391584,67088,,,4633568
7484,3367542383,440957815,0xdf92529f,1,5,48000,187995,-1,130534240,39732,,,4634240
7485,3368739631,440957815,0xdf92529f,1,5,48000,98887,-1,557828736,30200,,,4634816
7486,3369205958,440957815,0xdf92529f,1,5,48000,161093,-1,405763760,30955,,,4635296
7487,3369781123,440957815,0xdf92529f,1,5,48000,338021,-1,322243552,76807,,,4635824
7488,3371306922,440957815,0xdf92529f,1,5,48000,276658,-1,434831984,86719,,,4636544
7489,3371881066,440957815,0xdf92529f,1,5,48000,353064,-1,332882512,84658,,,4637168
7490,3372217349,440957815,0xdf92529f,1,5,48000,262861,-1,211639536,72641,,,4637904
7491,3372805576,440957815,0xdf92529f,1,5,48000,247544,-1,285331728,56957,,,4638528
7492,3372818638,440957815,0xdf92529f,1,5,48000,226343,-1,417372864,45894,,,4639120
7493,3373031396,440957815,0xdf92529f,1,5,48000,307614,-1,56398560,72998,,,4639664
7494,3373140838,440957815,0xdf92529f,1,5,48000,249697,-1,15134480,57337,,,4640352
7495,3373378740,440957815,0xdf92529f,1,5,48000,193561,-1,157868528,44427,,,4640960
7496,3373451045,440957815,0xdf92529f,1,5,48000,190157,-1,553002864,45714,,,4641520
7497,3373619623,440957815,0xdf92529f,1,5,48000,243847,-1,196636272,64814,,,4642080
7498,3373783786,440957815,0xdf92529f,1,5,48000,219270,-1,182616288,46681,,,4642672
7499,3373968968,440957815,0xdf92529f,1,5,48000,349448,-1,228606160,79987,,,4643264
7500,3374728294,440957815,0xdf92529f,1,5,48000,338163,-1,137246464,74799,,,4643952
7501,3374783015,440957815,0xdf92529f,1,5,48000,208763,-1,112261680,47164,,,4644592
7502,3374837736,440957815,0xdf92529f,1,5,48000,461382,-1,91980528,110155,,,4645136
7503,3374855660,440957815,0xdf92529f,1,5,48000,274540,-1,160186880,53324,,,4645920
7504,3374892457,440957815,0xdf92529f,1,5,48000,186154,-1,69686496,38990,,,4646528
7505,3375001899,440957815,0xdf92529f,1,5,48000,195576,-1,33491648,44250,,,4647104
7506,3375317390,440957815,0xdf92529f,1,5,48000,71841,-1,435957008,15681,,,4647680
7507,3375604491,440957815,0xdf92529f,1,5,48000,270540,-1,170367216,64284,,,4648144
7508,3377842949,440957815,0xdf92529f,1,5,48000,432706,-1,455627440,111557,,,4648720
7509,3378014048,440957815,0xdf92529f,1,5,48000,123380,-1,404226176,21639,,,4649456
7510,3378239868,440957815,0xdf92529f,1,5,48000,157406,-1,266794896,26586,,,4649968
7511,3378588192,440957815,0xdf92529f,1,5,48000,396705,-1,255250560,86243,,,4650496
7512,3380743877,440957815,0xdf92529f,1,5,48000,384438,-1,326052016,84880,,,4651216
7513,3380754155,440957815,0xdf92529f,1,5,48000,234606,-1,351054800,50145,,,4651952
7514,3381036938,440957815,0xdf92529f,1,5,48000,441230,-1,510148032,134174,,,4652560
7515,3382436691,440957815,0xdf92529f,1,5,48000,216383,-1,123803360,49167,,,4653344
7516,3382491412,440957815,0xdf92529f,1,5,48000,99920,-1,102218816,16432,,,4653936
7517,3382617458,440957815,0xdf92529f,1,5,48000,134400,-1,554292688,25923,,,4654432
7518,3383877230,440957815,0xdf92529f,1,5,48000,203703,-1,495948640,39263,,,4654944
7519,3384058870,440957815,0xdf92529f,1,5,48000,263692,-1,109104112,63305,,,4655520
7520,3384820717,440957815,0xdf92529f,1,5,48000,414791,-1,476927056,97905,,,4656144
7521,3386263087,440957815,0xdf92529f,1,5,48000,83311,-1,558152400,15406,,,4656928
7522,3388387012,440957815,0xdf92529f,1,5,48000,134950,-1,507057616,28951,,,4657392
7523,3388592267,440957815,0xdf92529f,1,5,48000,109998,-1,452110896,28124,,,4657920
7524,3388972718,440957815,0xdf92529f,1,5,48000,238767,-1,216030048,62968,,,4658400
7525,3389438441,440957815,0xdf92529f,1,5,48000,372275,-1,78389712,83821,,,4659024
7526,3389602604,440957815,0xdf92529f,1,5,48000,232348,-1,19282384,53089,,,4659744
7527,3389615666,440957815,0xdf92529f,1,5,48000,359709,-1,284053760,86328,,,4660368
7528,3389622602,440957815,0xdf92529f,1,5,48000,399074,-1,130978272,88612,,,4661088
7529,3389677323,440957815,0xdf92529f,1,5,48000,375101,-1,106832400,82007,,,4661872
7530,3389786765,440957815,0xdf92529f,1,5,48000,238819,-1,65229984,53886,,,4662544
7531,3389916205,440957815,0xdf92529f,1,5,48000,250717,-1,142195504,61672,,,4663152
7532,3389950928,440957815,0xdf92529f,1,5,48000,381754,-1,3523936,84016,,,4663744
7533,3390081389,440957815,0xdf92529f,1,5,48000,283248,-1,200437024,49871,,,4664496
7534,3390261135,440957815,0xdf92529f,1,5,48000,171147,-1,551804896,41298,,,4665104
7535,3390713796,440957815,0xdf92529f,1,5,48000,458661,-1,485416272,142558,,,4665632
7536,3391007399,440957815,0xdf92529f,1,5,48000,367170,-1,490931296,116825,,,4666400
7537,3391354223,440957815,0xdf92529f,1,5,48000,215387,-1,73298432,47059,,,4667088
7538,3391538384,440957815,0xdf92529f,1,5,48000,409032,-1,125121040,98416,,,4667680
7539,3392172139,440957815,0xdf92529f,1,5,48000,190585,-1,208188176,45762,,,4668416
7540,3392225512,440957815,0xdf92529f,1,5,48000,368312,-1,468613728,100572,,,4669008
7541,3394310630,440957815,0xdf92529f,1,5,48000,166123,-1,382163456,36268,,,4669744
7542,3394323692,440957815,0xdf92529f,1,5,48000,216620,-1,443475440,60560,,,4670288
7543,3394365351,440957815,0xdf92529f,1,5,48000,174639,-1,374322016,43063,,,4670880
7544,3395474022,440957815,0xdf92529f,1,5,48000,317510,-1,342415280,74021,,,4671456
7545,3395823367,440957815,0xdf92529f,1,5,48000,295543,-1,387787344,87154,,,4672160
7546,3395987530,440957815,0xdf92529f,1,5,48000,384492,-1,371428320,76817,,,4672816
7547,3396042251,440957815,0xdf92529f,1,5,48000,311493,-1,364989584,92937,,,4673600
7548,3396049187,440957815,0xdf92529f,1,5,48000,75492,-1,229300736,11511,,,4674240
7549,3396213350,440957815,0xdf92529f,1,5,48000,453604,-1,211329872,99173,,,4674688
7550,3396617416,440957815,0xdf92529f,1,5,48000,201385,-1,265506112,46298,,,4675440
7551,3396911019,440957815,0xdf92529f,1,5,48000,189655,-1,269244848,40608,,,4676016
7552,3396965740,440957815,0xdf92529f,1,5,48000,315250,-1,253577808,72144,,,4676576
7553,3397136839,440957815,0xdf92529f,1,5,48000,238940,-1,10471184,56027,,,4677248
7554,3397670345,440957815,0xdf92529f,1,5,48000,376424,-1,191464096,92655,,,4677840
7555,3398607917,440957815,0xdf92529f,1,5,48000,287507,-1,301070096,68493,,,4678512
7556,3398704297,440957815,0xdf92529f,1,5,48000,97597,-1,20521888,19361,,,4679136
7557,3398833737,440957815,0xdf92529f,1,5,48000,471654,-1,85327056,114584,,,4679616
7558,3398997900,440957815,0xdf92529f,1,5,48000,212464,-1,29644528,49362,,,4680448
7559,3401366639,440957815,0xdf92529f,1,5,48000,114726,-1,168070736,21534,,,4681040
7560,3401660704,440957815,0xdf92529f,1,5,48000,586146,-1,363121760,168097,,,4681520
7561,3402584193,440957815,0xdf92529f,1,5,48000,300392,-1,249392048,72890,,,4682384
7562,3403135184,440957815,0xdf92529f,1,5,48000,109185,-1,247679984,24742,,,4683040
7563,3403183309,440957815,0xdf92529f,1,5,48000,393089,-1,563743616,93947,,,4683552
7564,3403811821,440957815,0xdf92529f,1,5,48000,114039,-1,156002896,23138,,,4684256
7565,3404109992,440957815,0xdf92529f,1,5,48000,385500,-1,411765824,75904,,,4684752
7566,3404575715,440957815,0xdf92529f,1,5,48000,134460,-1,343453440,22011,,,4685456
7567,3405288741,440957815,0xdf92529f,1,5,48000,90216,-1,157269440,16158,,,4685984
7568,3406487413,440957815,0xdf92529f,1,5,48000,282438,-1,99554432,69953,,,4686448
7569,3406722901,440957815,0xdf92529f,1,5,48000,96470,-1,552414304,18554,,,4687072
7570,3407298066,440957815,0xdf92529f,1,5,48000,428508,-1,529096064,105918,,,4687536
7571,3407321737,440957815,0xdf92529f,1,5,48000,341010,-1,246836896,93475,,,4688336
7572,3407427506,440957815,0xdf92529f,1,5,48000,300503,-1,532315008,77778,,,4689056
7573,3407945429,440957815,0xdf92529f,1,5,48000,134212,-1,154275952,30596,,,4689696
7574,3408000150,440957815,0xdf92529f,1,5,48000,148022,-1,129399776,33641,,,4690208
7575,3409099580,440957815,0xdf92529f,1,5,48000,252901,-1,461422848,63011,,,4690720
7576,3412509059,440957815,0xdf92529f,1,5,48000,323497,-1,560561008,88386,,,4691312
7577,3413379721,440957815,0xdf92529f,1,5,48000,164409,-1,96803104,30722,,,4691984
7578,3413489163,440957815,0xdf92529f,1,5,48000,222029,-1,55423760,47692,,,4692512
7579,3413543884,440957815,0xdf92529f,1,5,48000,211799,-1,36160608,42568,,,4693104
7580,3413598605,440957815,0xdf92529f,1,5,48000,203476,-1,14086736,46836,,,4693664
7581,3413673324,440957815,0xdf92529f,1,5,48000,419228,-1,103624032,108518,,,4694240
7582,3414390434,440957815,0xdf92529f,1,5,48000,80538,-1,169668384,13343,,,4694992
7583,3414682059,440957815,0xdf92529f,1,5,48000,123925,-1,248270592,42405,,,4695456
7584,3415166063,440957815,0xdf92529f,1,5,48000,214976,-1,23555792,46765,,,4695984
7585,3415350224,440957815,0xdf92529f,1,5,48000,217545,-1,68773120,44489,,,4696592
7586,3415479664,440957815,0xdf92529f,1,5,48000,240193,-1,146377696,61992,,,4697168
7587,3415643827,440957815,0xdf92529f,1,5,48000,285126,-1,79089808,66746,,,4697792
7588,3415886251,440957815,0xdf92529f,1,5,48000,270773,-1,519842816,63533,,,4698464
7589,3415940972,440957815,0xdf92529f,1,5,48000,419402,-1,515927264,122785,,,4699072
7590,3416410061,440957815,0xdf92529f,1,5,48000,97130,-1,313120256,34857,,,4699808
7591,3416529199,440957815,0xdf92529f,1,5,48000,319558,-1,534470528,75661,,,4700304
7592,3418697635,440957815,0xdf92529f,1,5,48000,250197,-1,266155104,42878,,,4701008
7593,3420112971,440957815,0xdf92529f,1,5,48000,437362,-1,395395536,138287,,,4701632
7594,3420558696,440957815,0xdf92529f,1,5,48000,202015,-1,274800800,40299,,,4702384
7595,3420828144,440957815,0xdf92529f,1,5,48000,127951,-1,306995184,22346,,,4702944
7596,3420965283,440957815,0xdf92529f,1,5,48000,87285,-1,547131312,15401,,,4703424
7597,3421078119,440957815,0xdf92529f,1,5,48000,531373,-1,30290304,116542,,,4703904
7598,3421263301,440957815,0xdf92529f,1,5,48000,172451,-1,202229280,38815,,,4704784
7599,3421610752,440957815,0xdf92529f,1,5,48000,277724,-1,560997872,92590,,,4705328
7600,3421666346,440957815,0xdf92529f,1,5,48000,194568,-1,189380192,40481,,,4705968
7601,3421776809,440957815,0xdf92529f,1,5,48000,325513,-1,211965776,88892,,,4706544
7602,3422254573,440957815,0xdf92529f,1,5,48000,63786,-1,230129824,10269,,,4707184
7603,3422365036,440957815,0xdf92529f,1,5,48000,355038,-1,285388720,71353,,,4707632
7604,3422536135,440957815,0xdf92529f,1,5,48000,431112,-1,74522384,98794,,,4708288
7605,3422590856,440957815,0xdf92529f,1,5,48000,110094,-1,56708896,20646,,,4709072
7606,3422603918,440957815,0xdf92529f,1,5,48000,383238,-1,295201824,90741,,,4709552
7607,3422700298,440957815,0xdf92529f,1,5,48000,252647,-1,15345232,67732,,,4710272
7608,3422884459,440957815,0xdf92529f,1,5,48000,460501,-1,62665472,94638,,,4710864
7609,3423179083,440957815,0xdf92529f,1,5,48000,333198,-1,196751984,92374,,,4711680
7610,3423288525,440957815,0xdf92529f,1,5,48000,142856,-1,187050288,25824,,,4712368
7611,3424287754,440957815,0xdf92529f,1,5,48000,261018,-1,137434720,69131,,,4712912
7612,3424342475,440957815,0xdf92529f,1,5,48000,228023,-1,112325808,44614,,,4713536
7613,3424415120,440957815,0xdf92529f,1,5,48000,420780,-1,164900176,101153,,,4714144
7614,3425278484,440957815,0xdf92529f,1,5,48000,237198,-1,475268368,56820,,,4714960
7615,3425561346,440957815,0xdf92529f,1,5,48000,355474,-1,466357008,100185,,,4715568
7616,3425725509,440957815,0xdf92529f,1,5,48000,383590,-1,458031984,102951,,,4716272
7617,3425780230,440957815,0xdf92529f,1,5,48000,329045,-1,456828128,79225,,,4716960
7618,3426581215,440957815,0xdf92529f,1,5,48000,353497,-1,319061104,83081,,,4717632
7619,3426820097,440957815,0xdf92529f,1,5,48000,336061,-1,325100240,78941,,,4718384
7620,3427477128,440957815,0xdf92529f,1,5,48000,218646,-1,458893184,51048,,,4719104
7621,3427812390,440957815,0xdf92529f,1,5,48000,596604,-1,410572832,104357,,,4719680
7622,3427956936,440957815,0xdf92529f,1,5,48000,88803,-1,313917360,28540,,,4720464
7623,3428092931,440957815,0xdf92529f,1,5,48000,82931,-1,270387088,17327,,,4720976
7624,3428147652,440957815,0xdf92529f,1,5,48000,328512,-1,255630352,84622,,,4721456
7625,3428613375,440957815,0xdf92529f,1,5,48000,136308,-1,185688048,25557,,,4722160
7626,3429660389,440957815,0xdf92529f,1,5,48000,287840,-1,275111424,62514,,,4722672
7627,3429831488,440957815,0xdf92529f,1,5,48000,353267,-1,40771584,92305,,,4723280
7628,3429886209,440957815,0xdf92529f,1,5,48000,272661,-1,21977712,64033,,,4724032
7629,3430890001,440957815,0xdf92529f,1,5,48000,168510,-1,511448608,48914,,,4724672
7630,3432050872,440957815,0xdf92529f,1,5,48000,301856,-1,102462512,72548,,,4725232
7631,3433380948,440957815,0xdf92529f,1,5,48000,384075,-1,489115168,96303,,,4725888
7632,3434103021,440957815,0xdf92529f,1,5,48000,99997,-1,347877664,20974,,,4726608
7633,3434989007,440957815,0xdf92529f,1,5,48000,91787,-1,210494496,33386,,,4727072
7634,3435332778,440957815,0xdf92529f,1,5,48000,300689,-1,350486864,64511,,,4727568
7635,3436855278,440957815,0xdf92529f,1,5,48000,183335,-1,225113776,51382,,,4728224
7636,3437594606,440957815,0xdf92529f,1,5,48000,476987,-1,9507600,100813,,,4728768
7637,3437724046,440957815,0xdf92529f,1,5,48000,236002,-1,79388320,52750,,,4729568
7638,3437946472,440957815,0xdf92529f,1,5,48000,273442,-1,507325648,65886,,,4730176
7639,3438532178,440957815,0xdf92529f,1,5,48000,250596,-1,216177808,72807,,,4730800
7640,3438573157,440957815,0xdf92529f,1,5,48000,89058,-1,542596016,14771,,,4731408
7641,3438609418,440957815,0xdf92529f,1,5,48000,305434,-1,535442144,73910,,,4731872
7642,3439052622,440957815,0xdf92529f,1,5,48000,263341,-1,60023520,57667,,,4732528
7643,3439107343,440957815,0xdf92529f,1,5,48000,195925,-1,39536608,40255,,,4733184
7644,3439120590,440957815,0xdf92529f,1,5,48000,151915,-1,554823600,36655,,,4733744
7645,3439291504,440957815,0xdf92529f,1,5,48000,414753,-1,84306064,95130,,,4734240
7646,3439455667,440957815,0xdf92529f,1,5,48000,105965,-1,29031808,17577,,,4735040
7647,3439510388,440957815,0xdf92529f,1,5,48000,120160,-1,3787904,28820,,,4735536
7648,3439640849,440957815,0xdf92529f,1,5,48000,174142,-1,200595920,35546,,,4736032
7649,3440645605,440957815,0xdf92529f,1,5,48000,31765,-1,178614704,11763,,,4736592
7650,3441043123,440957815,0xdf92529f,1,5,48000,233262,-1,150625648,50573,,,4737056
7651,3441487621,440957815,0xdf92529f,1,5,48000,97789,-1,347537824,13402,,,4737664
7652,3443281863,440957815,0xdf92529f,1,5,48000,176132,-1,325845504,37987,,,4738144
7653,3443870090,440957815,0xdf92529f,1,5,48000,166621,-1,382485248,33956,,,4738672
7654,3443883152,440957815,0xdf92529f,1,5,48000,351938,-1,443799584,103793,,,4739184
7655,3444150631,440957815,0xdf92529f,1,5,48000,180925,-1,215169328,42150,,,4739840
7656,3444335813,440957815,0xdf92529f,1,5,48000,206952,-1,303732448,42756,,,4740416
7657,3444445255,440957815,0xdf92529f,1,5,48000,161539,-1,286482352,36436,,,4741024
7658,3444458317,440957815,0xdf92529f,1,5,48000,93017,-1,418609376,15414,,,4741568
7659,3444567759,440957815,0xdf92529f,1,5,48000,336575,-1,411155952,78839,,,4742032
7660,3444684137,440957815,0xdf92529f,1,5,48000,337222,-1,296585840,86272,,,4742672
7661,3444780517,440957815,0xdf92529f,1,5,48000,95053,-1,16560880,17577,,,4743328
7662,3444958763,440957815,0xdf92529f,1,5,48000,118680,-1,318271120,38661,,,4743792
7663,3445608647,440957815,0xdf92529f,1,5,48000,448757,-1,229335424,108427,,,4744304
7664,3446011692,440957815,0xdf92529f,1,5,48000,194344,-1,220427728,43931,,,4745136
7665,3446422694,440957815,0xdf92529f,1,5,48000,156400,-1,112636416,34817,,,4745712
7666,3446750762,440957815,0xdf92529f,1,5,48000,155348,-1,207750768,36028,,,4746240
7667,3447925331,440957815,0xdf92529f,1,5,48000,98174,-1,436032736,22534,,,4746768
7668,3448154315,440957815,0xdf92529f,1,5,48000,68923,-1,60588720,10835,,,4747248
7669,3448283755,440957815,0xdf92529f,1,5,48000,315173,-1,133148240,75339,,,4747696
7670,3448338476,440957815,0xdf92529f,1,5,48000,174064,-1,108019120,39750,,,4748336
7671,3449947330,440957815,0xdf92529f,1,5,48000,239067,-1,406317280,55728,,,4748912
7672,3451220164,440957815,0xdf92529f,1,5,48000,343086,-1,363616288,120220,,,4749536
7673,3451404325,440957815,0xdf92529f,1,5,48000,199143,-1,378567552,56883,,,4750176
7674,3451740608,440957815,0xdf92529f,1,5,48000,338588,-1,275400784,81778,,,4750768
7675,3451795329,440957815,0xdf92529f,1,5,48000,271844,-1,263997920,64357,,,4751488
7676,3452143653,440957815,0xdf92529f,1,5,48000,338264,-1,249699520,91237,,,4752112
7677,3452492998,440957815,0xdf92529f,1,5,48000,251330,-1,316903104,53284,,,4752816
7678,3452609376,440957815,0xdf92529f,1,5,48000,306716,-1,184389808,71765,,,4753456
7679,3452677159,440957815,0xdf92529f,1,5,48000,289179,-1,328659520,64710,,,4754128
7680,3452787622,440957815,0xdf92529f,1,5,48000,357371,-1,368645232,114827,,,4754800
7681,3453081225,440957815,0xdf92529f,1,5,48000,223151,-1,370365248,48740,,,4755472
7682,3453371281,440957815,0xdf92529f,1,5,48000,62629,-1,157549008,9912,,,4756096
7683,3453492227,440957815,0xdf92529f,1,5,48000,338000,-1,291532832,82494,,,4756544
7684,3453546948,440957815,0xdf92529f,1,5,48000,213097,-1,287370240,49808,,,4757232
7685,3453560010,440957815,0xdf92529f,1,5,48000,201167,-1,419975200,32910,,,4757808
7686,3453882210,440957815,0xdf92529f,1,5,48000,74857,-1,17703408,10993,,,4758352
7687,3454135175,440957815,0xdf92529f,1,5,48000,106439,-1,343641808,20114,,,4758800
7688,3454231555,440957815,0xdf92529f,1,5,48000,152597,-1,179018464,29977,,,4759280
7689,3454848201,440957815,0xdf92529f,1,5,48000,174276,-1,159406224,40082,,,4759824
7690,3456046873,440957815,0xdf92529f,1,5,48000,162046,-1,99767456,31549,,,4760368
7691,3456986966,440957815,0xdf92529f,1,5,48000,325800,-1,532597744,88079,,,4760912
7692,3457699536,440957815,0xdf92529f,1,5,48000,2309985,-1,543187440,716339,,,4761536
7693,3458406075,440957815,0xdf92529f,1,5,48000,329410,-1,366155776,98448,,,4763984
7694,3460094474,440957815,0xdf92529f,1,5,48000,109703,-1,548543568,24005,,,4764656
7695,3461035430,440957815,0xdf92529f,1,5,48000,156499,-1,481477296,30056,,,4765152
7696,3461200208,440957815,0xdf92529f,1,5,48000,105085,-1,452208048,21693,,,4765712
7697,3461535886,440957815,0xdf92529f,1,5,48000,275889,-1,29404144,69621,,,4766208
7698,3461590607,440957815,0xdf92529f,1,5,48000,111487,-1,5155888,24333,,,4766832
7699,3461900360,440957815,0xdf92529f,1,5,48000,293212,-1,246259792,81271,,,4767312
7700,3462156199,440957815,0xdf92529f,1,5,48000,282450,-1,349758304,70192,,,4767904
7701,3463048623,440957815,0xdf92529f,1,5,48000,208505,-1,55580208,46023,,,4768528
7702,3463123342,440957815,0xdf92529f,1,5,48000,309734,-1,151122816,74867,,,4769104
7703,3463178063,440957815,0xdf92529f,1,5,48000,256629,-1,125893344,54524,,,4769776
7704,3463396947,440957815,0xdf92529f,1,5,48000,427731,-1,43999424,98088,,,4770432
7705,3463858255,440957815,0xdf92529f,1,5,48000,248502,-1,504799504,71847,,,4771216
7706,3464672302,440957815,0xdf92529f,1,5,48000,221162,-1,483043824,56633,,,4771824
7707,3464745521,440957815,0xdf92529f,1,5,48000,300252,-1,136656592,71997,,,4772416
7708,3464854963,440957815,0xdf92529f,1,5,48000,94650,-1,90883344,16675,,,4773088
7709,3465562089,440957815,0xdf92529f,1,5,48000,267605,-1,480837216,71302,,,4773584
7710,3469305415,440957815,0xdf92529f,1,5,48000,54737,-1,400176,20388,,,4774192
7711,3469672431,440957815,0xdf92529f,1,5,48000,288097,-1,395752112,90128,,,4774656
7712,3470247596,440957815,0xdf92529f,1,5,48000,229561,-1,301828416,53997,,,4775280
7713,3470473416,440957815,0xdf92529f,1,5,48000,230971,-1,87028944,54493,,,4775856
7714,3470692300,440957815,0xdf92529f,1,5,48000,143725,-1,6235696,33324,,,4776432
7715,3470822761,440957815,0xdf92529f,1,5,48000,232232,-1,202278576,55447,,,4776944
7716,3472040874,440957815,0xdf92529f,1,5,48000,98131,-1,97600896,17212,,,4777520
7717,3472095595,440957815,0xdf92529f,1,5,48000,261081,-1,74754688,50177,,,4778000
7718,3472150316,440957815,0xdf92529f,1,5,48000,153329,-1,56960720,27799,,,4778640
7719,3472225035,440957815,0xdf92529f,1,5,48000,257423,-1,152266416,54544,,,4779184
7720,3473974580,440957815,0xdf92529f,1,5,48000,235762,-1,168313040,55336,,,4779808
7721,3474922562,440957815,0xdf92529f,1,5,48000,213037,-1,354969040,54345,,,4780400
7722,3475065064,440957815,0xdf92529f,1,5,48000,212265,-1,447029216,56424,,,4780992
7723,3475510789,440957815,0xdf92529f,1,5,48000,309581,-1,407274320,77108,,,4781568
7724,3475736609,440957815,0xdf92529f,1,5,48000,188592,-1,272794832,47195,,,4782208
7725,3475743125,440957815,0xdf92529f,1,5,48000,33156,-1,247801760,14765,,,4782784
7726,3476419762,440957815,0xdf92529f,1,5,48000,168204,-1,156169456,44207,,,4783232
7727,3477556011,440957815,0xdf92529f,1,5,48000,390476,-1,415209600,85937,,,4783744
7728,3477707112,440957815,0xdf92529f,1,5,48000,409476,-1,255813056,104351,,,4784416
7729,3477878211,440957815,0xdf92529f,1,5,48000,303300,-1,11903712,70646,,,4785200
7730,3477894815,440957815,0xdf92529f,1,5,48000,149403,-1,550687152,30203,,,4785888
7731,3477896682,440957815,0xdf92529f,1,5,48000,99559,-1,157366576,20683,,,4786400
7732,3479067185,440957815,0xdf92529f,1,5,48000,314087,-1,533997872,75399,,,4786880
7733,3479445669,440957815,0xdf92529f,1,5,48000,162528,-1,22202352,31272,,,4787536
7734,3479861234,440957815,0xdf92529f,1,5,48000,318020,-1,494421568,73595,,,4788064
7735,3479933432,440957815,0xdf92529f,1,5,48000,363615,-1,141439072,77079,,,4788688
7736,3480449461,440957815,0xdf92529f,1,5,48000,411078,-1,511636224,113423,,,4789392
7737,3482580292,440957815,0xdf92529f,1,5,48000,58937,-1,177894432,22383,,,4790144
7738,3483939637,440957815,0xdf92529f,1,5,48000,328610,-1,477314496,90964,,,4790608
7739,3485787373,440957815,0xdf92529f,1,5,48000,74869,-1,554083088,12483,,,4791264
7740,3486414738,440957815,0xdf92529f,1,5,48000,392356,-1,225296880,101048,,,4791712
7741,3486655697,440957815,0xdf92529f,1,5,48000,109571,-1,542855952,22561,,,4792480
7742,3486989903,440957815,0xdf92529f,1,5,48000,157728,-1,69495936,29649,,,4792960
7743,3486998375,440957815,0xdf92529f,1,5,48000,95782,-1,169743024,17593,,,4793536
7744,3487283506,440957815,0xdf92529f,1,5,48000,277878,-1,79507904,61784,,,4794016
7745,3487525930,440957815,0xdf92529f,1,5,48000,171718,-1,520300736,49870,,,4794672
7746,3487632851,440957815,0xdf92529f,1,5,48000,287781,-1,195195312,75100,,,4795200
7747,3488467942,440957815,0xdf92529f,1,5,48000,234087,-1,175486992,53423,,,4795856
7748,3488558861,440957815,0xdf92529f,1,5,48000,499480,-1,487195568,121874,,,4796416
7749,3488741522,440957815,0xdf92529f,1,5,48000,365778,-1,131198032,86231,,,4797232
7750,3488905685,440957815,0xdf92529f,1,5,48000,228159,-1,65552192,55594,,,4797952
7751,3489018002,440957815,0xdf92529f,1,5,48000,23705,-1,313272208,8466,,,4798512
7752,3489558090,440957815,0xdf92529f,1,5,48000,299878,-1,471839296,82749,,,4798960
7753,3489908714,440957815,0xdf92529f,1,5,48000,65046,-1,1266464,21668,,,4799632
7754,3489911401,440957815,0xdf92529f,1,5,48000,220282,-1,350017616,45572,,,4800112
7755,3492211437,440957815,0xdf92529f,1,5,48000,306881,-1,413166208,75273,,,4800704
7756,3492546699,440957815,0xdf92529f,1,5,48000,310135,-1,268292832,94196,,,4801328
7757,3492841323,440957815,0xdf92529f,1,5,48000,427780,-1,325960320,91651,,,4801984
7758,3493067143,440957815,0xdf92529f,1,5,48000,97602,-1,184021520,17654,,,4802672
7759,3493442612,440957815,0xdf92529f,1,5,48000,290059,-1,444137840,96675,,,4803136
7760,3493484271,440957815,0xdf92529f,1,5,48000,445006,-1,375207936,132562,,,4803776
7761,3494059436,440957815,0xdf92529f,1,5,48000,336272,-1,280153408,85700,,,4804592
7762,3494243597,440957815,0xdf92529f,1,5,48000,331347,-1,296898384,87201,,,4805248
7763,3494285256,440957815,0xdf92529f,1,5,48000,228625,-1,37543984,44350,,,4805936
7764,3494339977,440957815,0xdf92529f,1,5,48000,188410,-1,16889440,43255,,,4806512
7765,3494578859,440957815,0xdf92529f,1,5,48000,91371,-1,45704320,18557,,,4807088
7766,3494818762,440957815,0xdf92529f,1,5,48000,316210,-1,197845392,83393,,,4807568
7767,3495516616,440957815,0xdf92529f,1,5,48000,219382,-1,422774512,37362,,,4808208
7768,3495571152,440957815,0xdf92529f,1,5,48000,449961,-1,220804192,124410,,,4808784
7769,3496036875,440957815,0xdf92529f,1,5,48000,249565,-1,92832416,63369,,,4809536
7770,3496091596,440957815,0xdf92529f,1,5,48000,367313,-1,70649808,86953,,,4810128
7771,3496146317,440957815,0xdf92529f,1,5,48000,379169,-1,52809472,94231,,,4810816
7772,3496221036,440957815,0xdf92529f,1,5,48000,319273,-1,147748928,80085,,,4811536
7773,3497906221,440957815,0xdf92529f,1,5,48000,93265,-1,526405600,15449,,,4812208
7774,3499116807,440957815,0xdf92529f,1,5,48000,367678,-1,460136336,89330,,,4812672
7775,3499787331,440957815,0xdf92529f,1,5,48000,269893,-1,256603280,66931,,,4813376
7776,3500081955,440957815,0xdf92529f,1,5,48000,229820,-1,323033968,48889,,,4814032
7777,3500896002,440957815,0xdf92529f,1,5,48000,307329,-1,217239472,78687,,,4814656
7778,3501429508,440957815,0xdf92529f,1,5,48000,293576,-1,302204880,76671,,,4815312
7779,3501525888,440957815,0xdf92529f,1,5,48000,222152,-1,22835344,52197,,,4815952
7780,3501571348,440957815,0xdf92529f,1,5,48000,106018,-1,566512496,27172,,,4816560
7781,3501593671,440957815,0xdf92529f,1,5,48000,288945,-1,277980816,61799,,,4817056
7782,3501833574,440957815,0xdf92529f,1,5,48000,443421,-1,336917312,108183,,,4817696
7783,3501874212,440957815,0xdf92529f,1,5,48000,210276,-1,7709360,51284,,,4818496
7784,3502345543,440957815,0xdf92529f,1,5,48000,302131,-1,175829664,81700,,,4819040
7785,3502770125,440957815,0xdf92529f,1,5,48000,380715,-1,392602400,50374,,,4819696
7786,3503106408,440957815,0xdf92529f,1,5,48000,287944,-1,287721312,62091,,,4820304
7787,3503332228,440957815,0xdf92529f,1,5,48000,246512,-1,58867552,55010,,,4820928
7788,3503386949,440957815,0xdf92529f,1,5,48000,85270,-1,38657632,17302,,,4821552
7789,3504407661,440957815,0xdf92529f,1,5,48000,331866,-1,163799760,80613,,,4822032
7790,3505060999,440957815,0xdf92529f,1,5,48000,199416,-1,398909632,59299,,,4822704
7791,3505584030,440957815,0xdf92529f,1,5,48000,318558,-1,427859472,118275,,,4823328
7792,3505903478,440957815,0xdf92529f,1,5,48000,146737,-1,518759136,31433,,,4824000
7793,3507949477,440957815,0xdf92529f,1,5,48000,59737,-1,313525168,20612,,,4824544
7794,3510356018,440957815,0xdf92529f,1,5,48000,306204,-1,235910608,77148,,,4825024
7795,3511095346,440957815,0xdf92529f,1,5,48000,229334,-1,29554528,57842,,,4825664
7796,3511181098,440957815,0xdf92529f,1,5,48000,130739,-1,542689408,26061,,,4826256
7797,3511576652,440957815,0xdf92529f,1,5,48000,199726,-1,513509792,49658,,,4826736
7798,3511728531,440957815,0xdf92529f,1,5,48000,144634,-1,555010032,33852,,,4827296
7799,3512737523,440957815,0xdf92529f,1,5,48000,367559,-1,126091056,81788,,,4827808
7800,3512956407,440957815,0xdf92529f,1,5,48000,238812,-1,44283248,55047,,,4828528
7801,3514095562,440957815,0xdf92529f,1,5,48000,94260,-1,347599584,16541,,,4829136
7802,3515522831,440957815,0xdf92529f,1,5,48000,263419,-1,445308096,53045,,,4829616
7803,3516097996,440957815,0xdf92529f,1,5,48000,421969,-1,419633856,69981,,,4830256
7804,3516223144,440957815,0xdf92529f,1,5,48000,162155,-1,176252592,37890,,,4830976
7805,3516262159,440957815,0xdf92529f,1,5,48000,339629,-1,408819952,76291,,,4831520
7806,3516478983,440957815,0xdf92529f,1,5,48000,275830,-1,245605824,79455,,,4832192
7807,3516673161,440957815,0xdf92529f,1,5,48000,358730,-1,343171936,67809,,,4832816
7808,3517357768,440957815,0xdf92529f,1,5,48000,206281,-1,218092320,44946,,,4833488
7809,3517425551,440957815,0xdf92529f,1,5,48000,474201,-1,379934928,122577,,,4834064
7810,3517978889,440957815,0xdf92529f,1,5,48000,161489,-1,241422224,38210,,,4834896
7811,3517987654,440957815,0xdf92529f,1,5,48000,412685,-1,25117936,99983,,,4835440
7812,3518352582,440957815,0xdf92529f,1,5,48000,134777,-1,550564608,27449,,,4836192
7813,3518588943,440957815,0xdf92529f,1,5,48000,414987,-1,338505200,98658,,,4836688
7814,3518872005,440957815,0xdf92529f,1,5,48000,458972,-1,509185808,114815,,,4837456
7815,3518978926,440957815,0xdf92529f,1,5,48000,332008,-1,179769008,64189,,,4838272
7816,3519350790,440957815,0xdf92529f,1,5,48000,132075,-1,539655632,29783,,,4838976
7817,3519567153,440957815,0xdf92529f,1,5,48000,216736,-1,219385376,67198,,,4839472
7818,3519903436,440957815,0xdf92529f,1,5,48000,209492,-1,21022080,48093,,,4840064
7819,3519923434,440957815,0xdf92529f,1,5,48000,201765,-1,133971648,38950,,,4840688
7820,3520032876,440957815,0xdf92529f,1,5,48000,312182,-1,87386688,78425,,,4841280
7821,3520087597,440957815,0xdf92529f,1,5,48000,339052,-1,66481200,59342,,,4841920
7822,3520217037,440957815,0xdf92529f,1,5,48000,234916,-1,144157792,56734,,,4842576
7823,3520491663,440957815,0xdf92529f,1,5,48000,172127,-1,187893536,33208,,,4843184
7824,3521224354,440957815,0xdf92529f,1,5,48000,96029,-1,354061264,31360,,,4843712
7825,3521340113,440957815,0xdf92529f,1,5,48000,94779,-1,557543248,24077,,,4844240
7826,3521600334,440957815,0xdf92529f,1,5,48000,123227,-1,97655328,20583,,,4844720
7827,3523869767,440957815,0xdf92529f,1,5,48000,108733,-1,492551296,22492,,,4845200
7828,3524850344,440957815,0xdf92529f,1,5,48000,242943,-1,393864000,53521,,,4845680
7829,3525199689,440957815,0xdf92529f,1,5,48000,340886,-1,421461712,78047,,,4846272
7830,3525645414,440957815,0xdf92529f,1,5,48000,262539,-1,324127344,58125,,,4846976
7831,3525870213,440957815,0xdf92529f,1,5,48000,248996,-1,2220752,53973,,,4847600
7832,3525979222,440957815,0xdf92529f,1,5,48000,83021,-1,157635904,16268,,,4848224
7833,3526698343,440957815,0xdf92529f,1,5,48000,222117,-1,226701376,64086,,,4848688
7834,3527328229,440957815,0xdf92529f,1,5,48000,268643,-1,54617296,61765,,,4849264
7835,3527456142,440957815,0xdf92529f,1,5,48000,153944,-1,159600032,32055,,,4849888
7836,3530008921,440957815,0xdf92529f,1,5,48000,230902,-1,511940992,52263,,,4850432
7837,3531628581,440957815,0xdf92529f,1,5,48000,282086,-1,311733840,74425,,,4851008
7838,3532536701,440957815,0xdf92529f,1,5,48000,239547,-1,264984704,53956,,,4851648
7839,3533070207,440957815,0xdf92529f,1,5,48000,165819,-1,330843024,31868,,,4852256
7840,3533877318,440957815,0xdf92529f,1,5,48000,339816,-1,360579056,93737,,,4852800
7841,3534397762,440957815,0xdf92529f,1,5,48000,261379,-1,273985584,52907,,,4853456
7842,3534927184,440957815,0xdf92529f,1,5,48000,150326,-1,82635712,25641,,,4854080
7843,3535036626,440957815,0xdf92529f,1,5,48000,167090,-1,44967744,35231,,,4854608
7844,3536788245,440957815,0xdf92529f,1,5,48000,195269,-1,100405264,43624,,,4855184
7845,3536960992,440957815,0xdf92529f,1,5,48000,165064,-1,565675504,50001,,,4855760
7846,3537728338,440957815,0xdf92529f,1,5,48000,206185,-1,536158240,47935,,,4856256
7847,3537812956,440957815,0xdf92529f,1,5,48000,343484,-1,454438848,89080,,,4856848
7848,3538300982,440957815,0xdf92529f,1,5,48000,334859,-1,131835056,76561,,,4857552
7849,3538594585,440957815,0xdf92529f,1,5,48000,203790,-1,142590560,48886,,,4858304
7850,3538863569,440957815,0xdf92529f,1,5,48000,135284,-1,557885776,30400,,,4858880
7851,3541192749,440957815,0xdf92529f,1,5,48000,99863,-1,451921792,17109,,,4859424
7852,3541647372,440957815,0xdf92529f,1,5,48000,153856,-1,219591072,26322,,,4859904
7853,3541913356,440957815,0xdf92529f,1,5,48000,156862,-1,556576,50806,,,4860432
7854,3541983655,440957815,0xdf92529f,1,5,48000,511605,-1,21672928,122022,,,4861008
7855,3542331979,440957815,0xdf92529f,1,5,48000,554310,-1,6782512,135926,,,4861840
7856,3543051723,440957815,0xdf92529f,1,5,48000,209752,-1,347224656,53773,,,4862784
7857,3543454733,440957815,0xdf92529f,1,5,48000,157043,-1,304008448,31523,,,4863344
7858,3543564175,440957815,0xdf92529f,1,5,48000,370482,-1,286716656,78740,,,4863888
7859,3543735274,440957815,0xdf92529f,1,5,48000,219363,-1,75366864,40111,,,4864608
7860,3543864714,440957815,0xdf92529f,1,5,48000,224206,-1,153179424,47581,,,4865232
7861,3543899437,440957815,0xdf92529f,1,5,48000,177144,-1,17099376,39482,,,4865840
7862,3543974156,440957815,0xdf92529f,1,5,48000,314868,-1,105194080,72989,,,4866416
7863,3544083598,440957815,0xdf92529f,1,5,48000,99863,-1,63314400,17220,,,4867056
7864,3544138319,440957815,0xdf92529f,1,5,48000,156003,-1,45936432,31908,,,4867536
7865,3544194061,440957815,0xdf92529f,1,5,48000,354005,-1,186215392,73940,,,4868048
7866,3545541614,440957815,0xdf92529f,1,5,48000,201020,-1,112860576,46124,,,4868752
7867,3545651056,440957815,0xdf92529f,1,5,48000,325574,-1,70820000,68500,,,4869328
7868,3545835217,440957815,0xdf92529f,1,5,48000,195823,-1,121883728,41243,,,4870000
7869,3545944659,440957815,0xdf92529f,1,5,48000,263470,-1,80436176,60813,,,4870592
7870,3546740651,440957815,0xdf92529f,1,5,48000,287340,-1,172828464,72549,,,4871200
7871,3548607463,440957815,0xdf92529f,1,5,48000,409948,-1,380895456,127232,,,4871840
7872,3549346791,440957815,0xdf92529f,1,5,48000,307382,-1,256875552,58548,,,4872592
7873,3549534494,440957815,0xdf92529f,1,5,48000,293190,-1,550877920,65164,,,4873248
7874,3549828097,440957815,0xdf92529f,1,5,48000,137012,-1,552656992,30767,,,4873888
7875,3550120200,440957815,0xdf92529f,1,5,48000,515574,-1,383504560,120762,,,4874384
7876,3550523245,440957815,0xdf92529f,1,5,48000,454300,-1,379373056,97521,,,4875200
7877,3550577966,440957815,0xdf92529f,1,5,48000,154427,-1,372805856,34157,,,4875968
7878,3550694344,440957815,0xdf92529f,1,5,48000,276010,-1,223068432,77245,,,4876496
7879,3551214788,440957815,0xdf92529f,1,5,48000,95610,-1,89650752,17291,,,4877120
7880,3551324230,440957815,0xdf92529f,1,5,48000,265443,-1,50833168,62532,,,4877600
7881,3551433672,440957815,0xdf92529f,1,5,48000,214554,-1,7870912,48099,,,4878256
7882,3551728296,440957815,0xdf92529f,1,5,48000,166446,-1,184564160,32834,,,4878832
7883,3552152360,440957815,0xdf92529f,1,5,48000,206463,-1,238736192,60251,,,4879392
7884,3553479915,440957815,0xdf92529f,1,5,48000,186508,-1,198899120,39346,,,4879968
7885,3553967121,440957815,0xdf92529f,1,5,48000,114982,-1,167783776,24514,,,4880544
7886,3555143490,440957815,0xdf92529f,1,5,48000,306737,-1,428059184,90203,,,4881040
7887,3555579316,440957815,0xdf92529f,1,5,48000,394085,-1,478833424,98888,,,4881648
7888,3555735666,440957815,0xdf92529f,1,5,48000,43911,-1,247531456,16392,,,4882432
7889,3555806436,440957815,0xdf92529f,1,5,48000,285863,-1,449713392,86215,,,4882880
7890,3556412303,440957815,0xdf92529f,1,5,48000,144403,-1,155716688,36515,,,4883520
7891,3556532702,440957815,0xdf92529f,1,5,48000,319369,-1,260468864,67504,,,4884016
7892,3557415553,440957815,0xdf92529f,1,5,48000,298445,-1,377647904,82089,,,4884688
7893,3558448484,440957815,0xdf92529f,1,5,48000,199826,-1,258521248,41042,,,4885296
7894,3559221893,440957815,0xdf92529f,1,5,48000,228998,-1,385491776,46918,,,4885872
7895,3559263638,440957815,0xdf92529f,1,5,48000,171865,-1,543012240,39345,,,4886432
7896,3561472395,440957815,0xdf92529f,1,5,48000,221009,-1,486237680,49899,,,4886960
7897,3562296983,440957815,0xdf92529f,1,5,48000,286678,-1,126272672,71660,,,4887584
7898,3562516655,440957815,0xdf92529f,1,5,48000,67188,-1,1380160,22378,,,4888224
7899,3565308111,440957815,0xdf92529f,1,5,48000,188084,-1,392091168,26315,,,4888704
7900,3566985011,440957815,0xdf92529f,1,5,48000,406674,-1,380415776,115849,,,4889216
7901,3567731275,440957815,0xdf92529f,1,5,48000,180299,-1,71423776,38322,,,4889936
7902,3567785996,440957815,0xdf92529f,1,5,48000,328300,-1,53379776,76505,,,4890496
7903,3567788517,440957815,0xdf92529f,1,5,48000,69725,-1,494890416,11731,,,4891216
7904,3567853106,440957815,0xdf92529f,1,5,48000,147208,-1,558601808,38845,,,4891680
7905,3567915436,440957815,0xdf92529f,1,5,48000,306660,-1,122897536,78154,,,4892208
7906,3568079599,440957815,0xdf92529f,1,5,48000,177286,-1,61362848,38959,,,4892864
7907,3568124557,440957815,0xdf92529f,1,5,48000,123727,-1,422977328,22179,,,4893392
7908,3568267302,440957815,0xdf92529f,1,5,48000,230326,-1,522186384,58458,,,4893888
7909,3568315087,440957815,0xdf92529f,1,5,48000,367442,-1,548642480,79939,,,4894480
7910,3568431465,440957815,0xdf92529f,1,5,48000,280846,-1,509611968,86063,,,4895184
7911,3568780810,440957815,0xdf92529f,1,5,48000,322778,-1,529863904,79585,,,4895808
7912,3568910250,440957815,0xdf92529f,1,5,48000,252988,-1,539731120,61233,,,4896432
7913,3569010543,440957815,0xdf92529f,1,5,48000,59022,-1,312940768,22721,,,4897024
7914,3569300233,440957815,0xdf92529f,1,5,48000,418422,-1,488766976,144635,,,4897488
7915,3569537615,440957815,0xdf92529f,1,5,48000,94069,-1,108474480,20074,,,4898256
7916,3569592336,440957815,0xdf92529f,1,5,48000,277700,-1,87679168,62779,,,4898720
7917,3569647057,440957815,0xdf92529f,1,5,48000,300286,-1,66555472,59938,,,4899376
7918,3569844083,440957815,0xdf92529f,1,5,48000,121228,-1,558382288,25447,,,4900032
7919,3572658185,440957815,0xdf92529f,1,5,48000,97119,-1,373203088,20988,,,4900512
7920,3573007797,440957815,0xdf92529f,1,5,48000,267291,-1,396985792,88242,,,4900992
7921,3573342792,440957815,0xdf92529f,1,5,48000,223270,-1,250696288,51229,,,4901600
7922,3573582695,440957815,0xdf92529f,1,5,48000,156966,-1,326823184,32393,,,4902192
7923,3573637416,440957815,0xdf92529f,1,5,48000,217511,-1,321871968,52951,,,4902720
7924,3574280364,440957815,0xdf92529f,1,5,48000,488180,-1,370591392,129741,,,4903328
7925,3574335085,440957815,0xdf92529f,1,5,48000,137088,-1,359760128,38855,,,4904112
7926,3574396742,440957815,0xdf92529f,1,5,48000,285371,-1,221916272,89338,,,4904624
7927,3574746087,440957815,0xdf92529f,1,5,48000,275703,-1,288672928,60443,,,4905200
7928,3574759149,440957815,0xdf92529f,1,5,48000,215126,-1,421752512,35978,,,4905792
7929,3574855529,440957815,0xdf92529f,1,5,48000,222116,-1,273043728,34494,,,4906352
7930,3574984969,440957815,0xdf92529f,1,5,48000,263210,-1,298855776,51480,,,4906912
7931,3575026628,440957815,0xdf92529f,1,5,48000,128878,-1,39050608,28065,,,4907536
7932,3575223851,440957815,0xdf92529f,1,5,48000,242295,-1,306312928,67014,,,4908064
7933,3575265510,440957815,0xdf92529f,1,5,48000,279259,-1,64530928,37261,,,4908640
7934,3575374952,440957815,0xdf92529f,1,5,48000,115781,-1,27827536,24530,,,4909248
7935,3575560134,440957815,0xdf92529f,1,5,48000,306243,-1,199542064,76074,,,4909760
7936,3575617376,440957815,0xdf92529f,1,5,48000,363672,-1,510761296,111187,,,4910432
7937,3575724297,440957815,0xdf92529f,1,5,48000,131816,-1,183592288,20613,,,4911104
7938,3575963179,440957815,0xdf92529f,1,5,48000,413614,-1,188984704,111626,,,4911648
7939,3576257803,440957815,0xdf92529f,1,5,48000,229688,-1,226947392,66604,,,4912384
7940,3576723526,440957815,0xdf92529f,1,5,48000,266516,-1,114053616,62533,,,4912976
7941,3576778247,440957815,0xdf92529f,1,5,48000,369767,-1,95562864,78775,,,4913584
7942,3576832968,440957815,0xdf92529f,1,5,48000,310406,-1,72451184,73126,,,4914320
7943,3577015602,440957815,0xdf92529f,1,5,48000,290655,-1,164169200,61142,,,4914976
7944,3577769867,440957815,0xdf92529f,1,5,48000,284228,-1,566163456,76192,,,4915616
7945,3578492522,440957815,0xdf92529f,1,5,48000,136899,-1,167560688,31042,,,4916272
7946,3578584587,440957815,0xdf92529f,1,5,48000,323130,-1,135375632,78916,,,4916768
7947,3579858179,440957815,0xdf92529f,1,5,48000,289730,-1,462513072,68750,,,4917440
7948,3580265793,440957815,0xdf92529f,1,5,48000,76169,-1,204459888,13120,,,4918080
7949,3580557418,440957815,0xdf92529f,1,5,48000,46159,-1,313648992,16856,,,4918544
7950,3581302112,440957815,0xdf92529f,1,5,48000,401130,-1,386075392,118919,,,4919024
7951,3582096161,440957815,0xdf92529f,1,5,48000,307363,-1,265098240,70762,,,4919744
7952,3582285420,440957815,0xdf92529f,1,5,48000,126285,-1,353194352,34996,,,4920368
7953,3582389764,440957815,0xdf92529f,1,5,48000,227333,-1,268901904,49267,,,4920864
7954,3584436007,440957815,0xdf92529f,1,5,48000,283670,-1,345632240,45685,,,4921472
7955,3585227184,440957815,0xdf92529f,1,5,48000,274652,-1,501730416,61790,,,4922160
7956,3585413675,440957815,0xdf92529f,1,5,48000,207714,-1,491814384,57558,,,4922752
7957,3586128821,440957815,0xdf92529f,1,5,48000,490505,-1,154947760,141496,,,4923312
7958,3586402426,440957815,0xdf92529f,1,5,48000,129298,-1,79758688,26179,,,4924112
7959,3586644850,440957815,0xdf92529f,1,5,48000,158785,-1,520778576,35614,,,4924640
7960,3588959872,440957815,0xdf92529f,1,5,48000,320798,-1,464396240,81482,,,4925184
7961,3590586830,440957815,0xdf92529f,1,5,48000,104495,-1,241626416,20887,,,4925856
7962,3591152111,440957815,0xdf92529f,1,5,48000,178720,-1,222468704,39787,,,4926352
7963,3591173639,440957815,0xdf92529f,1,5,48000,98652,-1,542399904,20024,,,4926912
7964,3591672555,440957815,0xdf92529f,1,5,48000,455361,-1,88453648,115795,,,4927392
7965,3591720340,440957815,0xdf92529f,1,5,48000,190849,-1,248895568,48339,,,4928176
7966,3591721072,440957815,0xdf92529f,1,5,48000,129530,-1,554640960,27595,,,4928752
7967,3591727276,440957815,0xdf92529f,1,5,48000,110005,-1,67058304,22959,,,4929232
7968,3591836718,440957815,0xdf92529f,1,5,48000,113823,-1,31727776,23102,,,4929712
7969,3591966158,440957815,0xdf92529f,1,5,48000,303142,-1,98672704,82327,,,4930208
7970,3593036849,440957815,0xdf92529f,1,5,48000,303307,-1,352025296,81647,,,4930832
7971,3593240013,440957815,0xdf92529f,1,5,48000,313143,-1,97874048,73862,,,4931472
7972,3593294734,440957815,0xdf92529f,1,5,48000,322749,-1,75513552,71114,,,4932144
7973,3593349455,440957815,0xdf92529f,1,5,48000,204309,-1,58057584,49064,,,4932848
7974,3593588337,440957815,0xdf92529f,1,5,48000,194716,-1,83153200,48909,,,4933424
7975,3593643058,440957815,0xdf92529f,1,5,48000,73240,-1,63395632,10970,,,4933984
7976,3593697779,440957815,0xdf92529f,1,5,48000,150898,-1,46371120,29730,,,4934432
7977,3593752500,440957815,0xdf92529f,1,5,48000,74875,-1,26164400,11156,,,4934928
7978,3593772498,440957815,0xdf92529f,1,5,48000,327712,-1,139792784,77016,,,4935392
7979,3593832295,440957815,0xdf92529f,1,5,48000,82497,-1,354207824,23779,,,4936096
7980,3593948054,440957815,0xdf92529f,1,5,48000,139268,-1,557708288,38005,,,4936608
7981,3594838766,440957815,0xdf92529f,1,5,48000,172848,-1,566997040,41409,,,4937120
7982,3595046353,440957815,0xdf92529f,1,5,48000,184181,-1,138101888,36312,,,4937632
7983,3595397198,440957815,0xdf92529f,1,5,48000,326603,-1,501048160,62633,,,4938208
7984,3596264203,440957815,0xdf92529f,1,5,48000,148818,-1,448325776,34103,,,4938864
7985,3596990469,440957815,0xdf92529f,1,5,48000,391361,-1,259580384,92281,,,4939376
7986,3597633417,440957815,0xdf92529f,1,5,48000,247204,-1,321382832,56471,,,4940144
7987,3597635938,440957815,0xdf92529f,1,5,48000,70501,-1,547636304,10479,,,4940768
7988,3597688138,440957815,0xdf92529f,1,5,48000,457750,-1,315193664,106600,,,4941232
7989,3597817578,440957815,0xdf92529f,1,5,48000,345808,-1,331846784,82006,,,4942080
7990,3598331086,440957815,0xdf92529f,1,5,48000,288411,-1,355544256,75200,,,4942784
7991,3598851530,440957815,0xdf92529f,1,5,48000,336054,-1,270757872,91552,,,4943408
7992,3598906251,440957815,0xdf92529f,1,5,48000,539145,-1,257322912,119280,,,4944128
7993,3599077350,440957815,0xdf92529f,1,5,48000,427047,-1,13118192,87886,,,4944944
7994,3599200875,440957815,0xdf92529f,1,5,48000,210860,-1,323107072,39023,,,4945824
7995,3599426695,440957815,0xdf92529f,1,5,48000,105684,-1,178678496,22746,,,4946384
7996,3599439757,440957815,0xdf92529f,1,5,48000,267493,-1,329687760,60088,,,4946864
7997,3599720298,440957815,0xdf92529f,1,5,48000,134934,-1,181320576,28591,,,4947472
7998,3599777540,440957815,0xdf92529f,1,5,48000,297330,-1,504022208,81797,,,4948016
7999,3600014922,440957815,0xdf92529f,1,5,48000,280089,-1,217393936,74540,,,4948656
8000,3600253804,440957815,0xdf92529f,1,5,48000,453814,-1,223241728,116078,,,4949280
8001,3600525813,440957815,0xdf92529f,1,5,48000,85514,-1,435892528,15174,,,4950032
8002,3600548428,440957815,0xdf92529f,1,5,48000,248363,-1,302365632,49021,,,4950496
8003,3600719527,440957815,0xdf92529f,1,5,48000,473552,-1,110570544,100821,,,4951072
8004,3600774248,440957815,0xdf92529f,1,5,48000,351871,-1,89751312,82916,,,4951872
8005,3601287756,440957815,0xdf92529f,1,5,48000,222310,-1,184701872,61135,,,4952592
8006,3601526638,440957815,0xdf92529f,1,5,48000,327721,-1,189878224,57414,,,4953152
8007,3604189442,440957815,0xdf92529f,1,5,48000,185846,-1,410429728,31011,,,4953744
8008,3604702950,440957815,0xdf92529f,1,5,48000,353468,-1,428510272,102671,,,4954288
8009,3605138776,440957815,0xdf92529f,1,5,48000,209434,-1,479279584,53865,,,4955024
8010,3605365896,440957815,0xdf92529f,1,5,48000,293420,-1,450165808,91992,,,4955584
8011,3605516997,440957815,0xdf92529f,1,5,48000,453967,-1,361440512,102508,,,4956224
8012,3606092162,440957815,0xdf92529f,1,5,48000,424624,-1,260872240,107050,,,4956928
8013,3606441507,440957815,0xdf92529f,1,5,48000,368334,-1,320190208,81220,,,4957744
8014,3606516226,440957815,0xdf92529f,1,5,48000,312322,-1,346433552,48485,,,4958480
8015,3606851488,440957815,0xdf92529f,1,5,48000,182093,-1,187662080,39020,,,4959184
8016,3607448683,440957815,0xdf92529f,1,5,48000,311666,-1,158960688,70668,,,4959744
8017,3607856843,440957815,0xdf92529f,1,5,48000,179412,-1,416716416,30050,,,4960384
8018,3609007173,440957815,0xdf92529f,1,5,48000,322514,-1,228182160,65995,,,4960928
8019,3610288985,440957815,0xdf92529f,1,5,48000,458305,-1,116388624,106436,,,4961616
8020,3612648187,440957815,0xdf92529f,1,5,48000,397769,-1,371536336,107495,,,4962416
8021,3613635912,440957815,0xdf92529f,1,5,48000,79765,-1,481321808,13565,,,4963136
8022,3613800690,440957815,0xdf92529f,1,5,48000,82622,-1,452037344,16933,,,4963584
8023,3614867571,440957815,0xdf92529f,1,5,48000,249640,-1,392400496,58816,,,4964048
8024,3615442736,440957815,0xdf92529f,1,5,48000,167597,-1,297924384,42917,,,4964688
8025,3615832719,440957815,0xdf92529f,1,5,48000,122730,-1,26997632,27235,,,4965216
8026,3616017901,440957815,0xdf92529f,1,5,48000,225746,-1,198710816,53466,,,4965728
8027,3616182064,440957815,0xdf92529f,1,5,48000,190873,-1,183078112,35834,,,4966336
8028,3616468872,440957815,0xdf92529f,1,5,48000,183820,-1,207445408,40822,,,4966896
8029,3617347977,440957815,0xdf92529f,1,5,48000,232457,-1,494902192,51969,,,4967472
8030,3617400177,440957815,0xdf92529f,1,5,48000,386661,-1,34472656,95459,,,4968048
8031,3617474896,440957815,0xdf92529f,1,5,48000,243059,-1,123065904,60902,,,4968720
8032,3617826762,440957815,0xdf92529f,1,5,48000,149323,-1,522399344,29648,,,4969344
8033,3618318921,440957815,0xdf92529f,1,5,48000,23136,-1,248779264,9523,,,4969872
8034,3618340270,440957815,0xdf92529f,1,5,48000,440659,-1,530442576,112719,,,4970320
8035,3618469710,440957815,0xdf92529f,1,5,48000,411805,-1,540200080,103873,,,4971072
8036,3619042354,440957815,0xdf92529f,1,5,48000,323150,-1,134308272,68705,,,4971792
8037,3619858922,440957815,0xdf92529f,1,5,48000,297716,-1,475639376,82454,,,4972496
8038,3621047890,440957815,0xdf92529f,1,5,48000,362407,-1,425417216,75775,,,4973168
8039,3621905897,440957815,0xdf92529f,1,5,48000,122989,-1,184736,42854,,,4973824
8040,3622499207,440957815,0xdf92529f,1,5,48000,378595,-1,275783424,94308,,,4974336
8041,3622512269,440957815,0xdf92529f,1,5,48000,286632,-1,413647168,53570,,,4975024
8042,3622792810,440957815,0xdf92529f,1,5,48000,186536,-1,278406720,33752,,,4975632
8043,3622902252,440957815,0xdf92529f,1,5,48000,485175,-1,250967360,115226,,,4976176
8044,3622976971,440957815,0xdf92529f,1,5,48000,438548,-1,291916432,93591,,,4977024
8045,3623073351,440957815,0xdf92529f,1,5,48000,215143,-1,8727168,56694,,,4977776
8046,3623969264,440957815,0xdf92529f,1,5,48000,431669,-1,394715536,62875,,,4978352
8047,3624195084,440957815,0xdf92529f,1,5,48000,214340,-1,234138416,43759,,,4979008
8048,3624544429,440957815,0xdf92529f,1,5,48000,353137,-1,299198432,90600,,,4979584
8049,3624586088,440957815,0xdf92529f,1,5,48000,196003,-1,39157792,33951,,,4980288
8050,3624640809,440957815,0xdf92529f,1,5,48000,127291,-1,18738928,26276,,,4980880
8051,3624660807,440957815,0xdf92529f,1,5,48000,427777,-1,130371056,106503,,,4981408
8052,3624715528,440957815,0xdf92529f,1,5,48000,103242,-1,106201344,13135,,,4982176
8053,3624824970,440957815,0xdf92529f,1,5,48000,221747,-1,64681056,53894,,,4982672
8054,3624879691,440957815,0xdf92529f,1,5,48000,388106,-1,47676592,95989,,,4983280
8055,3624893774,440957815,0xdf92529f,1,5,48000,286079,-1,344499120,76839,,,4984000
8056,3625176836,440957815,0xdf92529f,1,5,48000,342966,-1,511247360,112470,,,4984640
8057,3625283757,440957815,0xdf92529f,1,5,48000,310880,-1,183659568,80639,,,4985312
8058,3625467918,440957815,0xdf92529f,1,5,48000,74879,-1,193961424,11879,,,4985968
8059,3626282986,440957815,0xdf92529f,1,5,48000,133390,-1,114254896,30680,,,4986432
8060,3626392428,440957815,0xdf92529f,1,5,48000,253034,-1,72630080,57098,,,4986944
8061,3626447149,440957815,0xdf92529f,1,5,48000,309483,-1,54749536,69467,,,4987568
8062,3626575062,440957815,0xdf92529f,1,5,48000,127102,-1,167927888,26996,,,4988272
8063,3626576589,440957815,0xdf92529f,1,5,48000,315000,-1,124224320,62018,,,4988784
8064,3626686031,440957815,0xdf92529f,1,5,48000,412466,-1,81337696,93025,,,4989440
8065,3627316675,440957815,0xdf92529f,1,5,48000,236260,-1,438253024,61222,,,4990192
8066,3628343607,440957815,0xdf92529f,1,5,48000,36004,-1,247616528,12891,,,4990800
8067,3628348333,440957815,0xdf92529f,1,5,48000,91758,-1,204688272,16393,,,4991248
8068,3629020244,440957815,0xdf92529f,1,5,48000,176804,-1,155890640,42448,,,4991712
8069,3629134777,440957815,0xdf92529f,1,5,48000,368299,-1,470995392,107481,,,4992240
8070,3629361897,440957815,0xdf92529f,1,5,48000,277966,-1,441917408,67116,,,4992960
8071,3629417639,440957815,0xdf92529f,1,5,48000,313173,-1,462755776,90168,,,4993584
8072,3629937062,440957815,0xdf92529f,1,5,48000,277646,-1,417298032,60582,,,4994224
8073,3630437508,440957815,0xdf92529f,1,5,48000,142725,-1,317833488,24619,,,4994832
8074,3630497164,440957815,0xdf92529f,1,5,48000,123756,-1,157159088,28976,,,4995360
8075,3630861572,440957815,0xdf92529f,1,5,48000,282543,-1,386426112,66036,,,4995856
8076,3631087392,440957815,0xdf92529f,1,5,48000,98952,-1,228466880,17716,,,4996464
8077,3631631406,440957815,0xdf92529f,1,5,48000,194698,-1,542122448,44638,,,4996944
8078,3631826720,440957815,0xdf92529f,1,5,48000,262371,-1,23999936,56660,,,4997488
8079,3633687781,440957815,0xdf92529f,1,5,48000,299215,-1,39663760,67283,,,4998128
8080,3634961373,440957815,0xdf92529f,1,5,48000,360017,-1,455427968,90313,,,4998784
8081,3635180774,440957815,0xdf92529f,1,5,48000,50347,-1,177701248,18713,,,4999472
8082,3635797723,440957815,0xdf92529f,1,5,48000,205569,-1,146945200,51833,,,4999936
8083,3636404844,440957815,0xdf92529f,1,5,48000,142087,-1,155236208,31099,,,5000480
8084,3636698909,440957815,0xdf92529f,1,5,48000,317520,-1,362192672,88667,,,5000992
8085,3638266367,440957815,0xdf92529f,1,5,48000,453707,-1,367724672,131512,,,5001664
8086,3638519332,440957815,0xdf92529f,1,5,48000,299953,-1,464477760,74934,,,5002432
8087,3640711571,440957815,0xdf92529f,1,5,48000,299034,-1,222632688,72439,,,5003072
8088,3641177294,440957815,0xdf92529f,1,5,48000,249041,-1,109058480,45585,,,5003712
8089,3641286736,440957815,0xdf92529f,1,5,48000,156608,-1,67124336,38399,,,5004320
8090,3641396178,440957815,0xdf92529f,1,5,48000,111200,-1,31846976,23477,,,5004848
8091,3641618484,440957815,0xdf92529f,1,5,48000,38303,-1,313040624,12752,,,5005328
8092,3641932205,440957815,0xdf92529f,1,5,48000,217527,-1,511993296,72306,,,5005792
8093,3642452024,440957815,0xdf92529f,1,5,48000,161419,-1,558537824,35663,,,5006384
8094,3642509196,440957815,0xdf92529f,1,5,48000,74097,-1,1038192,22597,,,5006928
8095,3642801994,440957815,0xdf92529f,1,5,48000,475235,-1,498088544,79007,,,5007408
8096,3643038355,440957815,0xdf92529f,1,5,48000,140935,-1,128476272,29542,,,5008160
8097,3643314481,440957815,0xdf92529f,1,5,48000,260153,-1,493925984,49149,,,5008704
8098,3645823663,440957815,0xdf92529f,1,5,48000,308189,-1,448598400,76948,,,5009360
8099,3645974764,440957815,0xdf92529f,1,5,48000,401880,-1,360342288,135452,,,5010016
8100,3646495208,440957815,0xdf92529f,1,5,48000,396419,-1,273637200,108929,,,5010736
8101,3646734090,440957815,0xdf92529f,1,5,48000,225129,-1,283901056,52791,,,5011488
8102,3647615472,440957815,0xdf92529f,1,5,48000,296962,-1,351540944,68490,,,5012064
8103,3647726383,440957815,0xdf92529f,1,5,48000,387915,-1,381517168,110124,,,5012720
8104,3648314610,440957815,0xdf92529f,1,5,48000,85189,-1,416079232,16481,,,5013520
8105,3648410990,440957815,0xdf92529f,1,5,48000,157481,-1,271074736,37062,,,5014000
8106,3648472647,440957815,0xdf92529f,1,5,48000,190144,-1,73255216,43178,,,5014528
8107,3648636810,440957815,0xdf92529f,1,5,48000,177388,-1,13430320,40007,,,5015104
8108,3648653414,440957815,0xdf92529f,1,5,48000,85585,-1,551025488,14553,,,5015648
8109,3648708135,440957815,0xdf92529f,1,5,48000,70890,-1,549965136,10111,,,5016128
8110,3648889775,440957815,0xdf92529f,1,5,48000,105713,-1,340331632,23715,,,5016592
8111,3648944496,440957815,0xdf92529f,1,5,48000,157918,-1,335498464,24900,,,5017088
8112,3649225037,440957815,0xdf92529f,1,5,48000,156144,-1,186838704,33782,,,5017616
8113,3649279758,440957815,0xdf92529f,1,5,48000,346281,-1,181443456,80739,,,5018144
8114,3649636492,440957815,0xdf92529f,1,5,48000,110365,-1,556540672,23345,,,5018864
8115,3650333708,440957815,0xdf92529f,1,5,48000,192120,-1,90012976,48084,,,5019344
8116,3650443150,440957815,0xdf92529f,1,5,48000,207454,-1,51068976,47573,,,5019920
8117,3651100463,440957815,0xdf92529f,1,5,48000,144045,-1,167723488,32092,,,5020480
8118,3652873734,440957815,0xdf92529f,1,5,48000,124923,-1,204553248,20745,,,5020992
8119,3653160675,440957815,0xdf92529f,1,5,48000,306255,-1,364797616,102322,,,5021504
8120,3654084164,440957815,0xdf92529f,1,5,48000,381936,-1,253355856,112201,,,5022160
8121,3654562949,440957815,0xdf92529f,1,5,48000,213992,-1,334183248,45304,,,5022880
8122,3654741195,440957815,0xdf92529f,1,5,48000,236572,-1,440558128,62406,,,5023488
8123,3654893361,440957815,0xdf92529f,1,5,48000,46559,-1,353347936,23484,,,5024080
8124,3654925356,440957815,0xdf92529f,1,5,48000,304939,-1,450539424,103100,,,5024544
8125,3655445520,440957815,0xdf92529f,1,5,48000,104238,-1,396777760,24146,,,5025168
8126,3655609963,440957815,0xdf92529f,1,5,48000,342188,-1,411904160,72807,,,5025648
8127,3655651622,440957815,0xdf92529f,1,5,48000,325635,-1,261100928,79768,,,5026304
8128,3655726341,440957815,0xdf92529f,1,5,48000,310890,-1,300916832,75861,,,5027008
8129,3655768000,440957815,0xdf92529f,1,5,48000,204955,-1,39931472,48280,,,5027632
8130,3655784073,440957815,0xdf92529f,1,5,48000,81679,-1,178558608,27522,,,5028208
8131,3656003488,440957815,0xdf92529f,1,5,48000,125970,-1,547045728,23981,,,5028720
8132,3656301506,440957815,0xdf92529f,1,5,48000,118461,-1,201601568,17089,,,5029216
8133,3656944454,440957815,0xdf92529f,1,5,48000,346757,-1,237383360,100017,,,5029696
8134,3657008143,440957815,0xdf92529f,1,5,48000,322330,-1,163226528,63458,,,5030416
8135,3657456399,440957815,0xdf92529f,1,5,48000,467228,-1,483923584,130989,,,5031088
8136,3658033127,440957815,0xdf92529f,1,5,48000,139214,-1,185948016,30789,,,5031856
8137,3658485063,440957815,0xdf92529f,1,5,48000,130127,-1,167310384,31952,,,5032384
8138,3660301733,440957815,0xdf92529f,1,5,48000,442268,-1,563564608,100935,,,5032864
8139,3662207647,440957815,0xdf92529f,1,5,48000,368313,-1,371853024,108941,,,5033632
8140,3662277961,440957815,0xdf92529f,1,5,48000,73778,-1,352809616,26096,,,5034384
8141,3662765070,440957815,0xdf92529f,1,5,48000,249361,-1,400900208,61431,,,5034880
8142,3663371039,440957815,0xdf92529f,1,5,48000,186115,-1,331009088,47189,,,5035472
8143,3663514093,440957815,0xdf92529f,1,5,48000,87171,-1,556711104,17324,,,5036032
8144,3663781580,440957815,0xdf92529f,1,5,48000,91353,-1,542513232,17874,,,5036496
8145,3664329013,440957815,0xdf92529f,1,5,48000,76110,-1,554745280,13978,,,5036960
8146,3664416490,440957815,0xdf92529f,1,5,48000,440296,-1,528903920,107218,,,5037424
8147,3665118574,440957815,0xdf92529f,1,5,48000,97712,-1,129315312,20088,,,5038224
8148,3665412177,440957815,0xdf92529f,1,5,48000,415156,-1,140632480,93086,,,5038720
8149,3666686032,440957815,0xdf92529f,1,5,48000,179787,-1,139033360,34370,,,5039504
8150,3666696044,440957815,0xdf92529f,1,5,48000,113967,-1,347470848,21505,,,5040064
8151,3666740753,440957815,0xdf92529f,1,5,48000,136830,-1,113654592,27485,,,5040560
8152,3666979635,440957815,0xdf92529f,1,5,48000,369240,-1,148591632,85856,,,5041088
8153,3667034356,440957815,0xdf92529f,1,5,48000,304069,-1,123242880,69845,,,5041808
8154,3667089077,440957815,0xdf92529f,1,5,48000,310851,-1,101920416,74168,,,5042480
8155,3667446707,440957815,0xdf92529f,1,5,48000,114457,-1,567170976,23489,,,5043104
8156,3668029170,440957815,0xdf92529f,1,5,48000,372186,-1,540572912,97630,,,5043584
8157,3669418382,440957815,0xdf92529f,1,5,48000,353409,-1,475977520,98017,,,5044256
8158,3670491209,440957815,0xdf92529f,1,5,48000,182009,-1,271580304,48704,,,5044976
8159,3670545930,440957815,0xdf92529f,1,5,48000,337771,-1,258320480,75819,,,5045536
8160,3671047495,440957815,0xdf92529f,1,5,48000,207626,-1,206898208,33206,,,5046240
8161,3671134157,440957815,0xdf92529f,1,5,48000,91400,-1,324460640,19594,,,5046784
8162,3672229766,440957815,0xdf92529f,1,5,48000,144151,-1,42540400,30447,,,5047264
8163,3672242828,440957815,0xdf92529f,1,5,48000,289201,-1,291285616,61279,,,5047792
8164,3672284487,440957815,0xdf92529f,1,5,48000,221400,-1,23451888,41647,,,5048416
8165,3672314153,440957815,0xdf92529f,1,5,48000,201774,-1,559606912,50798,,,5049024
8166,3672352270,440957815,0xdf92529f,1,5,48000,175892,-1,278559584,43332,,,5049584
8167,3672523369,440957815,0xdf92529f,1,5,48000,376719,-1,51549984,97113,,,5050128
8168,3672536431,440957815,0xdf92529f,1,5,48000,444567,-1,292146256,95411,,,5050832
8169,3672632811,440957815,0xdf92529f,1,5,48000,179482,-1,9069984,39415,,,5051632
8170,3673223559,440957815,0xdf92529f,1,5,48000,318512,-1,508822400,109862,,,5052192
8171,3673507112,440957815,0xdf92529f,1,5,48000,356661,-1,349828528,65891,,,5052832
8172,3673824836,440957815,0xdf92529f,1,5,48000,26350,-1,353772160,10427,,,5053536
8173,3674036106,440957815,0xdf92529f,1,5,48000,175798,-1,77605152,30890,,,5053984
8174,3674103889,440957815,0xdf92529f,1,5,48000,297884,-1,299497536,79452,,,5054528
8175,3674183054,440957815,0xdf92529f,1,5,48000,229138,-1,247409696,78226,,,5055168
8176,3674200269,440957815,0xdf92529f,1,5,48000,75508,-1,18825728,12274,,,5055728
8177,3674220267,440957815,0xdf92529f,1,5,48000,222910,-1,130629184,45493,,,5056192
8178,3674384430,440957815,0xdf92529f,1,5,48000,219346,-1,64784448,39111,,,5056784
8179,3674439151,440957815,0xdf92529f,1,5,48000,284674,-1,48038848,57658,,,5057360
8180,3674513870,440957815,0xdf92529f,1,5,48000,212062,-1,141689776,52351,,,5058032
8181,3674548593,440957815,0xdf92529f,1,5,48000,208559,-1,2694336,48976,,,5058624
8182,3675842446,440957815,0xdf92529f,1,5,48000,200642,-1,114312448,48152,,,5059216
8183,3676470249,440957815,0xdf92529f,1,5,48000,127539,-1,492343312,25083,,,5059760
8184,3676487915,440957815,0xdf92529f,1,5,48000,195656,-1,524387824,37021,,,5060288
8185,3677156676,440957815,0xdf92529f,1,5,48000,364639,-1,361954528,104326,,,5060864
8186,3677984806,440957815,0xdf92529f,1,5,48000,78765,-1,435007872,16033,,,5061584
8187,3678081186,440957815,0xdf92529f,1,5,48000,303444,-1,320528096,75328,,,5062064
8188,3678895233,440957815,0xdf92529f,1,5,48000,103509,-1,211815056,24006,,,5062752
8189,3678977099,440957815,0xdf92529f,1,5,48000,310843,-1,463019008,88186,,,5063232
8190,3679088362,440957815,0xdf92529f,1,5,48000,115553,-1,169386256,22631,,,5063856
8191,3679147177,440957815,0xdf92529f,1,5,48000,448898,-1,389486656,112059,,,5064352
8192,3679496522,440957815,0xdf92529f,1,5,48000,612420,-1,417602448,112571,,,5065168
8193,3679722342,440957815,0xdf92529f,1,5,48000,376131,-1,295026928,84830,,,5065984
8194,3680056624,440957815,0xdf92529f,1,5,48000,221028,-1,159226080,50755,,,5066688
8195,3680071687,440957815,0xdf92529f,1,5,48000,55486,-1,341766000,8118,,,5067296
8196,3680128929,440957815,0xdf92529f,1,5,48000,103934,-1,553048624,21007,,,5067744
8197,3680168067,440957815,0xdf92529f,1,5,48000,87813,-1,178907440,14670,,,5068208
8198,3680421032,440957815,0xdf92529f,1,5,48000,231129,-1,386683808,54515,,,5068688
8199,3680646852,440957815,0xdf92529f,1,5,48000,140494,-1,228732880,31221,,,5069296
8200,3680995176,440957815,0xdf92529f,1,5,48000,363572,-1,225441408,95498,,,5069824
8201,3681160360,440957815,0xdf92529f,1,5,48000,250953,-1,276185632,56783,,,5070576
8202,3681460899,440957815,0xdf92529f,1,5,48000,88798,-1,112308880,16892,,,5071168
8203,3681570341,440957815,0xdf92529f,1,5,48000,375789,-1,69725520,81243,,,5071632
8204,3681734504,440957815,0xdf92529f,1,5,48000,319475,-1,10052160,84112,,,5072368
8205,3682542707,440957815,0xdf92529f,1,5,48000,124091,-1,467354032,24158,,,5073024
8206,3683149298,440957815,0xdf92529f,1,5,48000,124522,-1,491965344,34036,,,5073520
8207,3684520833,440957815,0xdf92529f,1,5,48000,408962,-1,455917328,117067,,,5074048
8208,3684691932,440957815,0xdf92529f,1,5,48000,167429,-1,404247856,35014,,,5074784
8209,3686197093,440957815,0xdf92529f,1,5,48000,336625,-1,245340480,88661,,,5075344
8210,3686203648,440957815,0xdf92529f,1,5,48000,195795,-1,370998928,43423,,,5075984
8211,3686243853,440957815,0xdf92529f,1,5,48000,99619,-1,481399168,20399,,,5076576
8212,3686552993,440957815,0xdf92529f,1,5,48000,351376,-1,408011664,89444,,,5077056
8213,3686833534,440957815,0xdf92529f,1,5,48000,223241,-1,263676192,45913,,,5077792
8214,3687128845,440957815,0xdf92529f,1,5,48000,109870,-1,568850912,28250,,,5078384
8215,3687215472,440957815,0xdf92529f,1,5,48000,136140,-1,567407824,28934,,,5078864
8216,3689169296,440957815,0xdf92529f,1,5,48000,267225,-1,102312528,58821,,,5079360
8217,3689224017,440957815,0xdf92529f,1,5,48000,257933,-1,81171360,63953,,,5079984
8218,3690271031,440957815,0xdf92529f,1,5,48000,243322,-1,222780880,56561,,,5080560
8219,3690682033,440957815,0xdf92529f,1,5,48000,330928,-1,135161264,73993,,,5081152
8220,3690736754,440957815,0xdf92529f,1,5,48000,214623,-1,109242544,42237,,,5081888
8221,3690791475,440957815,0xdf92529f,1,5,48000,251889,-1,89060544,62866,,,5082464
8222,3690975636,440957815,0xdf92529f,1,5,48000,441289,-1,145179936,119868,,,5083056
8223,3691436944,440957815,0xdf92529f,1,5,48000,212762,-1,514598304,47645,,,5083856
8224,3691491665,440957815,0xdf92529f,1,5,48000,409112,-1,512195136,145389,,,5084448
8225,3692025171,440957815,0xdf92529f,1,5,48000,379330,-1,531273488,90734,,,5085184
8226,3693793231,440957815,0xdf92529f,1,5,48000,75655,-1,451794384,12313,,,5085904
8227,3694513838,440957815,0xdf92529f,1,5,48000,63816,-1,308992,23743,,,5086368
8228,3695355854,440957815,0xdf92529f,1,5,48000,148078,-1,306497184,25938,,,5086848
8229,3695383123,440957815,0xdf92529f,1,5,48000,313596,-1,448851136,76090,,,5087392
8230,3695650602,440957815,0xdf92529f,1,5,48000,310012,-1,216093056,84709,,,5088032
8231,3696461255,440957815,0xdf92529f,1,5,48000,85195,-1,547019072,13884,,,5088688
8232,3696533453,440957815,0xdf92529f,1,5,48000,495292,-1,345533104,83796,,,5089152
8233,3696628812,440957815,0xdf92529f,1,5,48000,391568,-1,3697312,90559,,,5089936
8234,3696759273,440957815,0xdf92529f,1,5,48000,134308,-1,200575168,20720,,,5090688
8235,3697977386,440957815,0xdf92529f,1,5,48000,258317,-1,96118896,65604,,,5091200
8236,3698196270,440957815,0xdf92529f,1,5,48000,228465,-1,13516256,48855,,,5091808
8237,3698435152,440957815,0xdf92529f,1,5,48000,228463,-1,43154912,46830,,,5092400
8238,3698896460,440957815,0xdf92529f,1,5,48000,156698,-1,504306352,36009,,,5093008
8239,3699893168,440957815,0xdf92529f,1,5,48000,228877,-1,90131056,54981,,,5093536
8240,3700132050,440957815,0xdf92529f,1,5,48000,309312,-1,118936736,86536,,,5094080
8241,3700759500,440957815,0xdf92529f,1,5,48000,397286,-1,562447360,107208,,,5094768
8242,3700956274,440957815,0xdf92529f,1,5,48000,133083,-1,204779888,21127,,,5095440
8243,3701207398,440957815,0xdf92529f,1,5,48000,304514,-1,354792848,72248,,,5095936
8244,3701686183,440957815,0xdf92529f,1,5,48000,415474,-1,410976272,92310,,,5096624
8245,3702275431,440957815,0xdf92529f,1,5,48000,342259,-1,440950432,30854,,,5097328
8246,3703014759,440957815,0xdf92529f,1,5,48000,131093,-1,408603392,30447,,,5097888
8247,3703069480,440957815,0xdf92529f,1,5,48000,364117,-1,404092016,79251,,,5098384
8248,3703588903,440957815,0xdf92529f,1,5,48000,414752,-1,269285488,93454,,,5099088
8249,3704239347,440957815,0xdf92529f,1,5,48000,187995,-1,542354048,45817,,,5099808
8250,3704936456,440957815,0xdf92529f,1,5,48000,416480,-1,236635872,113267,,,5100352
8251,3705101640,440957815,0xdf92529f,1,5,48000,481715,-1,281098800,103206,,,5101104
8252,3705211082,440957815,0xdf92529f,1,5,48000,256940,-1,261633808,69472,,,5101872
8253,3705285801,440957815,0xdf92529f,1,5,48000,212237,-1,301272416,44262,,,5102512
8254,3705511621,440957815,0xdf92529f,1,5,48000,289840,-1,85559328,67816,,,5103120
8255,3705621063,440957815,0xdf92529f,1,5,48000,311785,-1,48931200,87869,,,5103760
8256,3705675784,440957815,0xdf92529f,1,5,48000,282074,-1,29693936,68716,,,5104432
8257,3705801830,440957815,0xdf92529f,1,5,48000,67918,-1,549465552,9983,,,5105088
8258,3705970408,440957815,0xdf92529f,1,5,48000,200478,-1,187750976,50519,,,5105552
8259,3706025129,440957815,0xdf92529f,1,5,48000,158442,-1,183906368,35894,,,5106160
8260,3707133800,440957815,0xdf92529f,1,5,48000,258477,-1,74108928,63397,,,5106704
8261,3707494644,440957815,0xdf92529f,1,5,48000,253237,-1,500823824,59358,,,5107344
8262,3707788715,440957815,0xdf92529f,1,5,48000,102138,-1,177828736,32361,,,5107968
8263,3709012785,440957815,0xdf92529f,1,5,48000,140810,-1,155401696,33390,,,5108464
8264,3709861193,440957815,0xdf92529f,1,5,48000,279915,-1,564040128,68469,,,5108976
8265,3709876149,440957815,0xdf92529f,1,5,48000,260232,-1,474342000,65681,,,5109600
8266,3710103269,440957815,0xdf92529f,1,5,48000,289077,-1,445728720,85323,,,5110224
8267,3710678434,440957815,0xdf92529f,1,5,48000,466715,-1,419764576,90317,,,5110880
8268,3710897318,440957815,0xdf92529f,1,5,48000,213989,-1,404282912,42504,,,5111632
8269,3711253599,440957815,0xdf92529f,1,5,48000,326267,-1,343572096,69667,,,5112176
8270,3711527204,440957815,0xdf92529f,1,5,48000,269418,-1,314439824,57574,,,5112848
8271,3712764675,440957815,0xdf92529f,1,5,48000,265956,-1,174493408,66194,,,5113456
8272,3712930499,440957815,0xdf92529f,1,5,48000,307618,-1,331134448,65591,,,5114080
8273,3713975950,440957815,0xdf92529f,1,5,48000,310045,-1,529351904,67799,,,5114704
8274,3714105390,440957815,0xdf92529f,1,5,48000,387314,-1,532462592,80212,,,5115392
8275,3714842197,440957815,0xdf92529f,1,5,48000,493398,-1,64114352,105937,,,5116112
8276,3714951639,440957815,0xdf92529f,1,5,48000,138526,-1,27368096,25725,,,5116928
8277,3714971637,440957815,0xdf92529f,1,5,48000,124788,-1,140861376,25054,,,5117472
8278,3715117137,440957815,0xdf92529f,1,5,48000,73510,-1,1154704,24718,,,5117968
8279,3715603171,440957815,0xdf92529f,1,5,48000,145786,-1,565828272,24265,,,5118464
8280,3716539095,440957815,0xdf92529f,1,5,48000,288967,-1,148812960,72593,,,5119008
8281,3716760500,440957815,0xdf92529f,1,5,48000,231195,-1,496089680,42522,,,5119600
8282,3716945682,440957815,0xdf92529f,1,5,48000,568358,-1,523226912,113348,,,5120224
8283,3717343693,440957815,0xdf92529f,1,5,48000,291243,-1,400219536,75207,,,5121104
8284,3718977842,440957815,0xdf92529f,1,5,48000,322044,-1,476229584,80934,,,5121712
8285,3720180109,440957815,0xdf92529f,1,5,48000,90706,-1,294100832,13466,,,5122400
8286,3720276489,440957815,0xdf92529f,1,5,48000,283914,-1,14192752,63870,,,5122864
8287,3720289551,440957815,0xdf92529f,1,5,48000,187066,-1,282305184,43115,,,5123504
8288,3720347814,440957815,0xdf92529f,1,5,48000,104093,-1,550118000,20764,,,5124080
8289,3721452943,440957815,0xdf92529f,1,5,48000,271635,-1,224126224,61844,,,5124560
8290,3721611025,440957815,0xdf92529f,1,5,48000,36378,-1,312698976,13611,,,5125232
8291,3721615751,440957815,0xdf92529f,1,5,48000,106347,-1,242022384,16100,,,5125680
8292,3722095891,440957815,0xdf92529f,1,5,48000,216867,-1,292341600,35908,,,5126160
8293,3722192271,440957815,0xdf92529f,1,5,48000,82193,-1,9245696,15285,,,5126720
8294,3722266990,440957815,0xdf92529f,1,5,48000,215539,-1,100088976,47151,,,5127184
8295,3722618856,440957815,0xdf92529f,1,5,48000,117502,-1,516165744,21389,,,5127760
8296,3723207083,440957815,0xdf92529f,1,5,48000,405768,-1,534546224,96290,,,5128272
8297,3723314004,440957815,0xdf92529f,1,5,48000,392911,-1,234330384,70019,,,5128976
8298,3723595566,440957815,0xdf92529f,1,5,48000,338958,-1,77915584,65382,,,5129648
8299,3724001132,440957815,0xdf92529f,1,5,48000,280493,-1,494707616,55269,,,5130336
8300,3725443302,440957815,0xdf92529f,1,5,48000,71473,-1,405961312,12498,,,5130976
8301,3727181859,440957815,0xdf92529f,1,5,48000,352502,-1,281387712,84515,,,5131440
8302,3727249642,440957815,0xdf92529f,1,5,48000,360294,-1,412625712,86130,,,5132144
8303,3727291301,440957815,0xdf92529f,1,5,48000,216224,-1,262485200,52122,,,5132800
8304,3727530183,440957815,0xdf92529f,1,5,48000,267346,-1,277207888,70001,,,5133376
8305,3727544266,440957815,0xdf92529f,1,5,48000,176328,-1,435075968,42316,,,5134000
8306,3727574057,440957815,0xdf92529f,1,5,48000,190085,-1,176290528,43898,,,5134512
8307,3727640646,440957815,0xdf92529f,1,5,48000,438855,-1,320603456,96866,,,5135088
8308,3727642146,440957815,0xdf92529f,1,5,48000,435359,-1,544290992,127320,,,5135872
8309,3727643167,440957815,0xdf92529f,1,5,48000,137547,-1,547146752,26838,,,5136592
8310,3728053461,440957815,0xdf92529f,1,5,48000,143630,-1,396900992,38356,,,5137120
8311,3728454693,440957815,0xdf92529f,1,5,48000,128806,-1,212054704,29183,,,5137632
8312,3728480817,440957815,0xdf92529f,1,5,48000,242554,-1,442657312,69314,,,5138112
8313,3728706637,440957815,0xdf92529f,1,5,48000,383761,-1,389847856,84578,,,5138720
8314,3729042920,440957815,0xdf92529f,1,5,48000,357751,-1,285628080,87083,,,5139472
8315,3729055982,440957815,0xdf92529f,1,5,48000,355879,-1,418019632,61006,,,5140160
8316,3729152362,440957815,0xdf92529f,1,5,48000,76654,-1,271847520,12698,,,5140800
8317,3729214019,440957815,0xdf92529f,1,5,48000,283756,-1,74662368,64933,,,5141264
8318,3729281802,440957815,0xdf92529f,1,5,48000,323158,-1,295456608,85589,,,5141936
8319,3729357732,440957815,0xdf92529f,1,5,48000,215282,-1,397998032,46808,,,5142592
8320,3729378182,440957815,0xdf92529f,1,5,48000,332324,-1,15539904,68005,,,5143168
8321,3729391244,440957815,0xdf92529f,1,5,48000,292771,-1,282858208,59064,,,5143872
8322,3729562343,440957815,0xdf92529f,1,5,48000,368650,-1,62775568,56100,,,5144592
8323,3729616084,440957815,0xdf92529f,1,5,48000,332640,-1,163553984,74388,,,5145248
8324,3729671785,440957815,0xdf92529f,1,5,48000,283542,-1,25360928,63571,,,5145952
8325,3729966409,440957815,0xdf92529f,1,5,48000,497028,-1,187076144,109984,,,5146576
8326,3731020359,440957815,0xdf92529f,1,5,48000,125366,-1,112437600,24720,,,5147472
8327,3731184522,440957815,0xdf92529f,1,5,48000,99451,-1,52414128,18049,,,5147984
8328,3731293964,440957815,0xdf92529f,1,5,48000,117985,-1,10185168,24489,,,5148448
8329,3731479146,440957815,0xdf92529f,1,5,48000,358830,-1,192931888,86447,,,5148944
8330,3732458114,440957815,0xdf92529f,1,5,48000,164627,-1,457101312,37944,,,5149616
8331,3732493291,440957815,0xdf92529f,1,5,48000,350527,-1,427412736,80406,,,5150144
8332,3733157900,440957815,0xdf92529f,1,5,48000,116403,-1,313381168,32890,,,5150816
8333,3734155012,440957815,0xdf92529f,1,5,48000,207099,-1,459120496,49307,,,5151344
8334,3734544995,440957815,0xdf92529f,1,5,48000,551672,-1,406103600,112416,,,5151920
8335,3734674435,440957815,0xdf92529f,1,5,48000,117071,-1,415183056,26504,,,5152752
8336,3734885902,440957815,0xdf92529f,1,5,48000,71480,-1,352941456,28717,,,5153248
8337,3735817829,440957815,0xdf92529f,1,5,48000,349402,-1,362531200,85315,,,5153728
8338,3736564093,440957815,0xdf92529f,1,5,48000,297194,-1,22134112,68198,,,5154464
8339,3738619314,440957815,0xdf92529f,1,5,48000,187533,-1,149563264,42899,,,5155120
8340,3738728756,440957815,0xdf92529f,1,5,48000,159932,-1,102559792,27364,,,5155680
8341,3739025901,440957815,0xdf92529f,1,5,48000,171991,-1,524224448,31932,,,5156224
8342,3740058832,440957815,0xdf92529f,1,5,48000,257834,-1,489394608,76047,,,5156768
8343,3740589817,440957815,0xdf92529f,1,5,48000,111709,-1,118249968,22221,,,5157376
8344,3740644538,440957815,0xdf92529f,1,5,48000,225179,-1,98961408,51034,,,5157856
8345,3743256705,440957815,0xdf92529f,1,5,48000,230160,-1,460994736,57533,,,5158448
8346,3745210062,440957815,0xdf92529f,1,5,48000,118007,-1,216250656,26776,,,5159040
8347,3746024109,440957815,0xdf92529f,1,5,48000,156776,-1,65474240,24326,,,5159536
8348,3746078830,440957815,0xdf92529f,1,5,48000,400610,-1,48486608,84973,,,5160080
8349,3746318733,440957815,0xdf92529f,1,5,48000,315740,-1,200817696,64573,,,5160800
8350,3746432777,440957815,0xdf92529f,1,5,48000,84189,-1,353902896,30325,,,5161472
8351,3747536846,440957815,0xdf92529f,1,5,48000,265198,-1,96363296,63270,,,5161968
8352,3747591567,440957815,0xdf92529f,1,5,48000,274453,-1,73568672,57208,,,5162576
8353,3747646288,440957815,0xdf92529f,1,5,48000,225198,-1,55266688,39518,,,5163216
8354,3747830449,440957815,0xdf92529f,1,5,48000,328362,-1,103488064,79000,,,5163824
8355,3747939891,440957815,0xdf92529f,1,5,48000,186405,-1,62336208,34489,,,5164496
8356,3749078190,440957815,0xdf92529f,1,5,48000,92072,-1,492441824,20452,,,5165072
8357,3750561036,440957815,0xdf92529f,1,5,48000,249928,-1,443980096,64825,,,5165536
8358,3750657416,440957815,0xdf92529f,1,5,48000,306660,-1,370129744,90018,,,5166160
8359,3751636647,440957815,0xdf92529f,1,5,48000,315511,-1,318309824,73069,,,5166800
8360,3751696303,440957815,0xdf92529f,1,5,48000,148162,-1,169561680,35481,,,5167440
8361,3752060711,440957815,0xdf92529f,1,5,48000,405301,-1,387983984,116803,,,5167968
8362,3752689576,440957815,0xdf92529f,1,5,48000,363204,-1,220602320,113889,,,5168704
8363,3753025859,440957815,0xdf92529f,1,5,48000,187238,-1,24662832,42920,,,5169376
8364,3753264741,440957815,0xdf92529f,1,5,48000,406150,-1,52670880,95216,,,5169952
8365,3753374183,440957815,0xdf92529f,1,5,48000,83136,-1,10619168,14801,,,5170720
8366,3753497708,440957815,0xdf92529f,1,5,48000,438422,-1,322017248,101390,,,5171200
8367,3753558344,440957815,0xdf92529f,1,5,48000,195983,-1,61111216,29151,,,5171952
8368,3754495916,440957815,0xdf92529f,1,5,48000,300167,-1,236885392,59607,,,5172528
8369,3754845261,440957815,0xdf92529f,1,5,48000,276050,-1,301316720,63986,,,5173200
8370,3754886920,440957815,0xdf92529f,1,5,48000,114211,-1,40052880,19204,,,5173792
8371,3754899982,440957815,0xdf92529f,1,5,48000,81413,-1,290202400,12363,,,5174320
8372,3754941641,440957815,0xdf92529f,1,5,48000,172743,-1,20541296,36585,,,5174784
8373,3755071081,440957815,0xdf92529f,1,5,48000,291801,-1,85873248,78484,,,5175328
8374,3755150648,440957815,0xdf92529f,1,5,48000,217693,-1,467504720,49613,,,5175920
8375,3755180523,440957815,0xdf92529f,1,5,48000,248547,-1,49119072,53756,,,5176512
8376,3755235244,440957815,0xdf92529f,1,5,48000,235899,-1,29864304,59062,,,5177088
8377,3755925314,440957815,0xdf92529f,1,5,48000,235426,-1,310751408,49062,,,5177680
8378,3760049165,440957815,0xdf92529f,1,5,48000,107876,-1,158683680,22167,,,5178240
8379,3760224832,440957815,0xdf92529f,1,5,48000,306060,-1,287567360,66379,,,5178736
8380,3760237894,440957815,0xdf92529f,1,5,48000,383602,-1,420168560,84842,,,5179440
8381,3760683619,440957815,0xdf92529f,1,5,48000,369813,-1,323760128,88187,,,5180096
8382,3761086664,440957815,0xdf92529f,1,5,48000,232446,-1,314581696,54105,,,5180816
8383,3761956453,440957815,0xdf92529f,1,5,48000,159235,-1,266704064,27018,,,5181408
8384,3762724757,440957815,0xdf92529f,1,5,48000,242129,-1,99896736,39602,,,5181968
8385,3763021902,440957815,0xdf92529f,1,5,48000,233905,-1,518562512,59897,,,5182576
8386,3763076623,440957815,0xdf92529f,1,5,48000,160126,-1,514869040,46971,,,5183136
8387,3763664850,440957815,0xdf92529f,1,5,48000,379176,-1,532846992,92517,,,5183728
8388,3764115617,440957815,0xdf92529f,1,5,48000,323151,-1,565061616,85882,,,5184432
8389,3765336924,440957815,0xdf92529f,1,5,48000,245764,-1,461565520,55073,,,5185088
8390,3766236394,440957815,0xdf92529f,1,5,48000,102327,-1,481157168,20099,,,5185696
8391,3767937313,440957815,0xdf92529f,1,5,48000,238494,-1,433333712,63361,,,5186176
8392,3768260146,440957815,0xdf92529f,1,5,48000,172375,-1,347024864,36089,,,5186800
8393,3768576177,440957815,0xdf92529f,1,5,48000,167119,-1,332089360,39522,,,5187344
8394,3768578698,440957815,0xdf92529f,1,5,48000,105703,-1,552052928,22098,,,5187888
8395,3769206063,440957815,0xdf92529f,1,5,48000,244124,-1,214267504,58514,,,5188368
8396,3771423405,440957815,0xdf92529f,1,5,48000,113715,-1,136811184,20795,,,5188976
8397,3771642289,440957815,0xdf92529f,1,5,48000,162590,-1,52015920,32531,,,5189488
8398,3771697010,440957815,0xdf92529f,1,5,48000,146869,-1,32936288,22955,,,5190032
8399,3773339187,440957815,0xdf92529f,1,5,48000,78639,-1,130818608,12718,,,5190544
8400,3774506379,440957815,0xdf92529f,1,5,48000,29549,-1,22192,11391,,,5191024
8401,3774620306,440957815,0xdf92529f,1,5,48000,5985649,-1,307457264,2107059,,,5191488
8402,3775283303,440957815,0xdf92529f,1,5,48000,358302,-1,254237296,88608,,,5197024
8403,3776459757,440957815,0xdf92529f,1,5,48000,281452,-1,377941440,76454,,,5197744
8404,3777021860,440957815,0xdf92529f,1,5,48000,304487,-1,20905632,71328,,,5198384
8405,3777103726,440957815,0xdf92529f,1,5,48000,285596,-1,435458912,72786,,,5199024
8406,3777219083,440957815,0xdf92529f,1,5,48000,330608,-1,304307328,81768,,,5199696
8407,3777315463,440957815,0xdf92529f,1,5,48000,193422,-1,30719472,45732,,,5200352
8408,3777370184,440957815,0xdf92529f,1,5,48000,129280,-1,6329104,27052,,,5200896
8409,3777848969,440957815,0xdf92529f,1,5,48000,250966,-1,194390656,56251,,,5201424
8410,3778266097,440957815,0xdf92529f,1,5,48000,173361,-1,389976624,33214,,,5202032
8411,3778491917,440957815,0xdf92529f,1,5,48000,101225,-1,230297200,18120,,,5202576
8412,3778773479,440957815,0xdf92529f,1,5,48000,262432,-1,74870608,50095,,,5203040
8413,3778841262,440957815,0xdf92529f,1,5,48000,422956,-1,295789872,94019,,,5203680
8414,3778882921,440957815,0xdf92529f,1,5,48000,187256,-1,37031056,43837,,,5204400
8415,3778895983,440957815,0xdf92529f,1,5,48000,240538,-1,289944896,55203,,,5204960
8416,3778937642,440957815,0xdf92529f,1,5,48000,179738,-1,16017152,41079,,,5205536
8417,3779138407,440957815,0xdf92529f,1,5,48000,87554,-1,554394560,16431,,,5206096
8418,3779176524,440957815,0xdf92529f,1,5,48000,260460,-1,45255616,47764,,,5206560
8419,3779764751,440957815,0xdf92529f,1,5,48000,155481,-1,193389232,33034,,,5207216
8420,3780634540,440957815,0xdf92529f,1,5,48000,306724,-1,92403920,80904,,,5207760
8421,3780689261,440957815,0xdf92529f,1,5,48000,122937,-1,70142896,24150,,,5208416
8422,3781798690,440957815,0xdf92529f,1,5,48000,374558,-1,466533088,99779,,,5208912
8423,3781962853,440957815,0xdf92529f,1,5,48000,343599,-1,458627104,87473,,,5209632
8424,3783112162,440957815,0xdf92529f,1,5,48000,176386,-1,321343136,39651,,,5210320
8425,3783714472,440957815,0xdf92529f,1,5,48000,212884,-1,459286864,52248,,,5210880
8426,3783809831,440957815,0xdf92529f,1,5,48000,233419,-1,355389808,63595,,,5211488
8427,3784036672,440957815,0xdf92529f,1,5,48000,369190,-1,266974528,94633,,,5212096
8428,3784049734,440957815,0xdf92529f,1,5,48000,363658,-1,410677232,67652,,,5212832
8429,3784231888,440957815,0xdf92529f,1,5,48000,162058,-1,541745504,38859,,,5213552
8430,3784572699,440957815,0xdf92529f,1,5,48000,120114,-1,550717392,25892,,,5214080
8431,3784627420,440957815,0xdf92529f,1,5,48000,71468,-1,549865696,10907,,,5214576
8432,3784679620,440957815,0xdf92529f,1,5,48000,232728,-1,322490736,45941,,,5215040
8433,3785897733,440957815,0xdf92529f,1,5,48000,283281,-1,275173984,58798,,,5215648
8434,3787781256,440957815,0xdf92529f,1,5,48000,100103,-1,177486544,27839,,,5216320
8435,3788077607,440957815,0xdf92529f,1,5,48000,97827,-1,210890720,31091,,,5216848
8436,3790617521,440957815,0xdf92529f,1,5,48000,193889,-1,477527168,39527,,,5217392
8437,3790766000,440957815,0xdf92529f,1,5,48000,333754,-1,425128320,59531,,,5217968
8438,3792390538,440957815,0xdf92529f,1,5,48000,162846,-1,547489184,37683,,,5218608
8439,3792508479,440957815,0xdf92529f,1,5,48000,396602,-1,372035840,103020,,,5219152
8440,3793831950,440957815,0xdf92529f,1,5,48000,363893,-1,9970880,81238,,,5219824
8441,3794223692,440957815,0xdf92529f,1,5,48000,120546,-1,242111088,30268,,,5220544
8442,3794251599,440957815,0xdf92529f,1,5,48000,69885,-1,548312272,9684,,,5221040
8443,3794365456,440957815,0xdf92529f,1,5,48000,209891,-1,189957712,34467,,,5221504
8444,3794846762,440957815,0xdf92529f,1,5,48000,464327,-1,535925600,122702,,,5222080
8445,3795109678,440957815,0xdf92529f,1,5,48000,91723,-1,777776,32682,,,5222880
8446,3795303028,440957815,0xdf92529f,1,5,48000,236158,-1,300190352,38923,,,5223360
8447,3795419406,440957815,0xdf92529f,1,5,48000,446296,-1,131546928,108034,,,5223984
8448,3795528848,440957815,0xdf92529f,1,5,48000,222411,-1,84474272,42671,,,5224768
8449,3795747732,440957815,0xdf92529f,1,5,48000,415610,-1,4064208,104385,,,5225360
8450,3795878193,440957815,0xdf92529f,1,5,48000,349019,-1,201188976,82035,,,5226096
8451,3795992237,440957815,0xdf92529f,1,5,48000,36316,-1,354279744,14736,,,5226736
8452,3797041585,440957815,0xdf92529f,1,5,48000,193716,-1,115164368,44029,,,5227184
8453,3797280467,440957815,0xdf92529f,1,5,48000,157039,-1,150846848,35342,,,5227728
8454,3798889321,440957815,0xdf92529f,1,5,48000,228596,-1,413424464,54337,,,5228240
8455,3799719214,440957815,0xdf92529f,1,5,48000,452896,-1,479677856,113370,,,5228832
8456,3800271597,440957815,0xdf92529f,1,5,48000,329596,-1,358747168,94983,,,5229584
8457,3800682599,440957815,0xdf92529f,1,5,48000,257154,-1,286661968,54641,,,5230256
8458,3800695661,440957815,0xdf92529f,1,5,48000,189992,-1,418966576,32129,,,5230864
8459,3801085644,440957815,0xdf92529f,1,5,48000,372330,-1,276865344,105041,,,5231408
8460,3802183984,440957815,0xdf92529f,1,5,48000,304832,-1,310234848,66860,,,5232096
8461,3802714759,440957815,0xdf92529f,1,5,48000,358087,-1,93074736,83455,,,5232752
8462,3803063083,440957815,0xdf92529f,1,5,48000,212681,-1,80388096,48041,,,5233424
8463,3803576591,440957815,0xdf92529f,1,5,48000,141947,-1,179360880,26420,,,5234000
8464,3804575820,440957815,0xdf92529f,1,5,48000,262857,-1,108076512,62812,,,5234528
8465,3804739983,440957815,0xdf92529f,1,5,48000,165374,-1,49249376,38537,,,5235136
8466,3805474216,440957815,0xdf92529f,1,5,48000,71002,-1,204403184,14189,,,5235712
8467,3807457508,440957815,0xdf92529f,1,5,48000,156021,-1,363736544,42178,,,5236176
8468,3807641669,440957815,0xdf92529f,1,5,48000,378210,-1,379147632,108877,,,5236736
8469,3808032673,440957815,0xdf92529f,1,5,48000,116795,-1,264182480,18900,,,5237424
8470,3808046002,440957815,0xdf92529f,1,5,48000,108705,-1,396592880,23954,,,5237936
8471,3808380997,440957815,0xdf92529f,1,5,48000,267591,-1,250007072,76006,,,5238432
8472,3808384555,440957815,0xdf92529f,1,5,48000,56245,-1,178327712,19131,,,5239040
8473,3808620900,440957815,0xdf92529f,1,5,48000,201857,-1,326674240,49949,,,5239520
8474,3809434947,440957815,0xdf92529f,1,5,48000,185254,-1,221674976,55397,,,5240048
8475,3809448009,440957815,0xdf92529f,1,5,48000,211048,-1,392822512,56005,,,5240608
8476,3809608625,440957815,0xdf92529f,1,5,48000,369225,-1,162610144,83070,,,5241184
8477,3809797354,440957815,0xdf92529f,1,5,48000,504756,-1,420505040,101703,,,5241872
8478,3810023174,440957815,0xdf92529f,1,5,48000,341062,-1,298159600,79979,,,5242640
8479,3810064833,440957815,0xdf92529f,1,5,48000,159180,-1,38674976,34579,,,5243360
8480,3810242058,440957815,0xdf92529f,1,5,48000,387779,-1,267580192,86388,,,5243920
8481,3810481961,440957815,0xdf92529f,1,5,48000,286555,-1,330078320,51018,,,5244688
8482,3810598339,440957815,0xdf92529f,1,5,48000,123031,-1,198873984,25099,,,5245328
8483,3811057126,440957815,0xdf92529f,1,5,48000,134391,-1,218137312,29936,,,5245808
8484,3811085545,440957815,0xdf92529f,1,5,48000,347591,-1,166800896,76151,,,5246320
8485,3813224310,440957815,0xdf92529f,1,5,48000,295554,-1,533297824,76820,,,5247024
8486,3814878443,440957815,0xdf92529f,1,5,48000,30048,-1,352662016,12583,,,5247648
8487,3815174794,440957815,0xdf92529f,1,5,48000,112210,-1,402584656,29399,,,5248096
8488,3816688721,440957815,0xdf92529f,1,5,48000,114335,-1,451255024,29289,,,5248640
8489,3816853825,440957815,0xdf92529f,1,5,48000,298835,-1,408338672,66021,,,5249136
8490,3817333582,440957815,0xdf92529f,1,5,48000,359805,-1,351177168,83689,,,5249776
8491,3817773230,440957815,0xdf92529f,1,5,48000,156478,-1,29612416,32075,,,5250480
8492,3817827951,440957815,0xdf92529f,1,5,48000,401421,-1,5426080,94167,,,5251024
8493,3819470128,440957815,0xdf92529f,1,5,48000,231096,-1,104151952,54325,,,5251760
8494,3819634291,440957815,0xdf92529f,1,5,48000,180826,-1,44376800,34556,,,5252368
8495,3819705616,440957815,0xdf92529f,1,5,48000,100971,-1,552884224,21473,,,5252944
8496,3820047189,440957815,0xdf92529f,1,5,48000,224009,-1,566865616,46630,,,5253424
8497,3820451880,440957815,0xdf92529f,1,5,48000,253387,-1,491506832,75746,,,5253984
8498,3820909646,440957815,0xdf92529f,1,5,48000,352151,-1,483364256,99926,,,5254576
8499,3821092307,440957815,0xdf92529f,1,5,48000,134379,-1,91193120,27803,,,5255280
8500,3821320879,440957815,0xdf92529f,1,5,48000,96156,-1,423518320,17681,,,5255808
8501,3821331189,440957815,0xdf92529f,1,5,48000,76317,-1,120416544,10880,,,5256304
8502,3822715986,440957815,0xdf92529f,1,5,48000,578837,-1,486368928,158564,,,5256752
8503,3822940043,440957815,0xdf92529f,1,5,48000,340774,-1,408979136,73410,,,5257648
8504,3823569929,440957815,0xdf92529f,1,5,48000,410415,-1,321090800,110357,,,5258304
8505,3823624650,440957815,0xdf92529f,1,5,48000,291657,-1,314286704,68445,,,5259072
8506,3824158156,440957815,0xdf92529f,1,5,48000,113805,-1,374223552,21662,,,5259728
8507,3824691662,440957815,0xdf92529f,1,5,48000,83923,-1,414602800,13411,,,5260208
8508,3825656810,440957815,0xdf92529f,1,5,48000,153653,-1,179878496,30015,,,5260688
8509,3825835056,440957815,0xdf92529f,1,5,48000,176967,-1,362058896,35330,,,5261232
8510,3826410221,440957815,0xdf92529f,1,5,48000,358405,-1,262880160,90617,,,5261792
8511,3826425318,440957815,0xdf92529f,1,5,48000,143231,-1,353477536,48648,,,5262464
8512,3826649103,440957815,0xdf92529f,1,5,48000,374202,-1,277704992,91970,,,5263024
8513,3826710760,440957815,0xdf92529f,1,5,48000,196608,-1,87549680,45105,,,5263712
8514,3826761066,440957815,0xdf92529f,1,5,48000,386014,-1,545260672,97402,,,5264304
8515,3826778543,440957815,0xdf92529f,1,5,48000,369891,-1,304471152,83762,,,5265040
8516,3826929644,440957815,0xdf92529f,1,5,48000,92220,-1,6424576,17948,,,5265760
8517,3828387660,440957815,0xdf92529f,1,5,48000,424521,-1,57056560,96304,,,5266240
8518,3828497102,440957815,0xdf92529f,1,5,48000,233281,-1,16202000,55478,,,5267008
8519,3828517100,440957815,0xdf92529f,1,5,48000,426177,-1,127465488,105577,,,5267616
8520,3828751566,440957815,0xdf92529f,1,5,48000,270750,-1,208306576,72876,,,5268368
8521,3828790705,440957815,0xdf92529f,1,5,48000,234653,-1,25704512,58430,,,5268992
8522,3829070731,440957815,0xdf92529f,1,5,48000,85595,-1,492155760,21250,,,5269584
8523,3829160048,440957815,0xdf92529f,1,5,48000,393682,-1,203353472,89953,,,5270064
8524,3829540013,440957815,0xdf92529f,1,5,48000,275795,-1,204852352,63730,,,5270816
8525,3830378161,440957815,0xdf92529f,1,5,48000,69853,-1,147339440,12198,,,5271456
8526,3830475299,440957815,0xdf92529f,1,5,48000,135353,-1,432513312,42900,,,5271904
8527,3831302408,440957815,0xdf92529f,1,5,48000,237082,-1,447298576,62808,,,5272400
8528,3831877573,440957815,0xdf92529f,1,5,48000,232035,-1,421642752,38187,,,5273024
8529,3832041736,440957815,0xdf92529f,1,5,48000,228425,-1,409078096,46979,,,5273568
8530,3832281639,440957815,0xdf92529f,1,5,48000,397328,-1,433645360,137235,,,5274144
8531,3832571403,440957815,0xdf92529f,1,5,48000,84568,-1,396488784,14206,,,5274912
8532,3832657106,440957815,0xdf92529f,1,5,48000,116165,-1,158817504,22918,,,5275376
8533,3833944456,440957815,0xdf92529f,1,5,48000,263090,-1,255999136,61557,,,5275872
8534,3834539619,440957815,0xdf92529f,1,5,48000,335812,-1,202619952,78849,,,5276480
8535,3834717865,440957815,0xdf92529f,1,5,48000,375251,-1,382624512,97483,,,5277152
8536,3835143189,440957815,0xdf92529f,1,5,48000,104140,-1,467187872,21935,,,5277872
8537,3837434632,440957815,0xdf92529f,1,5,48000,216493,-1,75879056,47666,,,5278352
8538,3838844335,440957815,0xdf92529f,1,5,48000,124743,-1,481238752,21740,,,5278944
8539,3839113987,440957815,0xdf92529f,1,5,48000,41420,-1,211145728,14980,,,5279440
8540,3839729327,440957815,0xdf92529f,1,5,48000,174818,-1,568464032,51578,,,5279904
8541,3841075646,440957815,0xdf92529f,1,5,48000,336294,-1,274127584,74098,,,5280448
8542,3842345608,440957815,0xdf92529f,1,5,48000,85884,-1,501634800,15786,,,5281104
8543,3843520850,440957815,0xdf92529f,1,5,48000,311393,-1,79691328,67316,,,5281584
8544,3843763274,440957815,0xdf92529f,1,5,48000,235262,-1,520716992,61537,,,5282256
8545,3843901164,440957815,0xdf92529f,1,5,48000,281019,-1,246997328,98506,,,5282832
8546,3844406222,440957815,0xdf92529f,1,5,48000,353103,-1,536418736,91932,,,5283424
8547,3844513143,440957815,0xdf92529f,1,5,48000,185043,-1,235280448,33085,,,5284080
8548,3844796205,440957815,0xdf92529f,1,5,48000,335974,-1,487678128,89262,,,5284624
8549,3844978866,440957815,0xdf92529f,1,5,48000,243877,-1,131977808,53137,,,5285280
8550,3845088308,440957815,0xdf92529f,1,5,48000,124643,-1,84570592,27432,,,5285936
8551,3845197750,440957815,0xdf92529f,1,5,48000,128837,-1,48682848,25122,,,5286432
8552,3845272469,440957815,0xdf92529f,1,5,48000,281878,-1,142775712,69947,,,5286960
8553,3845795434,440957815,0xdf92529f,1,5,48000,356715,-1,472540400,91895,,,5287632
8554,3847114320,440957815,0xdf92529f,1,5,48000,66802,-1,106560,20911,,,5288352
8555,3848729322,440957815,0xdf92529f,1,5,48000,367460,-1,277908592,72191,,,5288864
8556,3849721615,440957815,0xdf92529f,1,5,48000,440937,-1,375989952,142522,,,5289568
8557,3849947435,440957815,0xdf92529f,1,5,48000,186057,-1,215412400,50239,,,5290320
8558,3850242059,440957815,0xdf92529f,1,5,48000,363828,-1,286795440,75001,,,5290880
8559,3850255121,440957815,0xdf92529f,1,5,48000,151113,-1,419108048,33210,,,5291600
8560,3850467879,440957815,0xdf92529f,1,5,48000,375796,-1,57910480,85603,,,5292112
8561,3850577321,440957815,0xdf92529f,1,5,48000,467379,-1,17138896,117555,,,5292832
8562,3850816203,440957815,0xdf92529f,1,5,48000,282922,-1,46188992,63325,,,5293664
8563,3850887528,440957815,0xdf92529f,1,5,48000,89056,-1,553091472,17241,,,5294304
8564,3851240267,440957815,0xdf92529f,1,5,48000,233356,-1,203856880,58053,,,5294768
8565,3852144779,440957815,0xdf92529f,1,5,48000,210713,-1,24842176,45172,,,5295376
8566,3852274219,440957815,0xdf92529f,1,5,48000,231051,-1,93387472,56037,,,5295952
8567,3852458380,440957815,0xdf92529f,1,5,48000,324901,-1,147887024,74347,,,5296560
8568,3852493103,440957815,0xdf92529f,1,5,48000,84917,-1,10903776,15416,,,5297232
8569,3853953640,440957815,0xdf92529f,1,5,48000,129310,-1,495017648,27823,,,5297712
8570,3854135280,440957815,0xdf92529f,1,5,48000,93696,-1,108240544,14679,,,5298240
8571,3854428883,440957815,0xdf92529f,1,5,48000,139811,-1,116783248,26861,,,5298720
8572,3854487146,440957815,0xdf92529f,1,5,48000,299329,-1,517337136,92390,,,5299248
8573,3855354151,440957815,0xdf92529f,1,5,48000,300578,-1,460763984,73646,,,5299904
8574,3855746488,440957815,0xdf92529f,1,5,48000,272985,-1,467622672,70583,,,5300544
8575,3856736427,440957815,0xdf92529f,1,5,48000,375740,-1,438660672,126110,,,5301152
8576,3856839829,440957815,0xdf92529f,1,5,48000,299396,-1,541946640,72864,,,5301856
8577,3857201129,440957815,0xdf92529f,1,5,48000,554854,-1,379470624,118714,,,5302496
8578,3858463422,440957815,0xdf92529f,1,5,48000,475151,-1,506263104,158313,,,5303328
8579,3858830244,440957815,0xdf92529f,1,5,48000,215236,-1,238796480,42459,,,5304112
8580,3859007469,440957815,0xdf92529f,1,5,48000,210924,-1,393305984,63940,,,5304656
8581,3859582634,440957815,0xdf92529f,1,5,48000,381692,-1,298378528,84081,,,5305200
8582,3859624293,440957815,0xdf92529f,1,5,48000,222782,-1,38709600,47435,,,5305888
8583,3859679014,440957815,0xdf92529f,1,5,48000,260901,-1,18173312,56980,,,5306464
8584,3860389197,440957815,0xdf92529f,1,5,48000,111909,-1,177608592,32809,,,5307088
8585,3860645005,440957815,0xdf92529f,1,5,48000,128750,-1,168989520,28757,,,5307616
8586,3860685548,440957815,0xdf92529f,1,5,48000,99757,-1,211018096,33953,,,5308112
8587,3860746026,440957815,0xdf92529f,1,5,48000,281683,-1,238166672,75254,,,5308640
8588,3861257971,440957815,0xdf92529f,1,5,48000,197995,-1,490245648,50270,,,5309232
8589,3861375912,440957815,0xdf92529f,1,5,48000,202706,-1,94670640,50830,,,5309808
8590,3861485354,440957815,0xdf92529f,1,5,48000,274790,-1,54281904,55874,,,5310384
8591,3862257200,440957815,0xdf92529f,1,5,48000,289130,-1,479104416,77626,,,5311056
8592,3863090187,440957815,0xdf92529f,1,5,48000,107226,-1,157025136,19189,,,5311680
8593,3863908255,440957815,0xdf92529f,1,5,48000,202487,-1,315856352,41196,,,5312192
8594,3864202879,440957815,0xdf92529f,1,5,48000,291785,-1,366301040,97051,,,5312800
8595,3864455844,440957815,0xdf92529f,1,5,48000,196680,-1,461743904,43659,,,5313440
8596,3867227332,440957815,0xdf92529f,1,5,48000,190238,-1,330573136,37820,,,5314000
8597,3867717619,440957815,0xdf92529f,1,5,48000,94273,-1,969344,25805,,,5314544
8598,3868920146,440957815,0xdf92529f,1,5,48000,153087,-1,151411376,37868,,,5315088
8599,3869084309,440957815,0xdf92529f,1,5,48000,117694,-1,82420336,27229,,,5315600
8600,3870947891,440957815,0xdf92529f,1,5,48000,204746,-1,499092096,42154,,,5316096
8601,3871912205,440957815,0xdf92529f,1,5,48000,382768,-1,350623008,81305,,,5316672
8602,3874216233,440957815,0xdf92529f,1,5,48000,134976,-1,241829824,17217,,,5317440
8603,3874251122,440957815,0xdf92529f,1,5,48000,366684,-1,414666240,70169,,,5317936
8604,3874402223,440957815,0xdf92529f,1,5,48000,211709,-1,254500944,45989,,,5318624
8605,3874518601,440957815,0xdf92529f,1,5,48000,219521,-1,34293456,45192,,,5319184
8606,3874530990,440957815,0xdf92529f,1,5,48000,254351,-1,558728080,79125,,,5319760
8607,3874573322,440957815,0xdf92529f,1,5,48000,448638,-1,11362864,107865,,,5320400
8608,3874867946,440957815,0xdf92529f,1,5,48000,229549,-1,185524816,53248,,,5321216
8609,3875216270,440957815,0xdf92529f,1,5,48000,198911,-1,180064736,48915,,,5321808
8610,3875749776,440957815,0xdf92529f,1,5,48000,302341,-1,222143936,67687,,,5322352
8611,3876033859,440957815,0xdf92529f,1,5,48000,460330,-1,495479888,103911,,,5323008
8612,3876140780,440957815,0xdf92529f,1,5,48000,364376,-1,21102960,81946,,,5323792
8613,3876215499,440957815,0xdf92529f,1,5,48000,215704,-1,108520688,38454,,,5324496
8614,3876235860,440957815,0xdf92529f,1,5,48000,78893,-1,401786336,26496,,,5325120
8615,3876327462,440957815,0xdf92529f,1,5,48000,175335,-1,496804736,29818,,,5325616
8616,3876454381,440957815,0xdf92529f,1,5,48000,285972,-1,144340848,66369,,,5326160
8617,3876489104,440957815,0xdf92529f,1,5,48000,456569,-1,6509920,113532,,,5326784
8618,3876967889,440957815,0xdf92529f,1,5,48000,354118,-1,194817344,81703,,,5327616
8619,3878370163,440957815,0xdf92529f,1,5,48000,397152,-1,139202944,100589,,,5328304
8620,3880034759,440957815,0xdf92529f,1,5,48000,399712,-1,433004640,142155,,,5329040
8621,3880653943,440957815,0xdf92529f,1,5,48000,128156,-1,396701936,30228,,,5329776
8622,3880861868,440957815,0xdf92529f,1,5,48000,342950,-1,447414128,86586,,,5330304
8623,3880992496,440957815,0xdf92529f,1,5,48000,100643,-1,178446208,29661,,,5330992
8624,3881937479,440957815,0xdf92529f,1,5,48000,337529,-1,319223968,82965,,,5331536
8625,3882012198,440957815,0xdf92529f,1,5,48000,251505,-1,344431584,67503,,,5332272
8626,3882216566,440957815,0xdf92529f,1,5,48000,333180,-1,162938608,69212,,,5332864
8627,3882402181,440957815,0xdf92529f,1,5,48000,58410,-1,183651584,7952,,,5333552
8628,3883503916,440957815,0xdf92529f,1,5,48000,248641,-1,256311600,55623,,,5334000
8629,3883620294,440957815,0xdf92529f,1,5,48000,248425,-1,35355856,56112,,,5334640
8630,3883693486,440957815,0xdf92529f,1,5,48000,163215,-1,167168960,35852,,,5335248
8631,3885187752,440957815,0xdf92529f,1,5,48000,254681,-1,41698480,64634,,,5335776
8632,3885242473,440957815,0xdf92529f,1,5,48000,214258,-1,22680144,48696,,,5336384
8633,3885262471,440957815,0xdf92529f,1,5,48000,355803,-1,135488816,84682,,,5336960
8634,3885426634,440957815,0xdf92529f,1,5,48000,122273,-1,67481312,22254,,,5337664
8635,3885481355,440957815,0xdf92529f,1,5,48000,293242,-1,49964592,62728,,,5338160
8636,3887061803,440957815,0xdf92529f,1,5,48000,301496,-1,399722640,101792,,,5338800
8637,3887486384,440957815,0xdf92529f,1,5,48000,31146,-1,352723952,14136,,,5339456
8638,3887491110,440957815,0xdf92529f,1,5,48000,73660,-1,307229904,11813,,,5339920
8639,3888377096,440957815,0xdf92529f,1,5,48000,186334,-1,177951120,41801,,,5340384
8640,3888437762,440957815,0xdf92529f,1,5,48000,413695,-1,373440448,124721,,,5340976
8641,3889067648,440957815,0xdf92529f,1,5,48000,334962,-1,269008608,67496,,,5341744
8642,3889963561,440957815,0xdf92529f,1,5,48000,273503,-1,448990064,80110,,,5342400
8643,3890689827,440957815,0xdf92529f,1,5,48000,145114,-1,260212400,29052,,,5343008
8644,3891278054,440957815,0xdf92529f,1,5,48000,96001,-1,325516464,20088,,,5343504
8645,3891529456,440957815,0xdf92529f,1,5,48000,139930,-1,554533520,31543,,,5343968
8646,3891798498,440957815,0xdf92529f,1,5,48000,233375,-1,218638048,75573,,,5344464
8647,3892806705,440957815,0xdf92529f,1,5,48000,230667,-1,155089296,45883,,,5345072
8648,3892970868,440957815,0xdf92529f,1,5,48000,153806,-1,121113472,30387,,,5345696
8649,3893377455,440957815,0xdf92529f,1,5,48000,217578,-1,516404368,46622,,,5346224
8650,3896616225,440957815,0xdf92529f,1,5,48000,248932,-1,244214224,71363,,,5346784
8651,3896681262,440957815,0xdf92529f,1,5,48000,115047,-1,450820576,29889,,,5347376
8652,3898398224,440957815,0xdf92529f,1,5,48000,307417,-1,248943952,73412,,,5347872
8653,3898479787,440957815,0xdf92529f,1,5,48000,268654,-1,246417360,80016,,,5348560
8654,3898569323,440957815,0xdf92529f,1,5,48000,338900,-1,7020976,72403,,,5349184
8655,3899033259,440957815,0xdf92529f,1,5,48000,122328,-1,353700880,24724,,,5349872
8656,3900040401,440957815,0xdf92529f,1,5,48000,132221,-1,297374272,28482,,,5350384
8657,3900156779,440957815,0xdf92529f,1,5,48000,100077,-1,128352256,20364,,,5350912
8658,3900266221,440957815,0xdf92529f,1,5,48000,210640,-1,83310592,40858,,,5351392
8659,3900430384,440957815,0xdf92529f,1,5,48000,211289,-1,26327968,50640,,,5351952
8660,3900615566,440957815,0xdf92529f,1,5,48000,248846,-1,198168160,65003,,,5352528
8661,3900672808,440957815,0xdf92529f,1,5,48000,335606,-1,509958480,82971,,,5353120
8662,3900685870,440957815,0xdf92529f,1,5,48000,86887,-1,554116192,15184,,,5353744
8663,3900964911,440957815,0xdf92529f,1,5,48000,298925,-1,229825824,70154,,,5354224
8664,3901313420,440957815,0xdf92529f,1,5,48000,112860,-1,423254384,19873,,,5354848
8665,3901678672,440957815,0xdf92529f,1,5,48000,118467,-1,492271936,21170,,,5355312
8666,3901888400,440957815,0xdf92529f,1,5,48000,324132,-1,71055808,83690,,,5355808
8667,3902017840,440957815,0xdf92529f,1,5,48000,253451,-1,147961408,49071,,,5356496
8668,3902072561,440957815,0xdf92529f,1,5,48000,437385,-1,122136144,100172,,,5357152
8669,3903067375,440957815,0xdf92529f,1,5,48000,446377,-1,539037632,115954,,,5357920
8670,3904296785,440957815,0xdf92529f,1,5,48000,129019,-1,169275824,30094,,,5358720
8671,3905008970,440957815,0xdf92529f,1,5,48000,354002,-1,355708224,123248,,,5359216
8672,3905433034,440957815,0xdf92529f,1,5,48000,198137,-1,416042800,36398,,,5359904
8673,3905529414,440957815,0xdf92529f,1,5,48000,440308,-1,270949520,125181,,,5360448
8674,3905584135,440957815,0xdf92529f,1,5,48000,274668,-1,257562416,76477,,,5361200
8675,3906062920,440957815,0xdf92529f,1,5,48000,451365,-1,335316352,95315,,,5361808
8676,3906172362,440957815,0xdf92529f,1,5,48000,207300,-1,324354000,46189,,,5362576
8677,3906357544,440957815,0xdf92529f,1,5,48000,496566,-1,383925040,113506,,,5363152
8678,3907226312,440957815,0xdf92529f,1,5,48000,274479,-1,302531680,68110,,,5363920
8679,3907322692,440957815,0xdf92529f,1,5,48000,299092,-1,23251968,71524,,,5364544
8680,3907499917,440957815,0xdf92529f,1,5,48000,246119,-1,250442304,62442,,,5365232
8681,3907561574,440957815,0xdf92529f,1,5,48000,227736,-1,50995904,42545,,,5365840
8682,3907616295,440957815,0xdf92529f,1,5,48000,378144,-1,32252016,78792,,,5366464
8683,3907630378,440957815,0xdf92529f,1,5,48000,287744,-1,337589296,58922,,,5367216
8684,3907751130,440957815,0xdf92529f,1,5,48000,92020,-1,467287408,16998,,,5367856
8685,3907981223,440957815,0xdf92529f,1,5,48000,104839,-1,552537920,19511,,,5368336
8686,3908022882,440957815,0xdf92529f,1,5,48000,94363,-1,506540400,17475,,,5368800
8687,3908313964,440957815,0xdf92529f,1,5,48000,259610,-1,179172688,60844,,,5369280
8688,3908792749,440957815,0xdf92529f,1,5,48000,302234,-1,232952848,82659,,,5369888
8689,3909074311,440957815,0xdf92529f,1,5,48000,353150,-1,76628736,74418,,,5370544
8690,3909238474,440957815,0xdf92529f,1,5,48000,82706,-1,18466560,15035,,,5371248
8691,3909422635,440957815,0xdf92529f,1,5,48000,259065,-1,64236240,58429,,,5371728
8692,3909586798,440957815,0xdf92529f,1,5,48000,385857,-1,1515168,89346,,,5372336
8693,3910493826,440957815,0xdf92529f,1,5,48000,224834,-1,244358704,56389,,,5373088
8694,3911169768,440957815,0xdf92529f,1,5,48000,236279,-1,175540448,59845,,,5373696
8695,3911380834,440957815,0xdf92529f,1,5,48000,164738,-1,428708272,52342,,,5374304
8696,3911901278,440957815,0xdf92529f,1,5,48000,79853,-1,355214688,16057,,,5374848
8697,3912043780,440957815,0xdf92529f,1,5,48000,314547,-1,450344736,84231,,,5375312
8698,3912259117,440957815,0xdf92529f,1,5,48000,151204,-1,567931808,34025,,,5375952
8699,3912337268,440957815,0xdf92529f,1,5,48000,117401,-1,568712688,33065,,,5376480
8700,3912423895,440957815,0xdf92529f,1,5,48000,102020,-1,567295872,20657,,,5376976
8701,3912649647,440957815,0xdf92529f,1,5,48000,127700,-1,158403920,26270,,,5377456
8702,3913629385,440957815,0xdf92529f,1,5,48000,439186,-1,312461984,102571,,,5377984
8703,3913959562,440957815,0xdf92529f,1,5,48000,288901,-1,441050400,73404,,,5378720
8704,3914015304,440957815,0xdf92529f,1,5,48000,249725,-1,462146640,61467,,,5379360
8705,3914126567,440957815,0xdf92529f,1,5,48000,258802,-1,161250336,65632,,,5379984
8706,3914588297,440957815,0xdf92529f,1,5,48000,91419,-1,436278176,17334,,,5380592
8707,3914685828,440957815,0xdf92529f,1,5,48000,362194,-1,258784592,84118,,,5381056
8708,3914953549,440957815,0xdf92529f,1,5,48000,98062,-1,501711008,19371,,,5381744
8709,3915151551,440957815,0xdf92529f,1,5,48000,156000,-1,185916688,31281,,,5382224
8710,3915274055,440957815,0xdf92529f,1,5,48000,229542,-1,324480272,59983,,,5382784
8711,3916424385,440957815,0xdf92529f,1,5,48000,242892,-1,23724432,52249,,,5383392
8712,3918479606,440957815,0xdf92529f,1,5,48000,387511,-1,151540544,91504,,,5384016
8713,3919221455,440957815,0xdf92529f,1,5,48000,252660,-1,468897648,61426,,,5384768
8714,3919692736,440957815,0xdf92529f,1,5,48000,165293,-1,402023936,40987,,,5385376
8715,3921545455,440957815,0xdf92529f,1,5,48000,502461,-1,392501024,101334,,,5385920
8716,3922338149,440957815,0xdf92529f,1,5,48000,68092,-1,501440880,10064,,,5386704
8717,3923810582,440957815,0xdf92529f,1,5,48000,186996,-1,414829008,36430,,,5387152
8718,3923968619,440957815,0xdf92529f,1,5,48000,181478,-1,71865792,40700,,,5387696
8719,3924023340,440957815,0xdf92529f,1,5,48000,304557,-1,53885440,61938,,,5388272
8720,3924090450,440957815,0xdf92529f,1,5,48000,285598,-1,559069392,67374,,,5388912
8721,3924552431,440957815,0xdf92529f,1,5,48000,115244,-1,548825648,20914,,,5389568
8722,3925018154,440957815,0xdf92529f,1,5,48000,428546,-1,530647264,110906,,,5390064
8723,3925047369,440957815,0xdf92529f,1,5,48000,227892,-1,175911408,61623,,,5390816
8724,3925147594,440957815,0xdf92529f,1,5,48000,392804,-1,540304000,102685,,,5391408
8725,3925590798,440957815,0xdf92529f,1,5,48000,145841,-1,60845984,27401,,,5392112
8726,3925593319,440957815,0xdf92529f,1,5,48000,436754,-1,495734144,93473,,,5392672
8727,3925700240,440957815,0xdf92529f,1,5,48000,373118,-1,21362016,88863,,,5393424
8728,3925720238,440957815,0xdf92529f,1,5,48000,323509,-1,134459392,80800,,,5394160
8729,3926123283,440957815,0xdf92529f,1,5,48000,138850,-1,98464976,23326,,,5394832
8730,3929131214,440957815,0xdf92529f,1,5,48000,55858,-1,210079424,20403,,,5395360
8731,3930421328,440957815,0xdf92529f,1,5,48000,195922,-1,447820608,55720,,,5395824
8732,3930867053,440957815,0xdf92529f,1,5,48000,93259,-1,407488064,17552,,,5396384
8733,3931038152,440957815,0xdf92529f,1,5,48000,212453,-1,280605264,47058,,,5396864
8734,3931557575,440957815,0xdf92529f,1,5,48000,177029,-1,47942336,39016,,,5397440
8735,3931571658,440957815,0xdf92529f,1,5,48000,129976,-1,344611392,30858,,,5398000
8736,3931626379,440957815,0xdf92529f,1,5,48000,304988,-1,335693344,73175,,,5398512
8737,3932960870,440957815,0xdf92529f,1,5,48000,121907,-1,114285616,26794,,,5399168
8738,3933015591,440957815,0xdf92529f,1,5,48000,162469,-1,95844096,33307,,,5399680
8739,3933070312,440957815,0xdf92529f,1,5,48000,73663,-1,72709584,11682,,,5400224
8740,3933179754,440957815,0xdf92529f,1,5,48000,264352,-1,35622048,66210,,,5400688
8741,3933234475,440957815,0xdf92529f,1,5,48000,201871,-1,12793328,49888,,,5401312
8742,3933252946,440957815,0xdf92529f,1,5,48000,99862,-1,169210032,21217,,,5401888
8743,3933254473,440957815,0xdf92529f,1,5,48000,363091,-1,124555856,81184,,,5402368
8744,3933363915,440957815,0xdf92529f,1,5,48000,120075,-1,81430768,23783,,,5403056
8745,3934821931,440957815,0xdf92529f,1,5,48000,352489,-1,135719376,92761,,,5403552
8746,3934876652,440957815,0xdf92529f,1,5,48000,310088,-1,109634528,66476,,,5404272
8747,3934931373,440957815,0xdf92529f,1,5,48000,404877,-1,89406816,100524,,,5404928
8748,3936095523,440957815,0xdf92529f,1,5,48000,182546,-1,462911072,42601,,,5405680
8749,3937061408,440957815,0xdf92529f,1,5,48000,286085,-1,173490944,73964,,,5406208
8750,3937539456,440957815,0xdf92529f,1,5,48000,162994,-1,386572224,34781,,,5406832
8751,3937758340,440957815,0xdf92529f,1,5,48000,257958,-1,364167248,79607,,,5407360
8752,3938052964,440957815,0xdf92529f,1,5,48000,446772,-1,408404736,107928,,,5407984
8753,3938346567,440957815,0xdf92529f,1,5,48000,538408,-1,410038352,97336,,,5408752
8754,3938627108,440957815,0xdf92529f,1,5,48000,268767,-1,269113968,50982,,,5409520
8755,3940249287,440957815,0xdf92529f,1,5,48000,72776,-1,260456464,12364,,,5410144
8756,3940381738,440957815,0xdf92529f,1,5,48000,34336,-1,177328800,13302,,,5410608
8757,3941357958,440957815,0xdf92529f,1,5,48000,155896,-1,218733968,37687,,,5411072
8758,3941520105,440957815,0xdf92529f,1,5,48000,246484,-1,396111776,34520,,,5411600
8759,3941640426,440957815,0xdf92529f,1,5,48000,252491,-1,399042592,73606,,,5412224
8760,3942054064,440957815,0xdf92529f,1,5,48000,251075,-1,483793216,62797,,,5412864
8761,3942406091,440957815,0xdf92529f,1,5,48000,57460,-1,248068096,20155,,,5413472
8762,3942530328,440957815,0xdf92529f,1,5,48000,246772,-1,121319648,65262,,,5413936
8763,3942639770,440957815,0xdf92529f,1,5,48000,268519,-1,79945376,62641,,,5414512
8764,3942936915,440957815,0xdf92529f,1,5,48000,233995,-1,516613584,62459,,,5415184
8765,3943082728,440957815,0xdf92529f,1,5,48000,97246,-1,156612272,21770,,,5415792
8766,3943525142,440957815,0xdf92529f,1,5,48000,316132,-1,537105408,79182,,,5416256
8767,3946632650,440957815,0xdf92529f,1,5,48000,175450,-1,548948640,42281,,,5416912
8768,3946824174,440957815,0xdf92529f,1,5,48000,100606,-1,241935712,26037,,,5417456
8769,3947444176,440957815,0xdf92529f,1,5,48000,269845,-1,219680768,76051,,,5417920
8770,3948019341,440957815,0xdf92529f,1,5,48000,244746,-1,49777824,58369,,,5418544
8771,3948128783,440957815,0xdf92529f,1,5,48000,160305,-1,7201696,42110,,,5419152
8772,3948843801,440957815,0xdf92529f,1,5,48000,32103,-1,401943504,11239,,,5419680
8773,3949066355,440957815,0xdf92529f,1,5,48000,154848,-1,215607504,37601,,,5420128
8774,3949250516,440957815,0xdf92529f,1,5,48000,253803,-1,231779856,80133,,,5420672
8775,3949477357,440957815,0xdf92529f,1,5,48000,64207,-1,98174480,7579,,,5421328
8776,3949479878,440957815,0xdf92529f,1,5,48000,209622,-1,498181568,33485,,,5421776
8777,3949599861,440957815,0xdf92529f,1,5,48000,453160,-1,297519472,115936,,,5422368
8778,3949641520,440957815,0xdf92529f,1,5,48000,101014,-1,38017232,19201,,,5423120
8779,3949696241,440957815,0xdf92529f,1,5,48000,214195,-1,17435568,50157,,,5423600
8780,3949935123,440957815,0xdf92529f,1,5,48000,131157,-1,46648944,27520,,,5424192
8781,3951338418,440957815,0xdf92529f,1,5,48000,189724,-1,113250336,30960,,,5424736
8782,3951577300,440957815,0xdf92529f,1,5,48000,262228,-1,148170432,67187,,,5425312
8783,3952501547,440957815,0xdf92529f,1,5,48000,321207,-1,448725488,85491,,,5425936
8784,3953656615,440957815,0xdf92529f,1,5,48000,72483,-1,209864432,31384,,,5426624
8785,3953952966,440957815,0xdf92529f,1,5,48000,89232,-1,248666800,24724,,,5427104
8786,3954568430,440957815,0xdf92529f,1,5,48000,353657,-1,356064432,102291,,,5427616
8787,3955088874,440957815,0xdf92529f,1,5,48000,348751,-1,271252432,101287,,,5428288
8788,3955218314,440957815,0xdf92529f,1,5,48000,325856,-1,293408208,80646,,,5428976
8789,3955624901,440957815,0xdf92529f,1,5,48000,114169,-1,552721392,24219,,,5429648
8790,3955677101,440957815,0xdf92529f,1,5,48000,184404,-1,329899344,36451,,,5430112
8791,3955957642,440957815,0xdf92529f,1,5,48000,328239,-1,181590928,85327,,,5430688
8792,3956491148,440957815,0xdf92529f,1,5,48000,394569,-1,223446272,113735,,,5431344
8793,3956790024,440957815,0xdf92529f,1,5,48000,301222,-1,426681424,72242,,,5432064
8794,3956949935,440957815,0xdf92529f,1,5,48000,521944,-1,278141296,94674,,,5432672
8795,3956956871,440957815,0xdf92529f,1,5,48000,185609,-1,110977904,34616,,,5433536
8796,3957011592,440957815,0xdf92529f,1,5,48000,201979,-1,90085280,45741,,,5434112
8797,3957066313,440957815,0xdf92529f,1,5,48000,452667,-1,68049536,79306,,,5434688
8798,3957250474,440957815,0xdf92529f,1,5,48000,235074,-1,118786720,61776,,,5435504
8799,3957949164,440957815,0xdf92529f,1,5,48000,249960,-1,239235856,80843,,,5436112
8800,3958352209,440957815,0xdf92529f,1,5,48000,390057,-1,233417696,113837,,,5436720
8801,3958763211,440957815,0xdf92529f,1,5,48000,135039,-1,154636832,26967,,,5437424
8802,3958817932,440957815,0xdf92529f,1,5,48000,296741,-1,129711696,71967,,,5437936
8803,3958982095,440957815,0xdf92529f,1,5,48000,287988,-1,64345376,65741,,,5438576
8804,3959257035,440957815,0xdf92529f,1,5,48000,45734,-1,1456880,16783,,,5439232
8805,3960187904,440957815,0xdf92529f,1,5,48000,465945,-1,403887568,105926,,,5439696
8806,3960985037,440957815,0xdf92529f,1,5,48000,138421,-1,178143408,31532,,,5440448
8807,3961138738,440957815,0xdf92529f,1,5,48000,268873,-1,560093376,81951,,,5441008
8808,3962209107,440957815,0xdf92529f,1,5,48000,327817,-1,161993840,67167,,,5441600
8809,3962220064,440957815,0xdf92529f,1,5,48000,146294,-1,281070608,28149,,,5442272
8810,3962329506,440957815,0xdf92529f,1,5,48000,306708,-1,261415648,72418,,,5442784
8811,3962678851,440957815,0xdf92529f,1,5,48000,167713,-1,320357456,37291,,,5443440
8812,3963156615,440957815,0xdf92529f,1,5,48000,270364,-1,332379600,60868,,,5443952
8813,3963519022,440957815,0xdf92529f,1,5,48000,322170,-1,441244864,86273,,,5444576
8814,3963670123,440957815,0xdf92529f,1,5,48000,450982,-1,358136224,85923,,,5445280
8815,3963686027,440957815,0xdf92529f,1,5,48000,260344,-1,166183344,61418,,,5446032
8816,3963982378,440957815,0xdf92529f,1,5,48000,106436,-1,204131216,21497,,,5446656
8817,3964094187,440957815,0xdf92529f,1,5,48000,517406,-1,416900208,108509,,,5447136
8818,3964245288,440957815,0xdf92529f,1,5,48000,312443,-1,258965952,61497,,,5447952
8819,3964361666,440957815,0xdf92529f,1,5,48000,305277,-1,36586176,67730,,,5448592
8820,3965605361,440957815,0xdf92529f,1,5,48000,413297,-1,538693424,94602,,,5449232
8821,3965995344,440957815,0xdf92529f,1,5,48000,263315,-1,488408480,73705,,,5450016
8822,3966109945,440957815,0xdf92529f,1,5,48000,74760,-1,566339680,23569,,,5450608
8823,3966471608,440957815,0xdf92529f,1,5,48000,290721,-1,143577360,59057,,,5451072
8824,3966844021,440957815,0xdf92529f,1,5,48000,147886,-1,451439360,36790,,,5451760
8825,3967765032,440957815,0xdf92529f,1,5,48000,154520,-1,568255232,36558,,,5452304
8826,3967775276,440957815,0xdf92529f,1,5,48000,89240,-1,402346400,28503,,,5452816
8827,3968208008,440957815,0xdf92529f,1,5,48000,284184,-1,311875584,81593,,,5453312
8828,3968780915,440957815,0xdf92529f,1,5,48000,297326,-1,469276640,78179,,,5453952
8829,3969289203,440957815,0xdf92529f,1,5,48000,146040,-1,450971552,36886,,,5454576
8830,3972015342,440957815,0xdf92529f,1,5,48000,292415,-1,46939376,60876,,,5455088
8831,3973473358,440957815,0xdf92529f,1,5,48000,272507,-1,94317520,67503,,,5455728
8832,3973921361,440957815,0xdf92529f,1,5,48000,77542,-1,423367008,11630,,,5456400
8833,3974064106,440957815,0xdf92529f,1,5,48000,423327,-1,522987776,113153,,,5456848
8834,3974707054,440957815,0xdf92529f,1,5,48000,341034,-1,540733344,91361,,,5457616
8835,3975389140,440957815,0xdf92529f,1,5,48000,188403,-1,88140224,41110,,,5458240
8836,3975573301,440957815,0xdf92529f,1,5,48000,306784,-1,144574736,82579,,,5458816
8837,3975628022,440957815,0xdf92529f,1,5,48000,291281,-1,117473360,67926,,,5459488
8838,3976096266,440957815,0xdf92529f,1,5,48000,278201,-1,476156896,72646,,,5460160
8839,3978641978,440957815,0xdf92529f,1,5,48000,283241,-1,466812592,72156,,,5460816
8840,3979139596,440957815,0xdf92529f,1,5,48000,286676,-1,251609968,82178,,,5461456
8841,3979954664,440957815,0xdf92529f,1,5,48000,240703,-1,212991312,39943,,,5462112
8842,3980652333,440957815,0xdf92529f,1,5,48000,167741,-1,273109824,34248,,,5462704
8843,3980781773,440957815,0xdf92529f,1,5,48000,418370,-1,299676368,96107,,,5463248
8844,3981117035,440957815,0xdf92529f,1,5,48000,100920,-1,48160288,15378,,,5463952
8845,3981226477,440957815,0xdf92529f,1,5,48000,229307,-1,2796912,54603,,,5464448
8846,3982978096,440957815,0xdf92529f,1,5,48000,300308,-1,61916032,66614,,,5465088
8847,3983320078,440957815,0xdf92529f,1,5,48000,223877,-1,172972368,51758,,,5465712
8848,3985257588,440957815,0xdf92529f,1,5,48000,116760,-1,158546736,23674,,,5466336
8849,3985402018,440957815,0xdf92529f,1,5,48000,258748,-1,366955792,70504,,,5466800
8850,3985599241,440957815,0xdf92529f,1,5,48000,253231,-1,442501664,70910,,,5467408
8851,3985654983,440957815,0xdf92529f,1,5,48000,192682,-1,463159344,45763,,,5468016
8852,3986734508,440957815,0xdf92529f,1,5,48000,292072,-1,161608752,65005,,,5468576
8853,3986749571,440957815,0xdf92529f,1,5,48000,521371,-1,341840752,101316,,,5469232
8854,3986913734,440957815,0xdf92529f,1,5,48000,320868,-1,324590112,74597,,,5470112
8855,3987098916,440957815,0xdf92529f,1,5,48000,194383,-1,386807776,55183,,,5470784
8856,3987673060,440957815,0xdf92529f,1,5,48000,319167,-1,225607872,106155,,,5471344
8857,3987743671,440957815,0xdf92529f,1,5,48000,93228,-1,467043328,16754,,,5472048
8858,3987906027,440957815,0xdf92529f,1,5,48000,349343,-1,410247600,63417,,,5472528
8859,3988720074,440957815,0xdf92529f,1,5,48000,379663,-1,333756912,79910,,,5473200
8860,3989055212,440957815,0xdf92529f,1,5,48000,140015,-1,306718416,30226,,,5473904
8861,3989925125,440957815,0xdf92529f,1,5,48000,349052,-1,39790784,79454,,,5474432
8862,3989979846,440957815,0xdf92529f,1,5,48000,219330,-1,20038128,55704,,,5475120
8863,3991198717,440957815,0xdf92529f,1,5,48000,387555,-1,456206128,102253,,,5475696
8864,3992300677,440957815,0xdf92529f,1,5,48000,119149,-1,402198032,25649,,,5476448
8865,3992642188,440957815,0xdf92529f,1,5,48000,115977,-1,157979248,25056,,,5476976
8866,3994473814,440957815,0xdf92529f,1,5,48000,223543,-1,473452432,47699,,,5477456
8867,3994503711,440957815,0xdf92529f,1,5,48000,228507,-1,368124672,58281,,,5478080
8868,3994946090,440957815,0xdf92529f,1,5,48000,147201,-1,501506144,24481,,,5478672
8869,3996246831,440957815,0xdf92529f,1,5,48000,159578,-1,547348928,35220,,,5479216
8870,3996948915,440957815,0xdf92529f,1,5,48000,248132,-1,222837488,69877,,,5479744
8871,3996994658,440957815,0xdf92529f,1,5,48000,280902,-1,266198016,57727,,,5480336
8872,3997232998,440957815,0xdf92529f,1,5,48000,258653,-1,495987936,50148,,,5480976
8873,3997359917,440957815,0xdf92529f,1,5,48000,258685,-1,135311136,64453,,,5481616
8874,3997414638,440957815,0xdf92529f,1,5,48000,146463,-1,109364912,30681,,,5482208
8875,3997653520,440957815,0xdf92529f,1,5,48000,357055,-1,145327040,88697,,,5482736
8876,3997708241,440957815,0xdf92529f,1,5,48000,262351,-1,118104832,60914,,,5483472
8877,3998114828,440957815,0xdf92529f,1,5,48000,297777,-1,514645984,75576,,,5484160
8878,3998169549,440957815,0xdf92529f,1,5,48000,403890,-1,512415360,117326,,,5484800
8879,3998469676,440957815,0xdf92529f,1,5,48000,200232,-1,207995424,49252,,,5485472
8880,3999094059,440957815,0xdf92529f,1,5,48000,101161,-1,497053904,16249,,,5486048
8881,3999220978,440957815,0xdf92529f,1,5,48000,162478,-1,153838128,34180,,,5486528
8882,3999275699,440957815,0xdf92529f,1,5,48000,159103,-1,128779040,30942,,,5487072
8883,3999330420,440957815,0xdf92529f,1,5,48000,169573,-1,105640432,31330,,,5487632
8884,4000481377,440957815,0xdf92529f,1,5,48000,340800,-1,564771200,62838,,,5488192
8885,4001739155,440957815,0xdf92529f,1,5,48000,93066,-1,210220992,30781,,,5488880
8886,4002061007,440957815,0xdf92529f,1,5,48000,146925,-1,448927264,31681,,,5489392
8887,4002971434,440957815,0xdf92529f,1,5,48000,299925,-1,284544208,61942,,,5489936
8888,4003048694,440957815,0xdf92529f,1,5,48000,311514,-1,426034864,72027,,,5490592
8889,4003211337,440957815,0xdf92529f,1,5,48000,79968,-1,345616944,15261,,,5491232
8890,4003895944,440957815,0xdf92529f,1,5,48000,164283,-1,218491728,34291,,,5491696
8891,4004127890,440957815,0xdf92529f,1,5,48000,373547,-1,356267232,97248,,,5492256
8892,4004777774,440957815,0xdf92529f,1,5,48000,311506,-1,293630064,74274,,,5492976
8893,4004874154,440957815,0xdf92529f,1,5,48000,438667,-1,13628608,95822,,,5493616
8894,4004890758,440957815,0xdf92529f,1,5,48000,202896,-1,551099440,50494,,,5494432
8895,4005054921,440957815,0xdf92529f,1,5,48000,143924,-1,546723744,32002,,,5494992
8896,4005127119,440957815,0xdf92529f,1,5,48000,271620,-1,340477920,62496,,,5495504
8897,4005517102,440957815,0xdf92529f,1,5,48000,390920,-1,181850000,87887,,,5496176
8898,4006441612,440957815,0xdf92529f,1,5,48000,111658,-1,23347296,21060,,,5496912
8899,4006571052,440957815,0xdf92529f,1,5,48000,178962,-1,90186080,37326,,,5497408
8900,4006769734,440957815,0xdf92529f,1,5,48000,204393,-1,220274256,57060,,,5497952
8901,4007216521,440957815,0xdf92529f,1,5,48000,336938,-1,515307792,113298,,,5498560
8902,4007380684,440957815,0xdf92529f,1,5,48000,395737,-1,508113968,119142,,,5499232
8903,4008377392,440957815,0xdf92529f,1,5,48000,298188,-1,130041552,70701,,,5499936
8904,4008953315,440957815,0xdf92529f,1,5,48000,176600,-1,440981328,41881,,,5500592
8905,4009440311,440957815,0xdf92529f,1,5,48000,177025,-1,541562048,42259,,,5501168
8906,4010499754,440957815,0xdf92529f,1,5,48000,417622,-1,429289712,126406,,,5501696
8907,4010561411,440957815,0xdf92529f,1,5,48000,440024,-1,327145488,87995,,,5502448
8908,4010965477,440957815,0xdf92529f,1,5,48000,385769,-1,369317424,121275,,,5503200
8909,4011033260,440957815,0xdf92529f,1,5,48000,406774,-1,437585312,105960,,,5503904
8910,4011608425,440957815,0xdf92529f,1,5,48000,106692,-1,407688448,22021,,,5504656
8911,4011779524,440957815,0xdf92529f,1,5,48000,282914,-1,281202048,63988,,,5505136
8912,4012018406,440957815,0xdf92529f,1,5,48000,192206,-1,290128896,32445,,,5505744
8913,4012353668,440957815,0xdf92529f,1,5,48000,305177,-1,29798608,65656,,,5506304
8914,4012408389,440957815,0xdf92529f,1,5,48000,380689,-1,5707200,90636,,,5506960
8915,4012538850,440957815,0xdf92529f,1,5,48000,83034,-1,201769392,11772,,,5507680
8916,4012593571,440957815,0xdf92529f,1,5,48000,199740,-1,192468480,46661,,,5508128
8917,4012648292,440957815,0xdf92529f,1,5,48000,237607,-1,187801536,45472,,,5508688
8918,4012989679,440957815,0xdf92529f,1,5,48000,49190,-1,177407888,19644,,,5509312
8919,4013245487,440957815,0xdf92529f,1,5,48000,130773,-1,168847472,30007,,,5509776
8920,4013304302,440957815,0xdf92529f,1,5,48000,353871,-1,388727920,110388,,,5510272
8921,4013811684,440957815,0xdf92529f,1,5,48000,300723,-1,74198432,67846,,,5510928
8922,4013866405,440957815,0xdf92529f,1,5,48000,438038,-1,55997008,102357,,,5511584
8923,4013879467,440957815,0xdf92529f,1,5,48000,302640,-1,294541184,60903,,,5512416
8924,4013921126,440957815,0xdf92529f,1,5,48000,318472,-1,36727024,82505,,,5513072
8925,4013975847,440957815,0xdf92529f,1,5,48000,198334,-1,14947680,43343,,,5513696
8926,4013988909,440957815,0xdf92529f,1,5,48000,293585,-1,282446960,71810,,,5514272
8927,4014128046,440957815,0xdf92529f,1,5,48000,185169,-1,396337296,31103,,,5514912
8928,4014454632,440957815,0xdf92529f,1,5,48000,310800,-1,196199456,74514,,,5515488
8929,4014803977,440957815,0xdf92529f,1,5,48000,192968,-1,228322960,44902,,,5516112
8930,4015690669,440957815,0xdf92529f,1,5,48000,122095,-1,156767328,28847,,,5516672
8931,4016539077,440957815,0xdf92529f,1,5,48000,241049,-1,564108640,57698,,,5517168
8932,4016787303,440957815,0xdf92529f,1,5,48000,42649,-1,314152976,13974,,,5517776
8933,4016836895,440957815,0xdf92529f,1,5,48000,329878,-1,465699984,93911,,,5518240
8934,4018499712,440957815,0xdf92529f,1,5,48000,424538,-1,365612480,141340,,,5518928
8935,4019608383,440957815,0xdf92529f,1,5,48000,270405,-1,331200080,54652,,,5519680
8936,4020078669,440957815,0xdf92529f,1,5,48000,135049,-1,552507008,30874,,,5520336
8937,4020990659,440957815,0xdf92529f,1,5,48000,67897,-1,263259456,11276,,,5520832
8938,4021577323,440957815,0xdf92529f,1,5,48000,143070,-1,494058544,23286,,,5521280
8939,4022036110,440957815,0xdf92529f,1,5,48000,143266,-1,505920704,40617,,,5521808
8940,4022169092,440957815,0xdf92529f,1,5,48000,377308,-1,557317440,101812,,,5522320
8941,4023216979,440957815,0xdf92529f,1,5,48000,171423,-1,148962032,38184,,,5523008
8942,4023271700,440957815,0xdf92529f,1,5,48000,199663,-1,123583696,47583,,,5523568
8943,4023623566,440957815,0xdf92529f,1,5,48000,426553,-1,523565968,89343,,,5524144
8944,4024656497,440957815,0xdf92529f,1,5,48000,307767,-1,488987120,98125,,,5524832
8945,4025655726,440957815,0xdf92529f,1,5,48000,343866,-1,476469808,87248,,,5525456
8946,4026264556,440957815,0xdf92529f,1,5,48000,95752,-1,210008096,45457,,,5526144
8947,4026269282,440957815,0xdf92529f,1,5,48000,158625,-1,170067504,32605,,,5526656
8948,4026632173,440957815,0xdf92529f,1,5,48000,273656,-1,416660768,55601,,,5527168
8949,4026816715,440957815,0xdf92529f,1,5,48000,70524,-1,241694960,11791,,,5527776
8950,4027207338,440957815,0xdf92529f,1,5,48000,231039,-1,341221424,52051,,,5528240
8951,4027891945,440957815,0xdf92529f,1,5,48000,301905,-1,217655440,99816,,,5528832
8952,4028130827,440957815,0xdf92529f,1,5,48000,348825,-1,224278224,91515,,,5529488
8953,4028467110,440957815,0xdf92529f,1,5,48000,214502,-1,42604976,44086,,,5530208
8954,4028521831,440957815,0xdf92529f,1,5,48000,326841,-1,23621088,75524,,,5530816
8955,4028699056,440957815,0xdf92529f,1,5,48000,385556,-1,251980960,94626,,,5531520
8956,4028773775,440957815,0xdf92529f,1,5,48000,210959,-1,292550000,48498,,,5532256
8957,4028836342,440957815,0xdf92529f,1,5,48000,63402,-1,401549040,21745,,,5532816
8958,4028870155,440957815,0xdf92529f,1,5,48000,240101,-1,9261024,60339,,,5533296
8959,4029616276,440957815,0xdf92529f,1,5,48000,236020,-1,352172016,49398,,,5533904
8960,4030328171,440957815,0xdf92529f,1,5,48000,216076,-1,59723920,47912,,,5534496
8961,4030437613,440957815,0xdf92529f,1,5,48000,108916,-1,19092096,16498,,,5535088
8962,4030457611,440957815,0xdf92529f,1,5,48000,59321,-1,130810704,7869,,,5535600
8963,4030676495,440957815,0xdf92529f,1,5,48000,208239,-1,48260576,42671,,,5536048
8964,4030679016,440957815,0xdf92529f,1,5,48000,112153,-1,494822496,18298,,,5536640
8965,4030731216,440957815,0xdf92529f,1,5,48000,136492,-1,28510864,27483,,,5537168
8966,4030785937,440957815,0xdf92529f,1,5,48000,341833,-1,3232784,80162,,,5537696
8967,4030916398,440957815,0xdf92529f,1,5,48000,183568,-1,200145632,41898,,,5538368
8968,4034222150,440957815,0xdf92529f,1,5,48000,384545,-1,435272592,121283,,,5538896
8969,4034817048,440957815,0xdf92529f,1,5,48000,325957,-1,162344560,76410,,,5539568
8970,4035158701,440957815,0xdf92529f,1,5,48000,251890,-1,442914512,73022,,,5540256
8971,4035959686,440957815,0xdf92529f,1,5,48000,395412,-1,295690528,99298,,,5540848
8972,4036293968,440957815,0xdf92529f,1,5,48000,328185,-1,166520720,73366,,,5541520
8973,4036475715,440957815,0xdf92529f,1,5,48000,100701,-1,549148352,19713,,,5542240
8974,4036590319,440957815,0xdf92529f,1,5,48000,202689,-1,204314480,43909,,,5542720
8975,4036658376,440957815,0xdf92529f,1,5,48000,387886,-1,386992688,96055,,,5543296
8976,4036884196,440957815,0xdf92529f,1,5,48000,310868,-1,228902528,85403,,,5544016
8977,4037177128,440957815,0xdf92529f,1,5,48000,82544,-1,526708272,15275,,,5544640
8978,4037232520,440957815,0xdf92529f,1,5,48000,339103,-1,225847504,115831,,,5545104
8979,4037287241,440957815,0xdf92529f,1,5,48000,199901,-1,220223888,50333,,,5545776
8980,4037472423,440957815,0xdf92529f,1,5,48000,391190,-1,305281296,89390,,,5546336
8981,4037623524,440957815,0xdf92529f,1,5,48000,247513,-1,24265520,62034,,,5547040
8982,4037698243,440957815,0xdf92529f,1,5,48000,126001,-1,112503536,22951,,,5547648
8983,4037807685,440957815,0xdf92529f,1,5,48000,61031,-1,70047680,10216,,,5548160
8984,4037917127,440957815,0xdf92529f,1,5,48000,157255,-1,33659040,38623,,,5548608
8985,4038097894,440957815,0xdf92529f,1,5,48000,124436,-1,547959504,23901,,,5549136
8986,4039451962,440957815,0xdf92529f,1,5,48000,139248,-1,451647040,37150,,,5549664
8987,4040091592,440957815,0xdf92529f,1,5,48000,121222,-1,307053648,22684,,,5550160
8988,4040383217,440957815,0xdf92529f,1,5,48000,98154,-1,402475744,31341,,,5550656
8989,4040997059,440957815,0xdf92529f,1,5,48000,318831,-1,457320000,79804,,,5551152
8990,4041630315,440957815,0xdf92529f,1,5,48000,284342,-1,350310768,61739,,,5551776
8991,4042495713,440957815,0xdf92529f,1,5,48000,333423,-1,362725344,119051,,,5552416
8992,4042790337,440957815,0xdf92529f,1,5,48000,309889,-1,408101152,70731,,,5553072
8993,4043433285,440957815,0xdf92529f,1,5,48000,346774,-1,431918416,119850,,,5553744
8994,4044822497,440957815,0xdf92529f,1,5,48000,235431,-1,286973296,58389,,,5554448
8995,4044877218,440957815,0xdf92529f,1,5,48000,311378,-1,280529632,75588,,,5555040
8996,4044931939,440957815,0xdf92529f,1,5,48000,382983,-1,272383648,81293,,,5555728
8997,4045461361,440957815,0xdf92529f,1,5,48000,216543,-1,81285680,51975,,,5556448
8998,4046032111,440957815,0xdf92529f,1,5,48000,427351,-1,503326400,151819,,,5557024
8999,4046736716,440957815,0xdf92529f,1,5,48000,465354,-1,489539280,121095,,,5557776
9000,4047267701,440957815,0xdf92529f,1,5,48000,110658,-1,118406944,24751,,,5558528
9001,4047322422,440957815,0xdf92529f,1,5,48000,246001,-1,99078544,52764,,,5559024
9002,4047729009,440957815,0xdf92529f,1,5,48000,540294,-1,513083024,170292,,,5559632
9003,4048262515,440957815,0xdf92529f,1,5,48000,361052,-1,531715440,90889,,,5560480
9004,4048780438,440957815,0xdf92529f,1,5,48000,182494,-1,154001888,43526,,,5561168
9005,4049934589,440957815,0xdf92529f,1,5,48000,283060,-1,461127200,61432,,,5561712
9006,4051249919,440957815,0xdf92529f,1,5,48000,135034,-1,466960896,30045,,,5562352
9007,4051887946,440957815,0xdf92529f,1,5,48000,96584,-1,216277472,19281,,,5562848
9008,4052517832,440957815,0xdf92529f,1,5,48000,340046,-1,19651648,81517,,,5563328
9009,4052811435,440957815,0xdf92529f,1,5,48000,397582,-1,29213152,87115,,,5564016
9010,4052996617,440957815,0xdf92529f,1,5,48000,218681,-1,200975040,37674,,,5564768
9011,4053048299,440957815,0xdf92529f,1,5,48000,228277,-1,207552736,56723,,,5565328
9012,4053366469,440957815,0xdf92529f,1,5,48000,135314,-1,347942848,27229,,,5565920
9013,4053803728,440957815,0xdf92529f,1,5,48000,392804,-1,214099856,112115,,,5566432
9014,4053913902,440957815,0xdf92529f,1,5,48000,100845,-1,423115392,16601,,,5567152
9015,4054160009,440957815,0xdf92529f,1,5,48000,321525,-1,115090784,73542,,,5567616
9016,4054252455,440957815,0xdf92529f,1,5,48000,67307,-1,210617680,28314,,,5568272
9017,4054398891,440957815,0xdf92529f,1,5,48000,335852,-1,150759328,87481,,,5568752
9018,4054743821,440957815,0xdf92529f,1,5,48000,69941,-1,552813616,12508,,,5569424
9019,4055076562,440957815,0xdf92529f,1,5,48000,201636,-1,182043120,48905,,,5569888
9020,4055133804,440957815,0xdf92529f,1,5,48000,233616,-1,504549744,71638,,,5570448
9021,4055261744,440957815,0xdf92529f,1,5,48000,172758,-1,227623600,62756,,,5571056
9022,4055947851,440957815,0xdf92529f,1,5,48000,140453,-1,482852144,28494,,,5571568
9023,4056303507,440957815,0xdf92529f,1,5,48000,310121,-1,526971184,86175,,,5572080
9024,4056314673,440957815,0xdf92529f,1,5,48000,436908,-1,146146768,107488,,,5572720
9025,4059826247,440957815,0xdf92529f,1,5,48000,127765,-1,269410688,20410,,,5573504
9026,4060351612,440957815,0xdf92529f,1,5,48000,88122,-1,467121408,16728,,,5574032
9027,4060695015,440957815,0xdf92529f,1,5,48000,320583,-1,179250336,73358,,,5574496
9028,4060873261,440957815,0xdf92529f,1,5,48000,112916,-1,361900720,33202,,,5575184
9029,4061173800,440957815,0xdf92529f,1,5,48000,249111,-1,236966912,56696,,,5575648
9030,4061283242,440957815,0xdf92529f,1,5,48000,349880,-1,219224144,112102,,,5576240
9031,4061619525,440957815,0xdf92529f,1,5,48000,328881,-1,20649984,87910,,,5576912
9032,4061748965,440957815,0xdf92529f,1,5,48000,295474,-1,86174976,65600,,,5577552
9033,4061858407,440957815,0xdf92529f,1,5,48000,130027,-1,49195152,24278,,,5578144
9034,4061913128,440957815,0xdf92529f,1,5,48000,266017,-1,29951440,58989,,,5578672
9035,4061927211,440957815,0xdf92529f,1,5,48000,268447,-1,336284320,54573,,,5579328
9036,4063425865,440957815,0xdf92529f,1,5,48000,74000,-1,56204560,9764,,,5579936
9037,4063535307,440957815,0xdf92529f,1,5,48000,494588,-1,15023184,111261,,,5580384
9038,4064322410,440957815,0xdf92529f,1,5,48000,25711,-1,211102832,11314,,,5581184
9039,4064859599,440957815,0xdf92529f,1,5,48000,234014,-1,567551216,53882,,,5581632
9040,4065250129,440957815,0xdf92529f,1,5,48000,213362,-1,158160112,53294,,,5582256
9041,4066113493,440957815,0xdf92529f,1,5,48000,493565,-1,474774656,116555,,,5582832
9042,4066615239,440957815,0xdf92529f,1,5,48000,356339,-1,456308416,95229,,,5583728
9043,4066727049,440957815,0xdf92529f,1,5,48000,493777,-1,160674048,108506,,,5584416
9044,4067188779,440957815,0xdf92529f,1,5,48000,85160,-1,436091040,22850,,,5585200
9045,4067361503,440957815,0xdf92529f,1,5,48000,492039,-1,323848352,112898,,,5585680
9046,4068197897,440957815,0xdf92529f,1,5,48000,231876,-1,246025840,67339,,,5586544
9047,4068654335,440957815,0xdf92529f,1,5,48000,290651,-1,305821840,70559,,,5587152
9048,4068927940,440957815,0xdf92529f,1,5,48000,267310,-1,270216944,60352,,,5587760
9049,4071208981,440957815,0xdf92529f,1,5,48000,284828,-1,140998112,58961,,,5588416
9050,4071451405,440957815,0xdf92529f,1,5,48000,425984,-1,526257792,131089,,,5589072
9051,4072338318,440957815,0xdf92529f,1,5,48000,76255,-1,556564064,13991,,,5589824
9052,4072776439,440957815,0xdf92529f,1,5,48000,193132,-1,149077120,46640,,,5590288
9053,4072831160,440957815,0xdf92529f,1,5,48000,131205,-1,123747536,24993,,,5590848
9054,4073183026,440957815,0xdf92529f,1,5,48000,311352,-1,523863392,83913,,,5591360
9055,4073229727,440957815,0xdf92529f,1,5,48000,185136,-1,564339088,30972,,,5591984
9056,4075215186,440957815,0xdf92529f,1,5,48000,370018,-1,476742400,84265,,,5592544
9057,4077214023,440957815,0xdf92529f,1,5,48000,100494,-1,505100000,28094,,,5593248
9058,4077690287,440957815,0xdf92529f,1,5,48000,369440,-1,224532944,116532,,,5593744
9059,4078265452,440957815,0xdf92529f,1,5,48000,115259,-1,69091040,23685,,,5594448
9060,4078374894,440957815,0xdf92529f,1,5,48000,404606,-1,32996160,106348,,,5594976
9061,4078429615,440957815,0xdf92529f,1,5,48000,169903,-1,9386704,39922,,,5595744
9062,4078669518,440957815,0xdf92529f,1,5,48000,143096,-1,188539024,28366,,,5596272
9063,4079444427,440957815,0xdf92529f,1,5,48000,399426,-1,534814688,102160,,,5596784
9064,4079551348,440957815,0xdf92529f,1,5,48000,65657,-1,234751200,9031,,,5597520
9065,4079834410,440957815,0xdf92529f,1,5,48000,218714,-1,486287616,56314,,,5597968
9066,4079942352,440957815,0xdf92529f,1,5,48000,200694,-1,39311408,39201,,,5598576
9067,4080365395,440957815,0xdf92529f,1,5,48000,187209,-1,115640400,39790,,,5599200
9068,4081108265,440957815,0xdf92529f,1,5,48000,500783,-1,485198992,138828,,,5599760
9069,4081376341,440957815,0xdf92529f,1,5,48000,2721282,-1,545536928,932240,,,5600544
9070,4082619981,440957815,0xdf92529f,1,5,48000,357574,-1,468333488,80815,,,5603360
9071,4083486986,440957815,0xdf92529f,1,5,48000,287515,-1,412744944,66177,,,5604096
9072,4084226314,440957815,0xdf92529f,1,5,48000,330804,-1,316431408,69935,,,5604720
9073,4084692037,440957815,0xdf92529f,1,5,48000,461824,-1,212240080,130285,,,5605408
9074,4084718161,440957815,0xdf92529f,1,5,48000,299839,-1,443241792,63537,,,5606160
9075,4084985640,440957815,0xdf92529f,1,5,48000,298704,-1,214951312,78558,,,5606832
9076,4085169801,440957815,0xdf92529f,1,5,48000,228878,-1,230410320,46852,,,5607488
9077,4085280264,440957815,0xdf92529f,1,5,48000,382332,-1,286057904,83668,,,5608048
9078,4085293326,440957815,0xdf92529f,1,5,48000,375542,-1,418168960,85887,,,5608768
9079,4085519146,440957815,0xdf92529f,1,5,48000,341926,-1,295970256,79912,,,5609472
9080,4085560805,440957815,0xdf92529f,1,5,48000,195624,-1,37152864,44603,,,5610176
9081,4085684330,440957815,0xdf92529f,1,5,48000,405598,-1,328175952,86915,,,5610736
9082,4085799687,440957815,0xdf92529f,1,5,48000,159810,-1,62858352,28047,,,5611472
9083,4086215919,440957815,0xdf92529f,1,5,48000,95461,-1,556728464,18669,,,5612000
9084,4086217836,440957815,0xdf92529f,1,5,48000,339467,-1,387370432,102036,,,5612480
9085,4086278472,440957815,0xdf92529f,1,5,48000,203884,-1,203309200,44236,,,5613168
9086,4086607819,440957815,0xdf92529f,1,5,48000,220680,-1,211226352,49175,,,5613728
9087,4086791980,440957815,0xdf92529f,1,5,48000,419577,-1,226365456,144856,,,5614304
9088,4087257703,440957815,0xdf92529f,1,5,48000,264405,-1,112526528,59040,,,5615072
9089,4087312424,440957815,0xdf92529f,1,5,48000,101633,-1,92538240,19997,,,5615696
9090,4087531308,440957815,0xdf92529f,1,5,48000,197127,-1,10317920,46831,,,5616160
9091,4088010093,440957815,0xdf92529f,1,5,48000,171995,-1,196038160,39531,,,5616672
9092,4089118764,440957815,0xdf92529f,1,5,48000,275370,-1,132803872,67493,,,5617216
9093,4090392356,440957815,0xdf92529f,1,5,48000,353429,-1,459434592,86864,,,5617872
9094,4091480008,440957815,0xdf92529f,1,5,48000,190017,-1,430881520,53961,,,5618576
9095,4092000452,440957815,0xdf92529f,1,5,48000,265144,-1,371042384,80535,,,5619152
9096,4094491399,440957815,0xdf92529f,1,5,48000,198165,-1,272551920,42348,,,5619776
9097,4094765479,440957815,0xdf92529f,1,5,48000,216929,-1,175275376,54437,,,5620336
9098,4094970184,440957815,0xdf92529f,1,5,48000,300851,-1,343239792,61697,,,5620928
9099,4095006573,440957815,0xdf92529f,1,5,48000,97144,-1,247871536,29944,,,5621600
9100,4095591571,440957815,0xdf92529f,1,5,48000,380690,-1,503478256,111822,,,5622096
9101,4095683210,440957815,0xdf92529f,1,5,48000,103276,-1,156285696,22692,,,5622816
9102,4096881882,440957815,0xdf92529f,1,5,48000,135621,-1,99382336,29189,,,5623280
9103,4097295405,440957815,0xdf92529f,1,5,48000,327089,-1,477751472,88266,,,5623776
9104,4099344497,440957815,0xdf92529f,1,5,48000,398385,-1,401039760,105118,,,5624416
9105,4099424656,440957815,0xdf92529f,1,5,48000,73007,-1,241780176,11924,,,5625120
9106,4099494049,440957815,0xdf92529f,1,5,48000,135648,-1,461320096,28474,,,5625568
9107,4100558898,440957815,0xdf92529f,1,5,48000,299492,-1,555401904,71511,,,5626080
9108,4101444283,440957815,0xdf92529f,1,5,48000,43563,-1,401678256,15697,,,5626704
9109,4101631567,440957815,0xdf92529f,1,5,48000,306644,-1,235245520,34890,,,5627168
9110,4102206732,440957815,0xdf92529f,1,5,48000,114118,-1,84547648,22910,,,5627792
9111,4102425616,440957815,0xdf92529f,1,5,48000,396421,-1,4373008,92298,,,5628272
9112,4102551662,440957815,0xdf92529f,1,5,48000,98320,-1,547695552,18127,,,5629040
9113,4102735823,440957815,0xdf92529f,1,5,48000,251415,-1,551926768,58126,,,5629520
9114,4103774190,440957815,0xdf92529f,1,5,48000,233411,-1,96725472,52979,,,5630048
9115,4103938353,440957815,0xdf92529f,1,5,48000,164927,-1,36121552,39013,,,5630656
9116,4103993074,440957815,0xdf92529f,1,5,48000,299473,-1,13991584,70031,,,5631152
9117,4104177235,440957815,0xdf92529f,1,5,48000,249874,-1,62370736,47383,,,5631808
9118,4105874133,440957815,0xdf92529f,1,5,48000,191625,-1,146339568,38094,,,5632400
9119,4105931375,440957815,0xdf92529f,1,5,48000,282310,-1,500188768,56614,,,5632992
9120,4106257097,440957815,0xdf92529f,1,5,48000,41515,-1,209687280,17356,,,5633600
9121,4106553448,440957815,0xdf92529f,1,5,48000,120340,-1,248439312,34426,,,5634064
9122,4106798380,440957815,0xdf92529f,1,5,48000,271199,-1,444506496,68409,,,5634624
9123,4107967138,440957815,0xdf92529f,1,5,48000,237266,-1,244285632,73039,,,5635216
9124,4108298055,440957815,0xdf92529f,1,5,48000,316620,-1,388463344,62791,,,5635808
9125,4108926920,440957815,0xdf92529f,1,5,48000,392013,-1,221356768,100790,,,5636512
9126,4109092104,440957815,0xdf92529f,1,5,48000,363896,-1,265872080,84046,,,5637216
9127,4109112102,440957815,0xdf92529f,1,5,48000,362303,-1,305665296,89935,,,5637920
9128,4109159887,440957815,0xdf92529f,1,5,48000,662257,-1,405794752,115317,,,5638608
9129,4109385707,440957815,0xdf92529f,1,5,48000,370680,-1,269535760,93743,,,5639456
9130,4109611527,440957815,0xdf92529f,1,5,48000,458183,-1,10785440,118295,,,5640128
9131,4109785069,440957815,0xdf92529f,1,5,48000,131177,-1,526783040,26418,,,5640880
9132,4110507440,440957815,0xdf92529f,1,5,48000,361864,-1,395201200,102952,,,5641392
9133,4110898444,440957815,0xdf92529f,1,5,48000,257512,-1,281336496,51182,,,5642112
9134,4111069543,440957815,0xdf92529f,1,5,48000,99461,-1,60599600,18546,,,5642736
9135,4111082605,440957815,0xdf92529f,1,5,48000,242934,-1,301516256,66231,,,5643216
9136,4111137326,440957815,0xdf92529f,1,5,48000,255488,-1,290601152,55871,,,5643808
9137,4111178985,440957815,0xdf92529f,1,5,48000,136984,-1,20783792,28995,,,5644400
9138,4111198983,440957815,0xdf92529f,1,5,48000,393337,-1,133522240,96079,,,5644928
9139,4111358536,440957815,0xdf92529f,1,5,48000,267449,-1,398713984,56577,,,5645680
9140,4111527309,440957815,0xdf92529f,1,5,48000,344538,-1,5949024,85202,,,5646304
9141,4112006094,440957815,0xdf92529f,1,5,48000,332690,-1,194246032,93709,,,5646976
9142,4112278704,440957815,0xdf92529f,1,5,48000,327832,-1,397074080,82639,,,5647648
9143,4112699533,440957815,0xdf92529f,1,5,48000,117596,-1,307156944,23509,,,5648320
9144,4112930604,440957815,0xdf92529f,1,5,48000,351311,-1,74446400,75946,,,5648816
9145,4113060044,440957815,0xdf92529f,1,5,48000,293525,-1,152072864,75959,,,5649504
9146,4113114765,440957815,0xdf92529f,1,5,48000,379776,-1,126878032,99553,,,5650176
9147,4113854851,440957815,0xdf92529f,1,5,48000,160384,-1,438516320,44707,,,5650896
9148,4115672953,440957815,0xdf92529f,1,5,48000,211499,-1,475184096,43565,,,5651440
9149,4115900073,440957815,0xdf92529f,1,5,48000,376615,-1,446667744,109073,,,5652032
9150,4115955815,440957815,0xdf92529f,1,5,48000,190809,-1,466234432,37696,,,5652752
9151,4116125893,440957815,0xdf92529f,1,5,48000,343915,-1,393173888,98950,,,5653296
9152,4116286509,440957815,0xdf92529f,1,5,48000,367524,-1,165499136,88112,,,5653920
9153,4116475238,440957815,0xdf92529f,1,5,48000,473934,-1,420797600,85709,,,5654560
9154,4116571618,440957815,0xdf92529f,1,5,48000,270999,-1,272634960,77134,,,5655312
9155,4116975684,440957815,0xdf92529f,1,5,48000,136398,-1,318954624,31729,,,5655952
9156,4117159845,440957815,0xdf92529f,1,5,48000,239114,-1,330225600,47145,,,5656464
9157,4117385665,440957815,0xdf92529f,1,5,48000,209077,-1,187453120,39416,,,5657056
9158,4117735010,440957815,0xdf92529f,1,5,48000,252191,-1,218167280,62177,,,5657632
9159,4118193797,440957815,0xdf92529f,1,5,48000,196475,-1,266821520,44802,,,5658272
9160,4118213795,440957815,0xdf92529f,1,5,48000,356841,-1,305892432,78296,,,5658832
9161,4118966185,440957815,0xdf92529f,1,5,48000,268224,-1,339025648,74346,,,5659520
9162,4120225957,440957815,0xdf92529f,1,5,48000,352720,-1,40563648,81017,,,5660144
9163,4121852678,440957815,0xdf92529f,1,5,48000,39082,-1,402680624,12867,,,5660832
9164,4122776520,440957815,0xdf92529f,1,5,48000,191274,-1,245456960,58394,,,5661296
9165,4124498091,440957815,0xdf92529f,1,5,48000,327119,-1,501792240,65404,,,5661840
9166,4126257454,440957815,0xdf92529f,1,5,48000,130934,-1,62502176,22002,,,5662464
9167,4126312175,440957815,0xdf92529f,1,5,48000,67994,-1,44490736,10746,,,5662976
9168,4126521843,440957815,0xdf92529f,1,5,48000,80205,-1,423197856,13209,,,5663440
9169,4126552078,440957815,0xdf92529f,1,5,48000,109480,-1,196077728,23419,,,5663904
9170,4126661520,440957815,0xdf92529f,1,5,48000,110544,-1,186989520,20887,,,5664384
9171,4126716241,440957815,0xdf92529f,1,5,48000,357288,-1,182333200,82453,,,5664880
9172,4126860396,440957815,0xdf92529f,1,5,48000,56282,-1,210716528,18157,,,5665600
9173,4127083690,440957815,0xdf92529f,1,5,48000,299317,-1,561201424,104971,,,5666064
9174,4127304468,440957815,0xdf92529f,1,5,48000,175834,-1,220101216,39625,,,5666720
9175,4127587530,440957815,0xdf92529f,1,5,48000,267018,-1,483535632,82335,,,5667264
9176,4127934354,440957815,0xdf92529f,1,5,48000,316744,-1,33264080,78709,,,5667888
9177,4127950958,440957815,0xdf92529f,1,5,48000,77206,-1,553237312,13936,,,5668496
9178,4127954352,440957815,0xdf92529f,1,5,48000,174518,-1,146508224,38826,,,5668960
9179,4128009073,440957815,0xdf92529f,1,5,48000,387110,-1,120473264,88606,,,5669520
9180,4128066315,440957815,0xdf92529f,1,5,48000,438559,-1,498851488,93409,,,5670272
9181,4129003887,440957815,0xdf92529f,1,5,48000,265703,-1,535167184,69732,,,5670992
9182,4129393870,440957815,0xdf92529f,1,5,48000,190306,-1,486717712,54370,,,5671568
9183,4129631252,440957815,0xdf92529f,1,5,48000,271323,-1,106914448,67390,,,5672144
9184,4129924855,440957815,0xdf92529f,1,5,48000,280538,-1,115680224,66421,,,5672752
9185,4133088105,440957815,0xdf92529f,1,5,48000,379205,-1,263032128,80730,,,5673408
9186,4133514690,440957815,0xdf92529f,1,5,48000,120604,-1,553837200,27306,,,5674112
9187,4133607528,440957815,0xdf92529f,1,5,48000,163062,-1,6474576,35305,,,5674592
9188,4133785774,440957815,0xdf92529f,1,5,48000,352257,-1,316501376,79111,,,5675120
9189,4134264559,440957815,0xdf92529f,1,5,48000,334681,-1,382199760,78917,,,5675840
9190,4134503441,440957815,0xdf92529f,1,5,48000,445787,-1,390533952,129206,,,5676512
9191,4135065544,440957815,0xdf92529f,1,5,48000,173826,-1,57216240,29743,,,5677248
9192,4135120265,440957815,0xdf92529f,1,5,48000,267894,-1,37300256,71243,,,5677792
9193,4135242769,440957815,0xdf92529f,1,5,48000,188285,-1,276627328,38190,,,5678416
9194,4135359147,440957815,0xdf92529f,1,5,48000,183618,-1,62999152,43618,,,5678960
9195,4135427951,440957815,0xdf92529f,1,5,48000,251473,-1,342489344,62860,,,5679504
9196,4135837932,440957815,0xdf92529f,1,5,48000,133291,-1,203520336,30825,,,5680144
9197,4137056045,440957815,0xdf92529f,1,5,48000,190836,-1,147568448,45552,,,5680656
9198,4137110766,440957815,0xdf92529f,1,5,48000,268578,-1,121427280,62870,,,5681200
9199,4137467540,440957815,0xdf92529f,1,5,48000,176263,-1,567782352,42461,,,5681824
9200,4137926118,440957815,0xdf92529f,1,5,48000,323302,-1,311507152,77863,,,5682400
9201,4138959523,440957815,0xdf92529f,1,5,48000,248183,-1,433947184,86845,,,5683040
9202,4139334990,440957815,0xdf92529f,1,5,48000,278686,-1,160997584,61267,,,5683648
9203,4139796720,440957815,0xdf92529f,1,5,48000,95569,-1,436205440,17263,,,5684272
9204,4139951816,440957815,0xdf92529f,1,5,48000,247589,-1,459696960,59646,,,5684752
9205,4140471239,440957815,0xdf92529f,1,5,48000,225740,-1,415626016,48643,,,5685344
9206,4141039468,440957815,0xdf92529f,1,5,48000,230436,-1,431047120,64980,,,5685936
9207,4141395749,440957815,0xdf92529f,1,5,48000,245924,-1,382775104,65920,,,5686544
9208,4142306176,440957815,0xdf92529f,1,5,48000,359793,-1,41535504,85760,,,5687168
9209,4142360897,440957815,0xdf92529f,1,5,48000,277776,-1,22509376,68928,,,5687824
9210,4142538122,440957815,0xdf92529f,1,5,48000,383434,-1,249464976,96380,,,5688480
9211,4142668583,440957815,0xdf92529f,1,5,48000,325469,-1,336616448,82780,,,5689184
9212,4144221958,440957815,0xdf92529f,1,5,48000,206153,-1,38167568,49852,,,5689872
9213,4145242670,440957815,0xdf92529f,1,5,48000,79500,-1,157707840,14759,,,5690448
9214,4146331900,440957815,0xdf92529f,1,5,48000,86794,-1,145638592,15993,,,5690912
9215,4146419039,440957815,0xdf92529f,1,5,48000,172786,-1,427493184,32396,,,5691376
9216,4147468421,440957815,0xdf92529f,1,5,48000,121297,-1,170208096,23433,,,5691920
9217,4147546572,440957815,0xdf92529f,1,5,48000,87966,-1,501389648,15078,,,5692432
9218,4148755691,440957815,0xdf92529f,1,5,48000,477223,-1,561831904,104604,,,5692912
9219,4149344102,440957815,0xdf92529f,1,5,48000,309642,-1,174645712,88633,,,5693712
9220,4150548079,440957815,0xdf92529f,1,5,48000,320856,-1,195706112,81351,,,5694352
9221,4150602800,440957815,0xdf92529f,1,5,48000,286804,-1,190314816,70075,,,5695008
9222,4151191027,440957815,0xdf92529f,1,5,48000,66243,-1,235365728,9850,,,5695664
9223,4151656750,440957815,0xdf92529f,1,5,48000,427862,-1,132054368,96670,,,5696112
9224,4151950353,440957815,0xdf92529f,1,5,48000,251981,-1,142887712,65318,,,5696864
9225,4151985076,440957815,0xdf92529f,1,5,48000,447814,-1,4841248,116131,,,5697456
9226,4152005074,440957815,0xdf92529f,1,5,48000,294769,-1,116052576,66701,,,5698208
9227,4152758485,440957815,0xdf92529f,1,5,48000,236085,-1,237205696,74457,,,5698880
9228,4153041547,440957815,0xdf92529f,1,5,48000,388224,-1,491265792,105677,,,5699488
9229,4153333650,440957815,0xdf92529f,1,5,48000,109991,-1,96833872,18234,,,5700192
9230,4153388371,440957815,0xdf92529f,1,5,48000,155220,-1,73803040,40880,,,5700672
9231,4155956558,440957815,0xdf92529f,1,5,48000,377920,-1,480491008,94637,,,5701184
9232,4156357840,440957815,0xdf92529f,1,5,48000,402147,-1,444730800,116503,,,5701952
9233,4156399499,440957815,0xdf92529f,1,5,48000,422260,-1,376182304,125580,,,5702688
9234,4156583660,440957815,0xdf92529f,1,5,48000,213781,-1,391364368,49062,,,5703456
9235,4156919943,440957815,0xdf92529f,1,5,48000,275015,-1,286870480,63860,,,5704064
9236,4157097168,440957815,0xdf92529f,1,5,48000,128174,-1,408714688,27033,,,5704688
9237,4157672333,440957815,0xdf92529f,1,5,48000,393933,-1,324925952,90277,,,5705216
9238,4158083335,440957815,0xdf92529f,1,5,48000,161083,-1,229722416,31730,,,5706000
9239,4158127017,440957815,0xdf92529f,1,5,48000,178348,-1,557976608,42091,,,5706528
9240,4158260560,440957815,0xdf92529f,1,5,48000,257441,-1,379746000,83912,,,5707088
9241,4158822663,440957815,0xdf92529f,1,5,48000,59798,-1,24934288,8427,,,5707664
9242,4158848787,440957815,0xdf92529f,1,5,48000,391824,-1,414300016,89881,,,5708112
9243,4158999888,440957815,0xdf92529f,1,5,48000,306101,-1,254086464,80696,,,5708784
9244,4159170987,440957815,0xdf92529f,1,5,48000,153258,-1,10919232,35472,,,5709440
9245,4159423952,440957815,0xdf92529f,1,5,48000,408138,-1,338236800,91264,,,5709984
9246,4160185799,440957815,0xdf92529f,1,5,48000,328470,-1,538859360,86129,,,5710752
9247,4160758443,440957815,0xdf92529f,1,5,48000,260660,-1,133661088,58768,,,5711424
9248,4160813164,440957815,0xdf92529f,1,5,48000,170156,-1,108403728,35343,,,5712064
9249,4160867885,440957815,0xdf92529f,1,5,48000,295110,-1,86782816,71342,,,5712608
9250,4160925127,440957815,0xdf92529f,1,5,48000,237641,-1,496612336,50587,,,5713216
9251,4161052046,440957815,0xdf92529f,1,5,48000,194619,-1,143836560,45896,,,5713792
9252,4161161488,440957815,0xdf92529f,1,5,48000,112051,-1,98253456,20729,,,5714352
9253,4161358141,440957815,0xdf92529f,1,5,48000,247332,-1,172684448,65644,,,5714832
9254,4163414311,440957815,0xdf92529f,1,5,48000,341541,-1,438963120,113432,,,5715440
9255,4163933734,440957815,0xdf92529f,1,5,48000,171635,-1,372910544,28886,,,5716080
9256,4164044197,440957815,0xdf92529f,1,5,48000,257272,-1,403401680,56981,,,5716608
9257,4164748802,440957815,0xdf92529f,1,5,48000,341899,-1,337424096,70594,,,5717200
9258,4165685353,440957815,0xdf92529f,1,5,48000,274653,-1,393524528,53215,,,5717904
9259,4165845969,440957815,0xdf92529f,1,5,48000,213097,-1,168606864,43014,,,5718496
9260,4165937159,440957815,0xdf92529f,1,5,48000,273941,-1,398119184,68461,,,5719072
9261,4166260518,440957815,0xdf92529f,1,5,48000,248155,-1,298603104,47760,,,5719664
9262,4166356898,440957815,0xdf92529f,1,5,48000,283205,-1,18400224,66295,,,5720272
9263,4166535144,440957815,0xdf92529f,1,5,48000,79742,-1,319157424,13200,,,5720944
9264,4166609863,440957815,0xdf92529f,1,5,48000,318031,-1,343862256,74233,,,5721408
9265,4166835683,440957815,0xdf92529f,1,5,48000,240141,-1,199105584,46315,,,5722128
9266,4167423910,440957815,0xdf92529f,1,5,48000,314234,-1,238316912,80177,,,5722720
9267,4167614514,440957815,0xdf92529f,1,5,48000,110842,-1,247998096,35943,,,5723408
9268,4167827976,440957815,0xdf92529f,1,5,48000,342663,-1,302801904,66877,,,5723952
9269,4168108517,440957815,0xdf92529f,1,5,48000,220344,-1,72227280,48900,,,5724624
9270,4168217959,440957815,0xdf92529f,1,5,48000,291377,-1,34666784,73927,,,5725216
9271,4168291151,440957815,0xdf92529f,1,5,48000,197367,-1,156433888,44646,,,5725840
9272,4170255703,440957815,0xdf92529f,1,5,48000,138506,-1,494135920,34267,,,5726416
9273,4170327901,440957815,0xdf92529f,1,5,48000,254329,-1,141351312,63132,,,5726928
9274,4171133728,440957815,0xdf92529f,1,5,48000,385129,-1,461975472,103821,,,5727520
9275,4171523711,440957815,0xdf92529f,1,5,48000,309889,-1,406749664,70787,,,5728224
9276,4172153597,440957815,0xdf92529f,1,5,48000,173271,-1,317296224,37174,,,5728896
9277,4173384772,440957815,0xdf92529f,1,5,48000,433797,-1,409222352,87811,,,5729456
9278,4175707472,440957815,0xdf92529f,1,5,48000,189342,-1,104465040,35345,,,5730160
9279,4177220209,440957815,0xdf92529f,1,5,48000,171610,-1,137129136,35965,,,5730736
9280,4177329651,440957815,0xdf92529f,1,5,48000,320457,-1,91617344,81725,,,5731312
9281,4177404370,440957815,0xdf92529f,1,5,48000,613316,-1,154815984,131744,,,5731952
9282,4177513812,440957815,0xdf92529f,1,5,48000,240555,-1,146547088,61836,,,5732848
9283,4177796001,440957815,0xdf92529f,1,5,48000,241344,-1,565369232,61115,,,5733440
9284,4177920399,440957815,0xdf92529f,1,5,48000,292603,-1,520136288,82806,,,5734032
9285,4178647965,440957815,0xdf92529f,1,5,48000,157025,-1,454159376,35373,,,5734672
9286,4178659727,440957815,0xdf92529f,1,5,48000,160725,-1,484388912,45553,,,5735216
9287,4178865038,440957815,0xdf92529f,1,5,48000,17514,-1,209783376,7129,,,5735744
9288,4178869764,440957815,0xdf92529f,1,5,48000,70849,-1,169918240,12891,,,5736176
9289,4178953330,440957815,0xdf92529f,1,5,48000,373041,-1,486876064,103624,,,5736640
9290,4179161389,440957815,0xdf92529f,1,5,48000,88069,-1,248581344,24286,,,5737344
9291,4179952559,440957815,0xdf92529f,1,5,48000,293367,-1,471619232,82842,,,5737872
9292,4180929006,440957815,0xdf92529f,1,5,48000,139433,-1,414806608,22356,,,5738512
9293,4181025386,440957815,0xdf92529f,1,5,48000,433591,-1,269886720,98516,,,5739040
9294,4181086757,440957815,0xdf92529f,1,5,48000,204486,-1,425787552,48192,,,5739808
9295,4181436824,440957815,0xdf92529f,1,5,48000,33600,-1,401394896,12360,,,5740384
9296,4182605906,440957815,0xdf92529f,1,5,48000,192566,-1,413001584,35240,,,5740848
9297,4182941168,440957815,0xdf92529f,1,5,48000,268744,-1,268004160,69491,,,5741408
9298,4183057546,440957815,0xdf92529f,1,5,48000,242429,-1,49447600,59128,,,5742016
9299,4183112267,440957815,0xdf92529f,1,5,48000,242182,-1,31155216,56109,,,5742592
9300,4183235792,440957815,0xdf92529f,1,5,48000,309741,-1,325883536,76748,,,5743184
9301,4184515562,440957815,0xdf92529f,1,5,48000,134266,-1,97675952,19640,,,5743856
9302,4184625004,440957815,0xdf92529f,1,5,48000,386444,-1,57310416,79263,,,5744368
9303,4184638066,440957815,0xdf92529f,1,5,48000,275685,-1,296672144,63049,,,5745120
9304,4184699723,440957815,0xdf92529f,1,5,48000,225248,-1,152520400,56581,,,5745744
9305,4184809165,440957815,0xdf92529f,1,5,48000,129893,-1,105145776,21959,,,5746368
9306,4184918607,440957815,0xdf92529f,1,5,48000,236765,-1,63183632,57825,,,5746880
9307,4184973328,440957815,0xdf92529f,1,5,48000,160452,-1,45568208,28189,,,5747456
9308,4185213231,440957815,0xdf92529f,1,5,48000,250970,-1,197762576,61880,,,5748000
9309,4186545989,440957815,0xdf92529f,1,5,48000,79798,-1,248088288,19352,,,5748592
9310,4186615505,440957815,0xdf92529f,1,5,48000,217860,-1,147699616,49267,,,5749120
9311,4186670226,440957815,0xdf92529f,1,5,48000,287434,-1,121636640,70137,,,5749712
9312,4187690853,440957815,0xdf92529f,1,5,48000,170948,-1,360055872,29380,,,5750336
9313,4188894450,440957815,0xdf92529f,1,5,48000,346005,-1,165878944,79692,,,5750880
9314,4189777610,440957815,0xdf92529f,1,5,48000,70916,-1,526541312,13818,,,5751584
9315,4189901259,440957815,0xdf92529f,1,5,48000,201046,-1,406373040,44044,,,5752032
9316,4190030699,440957815,0xdf92529f,1,5,48000,224695,-1,415805648,41653,,,5752592
9317,4190155445,440957815,0xdf92529f,1,5,48000,155839,-1,560308128,35731,,,5753184
9318,4190352899,440957815,0xdf92529f,1,5,48000,389578,-1,12660672,86332,,,5753680
9319,4190369503,440957815,0xdf92529f,1,5,48000,75570,-1,550754096,13457,,,5754416
9320,4190424224,440957815,0xdf92529f,1,5,48000,88458,-1,549895840,16099,,,5754880
9321,4190476424,440957815,0xdf92529f,1,5,48000,350432,-1,322685680,77630,,,5755360
9322,4190605864,440957815,0xdf92529f,1,5,48000,301246,-1,339756112,62448,,,5756064
9323,4190827269,440957815,0xdf92529f,1,5,48000,102003,-1,547424192,18845,,,5756704
9324,4191694537,440957815,0xdf92529f,1,5,48000,428945,-1,275482608,115696,,,5757184
9325,4191878698,440957815,0xdf92529f,1,5,48000,179779,-1,290906704,36314,,,5757904
9326,4191940355,440957815,0xdf92529f,1,5,48000,244630,-1,135602416,65012,,,5758448
9327,4191995076,440957815,0xdf92529f,1,5,48000,193009,-1,109571200,36473,,,5759040
9328,4192104518,440957815,0xdf92529f,1,5,48000,393288,-1,67536688,89101,,,5759616
9329,4192159239,440957815,0xdf92529f,1,5,48000,321310,-1,50065280,73707,,,5760352
9330,4192268681,440957815,0xdf92529f,1,5,48000,252686,-1,7608528,65553,,,5761056
9331,4192563305,440957815,0xdf92529f,1,5,48000,258403,-1,184461616,48678,,,5761680
9332,4192692074,440957815,0xdf92529f,1,5,48000,107094,-1,306908752,19966,,,5762256
9333,4192973455,440957815,0xdf92529f,1,5,48000,106426,-1,568124368,22486,,,5762736
9334,4193671976,440957815,0xdf92529f,1,5,48000,258711,-1,76239536,61416,,,5763216
9335,4194733010,440957815,0xdf92529f,1,5,48000,382029,-1,557187136,130258,,,5763824
9336,4195519712,440957815,0xdf92529f,1,5,48000,372695,-1,405437568,77622,,,5764512
9337,4196414325,440957815,0xdf92529f,1,5,48000,177568,-1,478336768,47704,,,5765184
9338,4196641445,440957815,0xdf92529f,1,5,48000,246728,-1,449233360,77232,,,5765712
9339,4197367711,440957815,0xdf92529f,1,5,48000,186799,-1,260364448,37091,,,5766288
9340,4197717056,440957815,0xdf92529f,1,5,48000,174950,-1,319903456,38899,,,5766832
9341,4197955938,440957815,0xdf92529f,1,5,48000,139901,-1,325536592,29027,,,5767392
9342,4198250562,440957815,0xdf92529f,1,5,48000,188221,-1,377427296,58334,,,5767920
9343,4199820866,440957815,0xdf92529f,1,5,48000,108929,-1,313730608,36004,,,5768496
9344,4199993682,440957815,0xdf92529f,1,5,48000,96585,-1,550313376,17279,,,5769008
9345,4200643566,440957815,0xdf92529f,1,5,48000,270346,-1,536929728,60331,,,5769504
9346,4200750487,440957815,0xdf92529f,1,5,48000,272595,-1,235540320,93673,,,5770176
9347,4201216210,440957815,0xdf92529f,1,5,48000,335720,-1,132510272,76512,,,5770800
9348,4201509813,440957815,0xdf92529f,1,5,48000,304889,-1,143051184,76530,,,5771520
9349,4201564534,440957815,0xdf92529f,1,5,48000,250574,-1,116119312,57983,,,5772192
9350,4203077271,440957815,0xdf92529f,1,5,48000,231482,-1,151197728,48400,,,5772784
9351,4203599920,440957815,0xdf92529f,1,5,48000,294068,-1,555212080,69667,,,5773392
9352,4205917300,440957815,0xdf92529f,1,5,48000,295495,-1,445130432,91899,,,5774016
9353,4205966951,440957815,0xdf92529f,1,5,48000,102681,-1,347772240,20936,,,5774656
9354,4206143120,440957815,0xdf92529f,1,5,48000,422590,-1,391552752,120052,,,5775136
9355,4206492465,440957815,0xdf92529f,1,5,48000,402946,-1,419408592,78491,,,5775856
9356,4206656628,440957815,0xdf92529f,1,5,48000,318902,-1,408741760,78159,,,5776592
9357,4206814665,440957815,0xdf92529f,1,5,48000,147979,-1,17405872,29664,,,5777264
9358,4206827727,440957815,0xdf92529f,1,5,48000,250020,-1,283037344,58332,,,5777792
9359,4206995432,440957815,0xdf92529f,1,5,48000,113627,-1,546799088,25216,,,5778400
9360,4207053547,440957815,0xdf92529f,1,5,48000,83199,-1,46579328,14536,,,5778864
9361,4207293450,440957815,0xdf92529f,1,5,48000,215505,-1,198275712,43851,,,5779328
9362,4207654339,440957815,0xdf92529f,1,5,48000,233726,-1,351915984,56653,,,5779936
9363,4208231022,440957815,0xdf92529f,1,5,48000,284183,-1,305755264,66544,,,5780544
9364,4208402121,440957815,0xdf92529f,1,5,48000,352509,-1,138396080,90156,,,5781152
9365,4208456842,440957815,0xdf92529f,1,5,48000,83179,-1,113139248,15163,,,5781888
9366,4208566284,440957815,0xdf92529f,1,5,48000,139641,-1,71231136,29748,,,5782352
9367,4208621005,440957815,0xdf92529f,1,5,48000,351117,-1,53163168,70641,,,5782864
9368,4208747051,440957815,0xdf92529f,1,5,48000,87382,-1,550535136,15735,,,5783536
9369,4209102311,440957815,0xdf92529f,1,5,48000,352198,-1,521946368,99532,,,5784000
9370,4209745259,440957815,0xdf92529f,1,5,48000,402731,-1,539349392,108566,,,5784688
9371,4210427345,440957815,0xdf92529f,1,5,48000,269801,-1,87083472,62961,,,5785424
9372,4210752370,440957815,0xdf92529f,1,5,48000,359507,-1,209037872,93008,,,5786048
9373,4213035428,440957815,0xdf92529f,1,5,48000,247941,-1,384109296,67849,,,5786752
9374,4213211502,440957815,0xdf92529f,1,5,48000,88615,-1,557809792,18903,,,5787344
9375,4213829477,440957815,0xdf92529f,1,5,48000,224801,-1,264457408,42904,,,5787808
9376,4213971979,440957815,0xdf92529f,1,5,48000,362842,-1,421910544,91107,,,5788416
9377,4214472425,440957815,0xdf92529f,1,5,48000,160015,-1,321832928,39007,,,5789120
9378,4214992869,440957815,0xdf92529f,1,5,48000,143506,-1,212475104,31486,,,5789632
9379,4215067588,440957815,0xdf92529f,1,5,48000,302929,-1,239134416,101399,,,5790160
9380,4215244813,440957815,0xdf92529f,1,5,48000,386037,-1,393685744,73435,,,5790832
9381,4215581096,440957815,0xdf92529f,1,5,48000,244922,-1,288498016,53179,,,5791584
9382,4215594158,440957815,0xdf92529f,1,5,48000,489876,-1,421216432,92856,,,5792176
9383,4215752195,440957815,0xdf92529f,1,5,48000,74027,-1,76749408,11803,,,5792928
9384,4215806916,440957815,0xdf92529f,1,5,48000,166798,-1,59138944,28680,,,5793392
9385,4215929420,440957815,0xdf92529f,1,5,48000,152476,-1,283233648,30577,,,5793936
9386,4216155240,440957815,0xdf92529f,1,5,48000,246183,-1,47261040,58671,,,5794480
9387,4216169323,440957815,0xdf92529f,1,5,48000,493661,-1,344117664,85789,,,5795056
9388,4216264682,440957815,0xdf92529f,1,5,48000,377917,-1,1819568,78937,,,5795840
9389,4216559306,440957815,0xdf92529f,1,5,48000,156448,-1,183186928,36993,,,5796592
9390,4217332715,440957815,0xdf92529f,1,5,48000,319755,-1,306052464,80280,,,5797136
9391,4217558535,440957815,0xdf92529f,1,5,48000,87478,-1,113913440,14072,,,5797808
9392,4217667977,440957815,0xdf92529f,1,5,48000,314130,-1,72298896,73752,,,5798272
9393,4217722698,440957815,0xdf92529f,1,5,48000,144959,-1,54481664,32723,,,5798912
9394,4217777419,440957815,0xdf92529f,1,5,48000,380079,-1,34875712,95581,,,5799424
9395,4217850611,440957815,0xdf92529f,1,5,48000,115447,-1,157843008,25481,,,5800144
9396,4218028821,440957815,0xdf92529f,1,5,48000,338991,-1,499870544,68318,,,5800624
9397,4218494544,440957815,0xdf92529f,1,5,48000,321196,-1,479591552,86266,,,5801280
9398,4219327531,440957815,0xdf92529f,1,5,48000,242844,-1,160138976,47866,,,5801920
9399,4219789261,440957815,0xdf92529f,1,5,48000,65806,-1,435946864,10099,,,5802496
9400,4220076362,440957815,0xdf92529f,1,5,48000,149782,-1,170332832,34340,,,5802944
9401,4221363712,440957815,0xdf92529f,1,5,48000,180699,-1,258914192,31885,,,5803456
9402,4221713057,440957815,0xdf92529f,1,5,48000,216990,-1,317373664,43301,,,5804016
9403,4222766409,440957815,0xdf92529f,1,5,48000,309932,-1,207237616,73164,,,5804624
9404,4222944232,440957815,0xdf92529f,1,5,48000,262234,-1,409374176,35704,,,5805296
9405,4223228369,440957815,0xdf92529f,1,5,48000,65608,-1,566301872,19852,,,5805904
9406,4225157490,440957815,0xdf92529f,1,5,48000,262548,-1,151712672,65174,,,5806384
9407,4225212211,440957815,0xdf92529f,1,5,48000,307986,-1,126615712,81318,,,5807008
9408,4225266932,440957815,0xdf92529f,1,5,48000,248175,-1,104566400,58835,,,5807680
9409,4225376374,440957815,0xdf92529f,1,5,48000,225171,-1,62612160,33058,,,5808288
9410,4225899339,440957815,0xdf92529f,1,5,48000,267961,-1,469115232,60503,,,5808864
9411,4227345427,440957815,0xdf92529f,1,5,48000,197572,-1,425266880,45727,,,5809472
9412,4227355461,440957815,0xdf92529f,1,5,48000,305388,-1,565484512,83523,,,5810032
9413,4228269082,440957815,0xdf92529f,1,5,48000,488475,-1,407820800,110546,,,5810672
9414,4229512019,440957815,0xdf92529f,1,5,48000,116244,-1,471922080,27365,,,5811440
9415,4229794881,440957815,0xdf92529f,1,5,48000,325735,-1,464054800,89607,,,5811952
9416,4230734958,440957815,0xdf92529f,1,5,48000,133687,-1,558123056,29307,,,5812640
9417,4230810666,440957815,0xdf92529f,1,5,48000,118622,-1,11610464,22170,,,5813136
9418,4231063631,440957815,0xdf92529f,1,5,48000,257558,-1,338970464,55149,,,5813648
9419,4232041841,440957815,0xdf92529f,1,5,48000,348471,-1,219452608,91691,,,5814256
9420,4232378124,440957815,0xdf92529f,1,5,48000,253163,-1,21546544,65806,,,5814960
9421,4232398122,440957815,0xdf92529f,1,5,48000,313234,-1,134559296,79397,,,5815568
9422,4232562285,440957815,0xdf92529f,1,5,48000,144471,-1,66949504,31704,,,5816224
9423,4232617006,440957815,0xdf92529f,1,5,48000,276266,-1,49506768,57488,,,5816720
9424,4232633610,440957815,0xdf92529f,1,5,48000,95415,-1,553909264,19452,,,5817360
9425,4232801167,440957815,0xdf92529f,1,5,48000,303598,-1,98569648,68850,,,5817840
9426,4233064138,440957815,0xdf92529f,1,5,48000,83315,-1,452093840,17011,,,5818480
9427,4233848181,440957815,0xdf92529f,1,5,48000,231790,-1,231008016,68641,,,5818944
9428,4234075022,440957815,0xdf92529f,1,5,48000,227346,-1,97718416,50418,,,5819552
9429,4234077543,440957815,0xdf92529f,1,5,48000,342676,-1,497590304,57471,,,5820160
9430,4234184464,440957815,0xdf92529f,1,5,48000,112175,-1,57687584,24473,,,5820816
9431,4234259183,440957815,0xdf92529f,1,5,48000,347761,-1,152795056,90435,,,5821296
9432,4234478067,440957815,0xdf92529f,1,5,48000,193206,-1,63263120,42924,,,5822000
9433,4235753422,440957815,0xdf92529f,1,5,48000,328864,-1,484054608,98806,,,5822560
9434,4237099212,440957815,0xdf92529f,1,5,48000,139322,-1,447963664,34223,,,5823296
9435,4238078443,440957815,0xdf92529f,1,5,48000,326643,-1,434543104,66155,,,5823824
9436,4238249542,440957815,0xdf92529f,1,5,48000,393592,-1,344792128,100580,,,5824496
9437,4238304263,440957815,0xdf92529f,1,5,48000,143353,-1,335766560,32824,,,5825248
9438,4238345922,440957815,0xdf92529f,1,5,48000,186285,-1,179097504,43079,,,5825744
9439,4238652587,440957815,0xdf92529f,1,5,48000,235900,-1,331386976,58462,,,5826304
9440,4239331113,440957815,0xdf92529f,1,5,48000,58584,-1,314197728,17380,,,5826944
9441,4239802917,440957815,0xdf92529f,1,5,48000,111946,-1,54838688,21187,,,5827424
9442,4240222566,440957815,0xdf92529f,1,5,48000,104222,-1,552604192,21662,,,5827936
9443,4240274766,440957815,0xdf92529f,1,5,48000,259737,-1,329044640,54688,,,5828416
9444,4240555307,440957815,0xdf92529f,1,5,48000,251206,-1,180876128,57202,,,5829072
9445,4240849931,440957815,0xdf92529f,1,5,48000,255683,-1,217318192,75712,,,5829664
9446,4241198255,440957815,0xdf92529f,1,5,48000,476328,-1,213443216,100771,,,5830320
9447,4241479817,440957815,0xdf92529f,1,5,48000,204420,-1,22962992,50516,,,5831088
9448,4241554536,440957815,0xdf92529f,1,5,48000,285661,-1,109701040,57915,,,5831648
9449,4241663978,440957815,0xdf92529f,1,5,48000,275041,-1,67758144,66563,,,5832288
9450,4241718699,440957815,0xdf92529f,1,5,48000,400703,-1,50494864,87632,,,5832960
9451,4241773420,440957815,0xdf92529f,1,5,48000,324929,-1,32160864,60298,,,5833744
9452,4241828141,440957815,0xdf92529f,1,5,48000,217222,-1,7760688,43880,,,5834400
9453,4241995726,440957815,0xdf92529f,1,5,48000,42102,-1,314097632,14821,,,5835024
9454,4245024451,440957815,0xdf92529f,1,5,48000,159353,-1,410135728,39530,,,5835488
9455,4246003682,440957815,0xdf92529f,1,5,48000,156469,-1,369115344,51568,,,5835984
9456,4246352006,440957815,0xdf92529f,1,5,48000,256984,-1,361033456,40378,,,5836512
9457,4247098270,440957815,0xdf92529f,1,5,48000,327001,-1,19954928,83162,,,5837104
9458,4247405956,440957815,0xdf92529f,1,5,48000,324795,-1,336126384,77932,,,5837808
9459,4247607055,440957815,0xdf92529f,1,5,48000,69282,-1,247667840,12103,,,5838512
9460,4248283692,440957815,0xdf92529f,1,5,48000,128394,-1,155977120,25741,,,5838992
9461,4249153491,440957815,0xdf92529f,1,5,48000,413284,-1,147179952,99366,,,5839488
9462,4249317654,440957815,0xdf92529f,1,5,48000,280133,-1,80090528,70636,,,5840240
9463,4249560078,440957815,0xdf92529f,1,5,48000,206793,-1,521268464,43333,,,5840880
9464,4249614799,440957815,0xdf92529f,1,5,48000,179836,-1,516727840,58919,,,5841488
9465,4249760612,440957815,0xdf92529f,1,5,48000,153910,-1,157235280,34115,,,5842048
9466,4250203026,440957815,0xdf92529f,1,5,48000,327537,-1,537330640,75016,,,5842576
9467,4251069273,440957815,0xdf92529f,1,5,48000,229245,-1,143191792,53883,,,5843216
9468,4251477705,440957815,0xdf92529f,1,5,48000,110331,-1,169998720,22990,,,5843808
9469,4251537769,440957815,0xdf92529f,1,5,48000,323123,-1,176836016,76158,,,5844304
9470,4251577282,440957815,0xdf92529f,1,5,48000,194589,-1,563236368,49947,,,5844976
9471,4251875100,440957815,0xdf92529f,1,5,48000,347161,-1,464754496,92978,,,5845520
9472,4253257376,440957815,0xdf92529f,1,5,48000,378695,-1,439786720,104583,,,5846176
9473,4253913009,440957815,0xdf92529f,1,5,48000,257457,-1,351329920,56113,,,5846896
9474,4255928400,440957815,0xdf92529f,1,5,48000,166928,-1,231972400,35957,,,5847552
9475,4256155241,440957815,0xdf92529f,1,5,48000,121167,-1,98209680,22470,,,5848096
9476,4256209962,440957815,0xdf92529f,1,5,48000,332202,-1,75804608,74402,,,5848608
9477,4256277745,440957815,0xdf92529f,1,5,48000,278852,-1,297706464,56056,,,5849360
9478,4256319404,440957815,0xdf92529f,1,5,48000,244072,-1,38036480,51168,,,5850000
9479,4256667728,440957815,0xdf92529f,1,5,48000,100872,-1,26523616,22001,,,5850640
9480,4256852910,440957815,0xdf92529f,1,5,48000,325607,-1,198411824,67806,,,5851168
9481,4257961581,440957815,0xdf92529f,1,5,48000,173926,-1,138650304,42766,,,5851840
9482,4258071023,440957815,0xdf92529f,1,5,48000,219060,-1,93822752,53077,,,5852384
9483,4258235186,440957815,0xdf92529f,1,5,48000,223634,-1,34137872,49324,,,5852960
9484,4258309905,440957815,0xdf92529f,1,5,48000,191252,-1,122536800,41732,,,5853568
9485,4258312426,440957815,0xdf92529f,1,5,48000,461487,-1,501261808,89641,,,5854112
9486,4258364626,440957815,0xdf92529f,1,5,48000,354988,-1,101439440,82135,,,5854800
9487,4258661771,440957815,0xdf92529f,1,5,48000,93682,-1,522099344,15316,,,5855504
9488,4258862305,440957815,0xdf92529f,1,5,48000,114547,-1,169644464,23875,,,5855968
9489,4259153930,440957815,0xdf92529f,1,5,48000,207705,-1,248227648,42908,,,5856464
9490,4260881932,440957815,0xdf92529f,1,5,48000,30046,-1,313107520,12698,,,5857056
9491,4262245543,440957815,0xdf92529f,1,5,48000,430583,-1,340393600,84279,,,5857520
9492,4262385551,440957815,0xdf92529f,1,5,48000,98989,-1,526622432,20850,,,5858272
9493,4262594888,440957815,0xdf92529f,1,5,48000,167702,-1,384488944,50430,,,5858752
9494,4263052654,440957815,0xdf92529f,1,5,48000,453624,-1,373021120,91204,,,5859280
9495,4263278474,440957815,0xdf92529f,1,5,48000,243714,-1,213770960,68325,,,5860032
9496,4263531439,440957815,0xdf92529f,1,5,48000,212408,-1,422194240,45267,,,5860624
9497,4263853639,440957815,0xdf92529f,1,5,48000,125733,-1,32349088,21435,,,5861184
9498,4263924964,440957815,0xdf92529f,1,5,48000,121102,-1,550403600,23929,,,5861696
9499,4264804273,440957815,0xdf92529f,1,5,48000,438213,-1,394028016,124448,,,5862192
9500,4265030093,440957815,0xdf92529f,1,5,48000,328679,-1,233814448,86397,,,5862944
9501,4265300015,440957815,0xdf92529f,1,5,48000,93097,-1,306980784,14354,,,5863696
9502,4265324717,440957815,0xdf92529f,1,5,48000,342411,-1,304721840,92767,,,5864160
9503,4265366376,440957815,0xdf92529f,1,5,48000,221057,-1,59182544,38936,,,5864832
9504,4265379438,440957815,0xdf92529f,1,5,48000,279176,-1,298752688,57035,,,5865440
9505,4265441095,440957815,0xdf92529f,1,5,48000,266926,-1,154663840,61328,,,5866080
9506,4265475818,440957815,0xdf92529f,1,5,48000,191349,-1,18611136,39524,,,5866720
9507,4265714700,440957815,0xdf92529f,1,5,48000,233079,-1,47504032,50093,,,5867296
9508,4265824142,440957815,0xdf92529f,1,5,48000,363838,-1,2365056,92325,,,5867904
9509,4265954603,440957815,0xdf92529f,1,5,48000,93654,-1,199392560,17867,,,5868576
9510,4266011845,440957815,0xdf92529f,1,5,48000,245869,-1,510516208,78421,,,5869040
9511,4266302927,440957815,0xdf92529f,1,5,48000,347871,-1,193623408,96613,,,5869632
9512,4267618178,440957815,0xdf92529f,1,5,48000,306633,-1,429064752,102070,,,5870336
9513,4268151684,440957815,0xdf92529f,1,5,48000,125351,-1,437471136,21929,,,5871024
9514,4268886991,440957815,0xdf92529f,1,5,48000,446242,-1,164810992,89145,,,5871536
9515,4268965731,440957815,0xdf92529f,1,5,48000,344643,-1,412016240,74254,,,5872304
9516,4269062607,440957815,0xdf92529f,1,5,48000,241202,-1,400633664,81951,,,5872960
9517,4269969786,440957815,0xdf92529f,1,5,48000,166294,-1,470479248,37567,,,5873568
9518,4270252648,440957815,0xdf92529f,1,5,48000,188441,-1,462326816,47382,,,5874112
9519,4270348007,440957815,0xdf92529f,1,5,48000,467873,-1,358232992,120001,,,5874656
9520,4270772071,440957815,0xdf92529f,1,5,48000,264216,-1,417071840,51877,,,5875456
9521,4270923172,440957815,0xdf92529f,1,5,48000,402570,-1,259027488,92957,,,5876064
9522,4271347236,440957815,0xdf92529f,1,5,48000,312853,-1,341273520,70181,,,5876800
9523,4271922401,440957815,0xdf92529f,1,5,48000,227159,-1,228248192,74731,,,5877472
9524,4272428807,440957815,0xdf92529f,1,5,48000,113231,-1,313882816,34507,,,5878048
9525,4272784233,440957815,0xdf92529f,1,5,48000,355720,-1,268805744,96114,,,5878624
9526,4273204213,440957815,0xdf92529f,1,5,48000,195172,-1,116733568,49638,,,5879328
9527,4273249956,440957815,0xdf92529f,1,5,48000,303118,-1,188567424,70862,,,5879872
9528,4275458799,440957815,0xdf92529f,1,5,48000,291119,-1,469468448,79824,,,5880496
9529,4278574892,440957815,0xdf92529f,1,5,48000,76209,-1,347867392,10237,,,5881152
9530,4279460878,440957815,0xdf92529f,1,5,48000,112117,-1,210449008,45450,,,5881600
9531,4280260684,440957815,0xdf92529f,1,5,48000,171247,-1,54237584,44276,,,5882096
9532,4280370126,440957815,0xdf92529f,1,5,48000,292641,-1,11767328,65672,,,5882576
9533,4280480591,440957815,0xdf92529f,1,5,48000,283437,-1,247180608,86081,,,5883200
9534,4280794190,440957815,0xdf92529f,1,5,48000,257501,-1,202350720,63292,,,5883840
9535,4281384938,440957815,0xdf92529f,1,5,48000,383128,-1,541025664,97422,,,5884464
9536,4281601301,440957815,0xdf92529f,1,5,48000,172958,-1,219617440,44398,,,5885168
9537,4282012303,440957815,0xdf92529f,1,5,48000,122837,-1,108790640,29543,,,5885696
9538,4282121745,440957815,0xdf92529f,1,5,48000,77947,-1,67013616,12431,,,5886192
9539,4282305906,440957815,0xdf92529f,1,5,48000,252764,-1,117541328,56755,,,5886656
9540,4283045028,440957815,0xdf92529f,1,5,48000,114556,-1,542570384,25597,,,5887280
9541,4283689231,440957815,0xdf92529f,1,5,48000,159391,-1,556578096,39339,,,5887744
9542,4283873364,440957815,0xdf92529f,1,5,48000,257605,-1,128094880,60871,,,5888272
9543,4285117476,440957815,0xdf92529f,1,5,48000,37875,-1,178599472,15199,,,5888912
9544,4286658672,440957815,0xdf92529f,1,5,48000,256257,-1,448233056,62842,,,5889360
9545,4287330217,440957815,0xdf92529f,1,5,48000,225980,-1,273160352,50041,,,5889984
9546,4287569099,440957815,0xdf92529f,1,5,48000,283055,-1,283280400,45805,,,5890560
9547,4287809002,440957815,0xdf92529f,1,5,48000,360811,-1,345127408,80337,,,5891248
9548,4287849640,440957815,0xdf92529f,1,5,48000,241488,-1,28408512,40469,,,5891968
9549,4287904361,440957815,0xdf92529f,1,5,48000,402938,-1,2958224,101116,,,5892592
9550,4288034822,440957815,0xdf92529f,1,5,48000,111558,-1,200123664,21930,,,5893360
9551,4288561392,440957815,0xdf92529f,1,5,48000,62907,-1,381022720,11313,,,5893840
9552,4289307656,440957815,0xdf92529f,1,5,48000,324269,-1,72957344,70911,,,5894288
9553,4289362377,440957815,0xdf92529f,1,5,48000,378188,-1,54859920,91708,,,5894944
9554,4289437096,440957815,0xdf92529f,1,5,48000,209168,-1,150293008,55206,,,5895648
9555,4289488423,440957815,0xdf92529f,1,5,48000,88779,-1,550943120,16141,,,5896224
9556,4289546538,440957815,0xdf92529f,1,5,48000,293509,-1,102960320,58018,,,5896704
9557,4290114767,440957815,0xdf92529f,1,5,48000,298666,-1,181117664,67604,,,5897328
9558,4290172009,440957815,0xdf92529f,1,5,48000,458716,-1,503802736,117224,,,5897920
9559,4291113996,440957815,0xdf92529f,1,5,48000,247887,-1,110218752,67236,,,5898768
9560,4291168717,440957815,0xdf92529f,1,5,48000,216485,-1,89668080,48941,,,5899344
9561,4291223438,440957815,0xdf92529f,1,5,48000,288475,-1,67824752,56183,,,5899920
9562,4291520583,440957815,0xdf92529f,1,5,48000,311730,-1,513332752,91572,,,5900576
9563,4291935472,440957815,0xdf92529f,1,5,48000,248657,-1,160440640,51450,,,5901232
9564,4292397202,440957815,0xdf92529f,1,5,48000,105354,-1,436014560,18135,,,5901824
9565,4292494630,440957815,0xdf92529f,1,5,48000,173870,-1,245143328,52316,,,5902320
9566,4293995684,440957815,0xdf92529f,1,5,48000,639651,-1,364281696,218790,,,5902832
9567,4294234566,440957815,0xdf92529f,1,5,48000,280295,-1,373665600,87455,,,5903664
9568,4294919173,440957815,0xdf92529f,1,5,48000,277906,-1,253047424,62771,,,5904304
